{"Q5615832": [{"subjectLabel": {"xml:lang": "en", "type": "literal", "value": "Template:Infobox writer"}, "object": {"type": "uri", "value": "http://www.wikidata.org/entity/Q5153934"}, "objectLabel": {"xml:lang": "en", "type": "literal", "value": "Template:Persondata"}, "predicateLabel": {"xml:lang": "en", "type": "literal", "value": "different from"}}, {"subjectLabel": {"xml:lang": "en", "type": "literal", "value": "Template:Infobox writer"}, "object": {"type": "uri", "value": "http://www.wikidata.org/entity/Q36180"}, "objectLabel": {"xml:lang": "en", "type": "literal", "value": "writer"}, "predicateLabel": {"xml:lang": "en", "type": "literal", "value": "template has topic"}}, {"subjectLabel": {"xml:lang": "en", "type": "literal", "value": "Template:Infobox writer"}, "object": {"type": "uri", "value": "http://www.wikidata.org/entity/Q6249834"}, "objectLabel": {"xml:lang": "en", "type": "literal", "value": "Template:Infobox person"}, "predicateLabel": {"xml:lang": "en", "type": "literal", "value": "subclass of"}}, {"subjectLabel": {"xml:lang": "en", "type": "literal", "value": "Template:Infobox writer"}, "object": {"type": "uri", "value": "http://www.wikidata.org/entity/Q19887878"}, "objectLabel": {"xml:lang": "en", "type": "literal", "value": "Wikimedia infobox template"}, "predicateLabel": {"xml:lang": "en", "type": "literal", "value": "instance of"}}, {"subjectLabel": {"xml:lang": "en", "type": "literal", "value": "Template:Infobox writer"}, "object": {"type": "uri", "value": "http://www.wikidata.org/entity/Q24731821"}, "objectLabel": {"xml:lang": "en", "type": "literal", "value": "Commons Creator page"}, "predicateLabel": {"xml:lang": "en", "type": "literal", "value": "said to be the same as"}}], "Q5849863": [{"subjectLabel": {"xml:lang": "en", "type": "literal", "value": "Category:Writers"}, "object": {"type": "uri", "value": "http://www.wikidata.org/entity/Q5"}, "objectLabel": {"xml:lang": "en", "type": "literal", "value": "human"}, "predicateLabel": {"xml:lang": "en", "type": "literal", "value": "category contains"}}, {"subjectLabel": {"xml:lang": "en", "type": "literal", "value": "Category:Writers"}, "object": {"type": "uri", "value": "http://www.wikidata.org/entity/Q4167836"}, "objectLabel": {"xml:lang": "en", "type": "literal", "value": "Wikimedia category"}, "predicateLabel": {"xml:lang": "en", "type": "literal", "value": "instance of"}}, {"subjectLabel": {"xml:lang": "en", "type": "literal", "value": "Category:Writers"}, "object": {"type": "uri", "value": "http://www.wikidata.org/entity/Q36180"}, "objectLabel": {"xml:lang": "en", "type": "literal", "value": "writer"}, "predicateLabel": {"xml:lang": "en", "type": "literal", "value": "category's main topic"}}, {"subjectLabel": {"xml:lang": "en", "type": "literal", "value": "Category:Writers"}, "object": {"type": "uri", "value": "http://www.wikidata.org/entity/Q7944338"}, "objectLabel": {"xml:lang": "en", "type": "literal", "value": "Category:Women writers"}, "predicateLabel": {"xml:lang": "en", "type": "literal", "value": "related category"}}, {"subjectLabel": {"xml:lang": "en", "type": "literal", "value": "Category:Writers"}, "object": {"type": "uri", "value": "http://www.wikidata.org/entity/Q9701158"}, "objectLabel": {"xml:lang": "en", "type": "literal", "value": "Category:Authors"}, "predicateLabel": {"xml:lang": "en", "type": "literal", "value": "different from"}}], "Q108762424": [{"subjectLabel": {"xml:lang": "en", "type": "literal", "value": "penman"}, "object": {"type": "uri", "value": "http://www.wikidata.org/entity/Q36180"}, "objectLabel": {"xml:lang": "en", "type": "literal", "value": "writer"}, "predicateLabel": {"xml:lang": "en", "type": "literal", "value": "subclass of"}}, {"subjectLabel": {"xml:lang": "en", "type": "literal", "value": "penman"}, "object": {"type": "uri", "value": "http://www.wikidata.org/entity/Q36180"}, "objectLabel": {"xml:lang": "en", "type": "literal", "value": "writer"}, "predicateLabel": {"xml:lang": "en", "type": "literal", "value": "different from"}}, {"subjectLabel": {"xml:lang": "en", "type": "literal", "value": "penman"}, "object": {"type": "uri", "value": "http://www.wikidata.org/entity/Q12737077"}, "objectLabel": {"xml:lang": "en", "type": "literal", "value": "occupation"}, "predicateLabel": {"xml:lang": "en", "type": "literal", "value": "instance of"}}, {"subjectLabel": {"xml:lang": "en", "type": "literal", "value": "penman"}, "object": {"type": "uri", "value": "http://www.wikidata.org/entity/Q116465820"}, "objectLabel": {"xml:lang": "en", "type": "literal", "value": "Scribe"}, "predicateLabel": {"xml:lang": "en", "type": "literal", "value": "said to be the same as"}}], "Q2250012": [{"subjectLabel": {"xml:lang": "en", "type": "literal", "value": "writing"}, "object": {"type": "uri", "value": "http://www.wikidata.org/entity/Q482980"}, "objectLabel": {"xml:lang": "en", "type": "literal", "value": "author"}, "predicateLabel": {"xml:lang": "en", "type": "literal", "value": "practiced by"}}, {"subjectLabel": {"xml:lang": "en", "type": "literal", "value": "writing"}, "object": {"type": "uri", "value": "http://www.wikidata.org/entity/Q36180"}, "objectLabel": {"xml:lang": "en", "type": "literal", "value": "writer"}, "predicateLabel": {"xml:lang": "en", "type": "literal", "value": "practiced by"}}, {"subjectLabel": {"xml:lang": "en", "type": "literal", "value": "writing"}, "object": {"type": "uri", "value": "http://www.wikidata.org/entity/Q8242"}, "objectLabel": {"xml:lang": "en", "type": "literal", "value": "literature"}, "predicateLabel": {"xml:lang": "en", "type": "literal", "value": "field of work"}}, {"subjectLabel": {"xml:lang": "en", "type": "literal", "value": "writing"}, "object": {"type": "uri", "value": "http://www.wikidata.org/entity/Q110484020"}, "objectLabel": {"xml:lang": "en", "type": "literal", "value": "writing"}, "predicateLabel": {"xml:lang": "en", "type": "literal", "value": "subclass of"}}, {"subjectLabel": {"xml:lang": "en", "type": "literal", "value": "writing"}, "object": {"type": "uri", "value": "http://www.wikidata.org/entity/Q11774202"}, "objectLabel": {"xml:lang": "en", "type": "literal", "value": "essayist"}, "predicateLabel": {"xml:lang": "en", "type": "literal", "value": "practiced by"}}, {"subjectLabel": {"xml:lang": "en", "type": "literal", "value": "writing"}, "object": {"type": "uri", "value": "http://www.wikidata.org/entity/Q33005760"}, "objectLabel": {"xml:lang": "en", "type": "literal", "value": "narration"}, "predicateLabel": {"xml:lang": "en", "type": "literal", "value": "subclass of"}}, {"subjectLabel": {"xml:lang": "en", "type": "literal", "value": "writing"}, "object": {"type": "uri", "value": "http://www.wikidata.org/entity/Q47407603"}, "objectLabel": {"xml:lang": "en", "type": "literal", "value": "artistic creation"}, "predicateLabel": {"xml:lang": "en", "type": "literal", "value": "subclass of"}}], "Q4943143": [{"subjectLabel": {"xml:lang": "en", "type": "literal", "value": "book signing"}, "object": {"type": "uri", "value": "http://www.wikidata.org/entity/Q36180"}, "objectLabel": {"xml:lang": "en", "type": "literal", "value": "writer"}, "predicateLabel": {"xml:lang": "en", "type": "literal", "value": "practiced by"}}, {"subjectLabel": {"xml:lang": "en", "type": "literal", "value": "book signing"}, "object": {"type": "uri", "value": "http://www.wikidata.org/entity/Q901"}, "objectLabel": {"xml:lang": "en", "type": "literal", "value": "scientist"}, "predicateLabel": {"xml:lang": "en", "type": "literal", "value": "practiced by"}}, {"subjectLabel": {"xml:lang": "en", "type": "literal", "value": "book signing"}, "object": {"type": "uri", "value": "http://www.wikidata.org/entity/Q482980"}, "objectLabel": {"xml:lang": "en", "type": "literal", "value": "author"}, "predicateLabel": {"xml:lang": "en", "type": "literal", "value": "practiced by"}}, {"subjectLabel": {"xml:lang": "en", "type": "literal", "value": "book signing"}, "object": {"type": "uri", "value": "http://www.wikidata.org/entity/Q188675"}, "objectLabel": {"xml:lang": "en", "type": "literal", "value": "signature"}, "predicateLabel": {"xml:lang": "en", "type": "literal", "value": "subclass of"}}, {"subjectLabel": {"xml:lang": "en", "type": "literal", "value": "book signing"}, "object": {"type": "uri", "value": "http://www.wikidata.org/entity/Q58687420"}, "objectLabel": {"xml:lang": "en", "type": "literal", "value": "cultural event"}, "predicateLabel": {"xml:lang": "en", "type": "literal", "value": "subclass of"}}, {"subjectLabel": {"xml:lang": "en", "type": "literal", "value": "book signing"}, "object": {"type": "uri", "value": "http://www.wikidata.org/entity/Q76891063"}, "objectLabel": {"xml:lang": "en", "type": "literal", "value": "autograph"}, "predicateLabel": {"xml:lang": "en", "type": "literal", "value": "has effect"}}, {"subjectLabel": {"xml:lang": "en", "type": "literal", "value": "book signing"}, "object": {"type": "uri", "value": "http://www.wikidata.org/entity/Q19610271"}, "objectLabel": {"xml:lang": "en", "type": "literal", "value": "literary term"}, "predicateLabel": {"xml:lang": "en", "type": "literal", "value": "instance of"}}, {"subjectLabel": {"xml:lang": "en", "type": "literal", "value": "book signing"}, "object": {"type": "uri", "value": "http://www.wikidata.org/entity/Q1568205"}, "objectLabel": {"xml:lang": "en", "type": "literal", "value": "literary event"}, "predicateLabel": {"xml:lang": "en", "type": "literal", "value": "subclass of"}}, {"subjectLabel": {"xml:lang": "en", "type": "literal", "value": "book signing"}, "object": {"type": "uri", "value": "http://www.wikidata.org/entity/Q788526"}, "objectLabel": {"xml:lang": "en", "type": "literal", "value": "author reading"}, "predicateLabel": {"xml:lang": "en", "type": "literal", "value": "follows"}}, {"subjectLabel": {"xml:lang": "en", "type": "literal", "value": "book signing"}, "object": {"type": "uri", "value": "http://www.wikidata.org/entity/Q20826540"}, "objectLabel": {"xml:lang": "en", "type": "literal", "value": "scholar"}, "predicateLabel": {"xml:lang": "en", "type": "literal", "value": "practiced by"}}, {"subjectLabel": {"xml:lang": "en", "type": "literal", "value": "book signing"}, "object": {"type": "uri", "value": "http://www.wikidata.org/entity/Q1898184"}, "objectLabel": {"xml:lang": "en", "type": "literal", "value": "dedication"}, "predicateLabel": {"xml:lang": "en", "type": "literal", "value": "different from"}}, {"subjectLabel": {"xml:lang": "en", "type": "literal", "value": "book signing"}, "object": {"type": "uri", "value": "http://www.wikidata.org/entity/Q15123051"}, "objectLabel": {"xml:lang": "en", "type": "literal", "value": "handwriting"}, "predicateLabel": {"xml:lang": "en", "type": "literal", "value": "has characteristic"}}], "Q1626130": [{"subjectLabel": {"xml:lang": "en", "type": "literal", "value": "homme de lettres"}, "object": {"type": "uri", "value": "http://www.wikidata.org/entity/Q36180"}, "objectLabel": {"xml:lang": "en", "type": "literal", "value": "writer"}, "predicateLabel": {"xml:lang": "en", "type": "literal", "value": "subclass of"}}, {"subjectLabel": {"xml:lang": "en", "type": "literal", "value": "homme de lettres"}, "object": {"type": "uri", "value": "http://www.wikidata.org/entity/Q28640"}, "objectLabel": {"xml:lang": "en", "type": "literal", "value": "profession"}, "predicateLabel": {"xml:lang": "en", "type": "literal", "value": "instance of"}}, {"subjectLabel": {"xml:lang": "en", "type": "literal", "value": "homme de lettres"}, "object": {"type": "uri", "value": "http://www.wikidata.org/entity/Q36180"}, "objectLabel": {"xml:lang": "en", "type": "literal", "value": "writer"}, "predicateLabel": {"xml:lang": "en", "type": "literal", "value": "partially coincident with"}}, {"subjectLabel": {"xml:lang": "en", "type": "literal", "value": "homme de lettres"}, "object": {"type": "uri", "value": "http://www.wikidata.org/entity/Q6673651"}, "objectLabel": {"xml:lang": "en", "type": "literal", "value": "literary"}, "predicateLabel": {"xml:lang": "en", "type": "literal", "value": "partially coincident with"}}, {"subjectLabel": {"xml:lang": "en", "type": "literal", "value": "homme de lettres"}, "object": {"type": "uri", "value": "http://www.wikidata.org/entity/Q381353"}, "objectLabel": {"xml:lang": "en", "type": "literal", "value": "woman of letters"}, "predicateLabel": {"xml:lang": "en", "type": "literal", "value": "opposite of"}}], "Q116465820": [{"subjectLabel": {"xml:lang": "en", "type": "literal", "value": "Scribe"}, "object": {"type": "uri", "value": "http://www.wikidata.org/entity/Q36180"}, "objectLabel": {"xml:lang": "en", "type": "literal", "value": "writer"}, "predicateLabel": {"xml:lang": "en", "type": "literal", "value": "said to be the same as"}}, {"subjectLabel": {"xml:lang": "en", "type": "literal", "value": "Scribe"}, "object": {"type": "uri", "value": "http://www.wikidata.org/entity/Q12737077"}, "objectLabel": {"xml:lang": "en", "type": "literal", "value": "occupation"}, "predicateLabel": {"xml:lang": "en", "type": "literal", "value": "instance of"}}], "Q13019738": [{"subjectLabel": {"xml:lang": "en", "type": "literal", "value": "lists of writers"}, "object": {"type": "uri", "value": "http://www.wikidata.org/entity/Q596290"}, "objectLabel": {"xml:lang": "en", "type": "literal", "value": "list of Norwegian writers"}, "predicateLabel": {"xml:lang": "en", "type": "literal", "value": "has part(s)"}}, {"subjectLabel": {"xml:lang": "en", "type": "literal", "value": "lists of writers"}, "object": {"type": "uri", "value": "http://www.wikidata.org/entity/Q947728"}, "objectLabel": {"xml:lang": "en", "type": "literal", "value": "list of German-language authors"}, "predicateLabel": {"xml:lang": "en", "type": "literal", "value": "has part(s)"}}, {"subjectLabel": {"xml:lang": "en", "type": "literal", "value": "lists of writers"}, "object": {"type": "uri", "value": "http://www.wikidata.org/entity/Q336000"}, "objectLabel": {"xml:lang": "en", "type": "literal", "value": "list of authors by name: B"}, "predicateLabel": {"xml:lang": "en", "type": "literal", "value": "has part(s)"}}, {"subjectLabel": {"xml:lang": "en", "type": "literal", "value": "lists of writers"}, "object": {"type": "uri", "value": "http://www.wikidata.org/entity/Q571345"}, "objectLabel": {"xml:lang": "en", "type": "literal", "value": "list of Colombian writers"}, "predicateLabel": {"xml:lang": "en", "type": "literal", "value": "has part(s)"}}, {"subjectLabel": {"xml:lang": "en", "type": "literal", "value": "lists of writers"}, "object": {"type": "uri", "value": "http://www.wikidata.org/entity/Q855393"}, "objectLabel": {"xml:lang": "en", "type": "literal", "value": "list of French-language authors"}, "predicateLabel": {"xml:lang": "en", "type": "literal", "value": "has part(s)"}}, {"subjectLabel": {"xml:lang": "en", "type": "literal", "value": "lists of writers"}, "object": {"type": "uri", "value": "http://www.wikidata.org/entity/Q952242"}, "objectLabel": {"xml:lang": "en", "type": "literal", "value": "list of women writers"}, "predicateLabel": {"xml:lang": "en", "type": "literal", "value": "has part(s)"}}, {"subjectLabel": {"xml:lang": "en", "type": "literal", "value": "lists of writers"}, "object": {"type": "uri", "value": "http://www.wikidata.org/entity/Q67184635"}, "objectLabel": {"xml:lang": "en", "type": "literal", "value": "Wikimedia list of lists of persons"}, "predicateLabel": {"xml:lang": "en", "type": "literal", "value": "instance of"}}, {"subjectLabel": {"xml:lang": "en", "type": "literal", "value": "lists of writers"}, "object": {"type": "uri", "value": "http://www.wikidata.org/entity/Q66666236"}, "objectLabel": {"xml:lang": "en", "type": "literal", "value": "Wikimedia list of persons by occupation"}, "predicateLabel": {"xml:lang": "en", "type": "literal", "value": "is a list of"}}, {"subjectLabel": {"xml:lang": "en", "type": "literal", "value": "lists of writers"}, "object": {"type": "uri", "value": "http://www.wikidata.org/entity/Q6560691"}, "objectLabel": {"xml:lang": "en", "type": "literal", "value": "list of African-American writers"}, "predicateLabel": {"xml:lang": "en", "type": "literal", "value": "has part(s)"}}, {"subjectLabel": {"xml:lang": "en", "type": "literal", "value": "lists of writers"}, "object": {"type": "uri", "value": "http://www.wikidata.org/entity/Q7019539"}, "objectLabel": {"xml:lang": "en", "type": "literal", "value": "Category:Lists of writers"}, "predicateLabel": {"xml:lang": "en", "type": "literal", "value": "category related to list"}}], "Q193495": [{"subjectLabel": {"xml:lang": "en", "type": "literal", "value": "monograph"}, "object": {"type": "uri", "value": "http://www.wikidata.org/entity/Q571"}, "objectLabel": {"xml:lang": "en", "type": "literal", "value": "book"}, "predicateLabel": {"xml:lang": "en", "type": "literal", "value": "subclass of"}}, {"subjectLabel": {"xml:lang": "en", "type": "literal", "value": "monograph"}, "object": {"type": "uri", "value": "http://www.wikidata.org/entity/Q732577"}, "objectLabel": {"xml:lang": "en", "type": "literal", "value": "publication"}, "predicateLabel": {"xml:lang": "en", "type": "literal", "value": "subclass of"}}, {"subjectLabel": {"xml:lang": "en", "type": "literal", "value": "monograph"}, "object": {"type": "uri", "value": "http://www.wikidata.org/entity/Q223393"}, "objectLabel": {"xml:lang": "en", "type": "literal", "value": "literary genre"}, "predicateLabel": {"xml:lang": "en", "type": "literal", "value": "instance of"}}, {"subjectLabel": {"xml:lang": "en", "type": "literal", "value": "monograph"}, "object": {"type": "uri", "value": "http://www.wikidata.org/entity/Q2634919"}, "objectLabel": {"xml:lang": "en", "type": "literal", "value": "Azerbaijani Soviet Encyclopedia"}, "predicateLabel": {"xml:lang": "en", "type": "literal", "value": "described by source"}}, {"subjectLabel": {"xml:lang": "en", "type": "literal", "value": "monograph"}, "object": {"type": "uri", "value": "http://www.wikidata.org/entity/Q4119870"}, "objectLabel": {"xml:lang": "en", "type": "literal", "value": "academic writing"}, "predicateLabel": {"xml:lang": "en", "type": "literal", "value": "subclass of"}}, {"subjectLabel": {"xml:lang": "en", "type": "literal", "value": "monograph"}, "object": {"type": "uri", "value": "http://www.wikidata.org/entity/Q108871075"}, "objectLabel": {"xml:lang": "en", "type": "literal", "value": "monographer"}, "predicateLabel": {"xml:lang": "en", "type": "literal", "value": "practiced by"}}, {"subjectLabel": {"xml:lang": "en", "type": "literal", "value": "monograph"}, "object": {"type": "uri", "value": "http://www.wikidata.org/entity/Q2657718"}, "objectLabel": {"xml:lang": "en", "type": "literal", "value": "Armenian Soviet Encyclopedia"}, "predicateLabel": {"xml:lang": "en", "type": "literal", "value": "described by source"}}, {"subjectLabel": {"xml:lang": "en", "type": "literal", "value": "monograph"}, "object": {"type": "uri", "value": "http://www.wikidata.org/entity/Q4263830"}, "objectLabel": {"xml:lang": "en", "type": "literal", "value": "literary form"}, "predicateLabel": {"xml:lang": "en", "type": "literal", "value": "instance of"}}, {"subjectLabel": {"xml:lang": "en", "type": "literal", "value": "monograph"}, "object": {"type": "uri", "value": "http://www.wikidata.org/entity/Q7433672"}, "objectLabel": {"xml:lang": "en", "type": "literal", "value": "scientific book"}, "predicateLabel": {"xml:lang": "en", "type": "literal", "value": "subclass of"}}, {"subjectLabel": {"xml:lang": "en", "type": "literal", "value": "monograph"}, "object": {"type": "uri", "value": "http://www.wikidata.org/entity/Q19190511"}, "objectLabel": {"xml:lang": "en", "type": "literal", "value": "New Encyclopedic Dictionary"}, "predicateLabel": {"xml:lang": "en", "type": "literal", "value": "described by source"}}, {"subjectLabel": {"xml:lang": "en", "type": "literal", "value": "monograph"}, "object": {"type": "uri", "value": "http://www.wikidata.org/entity/Q20078554"}, "objectLabel": {"xml:lang": "en", "type": "literal", "value": "Great Soviet Encyclopedia (1926\u20131947)"}, "predicateLabel": {"xml:lang": "en", "type": "literal", "value": "described by source"}}, {"subjectLabel": {"xml:lang": "en", "type": "literal", "value": "monograph"}, "object": {"type": "uri", "value": "http://www.wikidata.org/entity/Q19219752"}, "objectLabel": {"xml:lang": "en", "type": "literal", "value": "Meyers Konversations-Lexikon, 4th edition (1885\u20131890)"}, "predicateLabel": {"xml:lang": "en", "type": "literal", "value": "described by source"}}, {"subjectLabel": {"xml:lang": "en", "type": "literal", "value": "monograph"}, "object": {"type": "uri", "value": "http://www.wikidata.org/entity/Q8639123"}, "objectLabel": {"xml:lang": "en", "type": "literal", "value": "Category:Monographs"}, "predicateLabel": {"xml:lang": "en", "type": "literal", "value": "topic's main category"}}], "Q49145": [{"subjectLabel": {"xml:lang": "en", "type": "literal", "value": "New Haven"}, "object": {"type": "uri", "value": "http://www.wikidata.org/entity/Q30"}, "objectLabel": {"xml:lang": "en", "type": "literal", "value": "United States of America"}, "predicateLabel": {"xml:lang": "en", "type": "literal", "value": "country"}}, {"subjectLabel": {"xml:lang": "en", "type": "literal", "value": "New Haven"}, "object": {"type": "uri", "value": "http://www.wikidata.org/entity/Q84098969"}, "objectLabel": {"xml:lang": "en", "type": "literal", "value": "Category:Maps of New Haven, Connecticut"}, "predicateLabel": {"xml:lang": "en", "type": "literal", "value": "category for maps"}}, {"subjectLabel": {"xml:lang": "en", "type": "literal", "value": "New Haven"}, "object": {"type": "uri", "value": "http://www.wikidata.org/entity/Q5600688"}, "objectLabel": {"xml:lang": "en", "type": "literal", "value": "Greater New Haven"}, "predicateLabel": {"xml:lang": "en", "type": "literal", "value": "located in statistical territorial entity"}}, {"subjectLabel": {"xml:lang": "en", "type": "literal", "value": "New Haven"}, "object": {"type": "uri", "value": "http://www.wikidata.org/entity/Q3780"}, "objectLabel": {"xml:lang": "en", "type": "literal", "value": "Freetown"}, "predicateLabel": {"xml:lang": "en", "type": "literal", "value": "twinned administrative body"}}, {"subjectLabel": {"xml:lang": "en", "type": "literal", "value": "New Haven"}, "object": {"type": "uri", "value": "http://www.wikidata.org/entity/Q54219"}, "objectLabel": {"xml:lang": "en", "type": "literal", "value": "West Haven"}, "predicateLabel": {"xml:lang": "en", "type": "literal", "value": "shares border with"}}, {"subjectLabel": {"xml:lang": "en", "type": "literal", "value": "New Haven"}, "object": {"type": "uri", "value": "http://www.wikidata.org/entity/Q6397"}, "objectLabel": {"xml:lang": "en", "type": "literal", "value": "Avignon"}, "predicateLabel": {"xml:lang": "en", "type": "literal", "value": "twinned administrative body"}}, {"subjectLabel": {"xml:lang": "en", "type": "literal", "value": "New Haven"}, "object": {"type": "uri", "value": "http://www.wikidata.org/entity/Q152462"}, "objectLabel": {"xml:lang": "en", "type": "literal", "value": "Afula"}, "predicateLabel": {"xml:lang": "en", "type": "literal", "value": "twinned administrative body"}}, {"subjectLabel": {"xml:lang": "en", "type": "literal", "value": "New Haven"}, "object": {"type": "uri", "value": "http://www.wikidata.org/entity/Q208151"}, "objectLabel": {"xml:lang": "en", "type": "literal", "value": "Le\u00f3n"}, "predicateLabel": {"xml:lang": "en", "type": "literal", "value": "twinned administrative body"}}, {"subjectLabel": {"xml:lang": "en", "type": "literal", "value": "New Haven"}, "object": {"type": "uri", "value": "http://www.wikidata.org/entity/Q226637"}, "objectLabel": {"xml:lang": "en", "type": "literal", "value": "New Haven"}, "predicateLabel": {"xml:lang": "en", "type": "literal", "value": "different from"}}, {"subjectLabel": {"xml:lang": "en", "type": "literal", "value": "New Haven"}, "object": {"type": "uri", "value": "http://www.wikidata.org/entity/Q80563"}, "objectLabel": {"xml:lang": "en", "type": "literal", "value": "Amalfi"}, "predicateLabel": {"xml:lang": "en", "type": "literal", "value": "twinned administrative body"}}, {"subjectLabel": {"xml:lang": "en", "type": "literal", "value": "New Haven"}, "object": {"type": "uri", "value": "http://www.wikidata.org/entity/Q1093829"}, "objectLabel": {"xml:lang": "en", "type": "literal", "value": "city in the United States"}, "predicateLabel": {"xml:lang": "en", "type": "literal", "value": "instance of"}}, {"subjectLabel": {"xml:lang": "en", "type": "literal", "value": "New Haven"}, "object": {"type": "uri", "value": "http://www.wikidata.org/entity/Q36167"}, "objectLabel": {"xml:lang": "en", "type": "literal", "value": "Hu\u1ebf"}, "predicateLabel": {"xml:lang": "en", "type": "literal", "value": "twinned administrative body"}}, {"subjectLabel": {"xml:lang": "en", "type": "literal", "value": "New Haven"}, "object": {"type": "uri", "value": "http://www.wikidata.org/entity/Q1549591"}, "objectLabel": {"xml:lang": "en", "type": "literal", "value": "big city"}, "predicateLabel": {"xml:lang": "en", "type": "literal", "value": "instance of"}}, {"subjectLabel": {"xml:lang": "en", "type": "literal", "value": "New Haven"}, "object": {"type": "uri", "value": "http://www.wikidata.org/entity/Q754766"}, "objectLabel": {"xml:lang": "en", "type": "literal", "value": "Orange"}, "predicateLabel": {"xml:lang": "en", "type": "literal", "value": "shares border with"}}, {"subjectLabel": {"xml:lang": "en", "type": "literal", "value": "New Haven"}, "object": {"type": "uri", "value": "http://www.wikidata.org/entity/Q54234"}, "objectLabel": {"xml:lang": "en", "type": "literal", "value": "New Haven County"}, "predicateLabel": {"xml:lang": "en", "type": "literal", "value": "capital of"}}, {"subjectLabel": {"xml:lang": "en", "type": "literal", "value": "New Haven"}, "object": {"type": "uri", "value": "http://www.wikidata.org/entity/Q602358"}, "objectLabel": {"xml:lang": "en", "type": "literal", "value": "Brockhaus and Efron Encyclopedic Dictionary"}, "predicateLabel": {"xml:lang": "en", "type": "literal", "value": "described by source"}}, {"subjectLabel": {"xml:lang": "en", "type": "literal", "value": "New Haven"}, "object": {"type": "uri", "value": "http://www.wikidata.org/entity/Q111355971"}, "objectLabel": {"xml:lang": "en", "type": "literal", "value": "Justin Elicker"}, "predicateLabel": {"xml:lang": "en", "type": "literal", "value": "head of government"}}, {"subjectLabel": {"xml:lang": "en", "type": "literal", "value": "New Haven"}, "object": {"type": "uri", "value": "http://www.wikidata.org/entity/Q117287005"}, "objectLabel": {"xml:lang": "en", "type": "literal", "value": "South Central Connecticut Planning Region"}, "predicateLabel": {"xml:lang": "en", "type": "literal", "value": "located in the administrative territorial entity"}}, {"subjectLabel": {"xml:lang": "en", "type": "literal", "value": "New Haven"}, "object": {"type": "uri", "value": "http://www.wikidata.org/entity/Q1898540"}, "objectLabel": {"xml:lang": "en", "type": "literal", "value": "Woodbridge"}, "predicateLabel": {"xml:lang": "en", "type": "literal", "value": "shares border with"}}, {"subjectLabel": {"xml:lang": "en", "type": "literal", "value": "New Haven"}, "object": {"type": "uri", "value": "http://www.wikidata.org/entity/Q1029706"}, "objectLabel": {"xml:lang": "en", "type": "literal", "value": "New International Encyclopedia"}, "predicateLabel": {"xml:lang": "en", "type": "literal", "value": "described by source"}}, {"subjectLabel": {"xml:lang": "en", "type": "literal", "value": "New Haven"}, "object": {"type": "uri", "value": "http://www.wikidata.org/entity/Q6118769"}, "objectLabel": {"xml:lang": "en", "type": "literal", "value": "San Francisco Tetlanohcan Municipality"}, "predicateLabel": {"xml:lang": "en", "type": "literal", "value": "twinned administrative body"}}, {"subjectLabel": {"xml:lang": "en", "type": "literal", "value": "New Haven"}, "object": {"type": "uri", "value": "http://www.wikidata.org/entity/Q755271"}, "objectLabel": {"xml:lang": "en", "type": "literal", "value": "Hamden"}, "predicateLabel": {"xml:lang": "en", "type": "literal", "value": "shares border with"}}, {"subjectLabel": {"xml:lang": "en", "type": "literal", "value": "New Haven"}, "object": {"type": "uri", "value": "http://www.wikidata.org/entity/Q754769"}, "objectLabel": {"xml:lang": "en", "type": "literal", "value": "North Haven"}, "predicateLabel": {"xml:lang": "en", "type": "literal", "value": "shares border with"}}, {"subjectLabel": {"xml:lang": "en", "type": "literal", "value": "New Haven"}, "object": {"type": "uri", "value": "http://www.wikidata.org/entity/Q755413"}, "objectLabel": {"xml:lang": "en", "type": "literal", "value": "East Haven"}, "predicateLabel": {"xml:lang": "en", "type": "literal", "value": "shares border with"}}, {"subjectLabel": {"xml:lang": "en", "type": "literal", "value": "New Haven"}, "object": {"type": "uri", "value": "http://www.wikidata.org/entity/Q7429526"}, "objectLabel": {"xml:lang": "en", "type": "literal", "value": "Category:New Haven, Connecticut"}, "predicateLabel": {"xml:lang": "en", "type": "literal", "value": "topic's main category"}}, {"subjectLabel": {"xml:lang": "en", "type": "literal", "value": "New Haven"}, "object": {"type": "uri", "value": "http://www.wikidata.org/entity/Q3181656"}, "objectLabel": {"xml:lang": "en", "type": "literal", "value": "The Nuttall Encyclop\u00e6dia"}, "predicateLabel": {"xml:lang": "en", "type": "literal", "value": "described by source"}}, {"subjectLabel": {"xml:lang": "en", "type": "literal", "value": "New Haven"}, "object": {"type": "uri", "value": "http://www.wikidata.org/entity/Q19190511"}, "objectLabel": {"xml:lang": "en", "type": "literal", "value": "New Encyclopedic Dictionary"}, "predicateLabel": {"xml:lang": "en", "type": "literal", "value": "described by source"}}, {"subjectLabel": {"xml:lang": "en", "type": "literal", "value": "New Haven"}, "object": {"type": "uri", "value": "http://www.wikidata.org/entity/Q16082057"}, "objectLabel": {"xml:lang": "en", "type": "literal", "value": "The New Student's Reference Work"}, "predicateLabel": {"xml:lang": "en", "type": "literal", "value": "described by source"}}, {"subjectLabel": {"xml:lang": "en", "type": "literal", "value": "New Haven"}, "object": {"type": "uri", "value": "http://www.wikidata.org/entity/Q19047539"}, "objectLabel": {"xml:lang": "en", "type": "literal", "value": "Collier's New Encyclopedia, 1921"}, "predicateLabel": {"xml:lang": "en", "type": "literal", "value": "described by source"}}, {"subjectLabel": {"xml:lang": "en", "type": "literal", "value": "New Haven"}, "object": {"type": "uri", "value": "http://www.wikidata.org/entity/Q19077875"}, "objectLabel": {"xml:lang": "en", "type": "literal", "value": "The American Cyclop\u00e6dia"}, "predicateLabel": {"xml:lang": "en", "type": "literal", "value": "described by source"}}, {"subjectLabel": {"xml:lang": "en", "type": "literal", "value": "New Haven"}, "object": {"type": "uri", "value": "http://www.wikidata.org/entity/Q941023"}, "objectLabel": {"xml:lang": "en", "type": "literal", "value": "Eastern Time Zone"}, "predicateLabel": {"xml:lang": "en", "type": "literal", "value": "located in time zone"}}, {"subjectLabel": {"xml:lang": "en", "type": "literal", "value": "New Haven"}, "object": {"type": "uri", "value": "http://www.wikidata.org/entity/Q867541"}, "objectLabel": {"xml:lang": "en", "type": "literal", "value": "Encyclop\u00e6dia Britannica 11th edition"}, "predicateLabel": {"xml:lang": "en", "type": "literal", "value": "described by source"}}, {"subjectLabel": {"xml:lang": "en", "type": "literal", "value": "New Haven"}, "object": {"type": "uri", "value": "http://www.wikidata.org/entity/Q8066226"}, "objectLabel": {"xml:lang": "en", "type": "literal", "value": "Category:Births in New Haven, Connecticut"}, "predicateLabel": {"xml:lang": "en", "type": "literal", "value": "category for people born here"}}, {"subjectLabel": {"xml:lang": "en", "type": "literal", "value": "New Haven"}, "object": {"type": "uri", "value": "http://www.wikidata.org/entity/Q8743677"}, "objectLabel": {"xml:lang": "en", "type": "literal", "value": "Category:People from New Haven, Connecticut"}, "predicateLabel": {"xml:lang": "en", "type": "literal", "value": "category of associated people"}}, {"subjectLabel": {"xml:lang": "en", "type": "literal", "value": "New Haven"}, "object": {"type": "uri", "value": "http://www.wikidata.org/entity/Q9219273"}, "objectLabel": {"xml:lang": "en", "type": "literal", "value": "Category:Deaths in New Haven, Connecticut"}, "predicateLabel": {"xml:lang": "en", "type": "literal", "value": "category for people who died here"}}]}