{"Q18822599": [{"subjectLabel": {"xml:lang": "en", "type": "literal", "value": "RE:Zweite Reihe"}, "object": {"type": "uri", "value": "http://www.wikidata.org/entity/Q277759"}, "objectLabel": {"xml:lang": "en", "type": "literal", "value": "book series"}, "predicateLabel": {"xml:lang": "en", "type": "literal", "value": "instance of"}}, {"subjectLabel": {"xml:lang": "en", "type": "literal", "value": "RE:Zweite Reihe"}, "object": {"type": "uri", "value": "http://www.wikidata.org/entity/Q1138524"}, "objectLabel": {"xml:lang": "en", "type": "literal", "value": "Paulys Realenzyklop\u00e4die der klassischen Altertumswissenschaft"}, "predicateLabel": {"xml:lang": "en", "type": "literal", "value": "part of"}}, {"subjectLabel": {"xml:lang": "en", "type": "literal", "value": "RE:Zweite Reihe"}, "object": {"type": "uri", "value": "http://www.wikidata.org/entity/Q26462180"}, "objectLabel": {"xml:lang": "en", "type": "literal", "value": "Pauly-Wissowa vol. II A,1"}, "predicateLabel": {"xml:lang": "en", "type": "literal", "value": "has part(s)"}}, {"subjectLabel": {"xml:lang": "en", "type": "literal", "value": "RE:Zweite Reihe"}, "object": {"type": "uri", "value": "http://www.wikidata.org/entity/Q26462527"}, "objectLabel": {"xml:lang": "en", "type": "literal", "value": "Pauly-Wissowa vol. IV A,1"}, "predicateLabel": {"xml:lang": "en", "type": "literal", "value": "has part(s)"}}, {"subjectLabel": {"xml:lang": "en", "type": "literal", "value": "RE:Zweite Reihe"}, "object": {"type": "uri", "value": "http://www.wikidata.org/entity/Q26462413"}, "objectLabel": {"xml:lang": "en", "type": "literal", "value": "Pauly-Wissowa vol. III A,1"}, "predicateLabel": {"xml:lang": "en", "type": "literal", "value": "has part(s)"}}, {"subjectLabel": {"xml:lang": "en", "type": "literal", "value": "RE:Zweite Reihe"}, "object": {"type": "uri", "value": "http://www.wikidata.org/entity/Q26462470"}, "objectLabel": {"xml:lang": "en", "type": "literal", "value": "Pauly-Wissowa vol. III A,2"}, "predicateLabel": {"xml:lang": "en", "type": "literal", "value": "has part(s)"}}, {"subjectLabel": {"xml:lang": "en", "type": "literal", "value": "RE:Zweite Reihe"}, "object": {"type": "uri", "value": "http://www.wikidata.org/entity/Q26462143"}, "objectLabel": {"xml:lang": "en", "type": "literal", "value": "Pauly-Wissowa vol. I A,2"}, "predicateLabel": {"xml:lang": "en", "type": "literal", "value": "has part(s)"}}, {"subjectLabel": {"xml:lang": "en", "type": "literal", "value": "RE:Zweite Reihe"}, "object": {"type": "uri", "value": "http://www.wikidata.org/entity/Q26462324"}, "objectLabel": {"xml:lang": "en", "type": "literal", "value": "Pauly-Wissowa vol. II A,2"}, "predicateLabel": {"xml:lang": "en", "type": "literal", "value": "has part(s)"}}, {"subjectLabel": {"xml:lang": "en", "type": "literal", "value": "RE:Zweite Reihe"}, "object": {"type": "uri", "value": "http://www.wikidata.org/entity/Q26459260"}, "objectLabel": {"xml:lang": "en", "type": "literal", "value": "Pauly-Wissowa vol. I A,1"}, "predicateLabel": {"xml:lang": "en", "type": "literal", "value": "has part(s)"}}, {"subjectLabel": {"xml:lang": "en", "type": "literal", "value": "RE:Zweite Reihe"}, "object": {"type": "uri", "value": "http://www.wikidata.org/entity/Q26462554"}, "objectLabel": {"xml:lang": "en", "type": "literal", "value": "Pauly-Wissowa vol. IV A,2"}, "predicateLabel": {"xml:lang": "en", "type": "literal", "value": "has part(s)"}}, {"subjectLabel": {"xml:lang": "en", "type": "literal", "value": "RE:Zweite Reihe"}, "object": {"type": "uri", "value": "http://www.wikidata.org/entity/Q26462872"}, "objectLabel": {"xml:lang": "en", "type": "literal", "value": "Pauly-Wissowa vol. VII A,2"}, "predicateLabel": {"xml:lang": "en", "type": "literal", "value": "has part(s)"}}, {"subjectLabel": {"xml:lang": "en", "type": "literal", "value": "RE:Zweite Reihe"}, "object": {"type": "uri", "value": "http://www.wikidata.org/entity/Q26462968"}, "objectLabel": {"xml:lang": "en", "type": "literal", "value": "Pauly-Wissowa vol. IX A,2"}, "predicateLabel": {"xml:lang": "en", "type": "literal", "value": "has part(s)"}}, {"subjectLabel": {"xml:lang": "en", "type": "literal", "value": "RE:Zweite Reihe"}, "object": {"type": "uri", "value": "http://www.wikidata.org/entity/Q26462853"}, "objectLabel": {"xml:lang": "en", "type": "literal", "value": "Pauly-Wissowa vol. VII A,1"}, "predicateLabel": {"xml:lang": "en", "type": "literal", "value": "has part(s)"}}, {"subjectLabel": {"xml:lang": "en", "type": "literal", "value": "RE:Zweite Reihe"}, "object": {"type": "uri", "value": "http://www.wikidata.org/entity/Q26462988"}, "objectLabel": {"xml:lang": "en", "type": "literal", "value": "Pauly-Wissowa vol. X A"}, "predicateLabel": {"xml:lang": "en", "type": "literal", "value": "has part(s)"}}, {"subjectLabel": {"xml:lang": "en", "type": "literal", "value": "RE:Zweite Reihe"}, "object": {"type": "uri", "value": "http://www.wikidata.org/entity/Q26462811"}, "objectLabel": {"xml:lang": "en", "type": "literal", "value": "Pauly-Wissowa vol. VI A,2"}, "predicateLabel": {"xml:lang": "en", "type": "literal", "value": "has part(s)"}}, {"subjectLabel": {"xml:lang": "en", "type": "literal", "value": "RE:Zweite Reihe"}, "object": {"type": "uri", "value": "http://www.wikidata.org/entity/Q26462903"}, "objectLabel": {"xml:lang": "en", "type": "literal", "value": "Pauly-Wissowa vol. VIII A,1"}, "predicateLabel": {"xml:lang": "en", "type": "literal", "value": "has part(s)"}}, {"subjectLabel": {"xml:lang": "en", "type": "literal", "value": "RE:Zweite Reihe"}, "object": {"type": "uri", "value": "http://www.wikidata.org/entity/Q26462677"}, "objectLabel": {"xml:lang": "en", "type": "literal", "value": "Pauly-Wissowa vol. VI A,1"}, "predicateLabel": {"xml:lang": "en", "type": "literal", "value": "has part(s)"}}, {"subjectLabel": {"xml:lang": "en", "type": "literal", "value": "RE:Zweite Reihe"}, "object": {"type": "uri", "value": "http://www.wikidata.org/entity/Q26462952"}, "objectLabel": {"xml:lang": "en", "type": "literal", "value": "Pauly-Wissowa vol. IX A,1"}, "predicateLabel": {"xml:lang": "en", "type": "literal", "value": "has part(s)"}}, {"subjectLabel": {"xml:lang": "en", "type": "literal", "value": "RE:Zweite Reihe"}, "object": {"type": "uri", "value": "http://www.wikidata.org/entity/Q26462922"}, "objectLabel": {"xml:lang": "en", "type": "literal", "value": "Pauly-Wissowa vol. VIII A,2"}, "predicateLabel": {"xml:lang": "en", "type": "literal", "value": "has part(s)"}}, {"subjectLabel": {"xml:lang": "en", "type": "literal", "value": "RE:Zweite Reihe"}, "object": {"type": "uri", "value": "http://www.wikidata.org/entity/Q26462601"}, "objectLabel": {"xml:lang": "en", "type": "literal", "value": "Pauly-Wissowa vol. V A,1"}, "predicateLabel": {"xml:lang": "en", "type": "literal", "value": "has part(s)"}}, {"subjectLabel": {"xml:lang": "en", "type": "literal", "value": "RE:Zweite Reihe"}, "object": {"type": "uri", "value": "http://www.wikidata.org/entity/Q26462620"}, "objectLabel": {"xml:lang": "en", "type": "literal", "value": "Pauly-Wissowa vol. V A,2"}, "predicateLabel": {"xml:lang": "en", "type": "literal", "value": "has part(s)"}}], "Q1661918": [{"subjectLabel": {"xml:lang": "en", "type": "literal", "value": "J.B. Metzler"}, "object": {"type": "uri", "value": "http://www.wikidata.org/entity/Q183"}, "objectLabel": {"xml:lang": "en", "type": "literal", "value": "Germany"}, "predicateLabel": {"xml:lang": "en", "type": "literal", "value": "country"}}, {"subjectLabel": {"xml:lang": "en", "type": "literal", "value": "J.B. Metzler"}, "object": {"type": "uri", "value": "http://www.wikidata.org/entity/Q1022"}, "objectLabel": {"xml:lang": "en", "type": "literal", "value": "Stuttgart"}, "predicateLabel": {"xml:lang": "en", "type": "literal", "value": "headquarters location"}}, {"subjectLabel": {"xml:lang": "en", "type": "literal", "value": "J.B. Metzler"}, "object": {"type": "uri", "value": "http://www.wikidata.org/entity/Q117222928"}, "objectLabel": {"xml:lang": "en", "type": "literal", "value": "Wikidata: WikiProject Academic Publisher"}, "predicateLabel": {"xml:lang": "en", "type": "literal", "value": "on focus list of Wikimedia project"}}, {"subjectLabel": {"xml:lang": "en", "type": "literal", "value": "J.B. Metzler"}, "object": {"type": "uri", "value": "http://www.wikidata.org/entity/Q1320047"}, "objectLabel": {"xml:lang": "en", "type": "literal", "value": "book publisher"}, "predicateLabel": {"xml:lang": "en", "type": "literal", "value": "instance of"}}, {"subjectLabel": {"xml:lang": "en", "type": "literal", "value": "J.B. Metzler"}, "object": {"type": "uri", "value": "http://www.wikidata.org/entity/Q21096327"}, "objectLabel": {"xml:lang": "en", "type": "literal", "value": "Springer Nature"}, "predicateLabel": {"xml:lang": "en", "type": "literal", "value": "parent organization"}}], "Q30545150": [{"subjectLabel": {"xml:lang": "en", "type": "literal", "value": "Real-Encyclop\u00e4die der classischen Alterthumswissenschaft in alphabetischer Ordnung"}, "object": {"type": "uri", "value": "http://www.wikidata.org/entity/Q188"}, "objectLabel": {"xml:lang": "en", "type": "literal", "value": "German"}, "predicateLabel": {"xml:lang": "en", "type": "literal", "value": "language of work or name"}}, {"subjectLabel": {"xml:lang": "en", "type": "literal", "value": "Real-Encyclop\u00e4die der classischen Alterthumswissenschaft in alphabetischer Ordnung"}, "object": {"type": "uri", "value": "http://www.wikidata.org/entity/Q5292"}, "objectLabel": {"xml:lang": "en", "type": "literal", "value": "encyclopedia"}, "predicateLabel": {"xml:lang": "en", "type": "literal", "value": "genre"}}, {"subjectLabel": {"xml:lang": "en", "type": "literal", "value": "Real-Encyclop\u00e4die der classischen Alterthumswissenschaft in alphabetischer Ordnung"}, "object": {"type": "uri", "value": "http://www.wikidata.org/entity/Q1022"}, "objectLabel": {"xml:lang": "en", "type": "literal", "value": "Stuttgart"}, "predicateLabel": {"xml:lang": "en", "type": "literal", "value": "place of publication"}}, {"subjectLabel": {"xml:lang": "en", "type": "literal", "value": "Real-Encyclop\u00e4die der classischen Alterthumswissenschaft in alphabetischer Ordnung"}, "object": {"type": "uri", "value": "http://www.wikidata.org/entity/Q19652"}, "objectLabel": {"xml:lang": "en", "type": "literal", "value": "public domain"}, "predicateLabel": {"xml:lang": "en", "type": "literal", "value": "copyright status"}}, {"subjectLabel": {"xml:lang": "en", "type": "literal", "value": "Real-Encyclop\u00e4die der classischen Alterthumswissenschaft in alphabetischer Ordnung"}, "object": {"type": "uri", "value": "http://www.wikidata.org/entity/Q107516"}, "objectLabel": {"xml:lang": "en", "type": "literal", "value": "Ernst Christian Walz"}, "predicateLabel": {"xml:lang": "en", "type": "literal", "value": "editor"}}, {"subjectLabel": {"xml:lang": "en", "type": "literal", "value": "Real-Encyclop\u00e4die der classischen Alterthumswissenschaft in alphabetischer Ordnung"}, "object": {"type": "uri", "value": "http://www.wikidata.org/entity/Q70497"}, "objectLabel": {"xml:lang": "en", "type": "literal", "value": "August Pauly"}, "predicateLabel": {"xml:lang": "en", "type": "literal", "value": "editor"}}, {"subjectLabel": {"xml:lang": "en", "type": "literal", "value": "Real-Encyclop\u00e4die der classischen Alterthumswissenschaft in alphabetischer Ordnung"}, "object": {"type": "uri", "value": "http://www.wikidata.org/entity/Q72481"}, "objectLabel": {"xml:lang": "en", "type": "literal", "value": "Wilhelm Siegmund Teuffel"}, "predicateLabel": {"xml:lang": "en", "type": "literal", "value": "editor"}}, {"subjectLabel": {"xml:lang": "en", "type": "literal", "value": "Real-Encyclop\u00e4die der classischen Alterthumswissenschaft in alphabetischer Ordnung"}, "object": {"type": "uri", "value": "http://www.wikidata.org/entity/Q7725634"}, "objectLabel": {"xml:lang": "en", "type": "literal", "value": "literary work"}, "predicateLabel": {"xml:lang": "en", "type": "literal", "value": "instance of"}}, {"subjectLabel": {"xml:lang": "en", "type": "literal", "value": "Real-Encyclop\u00e4die der classischen Alterthumswissenschaft in alphabetischer Ordnung"}, "object": {"type": "uri", "value": "http://www.wikidata.org/entity/Q1138524"}, "objectLabel": {"xml:lang": "en", "type": "literal", "value": "Paulys Realenzyklop\u00e4die der klassischen Altertumswissenschaft"}, "predicateLabel": {"xml:lang": "en", "type": "literal", "value": "followed by"}}, {"subjectLabel": {"xml:lang": "en", "type": "literal", "value": "Real-Encyclop\u00e4die der classischen Alterthumswissenschaft in alphabetischer Ordnung"}, "object": {"type": "uri", "value": "http://www.wikidata.org/entity/Q159631"}, "objectLabel": {"xml:lang": "en", "type": "literal", "value": "Kingdom of W\u00fcrttemberg"}, "predicateLabel": {"xml:lang": "en", "type": "literal", "value": "country of origin"}}, {"subjectLabel": {"xml:lang": "en", "type": "literal", "value": "Real-Encyclop\u00e4die der classischen Alterthumswissenschaft in alphabetischer Ordnung"}, "object": {"type": "uri", "value": "http://www.wikidata.org/entity/Q1661918"}, "objectLabel": {"xml:lang": "en", "type": "literal", "value": "J.B. Metzler"}, "predicateLabel": {"xml:lang": "en", "type": "literal", "value": "publisher"}}], "Q19868013": [{"subjectLabel": {"xml:lang": "en", "type": "literal", "value": "demographics of Cincinnati"}, "object": {"type": "uri", "value": "http://www.wikidata.org/entity/Q23983664"}, "objectLabel": {"xml:lang": "en", "type": "literal", "value": "demographics of country or region"}, "predicateLabel": {"xml:lang": "en", "type": "literal", "value": "instance of"}}, {"subjectLabel": {"xml:lang": "en", "type": "literal", "value": "demographics of Cincinnati"}, "object": {"type": "uri", "value": "http://www.wikidata.org/entity/Q30"}, "objectLabel": {"xml:lang": "en", "type": "literal", "value": "United States of America"}, "predicateLabel": {"xml:lang": "en", "type": "literal", "value": "country"}}, {"subjectLabel": {"xml:lang": "en", "type": "literal", "value": "demographics of Cincinnati"}, "object": {"type": "uri", "value": "http://www.wikidata.org/entity/Q43196"}, "objectLabel": {"xml:lang": "en", "type": "literal", "value": "Cincinnati"}, "predicateLabel": {"xml:lang": "en", "type": "literal", "value": "location"}}], "Q408562": [{"subjectLabel": {"xml:lang": "en", "type": "literal", "value": "Cincinnati"}, "object": {"type": "uri", "value": "http://www.wikidata.org/entity/Q43196"}, "objectLabel": {"xml:lang": "en", "type": "literal", "value": "Cincinnati"}, "predicateLabel": {"xml:lang": "en", "type": "literal", "value": "different from"}}, {"subjectLabel": {"xml:lang": "en", "type": "literal", "value": "Cincinnati"}, "object": {"type": "uri", "value": "http://www.wikidata.org/entity/Q4167410"}, "objectLabel": {"xml:lang": "en", "type": "literal", "value": "Wikimedia disambiguation page"}, "predicateLabel": {"xml:lang": "en", "type": "literal", "value": "instance of"}}], "Q5120360": [{"subjectLabel": {"xml:lang": "en", "type": "literal", "value": "Cincinnati metropolitan area"}, "object": {"type": "uri", "value": "http://www.wikidata.org/entity/Q63569695"}, "objectLabel": {"xml:lang": "en", "type": "literal", "value": "Cincinnati\u2013Wilmington combined statistical area"}, "predicateLabel": {"xml:lang": "en", "type": "literal", "value": "located in statistical territorial entity"}}, {"subjectLabel": {"xml:lang": "en", "type": "literal", "value": "Cincinnati metropolitan area"}, "object": {"type": "uri", "value": "http://www.wikidata.org/entity/Q1415"}, "objectLabel": {"xml:lang": "en", "type": "literal", "value": "Indiana"}, "predicateLabel": {"xml:lang": "en", "type": "literal", "value": "territory overlaps"}}, {"subjectLabel": {"xml:lang": "en", "type": "literal", "value": "Cincinnati metropolitan area"}, "object": {"type": "uri", "value": "http://www.wikidata.org/entity/Q1397"}, "objectLabel": {"xml:lang": "en", "type": "literal", "value": "Ohio"}, "predicateLabel": {"xml:lang": "en", "type": "literal", "value": "territory overlaps"}}, {"subjectLabel": {"xml:lang": "en", "type": "literal", "value": "Cincinnati metropolitan area"}, "object": {"type": "uri", "value": "http://www.wikidata.org/entity/Q30"}, "objectLabel": {"xml:lang": "en", "type": "literal", "value": "United States of America"}, "predicateLabel": {"xml:lang": "en", "type": "literal", "value": "located in the administrative territorial entity"}}, {"subjectLabel": {"xml:lang": "en", "type": "literal", "value": "Cincinnati metropolitan area"}, "object": {"type": "uri", "value": "http://www.wikidata.org/entity/Q30"}, "objectLabel": {"xml:lang": "en", "type": "literal", "value": "United States of America"}, "predicateLabel": {"xml:lang": "en", "type": "literal", "value": "country"}}, {"subjectLabel": {"xml:lang": "en", "type": "literal", "value": "Cincinnati metropolitan area"}, "object": {"type": "uri", "value": "http://www.wikidata.org/entity/Q1603"}, "objectLabel": {"xml:lang": "en", "type": "literal", "value": "Kentucky"}, "predicateLabel": {"xml:lang": "en", "type": "literal", "value": "territory overlaps"}}, {"subjectLabel": {"xml:lang": "en", "type": "literal", "value": "Cincinnati metropolitan area"}, "object": {"type": "uri", "value": "http://www.wikidata.org/entity/Q111575"}, "objectLabel": {"xml:lang": "en", "type": "literal", "value": "Brown County"}, "predicateLabel": {"xml:lang": "en", "type": "literal", "value": "has part(s)"}}, {"subjectLabel": {"xml:lang": "en", "type": "literal", "value": "Cincinnati metropolitan area"}, "object": {"type": "uri", "value": "http://www.wikidata.org/entity/Q113185"}, "objectLabel": {"xml:lang": "en", "type": "literal", "value": "Boone County"}, "predicateLabel": {"xml:lang": "en", "type": "literal", "value": "has part(s)"}}, {"subjectLabel": {"xml:lang": "en", "type": "literal", "value": "Cincinnati metropolitan area"}, "object": {"type": "uri", "value": "http://www.wikidata.org/entity/Q485582"}, "objectLabel": {"xml:lang": "en", "type": "literal", "value": "Clermont County"}, "predicateLabel": {"xml:lang": "en", "type": "literal", "value": "has part(s)"}}, {"subjectLabel": {"xml:lang": "en", "type": "literal", "value": "Cincinnati metropolitan area"}, "object": {"type": "uri", "value": "http://www.wikidata.org/entity/Q489576"}, "objectLabel": {"xml:lang": "en", "type": "literal", "value": "Warren County"}, "predicateLabel": {"xml:lang": "en", "type": "literal", "value": "has part(s)"}}, {"subjectLabel": {"xml:lang": "en", "type": "literal", "value": "Cincinnati metropolitan area"}, "object": {"type": "uri", "value": "http://www.wikidata.org/entity/Q43196"}, "objectLabel": {"xml:lang": "en", "type": "literal", "value": "Cincinnati"}, "predicateLabel": {"xml:lang": "en", "type": "literal", "value": "contains the administrative territorial entity"}}, {"subjectLabel": {"xml:lang": "en", "type": "literal", "value": "Cincinnati metropolitan area"}, "object": {"type": "uri", "value": "http://www.wikidata.org/entity/Q63569695"}, "objectLabel": {"xml:lang": "en", "type": "literal", "value": "Cincinnati\u2013Wilmington combined statistical area"}, "predicateLabel": {"xml:lang": "en", "type": "literal", "value": "part of"}}, {"subjectLabel": {"xml:lang": "en", "type": "literal", "value": "Cincinnati metropolitan area"}, "object": {"type": "uri", "value": "http://www.wikidata.org/entity/Q152891"}, "objectLabel": {"xml:lang": "en", "type": "literal", "value": "Hamilton County"}, "predicateLabel": {"xml:lang": "en", "type": "literal", "value": "has part(s)"}}, {"subjectLabel": {"xml:lang": "en", "type": "literal", "value": "Cincinnati metropolitan area"}, "object": {"type": "uri", "value": "http://www.wikidata.org/entity/Q485561"}, "objectLabel": {"xml:lang": "en", "type": "literal", "value": "Butler County"}, "predicateLabel": {"xml:lang": "en", "type": "literal", "value": "has part(s)"}}, {"subjectLabel": {"xml:lang": "en", "type": "literal", "value": "Cincinnati metropolitan area"}, "object": {"type": "uri", "value": "http://www.wikidata.org/entity/Q1768043"}, "objectLabel": {"xml:lang": "en", "type": "literal", "value": "metropolitan statistical area"}, "predicateLabel": {"xml:lang": "en", "type": "literal", "value": "instance of"}}, {"subjectLabel": {"xml:lang": "en", "type": "literal", "value": "Cincinnati metropolitan area"}, "object": {"type": "uri", "value": "http://www.wikidata.org/entity/Q491936"}, "objectLabel": {"xml:lang": "en", "type": "literal", "value": "Campbell County"}, "predicateLabel": {"xml:lang": "en", "type": "literal", "value": "has part(s)"}}, {"subjectLabel": {"xml:lang": "en", "type": "literal", "value": "Cincinnati metropolitan area"}, "object": {"type": "uri", "value": "http://www.wikidata.org/entity/Q7058599"}, "objectLabel": {"xml:lang": "en", "type": "literal", "value": "Northern Kentucky"}, "predicateLabel": {"xml:lang": "en", "type": "literal", "value": "has part(s)"}}, {"subjectLabel": {"xml:lang": "en", "type": "literal", "value": "Cincinnati metropolitan area"}, "object": {"type": "uri", "value": "http://www.wikidata.org/entity/Q491959"}, "objectLabel": {"xml:lang": "en", "type": "literal", "value": "Grant County"}, "predicateLabel": {"xml:lang": "en", "type": "literal", "value": "has part(s)"}}, {"subjectLabel": {"xml:lang": "en", "type": "literal", "value": "Cincinnati metropolitan area"}, "object": {"type": "uri", "value": "http://www.wikidata.org/entity/Q491945"}, "objectLabel": {"xml:lang": "en", "type": "literal", "value": "Bracken County"}, "predicateLabel": {"xml:lang": "en", "type": "literal", "value": "has part(s)"}}, {"subjectLabel": {"xml:lang": "en", "type": "literal", "value": "Cincinnati metropolitan area"}, "object": {"type": "uri", "value": "http://www.wikidata.org/entity/Q497707"}, "objectLabel": {"xml:lang": "en", "type": "literal", "value": "Pendleton County"}, "predicateLabel": {"xml:lang": "en", "type": "literal", "value": "has part(s)"}}, {"subjectLabel": {"xml:lang": "en", "type": "literal", "value": "Cincinnati metropolitan area"}, "object": {"type": "uri", "value": "http://www.wikidata.org/entity/Q500654"}, "objectLabel": {"xml:lang": "en", "type": "literal", "value": "Gallatin County"}, "predicateLabel": {"xml:lang": "en", "type": "literal", "value": "has part(s)"}}, {"subjectLabel": {"xml:lang": "en", "type": "literal", "value": "Cincinnati metropolitan area"}, "object": {"type": "uri", "value": "http://www.wikidata.org/entity/Q506727"}, "objectLabel": {"xml:lang": "en", "type": "literal", "value": "Ohio County"}, "predicateLabel": {"xml:lang": "en", "type": "literal", "value": "has part(s)"}}, {"subjectLabel": {"xml:lang": "en", "type": "literal", "value": "Cincinnati metropolitan area"}, "object": {"type": "uri", "value": "http://www.wikidata.org/entity/Q506779"}, "objectLabel": {"xml:lang": "en", "type": "literal", "value": "Franklin County"}, "predicateLabel": {"xml:lang": "en", "type": "literal", "value": "has part(s)"}}, {"subjectLabel": {"xml:lang": "en", "type": "literal", "value": "Cincinnati metropolitan area"}, "object": {"type": "uri", "value": "http://www.wikidata.org/entity/Q509757"}, "objectLabel": {"xml:lang": "en", "type": "literal", "value": "Dearborn County"}, "predicateLabel": {"xml:lang": "en", "type": "literal", "value": "has part(s)"}}, {"subjectLabel": {"xml:lang": "en", "type": "literal", "value": "Cincinnati metropolitan area"}, "object": {"type": "uri", "value": "http://www.wikidata.org/entity/Q8372002"}, "objectLabel": {"xml:lang": "en", "type": "literal", "value": "Category:Cincinnati metropolitan area"}, "predicateLabel": {"xml:lang": "en", "type": "literal", "value": "topic's main category"}}, {"subjectLabel": {"xml:lang": "en", "type": "literal", "value": "Cincinnati metropolitan area"}, "object": {"type": "uri", "value": "http://www.wikidata.org/entity/Q498116"}, "objectLabel": {"xml:lang": "en", "type": "literal", "value": "Kenton County"}, "predicateLabel": {"xml:lang": "en", "type": "literal", "value": "has part(s)"}}, {"subjectLabel": {"xml:lang": "en", "type": "literal", "value": "Cincinnati metropolitan area"}, "object": {"type": "uri", "value": "http://www.wikidata.org/entity/Q15205065"}, "objectLabel": {"xml:lang": "en", "type": "literal", "value": "Category:People from the Cincinnati metropolitan area"}, "predicateLabel": {"xml:lang": "en", "type": "literal", "value": "category of associated people"}}], "Q84048697": [{"subjectLabel": {"xml:lang": "en", "type": "literal", "value": "Category:Maps of Cincinnati, Ohio"}, "object": {"type": "uri", "value": "http://www.wikidata.org/entity/Q43196"}, "objectLabel": {"xml:lang": "en", "type": "literal", "value": "Cincinnati"}, "predicateLabel": {"xml:lang": "en", "type": "literal", "value": "category combines topics"}}, {"subjectLabel": {"xml:lang": "en", "type": "literal", "value": "Category:Maps of Cincinnati, Ohio"}, "object": {"type": "uri", "value": "http://www.wikidata.org/entity/Q4006"}, "objectLabel": {"xml:lang": "en", "type": "literal", "value": "map"}, "predicateLabel": {"xml:lang": "en", "type": "literal", "value": "category combines topics"}}, {"subjectLabel": {"xml:lang": "en", "type": "literal", "value": "Category:Maps of Cincinnati, Ohio"}, "object": {"type": "uri", "value": "http://www.wikidata.org/entity/Q4167836"}, "objectLabel": {"xml:lang": "en", "type": "literal", "value": "Wikimedia category"}, "predicateLabel": {"xml:lang": "en", "type": "literal", "value": "instance of"}}], "Q153824": [{"subjectLabel": {"xml:lang": "en", "type": "literal", "value": "Riverfront Stadium"}, "object": {"type": "uri", "value": "http://www.wikidata.org/entity/Q30"}, "objectLabel": {"xml:lang": "en", "type": "literal", "value": "United States of America"}, "predicateLabel": {"xml:lang": "en", "type": "literal", "value": "country"}}, {"subjectLabel": {"xml:lang": "en", "type": "literal", "value": "Riverfront Stadium"}, "object": {"type": "uri", "value": "http://www.wikidata.org/entity/Q5369"}, "objectLabel": {"xml:lang": "en", "type": "literal", "value": "baseball"}, "predicateLabel": {"xml:lang": "en", "type": "literal", "value": "sport"}}, {"subjectLabel": {"xml:lang": "en", "type": "literal", "value": "Riverfront Stadium"}, "object": {"type": "uri", "value": "http://www.wikidata.org/entity/Q4915"}, "objectLabel": {"xml:lang": "en", "type": "literal", "value": "Ohio River"}, "predicateLabel": {"xml:lang": "en", "type": "literal", "value": "named after"}}, {"subjectLabel": {"xml:lang": "en", "type": "literal", "value": "Riverfront Stadium"}, "object": {"type": "uri", "value": "http://www.wikidata.org/entity/Q483110"}, "objectLabel": {"xml:lang": "en", "type": "literal", "value": "stadium"}, "predicateLabel": {"xml:lang": "en", "type": "literal", "value": "instance of"}}, {"subjectLabel": {"xml:lang": "en", "type": "literal", "value": "Riverfront Stadium"}, "object": {"type": "uri", "value": "http://www.wikidata.org/entity/Q43196"}, "objectLabel": {"xml:lang": "en", "type": "literal", "value": "Cincinnati"}, "predicateLabel": {"xml:lang": "en", "type": "literal", "value": "located in the administrative territorial entity"}}, {"subjectLabel": {"xml:lang": "en", "type": "literal", "value": "Riverfront Stadium"}, "object": {"type": "uri", "value": "http://www.wikidata.org/entity/Q5698145"}, "objectLabel": {"xml:lang": "en", "type": "literal", "value": "Heery International"}, "predicateLabel": {"xml:lang": "en", "type": "literal", "value": "architect"}}, {"subjectLabel": {"xml:lang": "en", "type": "literal", "value": "Riverfront Stadium"}, "object": {"type": "uri", "value": "http://www.wikidata.org/entity/Q110250124"}, "objectLabel": {"xml:lang": "en", "type": "literal", "value": "City of Cincinnati"}, "predicateLabel": {"xml:lang": "en", "type": "literal", "value": "owned by"}}, {"subjectLabel": {"xml:lang": "en", "type": "literal", "value": "Riverfront Stadium"}, "object": {"type": "uri", "value": "http://www.wikidata.org/entity/Q223511"}, "objectLabel": {"xml:lang": "en", "type": "literal", "value": "Cincinnati Bengals"}, "predicateLabel": {"xml:lang": "en", "type": "literal", "value": "occupant"}}, {"subjectLabel": {"xml:lang": "en", "type": "literal", "value": "Riverfront Stadium"}, "object": {"type": "uri", "value": "http://www.wikidata.org/entity/Q5120885"}, "objectLabel": {"xml:lang": "en", "type": "literal", "value": "Cinergy"}, "predicateLabel": {"xml:lang": "en", "type": "literal", "value": "named after"}}, {"subjectLabel": {"xml:lang": "en", "type": "literal", "value": "Riverfront Stadium"}, "object": {"type": "uri", "value": "http://www.wikidata.org/entity/Q5120885"}, "objectLabel": {"xml:lang": "en", "type": "literal", "value": "Cinergy"}, "predicateLabel": {"xml:lang": "en", "type": "literal", "value": "sponsor"}}, {"subjectLabel": {"xml:lang": "en", "type": "literal", "value": "Riverfront Stadium"}, "object": {"type": "uri", "value": "http://www.wikidata.org/entity/Q5943935"}, "objectLabel": {"xml:lang": "en", "type": "literal", "value": "Hunt Construction Group"}, "predicateLabel": {"xml:lang": "en", "type": "literal", "value": "main building contractor"}}], "Q152891": [{"subjectLabel": {"xml:lang": "en", "type": "literal", "value": "Hamilton County"}, "object": {"type": "uri", "value": "http://www.wikidata.org/entity/Q30"}, "objectLabel": {"xml:lang": "en", "type": "literal", "value": "United States of America"}, "predicateLabel": {"xml:lang": "en", "type": "literal", "value": "country"}}, {"subjectLabel": {"xml:lang": "en", "type": "literal", "value": "Hamilton County"}, "object": {"type": "uri", "value": "http://www.wikidata.org/entity/Q8607384"}, "objectLabel": {"xml:lang": "en", "type": "literal", "value": "Category:Maps of Hamilton County, Ohio"}, "predicateLabel": {"xml:lang": "en", "type": "literal", "value": "category for maps"}}, {"subjectLabel": {"xml:lang": "en", "type": "literal", "value": "Hamilton County"}, "object": {"type": "uri", "value": "http://www.wikidata.org/entity/Q117801735"}, "objectLabel": {"xml:lang": "en", "type": "literal", "value": "First Appellate District of Ohio"}, "predicateLabel": {"xml:lang": "en", "type": "literal", "value": "coextensive with"}}, {"subjectLabel": {"xml:lang": "en", "type": "literal", "value": "Hamilton County"}, "object": {"type": "uri", "value": "http://www.wikidata.org/entity/Q1397"}, "objectLabel": {"xml:lang": "en", "type": "literal", "value": "Ohio"}, "predicateLabel": {"xml:lang": "en", "type": "literal", "value": "located in the administrative territorial entity"}}, {"subjectLabel": {"xml:lang": "en", "type": "literal", "value": "Hamilton County"}, "object": {"type": "uri", "value": "http://www.wikidata.org/entity/Q114948"}, "objectLabel": {"xml:lang": "en", "type": "literal", "value": "Hamilton County"}, "predicateLabel": {"xml:lang": "en", "type": "literal", "value": "different from"}}, {"subjectLabel": {"xml:lang": "en", "type": "literal", "value": "Hamilton County"}, "object": {"type": "uri", "value": "http://www.wikidata.org/entity/Q109308"}, "objectLabel": {"xml:lang": "en", "type": "literal", "value": "Hamilton County"}, "predicateLabel": {"xml:lang": "en", "type": "literal", "value": "different from"}}, {"subjectLabel": {"xml:lang": "en", "type": "literal", "value": "Hamilton County"}, "object": {"type": "uri", "value": "http://www.wikidata.org/entity/Q115337"}, "objectLabel": {"xml:lang": "en", "type": "literal", "value": "Hamilton County"}, "predicateLabel": {"xml:lang": "en", "type": "literal", "value": "different from"}}, {"subjectLabel": {"xml:lang": "en", "type": "literal", "value": "Hamilton County"}, "object": {"type": "uri", "value": "http://www.wikidata.org/entity/Q257311"}, "objectLabel": {"xml:lang": "en", "type": "literal", "value": "Hamilton County"}, "predicateLabel": {"xml:lang": "en", "type": "literal", "value": "different from"}}, {"subjectLabel": {"xml:lang": "en", "type": "literal", "value": "Hamilton County"}, "object": {"type": "uri", "value": "http://www.wikidata.org/entity/Q188376"}, "objectLabel": {"xml:lang": "en", "type": "literal", "value": "Hamilton County"}, "predicateLabel": {"xml:lang": "en", "type": "literal", "value": "different from"}}, {"subjectLabel": {"xml:lang": "en", "type": "literal", "value": "Hamilton County"}, "object": {"type": "uri", "value": "http://www.wikidata.org/entity/Q377157"}, "objectLabel": {"xml:lang": "en", "type": "literal", "value": "Hamilton County"}, "predicateLabel": {"xml:lang": "en", "type": "literal", "value": "different from"}}, {"subjectLabel": {"xml:lang": "en", "type": "literal", "value": "Hamilton County"}, "object": {"type": "uri", "value": "http://www.wikidata.org/entity/Q489668"}, "objectLabel": {"xml:lang": "en", "type": "literal", "value": "Hamilton County"}, "predicateLabel": {"xml:lang": "en", "type": "literal", "value": "different from"}}, {"subjectLabel": {"xml:lang": "en", "type": "literal", "value": "Hamilton County"}, "object": {"type": "uri", "value": "http://www.wikidata.org/entity/Q178903"}, "objectLabel": {"xml:lang": "en", "type": "literal", "value": "Alexander Hamilton"}, "predicateLabel": {"xml:lang": "en", "type": "literal", "value": "named after"}}, {"subjectLabel": {"xml:lang": "en", "type": "literal", "value": "Hamilton County"}, "object": {"type": "uri", "value": "http://www.wikidata.org/entity/Q506151"}, "objectLabel": {"xml:lang": "en", "type": "literal", "value": "Hamilton County"}, "predicateLabel": {"xml:lang": "en", "type": "literal", "value": "different from"}}, {"subjectLabel": {"xml:lang": "en", "type": "literal", "value": "Hamilton County"}, "object": {"type": "uri", "value": "http://www.wikidata.org/entity/Q43196"}, "objectLabel": {"xml:lang": "en", "type": "literal", "value": "Cincinnati"}, "predicateLabel": {"xml:lang": "en", "type": "literal", "value": "capital"}}, {"subjectLabel": {"xml:lang": "en", "type": "literal", "value": "Hamilton County"}, "object": {"type": "uri", "value": "http://www.wikidata.org/entity/Q266226"}, "objectLabel": {"xml:lang": "en", "type": "literal", "value": "Springfield Township"}, "predicateLabel": {"xml:lang": "en", "type": "literal", "value": "contains the administrative territorial entity"}}, {"subjectLabel": {"xml:lang": "en", "type": "literal", "value": "Hamilton County"}, "object": {"type": "uri", "value": "http://www.wikidata.org/entity/Q353439"}, "objectLabel": {"xml:lang": "en", "type": "literal", "value": "Addyston"}, "predicateLabel": {"xml:lang": "en", "type": "literal", "value": "contains the administrative territorial entity"}}, {"subjectLabel": {"xml:lang": "en", "type": "literal", "value": "Hamilton County"}, "object": {"type": "uri", "value": "http://www.wikidata.org/entity/Q113185"}, "objectLabel": {"xml:lang": "en", "type": "literal", "value": "Boone County"}, "predicateLabel": {"xml:lang": "en", "type": "literal", "value": "shares border with"}}, {"subjectLabel": {"xml:lang": "en", "type": "literal", "value": "Hamilton County"}, "object": {"type": "uri", "value": "http://www.wikidata.org/entity/Q485561"}, "objectLabel": {"xml:lang": "en", "type": "literal", "value": "Butler County"}, "predicateLabel": {"xml:lang": "en", "type": "literal", "value": "shares border with"}}, {"subjectLabel": {"xml:lang": "en", "type": "literal", "value": "Hamilton County"}, "object": {"type": "uri", "value": "http://www.wikidata.org/entity/Q485582"}, "objectLabel": {"xml:lang": "en", "type": "literal", "value": "Clermont County"}, "predicateLabel": {"xml:lang": "en", "type": "literal", "value": "shares border with"}}, {"subjectLabel": {"xml:lang": "en", "type": "literal", "value": "Hamilton County"}, "object": {"type": "uri", "value": "http://www.wikidata.org/entity/Q489576"}, "objectLabel": {"xml:lang": "en", "type": "literal", "value": "Warren County"}, "predicateLabel": {"xml:lang": "en", "type": "literal", "value": "shares border with"}}, {"subjectLabel": {"xml:lang": "en", "type": "literal", "value": "Hamilton County"}, "object": {"type": "uri", "value": "http://www.wikidata.org/entity/Q498116"}, "objectLabel": {"xml:lang": "en", "type": "literal", "value": "Kenton County"}, "predicateLabel": {"xml:lang": "en", "type": "literal", "value": "shares border with"}}, {"subjectLabel": {"xml:lang": "en", "type": "literal", "value": "Hamilton County"}, "object": {"type": "uri", "value": "http://www.wikidata.org/entity/Q491936"}, "objectLabel": {"xml:lang": "en", "type": "literal", "value": "Campbell County"}, "predicateLabel": {"xml:lang": "en", "type": "literal", "value": "shares border with"}}, {"subjectLabel": {"xml:lang": "en", "type": "literal", "value": "Hamilton County"}, "object": {"type": "uri", "value": "http://www.wikidata.org/entity/Q43196"}, "objectLabel": {"xml:lang": "en", "type": "literal", "value": "Cincinnati"}, "predicateLabel": {"xml:lang": "en", "type": "literal", "value": "headquarters location"}}, {"subjectLabel": {"xml:lang": "en", "type": "literal", "value": "Hamilton County"}, "object": {"type": "uri", "value": "http://www.wikidata.org/entity/Q509757"}, "objectLabel": {"xml:lang": "en", "type": "literal", "value": "Dearborn County"}, "predicateLabel": {"xml:lang": "en", "type": "literal", "value": "shares border with"}}, {"subjectLabel": {"xml:lang": "en", "type": "literal", "value": "Hamilton County"}, "object": {"type": "uri", "value": "http://www.wikidata.org/entity/Q506779"}, "objectLabel": {"xml:lang": "en", "type": "literal", "value": "Franklin County"}, "predicateLabel": {"xml:lang": "en", "type": "literal", "value": "shares border with"}}, {"subjectLabel": {"xml:lang": "en", "type": "literal", "value": "Hamilton County"}, "object": {"type": "uri", "value": "http://www.wikidata.org/entity/Q486160"}, "objectLabel": {"xml:lang": "en", "type": "literal", "value": "Hamilton County"}, "predicateLabel": {"xml:lang": "en", "type": "literal", "value": "different from"}}, {"subjectLabel": {"xml:lang": "en", "type": "literal", "value": "Hamilton County"}, "object": {"type": "uri", "value": "http://www.wikidata.org/entity/Q843993"}, "objectLabel": {"xml:lang": "en", "type": "literal", "value": "Loveland"}, "predicateLabel": {"xml:lang": "en", "type": "literal", "value": "contains the administrative territorial entity"}}, {"subjectLabel": {"xml:lang": "en", "type": "literal", "value": "Hamilton County"}, "object": {"type": "uri", "value": "http://www.wikidata.org/entity/Q852673"}, "objectLabel": {"xml:lang": "en", "type": "literal", "value": "Hamilton"}, "predicateLabel": {"xml:lang": "en", "type": "literal", "value": "different from"}}, {"subjectLabel": {"xml:lang": "en", "type": "literal", "value": "Hamilton County"}, "object": {"type": "uri", "value": "http://www.wikidata.org/entity/Q62931620"}, "objectLabel": {"xml:lang": "en", "type": "literal", "value": "flag of Hamilton County"}, "predicateLabel": {"xml:lang": "en", "type": "literal", "value": "flag"}}, {"subjectLabel": {"xml:lang": "en", "type": "literal", "value": "Hamilton County"}, "object": {"type": "uri", "value": "http://www.wikidata.org/entity/Q58673071"}, "objectLabel": {"xml:lang": "en", "type": "literal", "value": "Category:Deaths in Hamilton County, Ohio"}, "predicateLabel": {"xml:lang": "en", "type": "literal", "value": "category for people who died here"}}, {"subjectLabel": {"xml:lang": "en", "type": "literal", "value": "Hamilton County"}, "object": {"type": "uri", "value": "http://www.wikidata.org/entity/Q28651834"}, "objectLabel": {"xml:lang": "en", "type": "literal", "value": "Category:Births in Hamilton County, Ohio"}, "predicateLabel": {"xml:lang": "en", "type": "literal", "value": "category for people born here"}}, {"subjectLabel": {"xml:lang": "en", "type": "literal", "value": "Hamilton County"}, "object": {"type": "uri", "value": "http://www.wikidata.org/entity/Q110394478"}, "objectLabel": {"xml:lang": "en", "type": "literal", "value": "government of Hamilton County"}, "predicateLabel": {"xml:lang": "en", "type": "literal", "value": "authority"}}, {"subjectLabel": {"xml:lang": "en", "type": "literal", "value": "Hamilton County"}, "object": {"type": "uri", "value": "http://www.wikidata.org/entity/Q13414759"}, "objectLabel": {"xml:lang": "en", "type": "literal", "value": "county of Ohio"}, "predicateLabel": {"xml:lang": "en", "type": "literal", "value": "instance of"}}, {"subjectLabel": {"xml:lang": "en", "type": "literal", "value": "Hamilton County"}, "object": {"type": "uri", "value": "http://www.wikidata.org/entity/Q7661298"}, "objectLabel": {"xml:lang": "en", "type": "literal", "value": "Symmes Township"}, "predicateLabel": {"xml:lang": "en", "type": "literal", "value": "contains the administrative territorial entity"}}, {"subjectLabel": {"xml:lang": "en", "type": "literal", "value": "Hamilton County"}, "object": {"type": "uri", "value": "http://www.wikidata.org/entity/Q5120360"}, "objectLabel": {"xml:lang": "en", "type": "literal", "value": "Cincinnati metropolitan area"}, "predicateLabel": {"xml:lang": "en", "type": "literal", "value": "part of"}}, {"subjectLabel": {"xml:lang": "en", "type": "literal", "value": "Hamilton County"}, "object": {"type": "uri", "value": "http://www.wikidata.org/entity/Q8504490"}, "objectLabel": {"xml:lang": "en", "type": "literal", "value": "Category:Hamilton County, Ohio"}, "predicateLabel": {"xml:lang": "en", "type": "literal", "value": "topic's main category"}}, {"subjectLabel": {"xml:lang": "en", "type": "literal", "value": "Hamilton County"}, "object": {"type": "uri", "value": "http://www.wikidata.org/entity/Q11513700"}, "objectLabel": {"xml:lang": "en", "type": "literal", "value": "Template:Hamilton County, Ohio"}, "predicateLabel": {"xml:lang": "en", "type": "literal", "value": "topic's main template"}}, {"subjectLabel": {"xml:lang": "en", "type": "literal", "value": "Hamilton County"}, "object": {"type": "uri", "value": "http://www.wikidata.org/entity/Q6976236"}, "objectLabel": {"xml:lang": "en", "type": "literal", "value": "National Register of Historic Places listings in Hamilton County, Ohio"}, "predicateLabel": {"xml:lang": "en", "type": "literal", "value": "list of monuments"}}, {"subjectLabel": {"xml:lang": "en", "type": "literal", "value": "Hamilton County"}, "object": {"type": "uri", "value": "http://www.wikidata.org/entity/Q8735805"}, "objectLabel": {"xml:lang": "en", "type": "literal", "value": "Category:People from Hamilton County, Ohio"}, "predicateLabel": {"xml:lang": "en", "type": "literal", "value": "category of associated people"}}], "Q3921": [{"subjectLabel": {"xml:lang": "en", "type": "literal", "value": "Harare"}, "object": {"type": "uri", "value": "http://www.wikidata.org/entity/Q515"}, "objectLabel": {"xml:lang": "en", "type": "literal", "value": "city"}, "predicateLabel": {"xml:lang": "en", "type": "literal", "value": "instance of"}}, {"subjectLabel": {"xml:lang": "en", "type": "literal", "value": "Harare"}, "object": {"type": "uri", "value": "http://www.wikidata.org/entity/Q217169"}, "objectLabel": {"xml:lang": "en", "type": "literal", "value": "Rhodesia"}, "predicateLabel": {"xml:lang": "en", "type": "literal", "value": "capital of"}}, {"subjectLabel": {"xml:lang": "en", "type": "literal", "value": "Harare"}, "object": {"type": "uri", "value": "http://www.wikidata.org/entity/Q654342"}, "objectLabel": {"xml:lang": "en", "type": "literal", "value": "Federation of Rhodesia and Nyasaland"}, "predicateLabel": {"xml:lang": "en", "type": "literal", "value": "capital of"}}, {"subjectLabel": {"xml:lang": "en", "type": "literal", "value": "Harare"}, "object": {"type": "uri", "value": "http://www.wikidata.org/entity/Q900"}, "objectLabel": {"xml:lang": "en", "type": "literal", "value": "Kazan"}, "predicateLabel": {"xml:lang": "en", "type": "literal", "value": "twinned administrative body"}}, {"subjectLabel": {"xml:lang": "en", "type": "literal", "value": "Harare"}, "object": {"type": "uri", "value": "http://www.wikidata.org/entity/Q2280"}, "objectLabel": {"xml:lang": "en", "type": "literal", "value": "Minsk"}, "predicateLabel": {"xml:lang": "en", "type": "literal", "value": "twinned administrative body"}}, {"subjectLabel": {"xml:lang": "en", "type": "literal", "value": "Harare"}, "object": {"type": "uri", "value": "http://www.wikidata.org/entity/Q1726"}, "objectLabel": {"xml:lang": "en", "type": "literal", "value": "Munich"}, "predicateLabel": {"xml:lang": "en", "type": "literal", "value": "twinned administrative body"}}, {"subjectLabel": {"xml:lang": "en", "type": "literal", "value": "Harare"}, "object": {"type": "uri", "value": "http://www.wikidata.org/entity/Q750583"}, "objectLabel": {"xml:lang": "en", "type": "literal", "value": "Southern Rhodesia"}, "predicateLabel": {"xml:lang": "en", "type": "literal", "value": "capital of"}}, {"subjectLabel": {"xml:lang": "en", "type": "literal", "value": "Harare"}, "object": {"type": "uri", "value": "http://www.wikidata.org/entity/Q890120"}, "objectLabel": {"xml:lang": "en", "type": "literal", "value": "Zimbabwe Rhodesia"}, "predicateLabel": {"xml:lang": "en", "type": "literal", "value": "capital of"}}, {"subjectLabel": {"xml:lang": "en", "type": "literal", "value": "Harare"}, "object": {"type": "uri", "value": "http://www.wikidata.org/entity/Q3935"}, "objectLabel": {"xml:lang": "en", "type": "literal", "value": "Windhoek"}, "predicateLabel": {"xml:lang": "en", "type": "literal", "value": "twinned administrative body"}}, {"subjectLabel": {"xml:lang": "en", "type": "literal", "value": "Harare"}, "object": {"type": "uri", "value": "http://www.wikidata.org/entity/Q13377"}, "objectLabel": {"xml:lang": "en", "type": "literal", "value": "Prato"}, "predicateLabel": {"xml:lang": "en", "type": "literal", "value": "twinned administrative body"}}, {"subjectLabel": {"xml:lang": "en", "type": "literal", "value": "Harare"}, "object": {"type": "uri", "value": "http://www.wikidata.org/entity/Q41262"}, "objectLabel": {"xml:lang": "en", "type": "literal", "value": "Nottingham"}, "predicateLabel": {"xml:lang": "en", "type": "literal", "value": "twinned administrative body"}}, {"subjectLabel": {"xml:lang": "en", "type": "literal", "value": "Harare"}, "object": {"type": "uri", "value": "http://www.wikidata.org/entity/Q6173448"}, "objectLabel": {"xml:lang": "en", "type": "literal", "value": "Wikipedia:Vital articles/Level/4"}, "predicateLabel": {"xml:lang": "en", "type": "literal", "value": "on focus list of Wikimedia project"}}, {"subjectLabel": {"xml:lang": "en", "type": "literal", "value": "Harare"}, "object": {"type": "uri", "value": "http://www.wikidata.org/entity/Q7931458"}, "objectLabel": {"xml:lang": "en", "type": "literal", "value": "Category:People from Harare"}, "predicateLabel": {"xml:lang": "en", "type": "literal", "value": "category of associated people"}}, {"subjectLabel": {"xml:lang": "en", "type": "literal", "value": "Harare"}, "object": {"type": "uri", "value": "http://www.wikidata.org/entity/Q5119"}, "objectLabel": {"xml:lang": "en", "type": "literal", "value": "capital city"}, "predicateLabel": {"xml:lang": "en", "type": "literal", "value": "instance of"}}, {"subjectLabel": {"xml:lang": "en", "type": "literal", "value": "Harare"}, "object": {"type": "uri", "value": "http://www.wikidata.org/entity/Q43196"}, "objectLabel": {"xml:lang": "en", "type": "literal", "value": "Cincinnati"}, "predicateLabel": {"xml:lang": "en", "type": "literal", "value": "twinned administrative body"}}, {"subjectLabel": {"xml:lang": "en", "type": "literal", "value": "Harare"}, "object": {"type": "uri", "value": "http://www.wikidata.org/entity/Q971223"}, "objectLabel": {"xml:lang": "en", "type": "literal", "value": "Buxton"}, "predicateLabel": {"xml:lang": "en", "type": "literal", "value": "twinned administrative body"}}, {"subjectLabel": {"xml:lang": "en", "type": "literal", "value": "Harare"}, "object": {"type": "uri", "value": "http://www.wikidata.org/entity/Q53889"}, "objectLabel": {"xml:lang": "en", "type": "literal", "value": "Lago"}, "predicateLabel": {"xml:lang": "en", "type": "literal", "value": "twinned administrative body"}}, {"subjectLabel": {"xml:lang": "en", "type": "literal", "value": "Harare"}, "object": {"type": "uri", "value": "http://www.wikidata.org/entity/Q954"}, "objectLabel": {"xml:lang": "en", "type": "literal", "value": "Zimbabwe"}, "predicateLabel": {"xml:lang": "en", "type": "literal", "value": "capital of"}}, {"subjectLabel": {"xml:lang": "en", "type": "literal", "value": "Harare"}, "object": {"type": "uri", "value": "http://www.wikidata.org/entity/Q954"}, "objectLabel": {"xml:lang": "en", "type": "literal", "value": "Zimbabwe"}, "predicateLabel": {"xml:lang": "en", "type": "literal", "value": "country"}}, {"subjectLabel": {"xml:lang": "en", "type": "literal", "value": "Harare"}, "object": {"type": "uri", "value": "http://www.wikidata.org/entity/Q16928358"}, "objectLabel": {"xml:lang": "en", "type": "literal", "value": "Harare Province"}, "predicateLabel": {"xml:lang": "en", "type": "literal", "value": "located in the administrative territorial entity"}}, {"subjectLabel": {"xml:lang": "en", "type": "literal", "value": "Harare"}, "object": {"type": "uri", "value": "http://www.wikidata.org/entity/Q6404332"}, "objectLabel": {"xml:lang": "en", "type": "literal", "value": "Category:Harare"}, "predicateLabel": {"xml:lang": "en", "type": "literal", "value": "topic's main category"}}, {"subjectLabel": {"xml:lang": "en", "type": "literal", "value": "Harare"}, "object": {"type": "uri", "value": "http://www.wikidata.org/entity/Q111314325"}, "objectLabel": {"xml:lang": "en", "type": "literal", "value": "mayor of Harare"}, "predicateLabel": {"xml:lang": "en", "type": "literal", "value": "office held by head of government"}}, {"subjectLabel": {"xml:lang": "en", "type": "literal", "value": "Harare"}, "object": {"type": "uri", "value": "http://www.wikidata.org/entity/Q8077651"}, "objectLabel": {"xml:lang": "en", "type": "literal", "value": "Category:Births in Harare"}, "predicateLabel": {"xml:lang": "en", "type": "literal", "value": "category for people born here"}}, {"subjectLabel": {"xml:lang": "en", "type": "literal", "value": "Harare"}, "object": {"type": "uri", "value": "http://www.wikidata.org/entity/Q6723"}, "objectLabel": {"xml:lang": "en", "type": "literal", "value": "UTC+02:00"}, "predicateLabel": {"xml:lang": "en", "type": "literal", "value": "located in time zone"}}, {"subjectLabel": {"xml:lang": "en", "type": "literal", "value": "Harare"}, "object": {"type": "uri", "value": "http://www.wikidata.org/entity/Q1637706"}, "objectLabel": {"xml:lang": "en", "type": "literal", "value": "million city"}, "predicateLabel": {"xml:lang": "en", "type": "literal", "value": "instance of"}}, {"subjectLabel": {"xml:lang": "en", "type": "literal", "value": "Harare"}, "object": {"type": "uri", "value": "http://www.wikidata.org/entity/Q9220669"}, "objectLabel": {"xml:lang": "en", "type": "literal", "value": "Category:Deaths in Harare"}, "predicateLabel": {"xml:lang": "en", "type": "literal", "value": "category for people who died here"}}, {"subjectLabel": {"xml:lang": "en", "type": "literal", "value": "Harare"}, "object": {"type": "uri", "value": "http://www.wikidata.org/entity/Q84090907"}, "objectLabel": {"xml:lang": "en", "type": "literal", "value": "Category:Maps of Harare"}, "predicateLabel": {"xml:lang": "en", "type": "literal", "value": "category for maps"}}, {"subjectLabel": {"xml:lang": "en", "type": "literal", "value": "Harare"}, "object": {"type": "uri", "value": "http://www.wikidata.org/entity/Q1549591"}, "objectLabel": {"xml:lang": "en", "type": "literal", "value": "big city"}, "predicateLabel": {"xml:lang": "en", "type": "literal", "value": "instance of"}}, {"subjectLabel": {"xml:lang": "en", "type": "literal", "value": "Harare"}, "object": {"type": "uri", "value": "http://www.wikidata.org/entity/Q104631287"}, "objectLabel": {"xml:lang": "en", "type": "literal", "value": "Category:Views of Harare"}, "predicateLabel": {"xml:lang": "en", "type": "literal", "value": "category for the view of the item"}}]}