{"Q64962563": [{"subjectLabel": {"xml:lang": "en", "type": "literal", "value": "Behemoth and Leviathan"}, "object": {"type": "uri", "value": "http://www.wikidata.org/entity/Q195436"}, "objectLabel": {"xml:lang": "en", "type": "literal", "value": "Tate Britain"}, "predicateLabel": {"xml:lang": "en", "type": "literal", "value": "owned by"}}, {"subjectLabel": {"xml:lang": "en", "type": "literal", "value": "Behemoth and Leviathan"}, "object": {"type": "uri", "value": "http://www.wikidata.org/entity/Q41513"}, "objectLabel": {"xml:lang": "en", "type": "literal", "value": "William Blake"}, "predicateLabel": {"xml:lang": "en", "type": "literal", "value": "creator"}}, {"subjectLabel": {"xml:lang": "en", "type": "literal", "value": "Behemoth and Leviathan"}, "object": {"type": "uri", "value": "http://www.wikidata.org/entity/Q214867"}, "objectLabel": {"xml:lang": "en", "type": "literal", "value": "National Gallery of Art"}, "predicateLabel": {"xml:lang": "en", "type": "literal", "value": "collection"}}, {"subjectLabel": {"xml:lang": "en", "type": "literal", "value": "Behemoth and Leviathan"}, "object": {"type": "uri", "value": "http://www.wikidata.org/entity/Q430682"}, "objectLabel": {"xml:lang": "en", "type": "literal", "value": "Tate"}, "predicateLabel": {"xml:lang": "en", "type": "literal", "value": "owned by"}}, {"subjectLabel": {"xml:lang": "en", "type": "literal", "value": "Behemoth and Leviathan"}, "object": {"type": "uri", "value": "http://www.wikidata.org/entity/Q214867"}, "objectLabel": {"xml:lang": "en", "type": "literal", "value": "National Gallery of Art"}, "predicateLabel": {"xml:lang": "en", "type": "literal", "value": "location"}}, {"subjectLabel": {"xml:lang": "en", "type": "literal", "value": "Behemoth and Leviathan"}, "object": {"type": "uri", "value": "http://www.wikidata.org/entity/Q11060274"}, "objectLabel": {"xml:lang": "en", "type": "literal", "value": "print"}, "predicateLabel": {"xml:lang": "en", "type": "literal", "value": "instance of"}}, {"subjectLabel": {"xml:lang": "en", "type": "literal", "value": "Behemoth and Leviathan"}, "object": {"type": "uri", "value": "http://www.wikidata.org/entity/Q139106"}, "objectLabel": {"xml:lang": "en", "type": "literal", "value": "engraving process"}, "predicateLabel": {"xml:lang": "en", "type": "literal", "value": "fabrication method"}}, {"subjectLabel": {"xml:lang": "en", "type": "literal", "value": "Behemoth and Leviathan"}, "object": {"type": "uri", "value": "http://www.wikidata.org/entity/Q64946756"}, "objectLabel": {"xml:lang": "en", "type": "literal", "value": "Prints in the National Gallery of Art"}, "predicateLabel": {"xml:lang": "en", "type": "literal", "value": "collection"}}, {"subjectLabel": {"xml:lang": "en", "type": "literal", "value": "Behemoth and Leviathan"}, "object": {"type": "uri", "value": "http://www.wikidata.org/entity/Q7774989"}, "objectLabel": {"xml:lang": "en", "type": "literal", "value": "The William Blake Archive"}, "predicateLabel": {"xml:lang": "en", "type": "literal", "value": "collection"}}], "Q63570761": [{"subjectLabel": {"xml:lang": "en", "type": "literal", "value": "The Circle of the Lustful: Paolo and Francesca"}, "object": {"type": "uri", "value": "http://www.wikidata.org/entity/Q11472"}, "objectLabel": {"xml:lang": "en", "type": "literal", "value": "paper"}, "predicateLabel": {"xml:lang": "en", "type": "literal", "value": "made from material"}}, {"subjectLabel": {"xml:lang": "en", "type": "literal", "value": "The Circle of the Lustful: Paolo and Francesca"}, "object": {"type": "uri", "value": "http://www.wikidata.org/entity/Q41513"}, "objectLabel": {"xml:lang": "en", "type": "literal", "value": "William Blake"}, "predicateLabel": {"xml:lang": "en", "type": "literal", "value": "creator"}}, {"subjectLabel": {"xml:lang": "en", "type": "literal", "value": "The Circle of the Lustful: Paolo and Francesca"}, "object": {"type": "uri", "value": "http://www.wikidata.org/entity/Q195436"}, "objectLabel": {"xml:lang": "en", "type": "literal", "value": "Tate Britain"}, "predicateLabel": {"xml:lang": "en", "type": "literal", "value": "owned by"}}, {"subjectLabel": {"xml:lang": "en", "type": "literal", "value": "The Circle of the Lustful: Paolo and Francesca"}, "object": {"type": "uri", "value": "http://www.wikidata.org/entity/Q62274660"}, "objectLabel": {"xml:lang": "en", "type": "literal", "value": "Rosenwald Collection"}, "predicateLabel": {"xml:lang": "en", "type": "literal", "value": "collection"}}, {"subjectLabel": {"xml:lang": "en", "type": "literal", "value": "The Circle of the Lustful: Paolo and Francesca"}, "object": {"type": "uri", "value": "http://www.wikidata.org/entity/Q195436"}, "objectLabel": {"xml:lang": "en", "type": "literal", "value": "Tate Britain"}, "predicateLabel": {"xml:lang": "en", "type": "literal", "value": "location"}}, {"subjectLabel": {"xml:lang": "en", "type": "literal", "value": "The Circle of the Lustful: Paolo and Francesca"}, "object": {"type": "uri", "value": "http://www.wikidata.org/entity/Q214867"}, "objectLabel": {"xml:lang": "en", "type": "literal", "value": "National Gallery of Art"}, "predicateLabel": {"xml:lang": "en", "type": "literal", "value": "location"}}, {"subjectLabel": {"xml:lang": "en", "type": "literal", "value": "The Circle of the Lustful: Paolo and Francesca"}, "object": {"type": "uri", "value": "http://www.wikidata.org/entity/Q214867"}, "objectLabel": {"xml:lang": "en", "type": "literal", "value": "National Gallery of Art"}, "predicateLabel": {"xml:lang": "en", "type": "literal", "value": "collection"}}, {"subjectLabel": {"xml:lang": "en", "type": "literal", "value": "The Circle of the Lustful: Paolo and Francesca"}, "object": {"type": "uri", "value": "http://www.wikidata.org/entity/Q838948"}, "objectLabel": {"xml:lang": "en", "type": "literal", "value": "work of art"}, "predicateLabel": {"xml:lang": "en", "type": "literal", "value": "instance of"}}, {"subjectLabel": {"xml:lang": "en", "type": "literal", "value": "The Circle of the Lustful: Paolo and Francesca"}, "object": {"type": "uri", "value": "http://www.wikidata.org/entity/Q430682"}, "objectLabel": {"xml:lang": "en", "type": "literal", "value": "Tate"}, "predicateLabel": {"xml:lang": "en", "type": "literal", "value": "owned by"}}, {"subjectLabel": {"xml:lang": "en", "type": "literal", "value": "The Circle of the Lustful: Paolo and Francesca"}, "object": {"type": "uri", "value": "http://www.wikidata.org/entity/Q747704"}, "objectLabel": {"xml:lang": "en", "type": "literal", "value": "line engraving"}, "predicateLabel": {"xml:lang": "en", "type": "literal", "value": "made from material"}}], "Q28554211": [{"subjectLabel": {"xml:lang": "en", "type": "literal", "value": "Honeymoon Nude"}, "object": {"type": "uri", "value": "http://www.wikidata.org/entity/Q40446"}, "objectLabel": {"xml:lang": "en", "type": "literal", "value": "nude"}, "predicateLabel": {"xml:lang": "en", "type": "literal", "value": "genre"}}, {"subjectLabel": {"xml:lang": "en", "type": "literal", "value": "Honeymoon Nude"}, "object": {"type": "uri", "value": "http://www.wikidata.org/entity/Q430682"}, "objectLabel": {"xml:lang": "en", "type": "literal", "value": "Tate"}, "predicateLabel": {"xml:lang": "en", "type": "literal", "value": "owned by"}}, {"subjectLabel": {"xml:lang": "en", "type": "literal", "value": "Honeymoon Nude"}, "object": {"type": "uri", "value": "http://www.wikidata.org/entity/Q296955"}, "objectLabel": {"xml:lang": "en", "type": "literal", "value": "oil paint"}, "predicateLabel": {"xml:lang": "en", "type": "literal", "value": "made from material"}}, {"subjectLabel": {"xml:lang": "en", "type": "literal", "value": "Honeymoon Nude"}, "object": {"type": "uri", "value": "http://www.wikidata.org/entity/Q430682"}, "objectLabel": {"xml:lang": "en", "type": "literal", "value": "Tate"}, "predicateLabel": {"xml:lang": "en", "type": "literal", "value": "collection"}}, {"subjectLabel": {"xml:lang": "en", "type": "literal", "value": "Honeymoon Nude"}, "object": {"type": "uri", "value": "http://www.wikidata.org/entity/Q430682"}, "objectLabel": {"xml:lang": "en", "type": "literal", "value": "Tate"}, "predicateLabel": {"xml:lang": "en", "type": "literal", "value": "location"}}, {"subjectLabel": {"xml:lang": "en", "type": "literal", "value": "Honeymoon Nude"}, "object": {"type": "uri", "value": "http://www.wikidata.org/entity/Q3305213"}, "objectLabel": {"xml:lang": "en", "type": "literal", "value": "painting"}, "predicateLabel": {"xml:lang": "en", "type": "literal", "value": "instance of"}}, {"subjectLabel": {"xml:lang": "en", "type": "literal", "value": "Honeymoon Nude"}, "object": {"type": "uri", "value": "http://www.wikidata.org/entity/Q131711"}, "objectLabel": {"xml:lang": "en", "type": "literal", "value": "kitsch"}, "predicateLabel": {"xml:lang": "en", "type": "literal", "value": "movement"}}, {"subjectLabel": {"xml:lang": "en", "type": "literal", "value": "Honeymoon Nude"}, "object": {"type": "uri", "value": "http://www.wikidata.org/entity/Q707675"}, "objectLabel": {"xml:lang": "en", "type": "literal", "value": "John Currin"}, "predicateLabel": {"xml:lang": "en", "type": "literal", "value": "creator"}}, {"subjectLabel": {"xml:lang": "en", "type": "literal", "value": "Honeymoon Nude"}, "object": {"type": "uri", "value": "http://www.wikidata.org/entity/Q193375"}, "objectLabel": {"xml:lang": "en", "type": "literal", "value": "Tate Modern"}, "predicateLabel": {"xml:lang": "en", "type": "literal", "value": "owned by"}}, {"subjectLabel": {"xml:lang": "en", "type": "literal", "value": "Honeymoon Nude"}, "object": {"type": "uri", "value": "http://www.wikidata.org/entity/Q12321255"}, "objectLabel": {"xml:lang": "en", "type": "literal", "value": "canvas"}, "predicateLabel": {"xml:lang": "en", "type": "literal", "value": "made from material"}}, {"subjectLabel": {"xml:lang": "en", "type": "literal", "value": "Honeymoon Nude"}, "object": {"type": "uri", "value": "http://www.wikidata.org/entity/Q66362718"}, "objectLabel": {"xml:lang": "en", "type": "literal", "value": "1001 Paintings You Must See Before You Die"}, "predicateLabel": {"xml:lang": "en", "type": "literal", "value": "described by source"}}], "Q28555331": [{"subjectLabel": {"xml:lang": "en", "type": "literal", "value": "Man Woman"}, "object": {"type": "uri", "value": "http://www.wikidata.org/entity/Q5447995"}, "objectLabel": {"xml:lang": "en", "type": "literal", "value": "Figurative"}, "predicateLabel": {"xml:lang": "en", "type": "literal", "value": "genre"}}, {"subjectLabel": {"xml:lang": "en", "type": "literal", "value": "Man Woman"}, "object": {"type": "uri", "value": "http://www.wikidata.org/entity/Q3305213"}, "objectLabel": {"xml:lang": "en", "type": "literal", "value": "painting"}, "predicateLabel": {"xml:lang": "en", "type": "literal", "value": "instance of"}}, {"subjectLabel": {"xml:lang": "en", "type": "literal", "value": "Man Woman"}, "object": {"type": "uri", "value": "http://www.wikidata.org/entity/Q134147"}, "objectLabel": {"xml:lang": "en", "type": "literal", "value": "pop art"}, "predicateLabel": {"xml:lang": "en", "type": "literal", "value": "movement"}}, {"subjectLabel": {"xml:lang": "en", "type": "literal", "value": "Man Woman"}, "object": {"type": "uri", "value": "http://www.wikidata.org/entity/Q430682"}, "objectLabel": {"xml:lang": "en", "type": "literal", "value": "Tate"}, "predicateLabel": {"xml:lang": "en", "type": "literal", "value": "owned by"}}, {"subjectLabel": {"xml:lang": "en", "type": "literal", "value": "Man Woman"}, "object": {"type": "uri", "value": "http://www.wikidata.org/entity/Q701564"}, "objectLabel": {"xml:lang": "en", "type": "literal", "value": "Allen Jones"}, "predicateLabel": {"xml:lang": "en", "type": "literal", "value": "creator"}}, {"subjectLabel": {"xml:lang": "en", "type": "literal", "value": "Man Woman"}, "object": {"type": "uri", "value": "http://www.wikidata.org/entity/Q12321255"}, "objectLabel": {"xml:lang": "en", "type": "literal", "value": "canvas"}, "predicateLabel": {"xml:lang": "en", "type": "literal", "value": "made from material"}}, {"subjectLabel": {"xml:lang": "en", "type": "literal", "value": "Man Woman"}, "object": {"type": "uri", "value": "http://www.wikidata.org/entity/Q296955"}, "objectLabel": {"xml:lang": "en", "type": "literal", "value": "oil paint"}, "predicateLabel": {"xml:lang": "en", "type": "literal", "value": "made from material"}}, {"subjectLabel": {"xml:lang": "en", "type": "literal", "value": "Man Woman"}, "object": {"type": "uri", "value": "http://www.wikidata.org/entity/Q430682"}, "objectLabel": {"xml:lang": "en", "type": "literal", "value": "Tate"}, "predicateLabel": {"xml:lang": "en", "type": "literal", "value": "collection"}}, {"subjectLabel": {"xml:lang": "en", "type": "literal", "value": "Man Woman"}, "object": {"type": "uri", "value": "http://www.wikidata.org/entity/Q430682"}, "objectLabel": {"xml:lang": "en", "type": "literal", "value": "Tate"}, "predicateLabel": {"xml:lang": "en", "type": "literal", "value": "location"}}], "Q28555671": [{"subjectLabel": {"xml:lang": "en", "type": "literal", "value": "Dry Creek Bed, Werribee Gorge I"}, "object": {"type": "uri", "value": "http://www.wikidata.org/entity/Q191163"}, "objectLabel": {"xml:lang": "en", "type": "literal", "value": "landscape art"}, "predicateLabel": {"xml:lang": "en", "type": "literal", "value": "genre"}}, {"subjectLabel": {"xml:lang": "en", "type": "literal", "value": "Dry Creek Bed, Werribee Gorge I"}, "object": {"type": "uri", "value": "http://www.wikidata.org/entity/Q296955"}, "objectLabel": {"xml:lang": "en", "type": "literal", "value": "oil paint"}, "predicateLabel": {"xml:lang": "en", "type": "literal", "value": "made from material"}}, {"subjectLabel": {"xml:lang": "en", "type": "literal", "value": "Dry Creek Bed, Werribee Gorge I"}, "object": {"type": "uri", "value": "http://www.wikidata.org/entity/Q430682"}, "objectLabel": {"xml:lang": "en", "type": "literal", "value": "Tate"}, "predicateLabel": {"xml:lang": "en", "type": "literal", "value": "owned by"}}, {"subjectLabel": {"xml:lang": "en", "type": "literal", "value": "Dry Creek Bed, Werribee Gorge I"}, "object": {"type": "uri", "value": "http://www.wikidata.org/entity/Q430682"}, "objectLabel": {"xml:lang": "en", "type": "literal", "value": "Tate"}, "predicateLabel": {"xml:lang": "en", "type": "literal", "value": "collection"}}, {"subjectLabel": {"xml:lang": "en", "type": "literal", "value": "Dry Creek Bed, Werribee Gorge I"}, "object": {"type": "uri", "value": "http://www.wikidata.org/entity/Q3305213"}, "objectLabel": {"xml:lang": "en", "type": "literal", "value": "painting"}, "predicateLabel": {"xml:lang": "en", "type": "literal", "value": "instance of"}}, {"subjectLabel": {"xml:lang": "en", "type": "literal", "value": "Dry Creek Bed, Werribee Gorge I"}, "object": {"type": "uri", "value": "http://www.wikidata.org/entity/Q12321255"}, "objectLabel": {"xml:lang": "en", "type": "literal", "value": "canvas"}, "predicateLabel": {"xml:lang": "en", "type": "literal", "value": "made from material"}}, {"subjectLabel": {"xml:lang": "en", "type": "literal", "value": "Dry Creek Bed, Werribee Gorge I"}, "object": {"type": "uri", "value": "http://www.wikidata.org/entity/Q430682"}, "objectLabel": {"xml:lang": "en", "type": "literal", "value": "Tate"}, "predicateLabel": {"xml:lang": "en", "type": "literal", "value": "location"}}, {"subjectLabel": {"xml:lang": "en", "type": "literal", "value": "Dry Creek Bed, Werribee Gorge I"}, "object": {"type": "uri", "value": "http://www.wikidata.org/entity/Q1565078"}, "objectLabel": {"xml:lang": "en", "type": "literal", "value": "Fred Williams"}, "predicateLabel": {"xml:lang": "en", "type": "literal", "value": "creator"}}], "Q91937503": [{"subjectLabel": {"xml:lang": "en", "type": "literal", "value": "The Six-Footed Serpent Attacking Agnolo Brunelleschi"}, "object": {"type": "uri", "value": "http://www.wikidata.org/entity/Q46815"}, "objectLabel": {"xml:lang": "en", "type": "literal", "value": "Israel Museum"}, "predicateLabel": {"xml:lang": "en", "type": "literal", "value": "collection"}}, {"subjectLabel": {"xml:lang": "en", "type": "literal", "value": "The Six-Footed Serpent Attacking Agnolo Brunelleschi"}, "object": {"type": "uri", "value": "http://www.wikidata.org/entity/Q46815"}, "objectLabel": {"xml:lang": "en", "type": "literal", "value": "Israel Museum"}, "predicateLabel": {"xml:lang": "en", "type": "literal", "value": "location"}}, {"subjectLabel": {"xml:lang": "en", "type": "literal", "value": "The Six-Footed Serpent Attacking Agnolo Brunelleschi"}, "object": {"type": "uri", "value": "http://www.wikidata.org/entity/Q430682"}, "objectLabel": {"xml:lang": "en", "type": "literal", "value": "Tate"}, "predicateLabel": {"xml:lang": "en", "type": "literal", "value": "owned by"}}, {"subjectLabel": {"xml:lang": "en", "type": "literal", "value": "The Six-Footed Serpent Attacking Agnolo Brunelleschi"}, "object": {"type": "uri", "value": "http://www.wikidata.org/entity/Q186986"}, "objectLabel": {"xml:lang": "en", "type": "literal", "value": "etching technique"}, "predicateLabel": {"xml:lang": "en", "type": "literal", "value": "made from material"}}, {"subjectLabel": {"xml:lang": "en", "type": "literal", "value": "The Six-Footed Serpent Attacking Agnolo Brunelleschi"}, "object": {"type": "uri", "value": "http://www.wikidata.org/entity/Q195436"}, "objectLabel": {"xml:lang": "en", "type": "literal", "value": "Tate Britain"}, "predicateLabel": {"xml:lang": "en", "type": "literal", "value": "owned by"}}, {"subjectLabel": {"xml:lang": "en", "type": "literal", "value": "The Six-Footed Serpent Attacking Agnolo Brunelleschi"}, "object": {"type": "uri", "value": "http://www.wikidata.org/entity/Q430682"}, "objectLabel": {"xml:lang": "en", "type": "literal", "value": "Tate"}, "predicateLabel": {"xml:lang": "en", "type": "literal", "value": "collection"}}, {"subjectLabel": {"xml:lang": "en", "type": "literal", "value": "The Six-Footed Serpent Attacking Agnolo Brunelleschi"}, "object": {"type": "uri", "value": "http://www.wikidata.org/entity/Q11060274"}, "objectLabel": {"xml:lang": "en", "type": "literal", "value": "print"}, "predicateLabel": {"xml:lang": "en", "type": "literal", "value": "instance of"}}, {"subjectLabel": {"xml:lang": "en", "type": "literal", "value": "The Six-Footed Serpent Attacking Agnolo Brunelleschi"}, "object": {"type": "uri", "value": "http://www.wikidata.org/entity/Q195436"}, "objectLabel": {"xml:lang": "en", "type": "literal", "value": "Tate Britain"}, "predicateLabel": {"xml:lang": "en", "type": "literal", "value": "location"}}], "Q28554295": [{"subjectLabel": {"xml:lang": "en", "type": "literal", "value": "Swan Upping at Cookham"}, "object": {"type": "uri", "value": "http://www.wikidata.org/entity/Q430682"}, "objectLabel": {"xml:lang": "en", "type": "literal", "value": "Tate"}, "predicateLabel": {"xml:lang": "en", "type": "literal", "value": "owned by"}}, {"subjectLabel": {"xml:lang": "en", "type": "literal", "value": "Swan Upping at Cookham"}, "object": {"type": "uri", "value": "http://www.wikidata.org/entity/Q193375"}, "objectLabel": {"xml:lang": "en", "type": "literal", "value": "Tate Modern"}, "predicateLabel": {"xml:lang": "en", "type": "literal", "value": "owned by"}}, {"subjectLabel": {"xml:lang": "en", "type": "literal", "value": "Swan Upping at Cookham"}, "object": {"type": "uri", "value": "http://www.wikidata.org/entity/Q430682"}, "objectLabel": {"xml:lang": "en", "type": "literal", "value": "Tate"}, "predicateLabel": {"xml:lang": "en", "type": "literal", "value": "collection"}}, {"subjectLabel": {"xml:lang": "en", "type": "literal", "value": "Swan Upping at Cookham"}, "object": {"type": "uri", "value": "http://www.wikidata.org/entity/Q430682"}, "objectLabel": {"xml:lang": "en", "type": "literal", "value": "Tate"}, "predicateLabel": {"xml:lang": "en", "type": "literal", "value": "location"}}, {"subjectLabel": {"xml:lang": "en", "type": "literal", "value": "Swan Upping at Cookham"}, "object": {"type": "uri", "value": "http://www.wikidata.org/entity/Q12321255"}, "objectLabel": {"xml:lang": "en", "type": "literal", "value": "canvas"}, "predicateLabel": {"xml:lang": "en", "type": "literal", "value": "made from material"}}, {"subjectLabel": {"xml:lang": "en", "type": "literal", "value": "Swan Upping at Cookham"}, "object": {"type": "uri", "value": "http://www.wikidata.org/entity/Q296955"}, "objectLabel": {"xml:lang": "en", "type": "literal", "value": "oil paint"}, "predicateLabel": {"xml:lang": "en", "type": "literal", "value": "made from material"}}, {"subjectLabel": {"xml:lang": "en", "type": "literal", "value": "Swan Upping at Cookham"}, "object": {"type": "uri", "value": "http://www.wikidata.org/entity/Q3305213"}, "objectLabel": {"xml:lang": "en", "type": "literal", "value": "painting"}, "predicateLabel": {"xml:lang": "en", "type": "literal", "value": "instance of"}}, {"subjectLabel": {"xml:lang": "en", "type": "literal", "value": "Swan Upping at Cookham"}, "object": {"type": "uri", "value": "http://www.wikidata.org/entity/Q1282413"}, "objectLabel": {"xml:lang": "en", "type": "literal", "value": "Stanley Spencer"}, "predicateLabel": {"xml:lang": "en", "type": "literal", "value": "creator"}}, {"subjectLabel": {"xml:lang": "en", "type": "literal", "value": "Swan Upping at Cookham"}, "object": {"type": "uri", "value": "http://www.wikidata.org/entity/Q1047337"}, "objectLabel": {"xml:lang": "en", "type": "literal", "value": "genre art"}, "predicateLabel": {"xml:lang": "en", "type": "literal", "value": "genre"}}], "Q110055851": [{"subjectLabel": {"xml:lang": "en", "type": "literal", "value": "Pencerrig"}, "object": {"type": "uri", "value": "http://www.wikidata.org/entity/Q98148888"}, "objectLabel": {"xml:lang": "en", "type": "literal", "value": "Pencerrig"}, "predicateLabel": {"xml:lang": "en", "type": "literal", "value": "different from"}}, {"subjectLabel": {"xml:lang": "en", "type": "literal", "value": "Pencerrig"}, "object": {"type": "uri", "value": "http://www.wikidata.org/entity/Q191163"}, "objectLabel": {"xml:lang": "en", "type": "literal", "value": "landscape art"}, "predicateLabel": {"xml:lang": "en", "type": "literal", "value": "genre"}}, {"subjectLabel": {"xml:lang": "en", "type": "literal", "value": "Pencerrig"}, "object": {"type": "uri", "value": "http://www.wikidata.org/entity/Q195436"}, "objectLabel": {"xml:lang": "en", "type": "literal", "value": "Tate Britain"}, "predicateLabel": {"xml:lang": "en", "type": "literal", "value": "owned by"}}, {"subjectLabel": {"xml:lang": "en", "type": "literal", "value": "Pencerrig"}, "object": {"type": "uri", "value": "http://www.wikidata.org/entity/Q11472"}, "objectLabel": {"xml:lang": "en", "type": "literal", "value": "paper"}, "predicateLabel": {"xml:lang": "en", "type": "literal", "value": "made from material"}}, {"subjectLabel": {"xml:lang": "en", "type": "literal", "value": "Pencerrig"}, "object": {"type": "uri", "value": "http://www.wikidata.org/entity/Q430682"}, "objectLabel": {"xml:lang": "en", "type": "literal", "value": "Tate"}, "predicateLabel": {"xml:lang": "en", "type": "literal", "value": "owned by"}}, {"subjectLabel": {"xml:lang": "en", "type": "literal", "value": "Pencerrig"}, "object": {"type": "uri", "value": "http://www.wikidata.org/entity/Q1743855"}, "objectLabel": {"xml:lang": "en", "type": "literal", "value": "Thomas Jones"}, "predicateLabel": {"xml:lang": "en", "type": "literal", "value": "creator"}}, {"subjectLabel": {"xml:lang": "en", "type": "literal", "value": "Pencerrig"}, "object": {"type": "uri", "value": "http://www.wikidata.org/entity/Q296955"}, "objectLabel": {"xml:lang": "en", "type": "literal", "value": "oil paint"}, "predicateLabel": {"xml:lang": "en", "type": "literal", "value": "made from material"}}, {"subjectLabel": {"xml:lang": "en", "type": "literal", "value": "Pencerrig"}, "object": {"type": "uri", "value": "http://www.wikidata.org/entity/Q66362718"}, "objectLabel": {"xml:lang": "en", "type": "literal", "value": "1001 Paintings You Must See Before You Die"}, "predicateLabel": {"xml:lang": "en", "type": "literal", "value": "described by source"}}, {"subjectLabel": {"xml:lang": "en", "type": "literal", "value": "Pencerrig"}, "object": {"type": "uri", "value": "http://www.wikidata.org/entity/Q430682"}, "objectLabel": {"xml:lang": "en", "type": "literal", "value": "Tate"}, "predicateLabel": {"xml:lang": "en", "type": "literal", "value": "collection"}}, {"subjectLabel": {"xml:lang": "en", "type": "literal", "value": "Pencerrig"}, "object": {"type": "uri", "value": "http://www.wikidata.org/entity/Q3305213"}, "objectLabel": {"xml:lang": "en", "type": "literal", "value": "painting"}, "predicateLabel": {"xml:lang": "en", "type": "literal", "value": "instance of"}}, {"subjectLabel": {"xml:lang": "en", "type": "literal", "value": "Pencerrig"}, "object": {"type": "uri", "value": "http://www.wikidata.org/entity/Q195436"}, "objectLabel": {"xml:lang": "en", "type": "literal", "value": "Tate Britain"}, "predicateLabel": {"xml:lang": "en", "type": "literal", "value": "location"}}], "Q28541710": [{"subjectLabel": {"xml:lang": "en", "type": "literal", "value": "The Doctor"}, "object": {"type": "uri", "value": "http://www.wikidata.org/entity/Q19652"}, "objectLabel": {"xml:lang": "en", "type": "literal", "value": "public domain"}, "predicateLabel": {"xml:lang": "en", "type": "literal", "value": "copyright status"}}, {"subjectLabel": {"xml:lang": "en", "type": "literal", "value": "The Doctor"}, "object": {"type": "uri", "value": "http://www.wikidata.org/entity/Q180788"}, "objectLabel": {"xml:lang": "en", "type": "literal", "value": "National Gallery"}, "predicateLabel": {"xml:lang": "en", "type": "literal", "value": "collection"}}, {"subjectLabel": {"xml:lang": "en", "type": "literal", "value": "The Doctor"}, "object": {"type": "uri", "value": "http://www.wikidata.org/entity/Q39631"}, "objectLabel": {"xml:lang": "en", "type": "literal", "value": "physician"}, "predicateLabel": {"xml:lang": "en", "type": "literal", "value": "depicts"}}, {"subjectLabel": {"xml:lang": "en", "type": "literal", "value": "The Doctor"}, "object": {"type": "uri", "value": "http://www.wikidata.org/entity/Q40953"}, "objectLabel": {"xml:lang": "en", "type": "literal", "value": "prayer"}, "predicateLabel": {"xml:lang": "en", "type": "literal", "value": "depicts"}}, {"subjectLabel": {"xml:lang": "en", "type": "literal", "value": "The Doctor"}, "object": {"type": "uri", "value": "http://www.wikidata.org/entity/Q3305213"}, "objectLabel": {"xml:lang": "en", "type": "literal", "value": "painting"}, "predicateLabel": {"xml:lang": "en", "type": "literal", "value": "instance of"}}, {"subjectLabel": {"xml:lang": "en", "type": "literal", "value": "The Doctor"}, "object": {"type": "uri", "value": "http://www.wikidata.org/entity/Q181600"}, "objectLabel": {"xml:lang": "en", "type": "literal", "value": "patient"}, "predicateLabel": {"xml:lang": "en", "type": "literal", "value": "depicts"}}, {"subjectLabel": {"xml:lang": "en", "type": "literal", "value": "The Doctor"}, "object": {"type": "uri", "value": "http://www.wikidata.org/entity/Q66362718"}, "objectLabel": {"xml:lang": "en", "type": "literal", "value": "1001 Paintings You Must See Before You Die"}, "predicateLabel": {"xml:lang": "en", "type": "literal", "value": "described by source"}}, {"subjectLabel": {"xml:lang": "en", "type": "literal", "value": "The Doctor"}, "object": {"type": "uri", "value": "http://www.wikidata.org/entity/Q430682"}, "objectLabel": {"xml:lang": "en", "type": "literal", "value": "Tate"}, "predicateLabel": {"xml:lang": "en", "type": "literal", "value": "owned by"}}, {"subjectLabel": {"xml:lang": "en", "type": "literal", "value": "The Doctor"}, "object": {"type": "uri", "value": "http://www.wikidata.org/entity/Q430682"}, "objectLabel": {"xml:lang": "en", "type": "literal", "value": "Tate"}, "predicateLabel": {"xml:lang": "en", "type": "literal", "value": "collection"}}, {"subjectLabel": {"xml:lang": "en", "type": "literal", "value": "The Doctor"}, "object": {"type": "uri", "value": "http://www.wikidata.org/entity/Q193375"}, "objectLabel": {"xml:lang": "en", "type": "literal", "value": "Tate Modern"}, "predicateLabel": {"xml:lang": "en", "type": "literal", "value": "owned by"}}, {"subjectLabel": {"xml:lang": "en", "type": "literal", "value": "The Doctor"}, "object": {"type": "uri", "value": "http://www.wikidata.org/entity/Q12321255"}, "objectLabel": {"xml:lang": "en", "type": "literal", "value": "canvas"}, "predicateLabel": {"xml:lang": "en", "type": "literal", "value": "made from material"}}, {"subjectLabel": {"xml:lang": "en", "type": "literal", "value": "The Doctor"}, "object": {"type": "uri", "value": "http://www.wikidata.org/entity/Q1047337"}, "objectLabel": {"xml:lang": "en", "type": "literal", "value": "genre art"}, "predicateLabel": {"xml:lang": "en", "type": "literal", "value": "genre"}}, {"subjectLabel": {"xml:lang": "en", "type": "literal", "value": "The Doctor"}, "object": {"type": "uri", "value": "http://www.wikidata.org/entity/Q195436"}, "objectLabel": {"xml:lang": "en", "type": "literal", "value": "Tate Britain"}, "predicateLabel": {"xml:lang": "en", "type": "literal", "value": "owned by"}}, {"subjectLabel": {"xml:lang": "en", "type": "literal", "value": "The Doctor"}, "object": {"type": "uri", "value": "http://www.wikidata.org/entity/Q430682"}, "objectLabel": {"xml:lang": "en", "type": "literal", "value": "Tate"}, "predicateLabel": {"xml:lang": "en", "type": "literal", "value": "location"}}, {"subjectLabel": {"xml:lang": "en", "type": "literal", "value": "The Doctor"}, "object": {"type": "uri", "value": "http://www.wikidata.org/entity/Q1855648"}, "objectLabel": {"xml:lang": "en", "type": "literal", "value": "Luke Fildes"}, "predicateLabel": {"xml:lang": "en", "type": "literal", "value": "creator"}}, {"subjectLabel": {"xml:lang": "en", "type": "literal", "value": "The Doctor"}, "object": {"type": "uri", "value": "http://www.wikidata.org/entity/Q296955"}, "objectLabel": {"xml:lang": "en", "type": "literal", "value": "oil paint"}, "predicateLabel": {"xml:lang": "en", "type": "literal", "value": "made from material"}}, {"subjectLabel": {"xml:lang": "en", "type": "literal", "value": "The Doctor"}, "object": {"type": "uri", "value": "http://www.wikidata.org/entity/Q195436"}, "objectLabel": {"xml:lang": "en", "type": "literal", "value": "Tate Britain"}, "predicateLabel": {"xml:lang": "en", "type": "literal", "value": "location"}}], "Q28563711": [{"subjectLabel": {"xml:lang": "en", "type": "literal", "value": "Head of a Woman"}, "object": {"type": "uri", "value": "http://www.wikidata.org/entity/Q5593"}, "objectLabel": {"xml:lang": "en", "type": "literal", "value": "Pablo Picasso"}, "predicateLabel": {"xml:lang": "en", "type": "literal", "value": "creator"}}, {"subjectLabel": {"xml:lang": "en", "type": "literal", "value": "Head of a Woman"}, "object": {"type": "uri", "value": "http://www.wikidata.org/entity/Q296955"}, "objectLabel": {"xml:lang": "en", "type": "literal", "value": "oil paint"}, "predicateLabel": {"xml:lang": "en", "type": "literal", "value": "made from material"}}, {"subjectLabel": {"xml:lang": "en", "type": "literal", "value": "Head of a Woman"}, "object": {"type": "uri", "value": "http://www.wikidata.org/entity/Q430682"}, "objectLabel": {"xml:lang": "en", "type": "literal", "value": "Tate"}, "predicateLabel": {"xml:lang": "en", "type": "literal", "value": "owned by"}}, {"subjectLabel": {"xml:lang": "en", "type": "literal", "value": "Head of a Woman"}, "object": {"type": "uri", "value": "http://www.wikidata.org/entity/Q430682"}, "objectLabel": {"xml:lang": "en", "type": "literal", "value": "Tate"}, "predicateLabel": {"xml:lang": "en", "type": "literal", "value": "collection"}}, {"subjectLabel": {"xml:lang": "en", "type": "literal", "value": "Head of a Woman"}, "object": {"type": "uri", "value": "http://www.wikidata.org/entity/Q3305213"}, "objectLabel": {"xml:lang": "en", "type": "literal", "value": "painting"}, "predicateLabel": {"xml:lang": "en", "type": "literal", "value": "instance of"}}, {"subjectLabel": {"xml:lang": "en", "type": "literal", "value": "Head of a Woman"}, "object": {"type": "uri", "value": "http://www.wikidata.org/entity/Q12321255"}, "objectLabel": {"xml:lang": "en", "type": "literal", "value": "canvas"}, "predicateLabel": {"xml:lang": "en", "type": "literal", "value": "made from material"}}, {"subjectLabel": {"xml:lang": "en", "type": "literal", "value": "Head of a Woman"}, "object": {"type": "uri", "value": "http://www.wikidata.org/entity/Q430682"}, "objectLabel": {"xml:lang": "en", "type": "literal", "value": "Tate"}, "predicateLabel": {"xml:lang": "en", "type": "literal", "value": "location"}}, {"subjectLabel": {"xml:lang": "en", "type": "literal", "value": "Head of a Woman"}, "object": {"type": "uri", "value": "http://www.wikidata.org/entity/Q2577210"}, "objectLabel": {"xml:lang": "en", "type": "literal", "value": "Tate St Ives"}, "predicateLabel": {"xml:lang": "en", "type": "literal", "value": "owned by"}}, {"subjectLabel": {"xml:lang": "en", "type": "literal", "value": "Head of a Woman"}, "object": {"type": "uri", "value": "http://www.wikidata.org/entity/Q2577210"}, "objectLabel": {"xml:lang": "en", "type": "literal", "value": "Tate St Ives"}, "predicateLabel": {"xml:lang": "en", "type": "literal", "value": "location"}}]}