{"Q831869": [{"subjectLabel": {"xml:lang": "en", "type": "literal", "value": "oenochoe"}, "object": {"type": "uri", "value": "http://www.wikidata.org/entity/Q11254"}, "objectLabel": {"xml:lang": "en", "type": "literal", "value": "table salt"}, "predicateLabel": {"xml:lang": "en", "type": "literal", "value": "contains"}}, {"subjectLabel": {"xml:lang": "en", "type": "literal", "value": "oenochoe"}, "object": {"type": "uri", "value": "http://www.wikidata.org/entity/Q7892"}, "objectLabel": {"xml:lang": "en", "type": "literal", "value": "drinking water"}, "predicateLabel": {"xml:lang": "en", "type": "literal", "value": "contains"}}, {"subjectLabel": {"xml:lang": "en", "type": "literal", "value": "oenochoe"}, "object": {"type": "uri", "value": "http://www.wikidata.org/entity/Q282"}, "objectLabel": {"xml:lang": "en", "type": "literal", "value": "wine"}, "predicateLabel": {"xml:lang": "en", "type": "literal", "value": "contains"}}, {"subjectLabel": {"xml:lang": "en", "type": "literal", "value": "oenochoe"}, "object": {"type": "uri", "value": "http://www.wikidata.org/entity/Q191851"}, "objectLabel": {"xml:lang": "en", "type": "literal", "value": "vase"}, "predicateLabel": {"xml:lang": "en", "type": "literal", "value": "instance of"}}, {"subjectLabel": {"xml:lang": "en", "type": "literal", "value": "oenochoe"}, "object": {"type": "uri", "value": "http://www.wikidata.org/entity/Q132397"}, "objectLabel": {"xml:lang": "en", "type": "literal", "value": "pitcher"}, "predicateLabel": {"xml:lang": "en", "type": "literal", "value": "has use"}}, {"subjectLabel": {"xml:lang": "en", "type": "literal", "value": "oenochoe"}, "object": {"type": "uri", "value": "http://www.wikidata.org/entity/Q42527"}, "objectLabel": {"xml:lang": "en", "type": "literal", "value": "spice"}, "predicateLabel": {"xml:lang": "en", "type": "literal", "value": "contains"}}, {"subjectLabel": {"xml:lang": "en", "type": "literal", "value": "oenochoe"}, "object": {"type": "uri", "value": "http://www.wikidata.org/entity/Q26701162"}, "objectLabel": {"xml:lang": "en", "type": "literal", "value": "ancient Greek vase-form"}, "predicateLabel": {"xml:lang": "en", "type": "literal", "value": "instance of"}}, {"subjectLabel": {"xml:lang": "en", "type": "literal", "value": "oenochoe"}, "object": {"type": "uri", "value": "http://www.wikidata.org/entity/Q10563755"}, "objectLabel": {"xml:lang": "en", "type": "literal", "value": "flagon"}, "predicateLabel": {"xml:lang": "en", "type": "literal", "value": "subclass of"}}, {"subjectLabel": {"xml:lang": "en", "type": "literal", "value": "oenochoe"}, "object": {"type": "uri", "value": "http://www.wikidata.org/entity/Q19899872"}, "objectLabel": {"xml:lang": "en", "type": "literal", "value": "Greek vases"}, "predicateLabel": {"xml:lang": "en", "type": "literal", "value": "subclass of"}}, {"subjectLabel": {"xml:lang": "en", "type": "literal", "value": "oenochoe"}, "object": {"type": "uri", "value": "http://www.wikidata.org/entity/Q987767"}, "objectLabel": {"xml:lang": "en", "type": "literal", "value": "physical container"}, "predicateLabel": {"xml:lang": "en", "type": "literal", "value": "has use"}}, {"subjectLabel": {"xml:lang": "en", "type": "literal", "value": "oenochoe"}, "object": {"type": "uri", "value": "http://www.wikidata.org/entity/Q32882151"}, "objectLabel": {"xml:lang": "en", "type": "literal", "value": "Category:Oinochoes"}, "predicateLabel": {"xml:lang": "en", "type": "literal", "value": "topic's main category"}}], "Q213371": [{"subjectLabel": {"xml:lang": "en", "type": "literal", "value": "vitreous enamel"}, "object": {"type": "uri", "value": "http://www.wikidata.org/entity/Q45621"}, "objectLabel": {"xml:lang": "en", "type": "literal", "value": "ceramic"}, "predicateLabel": {"xml:lang": "en", "type": "literal", "value": "has use"}}, {"subjectLabel": {"xml:lang": "en", "type": "literal", "value": "vitreous enamel"}, "object": {"type": "uri", "value": "http://www.wikidata.org/entity/Q602358"}, "objectLabel": {"xml:lang": "en", "type": "literal", "value": "Brockhaus and Efron Encyclopedic Dictionary"}, "predicateLabel": {"xml:lang": "en", "type": "literal", "value": "described by source"}}, {"subjectLabel": {"xml:lang": "en", "type": "literal", "value": "vitreous enamel"}, "object": {"type": "uri", "value": "http://www.wikidata.org/entity/Q678259"}, "objectLabel": {"xml:lang": "en", "type": "literal", "value": "Nordisk familjebok"}, "predicateLabel": {"xml:lang": "en", "type": "literal", "value": "described by source"}}, {"subjectLabel": {"xml:lang": "en", "type": "literal", "value": "vitreous enamel"}, "object": {"type": "uri", "value": "http://www.wikidata.org/entity/Q49754281"}, "objectLabel": {"xml:lang": "en", "type": "literal", "value": "enameling"}, "predicateLabel": {"xml:lang": "en", "type": "literal", "value": "has use"}}, {"subjectLabel": {"xml:lang": "en", "type": "literal", "value": "vitreous enamel"}, "object": {"type": "uri", "value": "http://www.wikidata.org/entity/Q3300034"}, "objectLabel": {"xml:lang": "en", "type": "literal", "value": "painting material"}, "predicateLabel": {"xml:lang": "en", "type": "literal", "value": "subclass of"}}, {"subjectLabel": {"xml:lang": "en", "type": "literal", "value": "vitreous enamel"}, "object": {"type": "uri", "value": "http://www.wikidata.org/entity/Q4532138"}, "objectLabel": {"xml:lang": "en", "type": "literal", "value": "Granat Encyclopedic Dictionary"}, "predicateLabel": {"xml:lang": "en", "type": "literal", "value": "described by source"}}, {"subjectLabel": {"xml:lang": "en", "type": "literal", "value": "vitreous enamel"}, "object": {"type": "uri", "value": "http://www.wikidata.org/entity/Q19180675"}, "objectLabel": {"xml:lang": "en", "type": "literal", "value": "Small Brockhaus and Efron Encyclopedic Dictionary"}, "predicateLabel": {"xml:lang": "en", "type": "literal", "value": "described by source"}}, {"subjectLabel": {"xml:lang": "en", "type": "literal", "value": "vitreous enamel"}, "object": {"type": "uri", "value": "http://www.wikidata.org/entity/Q19219752"}, "objectLabel": {"xml:lang": "en", "type": "literal", "value": "Meyers Konversations-Lexikon, 4th edition (1885\u20131890)"}, "predicateLabel": {"xml:lang": "en", "type": "literal", "value": "described by source"}}, {"subjectLabel": {"xml:lang": "en", "type": "literal", "value": "vitreous enamel"}, "object": {"type": "uri", "value": "http://www.wikidata.org/entity/Q7461403"}, "objectLabel": {"xml:lang": "en", "type": "literal", "value": "Category:Vitreous enamel"}, "predicateLabel": {"xml:lang": "en", "type": "literal", "value": "topic's main category"}}, {"subjectLabel": {"xml:lang": "en", "type": "literal", "value": "vitreous enamel"}, "object": {"type": "uri", "value": "http://www.wikidata.org/entity/Q3181656"}, "objectLabel": {"xml:lang": "en", "type": "literal", "value": "The Nuttall Encyclop\u00e6dia"}, "predicateLabel": {"xml:lang": "en", "type": "literal", "value": "described by source"}}, {"subjectLabel": {"xml:lang": "en", "type": "literal", "value": "vitreous enamel"}, "object": {"type": "uri", "value": "http://www.wikidata.org/entity/Q63284758"}, "objectLabel": {"xml:lang": "en", "type": "literal", "value": "Desktop Encyclopedic Dictionary"}, "predicateLabel": {"xml:lang": "en", "type": "literal", "value": "described by source"}}, {"subjectLabel": {"xml:lang": "en", "type": "literal", "value": "vitreous enamel"}, "object": {"type": "uri", "value": "http://www.wikidata.org/entity/Q124737604"}, "objectLabel": {"xml:lang": "en", "type": "literal", "value": "Armenian Soviet Encyclopedia, vol. 2"}, "predicateLabel": {"xml:lang": "en", "type": "literal", "value": "described by source"}}, {"subjectLabel": {"xml:lang": "en", "type": "literal", "value": "vitreous enamel"}, "object": {"type": "uri", "value": "http://www.wikidata.org/entity/Q56441911"}, "objectLabel": {"xml:lang": "en", "type": "literal", "value": "The Domestic Encyclop\u00e6dia; Or, A Dictionary Of Facts, And Useful Knowledge"}, "predicateLabel": {"xml:lang": "en", "type": "literal", "value": "described by source"}}, {"subjectLabel": {"xml:lang": "en", "type": "literal", "value": "vitreous enamel"}, "object": {"type": "uri", "value": "http://www.wikidata.org/entity/Q110249806"}, "objectLabel": {"xml:lang": "en", "type": "literal", "value": "WikiProject Craft"}, "predicateLabel": {"xml:lang": "en", "type": "literal", "value": "on focus list of Wikimedia project"}}], "Q133067": [{"subjectLabel": {"xml:lang": "en", "type": "literal", "value": "mosaic"}, "object": {"type": "uri", "value": "http://www.wikidata.org/entity/Q110249806"}, "objectLabel": {"xml:lang": "en", "type": "literal", "value": "WikiProject Craft"}, "predicateLabel": {"xml:lang": "en", "type": "literal", "value": "on focus list of Wikimedia project"}}, {"subjectLabel": {"xml:lang": "en", "type": "literal", "value": "mosaic"}, "object": {"type": "uri", "value": "http://www.wikidata.org/entity/Q2657718"}, "objectLabel": {"xml:lang": "en", "type": "literal", "value": "Armenian Soviet Encyclopedia"}, "predicateLabel": {"xml:lang": "en", "type": "literal", "value": "described by source"}}, {"subjectLabel": {"xml:lang": "en", "type": "literal", "value": "mosaic"}, "object": {"type": "uri", "value": "http://www.wikidata.org/entity/Q602358"}, "objectLabel": {"xml:lang": "en", "type": "literal", "value": "Brockhaus and Efron Encyclopedic Dictionary"}, "predicateLabel": {"xml:lang": "en", "type": "literal", "value": "described by source"}}, {"subjectLabel": {"xml:lang": "en", "type": "literal", "value": "mosaic"}, "object": {"type": "uri", "value": "http://www.wikidata.org/entity/Q4532138"}, "objectLabel": {"xml:lang": "en", "type": "literal", "value": "Granat Encyclopedic Dictionary"}, "predicateLabel": {"xml:lang": "en", "type": "literal", "value": "described by source"}}, {"subjectLabel": {"xml:lang": "en", "type": "literal", "value": "mosaic"}, "object": {"type": "uri", "value": "http://www.wikidata.org/entity/Q6173448"}, "objectLabel": {"xml:lang": "en", "type": "literal", "value": "Wikipedia:Vital articles/Level/4"}, "predicateLabel": {"xml:lang": "en", "type": "literal", "value": "on focus list of Wikimedia project"}}, {"subjectLabel": {"xml:lang": "en", "type": "literal", "value": "mosaic"}, "object": {"type": "uri", "value": "http://www.wikidata.org/entity/Q23705356"}, "objectLabel": {"xml:lang": "en", "type": "literal", "value": "Explanatory Dictionary of the Living Great Russian Language, Second Edition"}, "predicateLabel": {"xml:lang": "en", "type": "literal", "value": "described by source"}}, {"subjectLabel": {"xml:lang": "en", "type": "literal", "value": "mosaic"}, "object": {"type": "uri", "value": "http://www.wikidata.org/entity/Q30059240"}, "objectLabel": {"xml:lang": "en", "type": "literal", "value": "Real'nyj slovar' klassicheskih drevnostej po Ljubkeru"}, "predicateLabel": {"xml:lang": "en", "type": "literal", "value": "described by source"}}, {"subjectLabel": {"xml:lang": "en", "type": "literal", "value": "mosaic"}, "object": {"type": "uri", "value": "http://www.wikidata.org/entity/Q25112434"}, "objectLabel": {"xml:lang": "en", "type": "literal", "value": "tile art"}, "predicateLabel": {"xml:lang": "en", "type": "literal", "value": "different from"}}, {"subjectLabel": {"xml:lang": "en", "type": "literal", "value": "mosaic"}, "object": {"type": "uri", "value": "http://www.wikidata.org/entity/Q47008958"}, "objectLabel": {"xml:lang": "en", "type": "literal", "value": "mosaic making"}, "predicateLabel": {"xml:lang": "en", "type": "literal", "value": "different from"}}, {"subjectLabel": {"xml:lang": "en", "type": "literal", "value": "mosaic"}, "object": {"type": "uri", "value": "http://www.wikidata.org/entity/Q391414"}, "objectLabel": {"xml:lang": "en", "type": "literal", "value": "architectural element"}, "predicateLabel": {"xml:lang": "en", "type": "literal", "value": "subclass of"}}, {"subjectLabel": {"xml:lang": "en", "type": "literal", "value": "mosaic"}, "object": {"type": "uri", "value": "http://www.wikidata.org/entity/Q350268"}, "objectLabel": {"xml:lang": "en", "type": "literal", "value": "plastic artwork"}, "predicateLabel": {"xml:lang": "en", "type": "literal", "value": "subclass of"}}, {"subjectLabel": {"xml:lang": "en", "type": "literal", "value": "mosaic"}, "object": {"type": "uri", "value": "http://www.wikidata.org/entity/Q483394"}, "objectLabel": {"xml:lang": "en", "type": "literal", "value": "genre"}, "predicateLabel": {"xml:lang": "en", "type": "literal", "value": "instance of"}}, {"subjectLabel": {"xml:lang": "en", "type": "literal", "value": "mosaic"}, "object": {"type": "uri", "value": "http://www.wikidata.org/entity/Q19180675"}, "objectLabel": {"xml:lang": "en", "type": "literal", "value": "Small Brockhaus and Efron Encyclopedic Dictionary"}, "predicateLabel": {"xml:lang": "en", "type": "literal", "value": "described by source"}}, {"subjectLabel": {"xml:lang": "en", "type": "literal", "value": "mosaic"}, "object": {"type": "uri", "value": "http://www.wikidata.org/entity/Q214609"}, "objectLabel": {"xml:lang": "en", "type": "literal", "value": "material"}, "predicateLabel": {"xml:lang": "en", "type": "literal", "value": "subclass of"}}, {"subjectLabel": {"xml:lang": "en", "type": "literal", "value": "mosaic"}, "object": {"type": "uri", "value": "http://www.wikidata.org/entity/Q7468592"}, "objectLabel": {"xml:lang": "en", "type": "literal", "value": "Category:Mosaic"}, "predicateLabel": {"xml:lang": "en", "type": "literal", "value": "topic's main category"}}, {"subjectLabel": {"xml:lang": "en", "type": "literal", "value": "mosaic"}, "object": {"type": "uri", "value": "http://www.wikidata.org/entity/Q262343"}, "objectLabel": {"xml:lang": "en", "type": "literal", "value": "assemblage"}, "predicateLabel": {"xml:lang": "en", "type": "literal", "value": "subclass of"}}, {"subjectLabel": {"xml:lang": "en", "type": "literal", "value": "mosaic"}, "object": {"type": "uri", "value": "http://www.wikidata.org/entity/Q19190511"}, "objectLabel": {"xml:lang": "en", "type": "literal", "value": "New Encyclopedic Dictionary"}, "predicateLabel": {"xml:lang": "en", "type": "literal", "value": "described by source"}}, {"subjectLabel": {"xml:lang": "en", "type": "literal", "value": "mosaic"}, "object": {"type": "uri", "value": "http://www.wikidata.org/entity/Q19538713"}, "objectLabel": {"xml:lang": "en", "type": "literal", "value": "Vlastensk\u00fd slovn\u00edk historick\u00fd"}, "predicateLabel": {"xml:lang": "en", "type": "literal", "value": "described by source"}}, {"subjectLabel": {"xml:lang": "en", "type": "literal", "value": "mosaic"}, "object": {"type": "uri", "value": "http://www.wikidata.org/entity/Q20078554"}, "objectLabel": {"xml:lang": "en", "type": "literal", "value": "Great Soviet Encyclopedia (1926\u20131947)"}, "predicateLabel": {"xml:lang": "en", "type": "literal", "value": "described by source"}}, {"subjectLabel": {"xml:lang": "en", "type": "literal", "value": "mosaic"}, "object": {"type": "uri", "value": "http://www.wikidata.org/entity/Q19219752"}, "objectLabel": {"xml:lang": "en", "type": "literal", "value": "Meyers Konversations-Lexikon, 4th edition (1885\u20131890)"}, "predicateLabel": {"xml:lang": "en", "type": "literal", "value": "described by source"}}, {"subjectLabel": {"xml:lang": "en", "type": "literal", "value": "mosaic"}, "object": {"type": "uri", "value": "http://www.wikidata.org/entity/Q110304307"}, "objectLabel": {"xml:lang": "en", "type": "literal", "value": "two-dimensional visual artwork"}, "predicateLabel": {"xml:lang": "en", "type": "literal", "value": "subclass of"}}, {"subjectLabel": {"xml:lang": "en", "type": "literal", "value": "mosaic"}, "object": {"type": "uri", "value": "http://www.wikidata.org/entity/Q47008958"}, "objectLabel": {"xml:lang": "en", "type": "literal", "value": "mosaic making"}, "predicateLabel": {"xml:lang": "en", "type": "literal", "value": "fabrication method"}}, {"subjectLabel": {"xml:lang": "en", "type": "literal", "value": "mosaic"}, "object": {"type": "uri", "value": "http://www.wikidata.org/entity/Q2484793"}, "objectLabel": {"xml:lang": "en", "type": "literal", "value": "tessera"}, "predicateLabel": {"xml:lang": "en", "type": "literal", "value": "has part(s)"}}], "Q1770969": [{"subjectLabel": {"xml:lang": "en", "type": "literal", "value": "Hinton St Mary"}, "object": {"type": "uri", "value": "http://www.wikidata.org/entity/Q145"}, "objectLabel": {"xml:lang": "en", "type": "literal", "value": "United Kingdom"}, "predicateLabel": {"xml:lang": "en", "type": "literal", "value": "country"}}, {"subjectLabel": {"xml:lang": "en", "type": "literal", "value": "Hinton St Mary"}, "object": {"type": "uri", "value": "http://www.wikidata.org/entity/Q532"}, "objectLabel": {"xml:lang": "en", "type": "literal", "value": "village"}, "predicateLabel": {"xml:lang": "en", "type": "literal", "value": "instance of"}}, {"subjectLabel": {"xml:lang": "en", "type": "literal", "value": "Hinton St Mary"}, "object": {"type": "uri", "value": "http://www.wikidata.org/entity/Q1115575"}, "objectLabel": {"xml:lang": "en", "type": "literal", "value": "civil parish"}, "predicateLabel": {"xml:lang": "en", "type": "literal", "value": "instance of"}}, {"subjectLabel": {"xml:lang": "en", "type": "literal", "value": "Hinton St Mary"}, "object": {"type": "uri", "value": "http://www.wikidata.org/entity/Q55231693"}, "objectLabel": {"xml:lang": "en", "type": "literal", "value": "Dorset"}, "predicateLabel": {"xml:lang": "en", "type": "literal", "value": "located in the administrative territorial entity"}}, {"subjectLabel": {"xml:lang": "en", "type": "literal", "value": "Hinton St Mary"}, "object": {"type": "uri", "value": "http://www.wikidata.org/entity/Q67479793"}, "objectLabel": {"xml:lang": "en", "type": "literal", "value": "Dorset"}, "predicateLabel": {"xml:lang": "en", "type": "literal", "value": "historic county"}}], "Q62792": [{"subjectLabel": {"xml:lang": "en", "type": "literal", "value": "conch"}, "object": {"type": "uri", "value": "http://www.wikidata.org/entity/Q9641479"}, "objectLabel": {"xml:lang": "en", "type": "literal", "value": "Category:Conches"}, "predicateLabel": {"xml:lang": "en", "type": "literal", "value": "topic's main category"}}, {"subjectLabel": {"xml:lang": "en", "type": "literal", "value": "conch"}, "object": {"type": "uri", "value": "http://www.wikidata.org/entity/Q867541"}, "objectLabel": {"xml:lang": "en", "type": "literal", "value": "Encyclop\u00e6dia Britannica 11th edition"}, "predicateLabel": {"xml:lang": "en", "type": "literal", "value": "described by source"}}, {"subjectLabel": {"xml:lang": "en", "type": "literal", "value": "conch"}, "object": {"type": "uri", "value": "http://www.wikidata.org/entity/Q213096"}, "objectLabel": {"xml:lang": "en", "type": "literal", "value": "seashell"}, "predicateLabel": {"xml:lang": "en", "type": "literal", "value": "subclass of"}}, {"subjectLabel": {"xml:lang": "en", "type": "literal", "value": "conch"}, "object": {"type": "uri", "value": "http://www.wikidata.org/entity/Q1768721"}, "objectLabel": {"xml:lang": "en", "type": "literal", "value": "Gujin Tushu Jicheng"}, "predicateLabel": {"xml:lang": "en", "type": "literal", "value": "described by source"}}], "Q103223": [{"subjectLabel": {"xml:lang": "en", "type": "literal", "value": "hematite"}, "object": {"type": "uri", "value": "http://www.wikidata.org/entity/Q7873"}, "objectLabel": {"xml:lang": "en", "type": "literal", "value": "blood"}, "predicateLabel": {"xml:lang": "en", "type": "literal", "value": "named after"}}, {"subjectLabel": {"xml:lang": "en", "type": "literal", "value": "hematite"}, "object": {"type": "uri", "value": "http://www.wikidata.org/entity/Q22731"}, "objectLabel": {"xml:lang": "en", "type": "literal", "value": "stone"}, "predicateLabel": {"xml:lang": "en", "type": "literal", "value": "named after"}}, {"subjectLabel": {"xml:lang": "en", "type": "literal", "value": "hematite"}, "object": {"type": "uri", "value": "http://www.wikidata.org/entity/Q3193676"}, "objectLabel": {"xml:lang": "en", "type": "literal", "value": "De Re Metallica"}, "predicateLabel": {"xml:lang": "en", "type": "literal", "value": "described by source"}}, {"subjectLabel": {"xml:lang": "en", "type": "literal", "value": "hematite"}, "object": {"type": "uri", "value": "http://www.wikidata.org/entity/Q867541"}, "objectLabel": {"xml:lang": "en", "type": "literal", "value": "Encyclop\u00e6dia Britannica 11th edition"}, "predicateLabel": {"xml:lang": "en", "type": "literal", "value": "described by source"}}, {"subjectLabel": {"xml:lang": "en", "type": "literal", "value": "hematite"}, "object": {"type": "uri", "value": "http://www.wikidata.org/entity/Q1970746"}, "objectLabel": {"xml:lang": "en", "type": "literal", "value": "Explanatory Dictionary of the Living Great Russian Language"}, "predicateLabel": {"xml:lang": "en", "type": "literal", "value": "described by source"}}, {"subjectLabel": {"xml:lang": "en", "type": "literal", "value": "hematite"}, "object": {"type": "uri", "value": "http://www.wikidata.org/entity/Q20078554"}, "objectLabel": {"xml:lang": "en", "type": "literal", "value": "Great Soviet Encyclopedia (1926\u20131947)"}, "predicateLabel": {"xml:lang": "en", "type": "literal", "value": "described by source"}}, {"subjectLabel": {"xml:lang": "en", "type": "literal", "value": "hematite"}, "object": {"type": "uri", "value": "http://www.wikidata.org/entity/Q19219752"}, "objectLabel": {"xml:lang": "en", "type": "literal", "value": "Meyers Konversations-Lexikon, 4th edition (1885\u20131890)"}, "predicateLabel": {"xml:lang": "en", "type": "literal", "value": "described by source"}}, {"subjectLabel": {"xml:lang": "en", "type": "literal", "value": "hematite"}, "object": {"type": "uri", "value": "http://www.wikidata.org/entity/Q124737633"}, "objectLabel": {"xml:lang": "en", "type": "literal", "value": "Armenian Soviet Encyclopedia, vol. 6"}, "predicateLabel": {"xml:lang": "en", "type": "literal", "value": "described by source"}}, {"subjectLabel": {"xml:lang": "en", "type": "literal", "value": "hematite"}, "object": {"type": "uri", "value": "http://www.wikidata.org/entity/Q56441911"}, "objectLabel": {"xml:lang": "en", "type": "literal", "value": "The Domestic Encyclop\u00e6dia; Or, A Dictionary Of Facts, And Useful Knowledge"}, "predicateLabel": {"xml:lang": "en", "type": "literal", "value": "described by source"}}, {"subjectLabel": {"xml:lang": "en", "type": "literal", "value": "hematite"}, "object": {"type": "uri", "value": "http://www.wikidata.org/entity/Q602358"}, "objectLabel": {"xml:lang": "en", "type": "literal", "value": "Brockhaus and Efron Encyclopedic Dictionary"}, "predicateLabel": {"xml:lang": "en", "type": "literal", "value": "described by source"}}, {"subjectLabel": {"xml:lang": "en", "type": "literal", "value": "hematite"}, "object": {"type": "uri", "value": "http://www.wikidata.org/entity/Q419170"}, "objectLabel": {"xml:lang": "en", "type": "literal", "value": "iron(III) oxide"}, "predicateLabel": {"xml:lang": "en", "type": "literal", "value": "has part(s)"}}, {"subjectLabel": {"xml:lang": "en", "type": "literal", "value": "hematite"}, "object": {"type": "uri", "value": "http://www.wikidata.org/entity/Q588274"}, "objectLabel": {"xml:lang": "en", "type": "literal", "value": "trigonal crystal system"}, "predicateLabel": {"xml:lang": "en", "type": "literal", "value": "crystal system"}}, {"subjectLabel": {"xml:lang": "en", "type": "literal", "value": "hematite"}, "object": {"type": "uri", "value": "http://www.wikidata.org/entity/Q3777569"}, "objectLabel": {"xml:lang": "en", "type": "literal", "value": "hematite mineral group"}, "predicateLabel": {"xml:lang": "en", "type": "literal", "value": "subclass of"}}, {"subjectLabel": {"xml:lang": "en", "type": "literal", "value": "hematite"}, "object": {"type": "uri", "value": "http://www.wikidata.org/entity/Q12089225"}, "objectLabel": {"xml:lang": "en", "type": "literal", "value": "mineral species"}, "predicateLabel": {"xml:lang": "en", "type": "literal", "value": "instance of"}}, {"subjectLabel": {"xml:lang": "en", "type": "literal", "value": "hematite"}, "object": {"type": "uri", "value": "http://www.wikidata.org/entity/Q13406835"}, "objectLabel": {"xml:lang": "en", "type": "literal", "value": "approved mineral and/or valid name (A)"}, "predicateLabel": {"xml:lang": "en", "type": "literal", "value": "IMA status and/or rank"}}, {"subjectLabel": {"xml:lang": "en", "type": "literal", "value": "hematite"}, "object": {"type": "uri", "value": "http://www.wikidata.org/entity/Q15040836"}, "objectLabel": {"xml:lang": "en", "type": "literal", "value": "space group R-3c"}, "predicateLabel": {"xml:lang": "en", "type": "literal", "value": "space group"}}, {"subjectLabel": {"xml:lang": "en", "type": "literal", "value": "hematite"}, "object": {"type": "uri", "value": "http://www.wikidata.org/entity/Q19180675"}, "objectLabel": {"xml:lang": "en", "type": "literal", "value": "Small Brockhaus and Efron Encyclopedic Dictionary"}, "predicateLabel": {"xml:lang": "en", "type": "literal", "value": "described by source"}}], "Q143739": [{"subjectLabel": {"xml:lang": "en", "type": "literal", "value": "beeswax"}, "object": {"type": "uri", "value": "http://www.wikidata.org/entity/Q623"}, "objectLabel": {"xml:lang": "en", "type": "literal", "value": "carbon"}, "predicateLabel": {"xml:lang": "en", "type": "literal", "value": "has part(s)"}}, {"subjectLabel": {"xml:lang": "en", "type": "literal", "value": "beeswax"}, "object": {"type": "uri", "value": "http://www.wikidata.org/entity/Q30034"}, "objectLabel": {"xml:lang": "en", "type": "literal", "value": "Apis mellifera"}, "predicateLabel": {"xml:lang": "en", "type": "literal", "value": "natural product of taxon"}}, {"subjectLabel": {"xml:lang": "en", "type": "literal", "value": "beeswax"}, "object": {"type": "uri", "value": "http://www.wikidata.org/entity/Q30034"}, "objectLabel": {"xml:lang": "en", "type": "literal", "value": "Apis mellifera"}, "predicateLabel": {"xml:lang": "en", "type": "literal", "value": "produced by"}}, {"subjectLabel": {"xml:lang": "en", "type": "literal", "value": "beeswax"}, "object": {"type": "uri", "value": "http://www.wikidata.org/entity/Q124695"}, "objectLabel": {"xml:lang": "en", "type": "literal", "value": "wax"}, "predicateLabel": {"xml:lang": "en", "type": "literal", "value": "subclass of"}}, {"subjectLabel": {"xml:lang": "en", "type": "literal", "value": "beeswax"}, "object": {"type": "uri", "value": "http://www.wikidata.org/entity/Q189567"}, "objectLabel": {"xml:lang": "en", "type": "literal", "value": "food additive"}, "predicateLabel": {"xml:lang": "en", "type": "literal", "value": "subclass of"}}, {"subjectLabel": {"xml:lang": "en", "type": "literal", "value": "beeswax"}, "object": {"type": "uri", "value": "http://www.wikidata.org/entity/Q629103"}, "objectLabel": {"xml:lang": "en", "type": "literal", "value": "animal product"}, "predicateLabel": {"xml:lang": "en", "type": "literal", "value": "subclass of"}}, {"subjectLabel": {"xml:lang": "en", "type": "literal", "value": "beeswax"}, "object": {"type": "uri", "value": "http://www.wikidata.org/entity/Q1340237"}, "objectLabel": {"xml:lang": "en", "type": "literal", "value": "hot-melt adhesive"}, "predicateLabel": {"xml:lang": "en", "type": "literal", "value": "has use"}}, {"subjectLabel": {"xml:lang": "en", "type": "literal", "value": "beeswax"}, "object": {"type": "uri", "value": "http://www.wikidata.org/entity/Q857457"}, "objectLabel": {"xml:lang": "en", "type": "literal", "value": "swarm of bees"}, "predicateLabel": {"xml:lang": "en", "type": "literal", "value": "produced by"}}, {"subjectLabel": {"xml:lang": "en", "type": "literal", "value": "beeswax"}, "object": {"type": "uri", "value": "http://www.wikidata.org/entity/Q123625363"}, "objectLabel": {"xml:lang": "en", "type": "literal", "value": "Armenian Soviet Encyclopedia, vol. 7"}, "predicateLabel": {"xml:lang": "en", "type": "literal", "value": "described by source"}}, {"subjectLabel": {"xml:lang": "en", "type": "literal", "value": "beeswax"}, "object": {"type": "uri", "value": "http://www.wikidata.org/entity/Q56441911"}, "objectLabel": {"xml:lang": "en", "type": "literal", "value": "The Domestic Encyclop\u00e6dia; Or, A Dictionary Of Facts, And Useful Knowledge"}, "predicateLabel": {"xml:lang": "en", "type": "literal", "value": "described by source"}}], "Q909436": [{"subjectLabel": {"xml:lang": "en", "type": "literal", "value": "copal"}, "object": {"type": "uri", "value": "http://www.wikidata.org/entity/Q1075"}, "objectLabel": {"xml:lang": "en", "type": "literal", "value": "color"}, "predicateLabel": {"xml:lang": "en", "type": "literal", "value": "has use"}}, {"subjectLabel": {"xml:lang": "en", "type": "literal", "value": "copal"}, "object": {"type": "uri", "value": "http://www.wikidata.org/entity/Q79529"}, "objectLabel": {"xml:lang": "en", "type": "literal", "value": "chemical substance"}, "predicateLabel": {"xml:lang": "en", "type": "literal", "value": "subclass of"}}, {"subjectLabel": {"xml:lang": "en", "type": "literal", "value": "copal"}, "object": {"type": "uri", "value": "http://www.wikidata.org/entity/Q124737632"}, "objectLabel": {"xml:lang": "en", "type": "literal", "value": "Armenian Soviet Encyclopedia, vol. 5"}, "predicateLabel": {"xml:lang": "en", "type": "literal", "value": "described by source"}}, {"subjectLabel": {"xml:lang": "en", "type": "literal", "value": "copal"}, "object": {"type": "uri", "value": "http://www.wikidata.org/entity/Q56441911"}, "objectLabel": {"xml:lang": "en", "type": "literal", "value": "The Domestic Encyclop\u00e6dia; Or, A Dictionary Of Facts, And Useful Knowledge"}, "predicateLabel": {"xml:lang": "en", "type": "literal", "value": "described by source"}}, {"subjectLabel": {"xml:lang": "en", "type": "literal", "value": "copal"}, "object": {"type": "uri", "value": "http://www.wikidata.org/entity/Q11358"}, "objectLabel": {"xml:lang": "en", "type": "literal", "value": "carbohydrate"}, "predicateLabel": {"xml:lang": "en", "type": "literal", "value": "made from material"}}, {"subjectLabel": {"xml:lang": "en", "type": "literal", "value": "copal"}, "object": {"type": "uri", "value": "http://www.wikidata.org/entity/Q423901"}, "objectLabel": {"xml:lang": "en", "type": "literal", "value": "Tragacanth"}, "predicateLabel": {"xml:lang": "en", "type": "literal", "value": "part of"}}, {"subjectLabel": {"xml:lang": "en", "type": "literal", "value": "copal"}, "object": {"type": "uri", "value": "http://www.wikidata.org/entity/Q273131"}, "objectLabel": {"xml:lang": "en", "type": "literal", "value": "incense"}, "predicateLabel": {"xml:lang": "en", "type": "literal", "value": "has use"}}, {"subjectLabel": {"xml:lang": "en", "type": "literal", "value": "copal"}, "object": {"type": "uri", "value": "http://www.wikidata.org/entity/Q1783121"}, "objectLabel": {"xml:lang": "en", "type": "literal", "value": "organic matter"}, "predicateLabel": {"xml:lang": "en", "type": "literal", "value": "subclass of"}}, {"subjectLabel": {"xml:lang": "en", "type": "literal", "value": "copal"}, "object": {"type": "uri", "value": "http://www.wikidata.org/entity/Q15727343"}, "objectLabel": {"xml:lang": "en", "type": "literal", "value": "organic non-mineral compound"}, "predicateLabel": {"xml:lang": "en", "type": "literal", "value": "subclass of"}}, {"subjectLabel": {"xml:lang": "en", "type": "literal", "value": "copal"}, "object": {"type": "uri", "value": "http://www.wikidata.org/entity/Q37933789"}, "objectLabel": {"xml:lang": "en", "type": "literal", "value": "natural resin"}, "predicateLabel": {"xml:lang": "en", "type": "literal", "value": "subclass of"}}, {"subjectLabel": {"xml:lang": "en", "type": "literal", "value": "copal"}, "object": {"type": "uri", "value": "http://www.wikidata.org/entity/Q867541"}, "objectLabel": {"xml:lang": "en", "type": "literal", "value": "Encyclop\u00e6dia Britannica 11th edition"}, "predicateLabel": {"xml:lang": "en", "type": "literal", "value": "described by source"}}, {"subjectLabel": {"xml:lang": "en", "type": "literal", "value": "copal"}, "object": {"type": "uri", "value": "http://www.wikidata.org/entity/Q11236878"}, "objectLabel": {"xml:lang": "en", "type": "literal", "value": "lacquer"}, "predicateLabel": {"xml:lang": "en", "type": "literal", "value": "has use"}}], "Q213096": [{"subjectLabel": {"xml:lang": "en", "type": "literal", "value": "seashell"}, "object": {"type": "uri", "value": "http://www.wikidata.org/entity/Q23497974"}, "objectLabel": {"xml:lang": "en", "type": "literal", "value": "covering"}, "predicateLabel": {"xml:lang": "en", "type": "literal", "value": "subclass of"}}, {"subjectLabel": {"xml:lang": "en", "type": "literal", "value": "seashell"}, "object": {"type": "uri", "value": "http://www.wikidata.org/entity/Q629103"}, "objectLabel": {"xml:lang": "en", "type": "literal", "value": "animal product"}, "predicateLabel": {"xml:lang": "en", "type": "literal", "value": "subclass of"}}, {"subjectLabel": {"xml:lang": "en", "type": "literal", "value": "seashell"}, "object": {"type": "uri", "value": "http://www.wikidata.org/entity/Q602358"}, "objectLabel": {"xml:lang": "en", "type": "literal", "value": "Brockhaus and Efron Encyclopedic Dictionary"}, "predicateLabel": {"xml:lang": "en", "type": "literal", "value": "described by source"}}, {"subjectLabel": {"xml:lang": "en", "type": "literal", "value": "seashell"}, "object": {"type": "uri", "value": "http://www.wikidata.org/entity/Q191944"}, "objectLabel": {"xml:lang": "en", "type": "literal", "value": "exoskeleton"}, "predicateLabel": {"xml:lang": "en", "type": "literal", "value": "subclass of"}}, {"subjectLabel": {"xml:lang": "en", "type": "literal", "value": "seashell"}, "object": {"type": "uri", "value": "http://www.wikidata.org/entity/Q9335974"}, "objectLabel": {"xml:lang": "en", "type": "literal", "value": "Muszla"}, "predicateLabel": {"xml:lang": "en", "type": "literal", "value": "different from"}}, {"subjectLabel": {"xml:lang": "en", "type": "literal", "value": "seashell"}, "object": {"type": "uri", "value": "http://www.wikidata.org/entity/Q9092414"}, "objectLabel": {"xml:lang": "en", "type": "literal", "value": "Category:Seashells"}, "predicateLabel": {"xml:lang": "en", "type": "literal", "value": "topic's main category"}}, {"subjectLabel": {"xml:lang": "en", "type": "literal", "value": "seashell"}, "object": {"type": "uri", "value": "http://www.wikidata.org/entity/Q19180675"}, "objectLabel": {"xml:lang": "en", "type": "literal", "value": "Small Brockhaus and Efron Encyclopedic Dictionary"}, "predicateLabel": {"xml:lang": "en", "type": "literal", "value": "described by source"}}, {"subjectLabel": {"xml:lang": "en", "type": "literal", "value": "seashell"}, "object": {"type": "uri", "value": "http://www.wikidata.org/entity/Q106727050"}, "objectLabel": {"xml:lang": "en", "type": "literal", "value": "Metropolitan Museum of Art Tagging Vocabulary"}, "predicateLabel": {"xml:lang": "en", "type": "literal", "value": "described by source"}}, {"subjectLabel": {"xml:lang": "en", "type": "literal", "value": "seashell"}, "object": {"type": "uri", "value": "http://www.wikidata.org/entity/Q2731253"}, "objectLabel": {"xml:lang": "en", "type": "literal", "value": "eggshell"}, "predicateLabel": {"xml:lang": "en", "type": "literal", "value": "different from"}}], "Q165254": [{"subjectLabel": {"xml:lang": "en", "type": "literal", "value": "turquoise"}, "object": {"type": "uri", "value": "http://www.wikidata.org/entity/Q602358"}, "objectLabel": {"xml:lang": "en", "type": "literal", "value": "Brockhaus and Efron Encyclopedic Dictionary"}, "predicateLabel": {"xml:lang": "en", "type": "literal", "value": "described by source"}}, {"subjectLabel": {"xml:lang": "en", "type": "literal", "value": "turquoise"}, "object": {"type": "uri", "value": "http://www.wikidata.org/entity/Q867541"}, "objectLabel": {"xml:lang": "en", "type": "literal", "value": "Encyclop\u00e6dia Britannica 11th edition"}, "predicateLabel": {"xml:lang": "en", "type": "literal", "value": "described by source"}}, {"subjectLabel": {"xml:lang": "en", "type": "literal", "value": "turquoise"}, "object": {"type": "uri", "value": "http://www.wikidata.org/entity/Q376927"}, "objectLabel": {"xml:lang": "en", "type": "literal", "value": "triclinic crystal system"}, "predicateLabel": {"xml:lang": "en", "type": "literal", "value": "crystal system"}}, {"subjectLabel": {"xml:lang": "en", "type": "literal", "value": "turquoise"}, "object": {"type": "uri", "value": "http://www.wikidata.org/entity/Q43"}, "objectLabel": {"xml:lang": "en", "type": "literal", "value": "Turkey"}, "predicateLabel": {"xml:lang": "en", "type": "literal", "value": "named after"}}, {"subjectLabel": {"xml:lang": "en", "type": "literal", "value": "turquoise"}, "object": {"type": "uri", "value": "http://www.wikidata.org/entity/Q5960345"}, "objectLabel": {"xml:lang": "en", "type": "literal", "value": "turquoise"}, "predicateLabel": {"xml:lang": "en", "type": "literal", "value": "color"}}, {"subjectLabel": {"xml:lang": "en", "type": "literal", "value": "turquoise"}, "object": {"type": "uri", "value": "http://www.wikidata.org/entity/Q5960345"}, "objectLabel": {"xml:lang": "en", "type": "literal", "value": "turquoise"}, "predicateLabel": {"xml:lang": "en", "type": "literal", "value": "different from"}}, {"subjectLabel": {"xml:lang": "en", "type": "literal", "value": "turquoise"}, "object": {"type": "uri", "value": "http://www.wikidata.org/entity/Q3777846"}, "objectLabel": {"xml:lang": "en", "type": "literal", "value": "turquoise mineral group"}, "predicateLabel": {"xml:lang": "en", "type": "literal", "value": "subclass of"}}, {"subjectLabel": {"xml:lang": "en", "type": "literal", "value": "turquoise"}, "object": {"type": "uri", "value": "http://www.wikidata.org/entity/Q3092395"}, "objectLabel": {"xml:lang": "en", "type": "literal", "value": "phosphate mineral"}, "predicateLabel": {"xml:lang": "en", "type": "literal", "value": "subclass of"}}, {"subjectLabel": {"xml:lang": "en", "type": "literal", "value": "turquoise"}, "object": {"type": "uri", "value": "http://www.wikidata.org/entity/Q20078554"}, "objectLabel": {"xml:lang": "en", "type": "literal", "value": "Great Soviet Encyclopedia (1926\u20131947)"}, "predicateLabel": {"xml:lang": "en", "type": "literal", "value": "described by source"}}, {"subjectLabel": {"xml:lang": "en", "type": "literal", "value": "turquoise"}, "object": {"type": "uri", "value": "http://www.wikidata.org/entity/Q89929597"}, "objectLabel": {"xml:lang": "en", "type": "literal", "value": "hedendaagsesieraden.nl"}, "predicateLabel": {"xml:lang": "en", "type": "literal", "value": "described by source"}}, {"subjectLabel": {"xml:lang": "en", "type": "literal", "value": "turquoise"}, "object": {"type": "uri", "value": "http://www.wikidata.org/entity/Q12089225"}, "objectLabel": {"xml:lang": "en", "type": "literal", "value": "mineral species"}, "predicateLabel": {"xml:lang": "en", "type": "literal", "value": "instance of"}}, {"subjectLabel": {"xml:lang": "en", "type": "literal", "value": "turquoise"}, "object": {"type": "uri", "value": "http://www.wikidata.org/entity/Q1970746"}, "objectLabel": {"xml:lang": "en", "type": "literal", "value": "Explanatory Dictionary of the Living Great Russian Language"}, "predicateLabel": {"xml:lang": "en", "type": "literal", "value": "described by source"}}, {"subjectLabel": {"xml:lang": "en", "type": "literal", "value": "turquoise"}, "object": {"type": "uri", "value": "http://www.wikidata.org/entity/Q19180675"}, "objectLabel": {"xml:lang": "en", "type": "literal", "value": "Small Brockhaus and Efron Encyclopedic Dictionary"}, "predicateLabel": {"xml:lang": "en", "type": "literal", "value": "described by source"}}, {"subjectLabel": {"xml:lang": "en", "type": "literal", "value": "turquoise"}, "object": {"type": "uri", "value": "http://www.wikidata.org/entity/Q13406835"}, "objectLabel": {"xml:lang": "en", "type": "literal", "value": "approved mineral and/or valid name (A)"}, "predicateLabel": {"xml:lang": "en", "type": "literal", "value": "IMA status and/or rank"}}, {"subjectLabel": {"xml:lang": "en", "type": "literal", "value": "turquoise"}, "object": {"type": "uri", "value": "http://www.wikidata.org/entity/Q13364996"}, "objectLabel": {"xml:lang": "en", "type": "literal", "value": "triclinic-pedial"}, "predicateLabel": {"xml:lang": "en", "type": "literal", "value": "space group"}}]}