{"Q16495467": [{"subjectLabel": {"xml:lang": "en", "type": "literal", "value": "Municipio VIII"}, "object": {"type": "uri", "value": "http://www.wikidata.org/entity/Q38"}, "objectLabel": {"xml:lang": "en", "type": "literal", "value": "Italy"}, "predicateLabel": {"xml:lang": "en", "type": "literal", "value": "country"}}, {"subjectLabel": {"xml:lang": "en", "type": "literal", "value": "Municipio VIII"}, "object": {"type": "uri", "value": "http://www.wikidata.org/entity/Q6655"}, "objectLabel": {"xml:lang": "en", "type": "literal", "value": "UTC+01:00"}, "predicateLabel": {"xml:lang": "en", "type": "literal", "value": "located in time zone"}}, {"subjectLabel": {"xml:lang": "en", "type": "literal", "value": "Municipio VIII"}, "object": {"type": "uri", "value": "http://www.wikidata.org/entity/Q6723"}, "objectLabel": {"xml:lang": "en", "type": "literal", "value": "UTC+02:00"}, "predicateLabel": {"xml:lang": "en", "type": "literal", "value": "located in time zone"}}, {"subjectLabel": {"xml:lang": "en", "type": "literal", "value": "Municipio VIII"}, "object": {"type": "uri", "value": "http://www.wikidata.org/entity/Q525504"}, "objectLabel": {"xml:lang": "en", "type": "literal", "value": "municipio of Rome"}, "predicateLabel": {"xml:lang": "en", "type": "literal", "value": "instance of"}}, {"subjectLabel": {"xml:lang": "en", "type": "literal", "value": "Municipio VIII"}, "object": {"type": "uri", "value": "http://www.wikidata.org/entity/Q16481986"}, "objectLabel": {"xml:lang": "en", "type": "literal", "value": "Municipio XI"}, "predicateLabel": {"xml:lang": "en", "type": "literal", "value": "shares border with"}}, {"subjectLabel": {"xml:lang": "en", "type": "literal", "value": "Municipio VIII"}, "object": {"type": "uri", "value": "http://www.wikidata.org/entity/Q16481947"}, "objectLabel": {"xml:lang": "en", "type": "literal", "value": "Municipio IX"}, "predicateLabel": {"xml:lang": "en", "type": "literal", "value": "shares border with"}}, {"subjectLabel": {"xml:lang": "en", "type": "literal", "value": "Municipio VIII"}, "object": {"type": "uri", "value": "http://www.wikidata.org/entity/Q16481966"}, "objectLabel": {"xml:lang": "en", "type": "literal", "value": "Municipio VII"}, "predicateLabel": {"xml:lang": "en", "type": "literal", "value": "shares border with"}}, {"subjectLabel": {"xml:lang": "en", "type": "literal", "value": "Municipio VIII"}, "object": {"type": "uri", "value": "http://www.wikidata.org/entity/Q126415"}, "objectLabel": {"xml:lang": "en", "type": "literal", "value": "Ayn al-Arab"}, "predicateLabel": {"xml:lang": "en", "type": "literal", "value": "twinned administrative body"}}, {"subjectLabel": {"xml:lang": "en", "type": "literal", "value": "Municipio VIII"}, "object": {"type": "uri", "value": "http://www.wikidata.org/entity/Q3940419"}, "objectLabel": {"xml:lang": "en", "type": "literal", "value": "Roma Capitale"}, "predicateLabel": {"xml:lang": "en", "type": "literal", "value": "located in the administrative territorial entity"}}, {"subjectLabel": {"xml:lang": "en", "type": "literal", "value": "Municipio VIII"}, "object": {"type": "uri", "value": "http://www.wikidata.org/entity/Q550592"}, "objectLabel": {"xml:lang": "en", "type": "literal", "value": "Municipio I"}, "predicateLabel": {"xml:lang": "en", "type": "literal", "value": "shares border with"}}, {"subjectLabel": {"xml:lang": "en", "type": "literal", "value": "Municipio VIII"}, "object": {"type": "uri", "value": "http://www.wikidata.org/entity/Q1163800"}, "objectLabel": {"xml:lang": "en", "type": "literal", "value": "Municipio XI"}, "predicateLabel": {"xml:lang": "en", "type": "literal", "value": "replaces"}}, {"subjectLabel": {"xml:lang": "en", "type": "literal", "value": "Municipio VIII"}, "object": {"type": "uri", "value": "http://www.wikidata.org/entity/Q9222023"}, "objectLabel": {"xml:lang": "en", "type": "literal", "value": "Category:Municipio VIII (Rome)"}, "predicateLabel": {"xml:lang": "en", "type": "literal", "value": "topic's main category"}}], "Q16482005": [{"subjectLabel": {"xml:lang": "en", "type": "literal", "value": "Municipio XV"}, "object": {"type": "uri", "value": "http://www.wikidata.org/entity/Q6723"}, "objectLabel": {"xml:lang": "en", "type": "literal", "value": "UTC+02:00"}, "predicateLabel": {"xml:lang": "en", "type": "literal", "value": "located in time zone"}}, {"subjectLabel": {"xml:lang": "en", "type": "literal", "value": "Municipio XV"}, "object": {"type": "uri", "value": "http://www.wikidata.org/entity/Q38"}, "objectLabel": {"xml:lang": "en", "type": "literal", "value": "Italy"}, "predicateLabel": {"xml:lang": "en", "type": "literal", "value": "country"}}, {"subjectLabel": {"xml:lang": "en", "type": "literal", "value": "Municipio XV"}, "object": {"type": "uri", "value": "http://www.wikidata.org/entity/Q6655"}, "objectLabel": {"xml:lang": "en", "type": "literal", "value": "UTC+01:00"}, "predicateLabel": {"xml:lang": "en", "type": "literal", "value": "located in time zone"}}, {"subjectLabel": {"xml:lang": "en", "type": "literal", "value": "Municipio XV"}, "object": {"type": "uri", "value": "http://www.wikidata.org/entity/Q525504"}, "objectLabel": {"xml:lang": "en", "type": "literal", "value": "municipio of Rome"}, "predicateLabel": {"xml:lang": "en", "type": "literal", "value": "instance of"}}, {"subjectLabel": {"xml:lang": "en", "type": "literal", "value": "Municipio XV"}, "object": {"type": "uri", "value": "http://www.wikidata.org/entity/Q16494134"}, "objectLabel": {"xml:lang": "en", "type": "literal", "value": "Municipio II"}, "predicateLabel": {"xml:lang": "en", "type": "literal", "value": "shares border with"}}, {"subjectLabel": {"xml:lang": "en", "type": "literal", "value": "Municipio XV"}, "object": {"type": "uri", "value": "http://www.wikidata.org/entity/Q16003470"}, "objectLabel": {"xml:lang": "en", "type": "literal", "value": "Municipio III"}, "predicateLabel": {"xml:lang": "en", "type": "literal", "value": "shares border with"}}, {"subjectLabel": {"xml:lang": "en", "type": "literal", "value": "Municipio XV"}, "object": {"type": "uri", "value": "http://www.wikidata.org/entity/Q550592"}, "objectLabel": {"xml:lang": "en", "type": "literal", "value": "Municipio I"}, "predicateLabel": {"xml:lang": "en", "type": "literal", "value": "shares border with"}}, {"subjectLabel": {"xml:lang": "en", "type": "literal", "value": "Municipio XV"}, "object": {"type": "uri", "value": "http://www.wikidata.org/entity/Q16482002"}, "objectLabel": {"xml:lang": "en", "type": "literal", "value": "Municipio XIV"}, "predicateLabel": {"xml:lang": "en", "type": "literal", "value": "shares border with"}}, {"subjectLabel": {"xml:lang": "en", "type": "literal", "value": "Municipio XV"}, "object": {"type": "uri", "value": "http://www.wikidata.org/entity/Q3940419"}, "objectLabel": {"xml:lang": "en", "type": "literal", "value": "Roma Capitale"}, "predicateLabel": {"xml:lang": "en", "type": "literal", "value": "located in the administrative territorial entity"}}, {"subjectLabel": {"xml:lang": "en", "type": "literal", "value": "Municipio XV"}, "object": {"type": "uri", "value": "http://www.wikidata.org/entity/Q9222029"}, "objectLabel": {"xml:lang": "en", "type": "literal", "value": "Category:Municipio XV (Rome)"}, "predicateLabel": {"xml:lang": "en", "type": "literal", "value": "topic's main category"}}, {"subjectLabel": {"xml:lang": "en", "type": "literal", "value": "Municipio XV"}, "object": {"type": "uri", "value": "http://www.wikidata.org/entity/Q684830"}, "objectLabel": {"xml:lang": "en", "type": "literal", "value": "Municipio XX"}, "predicateLabel": {"xml:lang": "en", "type": "literal", "value": "replaces"}}], "Q16481997": [{"subjectLabel": {"xml:lang": "en", "type": "literal", "value": "Municipio XIII"}, "object": {"type": "uri", "value": "http://www.wikidata.org/entity/Q38"}, "objectLabel": {"xml:lang": "en", "type": "literal", "value": "Italy"}, "predicateLabel": {"xml:lang": "en", "type": "literal", "value": "country"}}, {"subjectLabel": {"xml:lang": "en", "type": "literal", "value": "Municipio XIII"}, "object": {"type": "uri", "value": "http://www.wikidata.org/entity/Q6723"}, "objectLabel": {"xml:lang": "en", "type": "literal", "value": "UTC+02:00"}, "predicateLabel": {"xml:lang": "en", "type": "literal", "value": "located in time zone"}}, {"subjectLabel": {"xml:lang": "en", "type": "literal", "value": "Municipio XIII"}, "object": {"type": "uri", "value": "http://www.wikidata.org/entity/Q6655"}, "objectLabel": {"xml:lang": "en", "type": "literal", "value": "UTC+01:00"}, "predicateLabel": {"xml:lang": "en", "type": "literal", "value": "located in time zone"}}, {"subjectLabel": {"xml:lang": "en", "type": "literal", "value": "Municipio XIII"}, "object": {"type": "uri", "value": "http://www.wikidata.org/entity/Q525504"}, "objectLabel": {"xml:lang": "en", "type": "literal", "value": "municipio of Rome"}, "predicateLabel": {"xml:lang": "en", "type": "literal", "value": "instance of"}}, {"subjectLabel": {"xml:lang": "en", "type": "literal", "value": "Municipio XIII"}, "object": {"type": "uri", "value": "http://www.wikidata.org/entity/Q16481992"}, "objectLabel": {"xml:lang": "en", "type": "literal", "value": "Municipio XII"}, "predicateLabel": {"xml:lang": "en", "type": "literal", "value": "shares border with"}}, {"subjectLabel": {"xml:lang": "en", "type": "literal", "value": "Municipio XIII"}, "object": {"type": "uri", "value": "http://www.wikidata.org/entity/Q550592"}, "objectLabel": {"xml:lang": "en", "type": "literal", "value": "Municipio I"}, "predicateLabel": {"xml:lang": "en", "type": "literal", "value": "shares border with"}}, {"subjectLabel": {"xml:lang": "en", "type": "literal", "value": "Municipio XIII"}, "object": {"type": "uri", "value": "http://www.wikidata.org/entity/Q16482002"}, "objectLabel": {"xml:lang": "en", "type": "literal", "value": "Municipio XIV"}, "predicateLabel": {"xml:lang": "en", "type": "literal", "value": "shares border with"}}, {"subjectLabel": {"xml:lang": "en", "type": "literal", "value": "Municipio XIII"}, "object": {"type": "uri", "value": "http://www.wikidata.org/entity/Q3940419"}, "objectLabel": {"xml:lang": "en", "type": "literal", "value": "Roma Capitale"}, "predicateLabel": {"xml:lang": "en", "type": "literal", "value": "located in the administrative territorial entity"}}, {"subjectLabel": {"xml:lang": "en", "type": "literal", "value": "Municipio XIII"}, "object": {"type": "uri", "value": "http://www.wikidata.org/entity/Q9222027"}, "objectLabel": {"xml:lang": "en", "type": "literal", "value": "Category:Municipio XIII"}, "predicateLabel": {"xml:lang": "en", "type": "literal", "value": "topic's main category"}}, {"subjectLabel": {"xml:lang": "en", "type": "literal", "value": "Municipio XIII"}, "object": {"type": "uri", "value": "http://www.wikidata.org/entity/Q638464"}, "objectLabel": {"xml:lang": "en", "type": "literal", "value": "Municipio XVIII"}, "predicateLabel": {"xml:lang": "en", "type": "literal", "value": "replaces"}}], "Q16494134": [{"subjectLabel": {"xml:lang": "en", "type": "literal", "value": "Municipio II"}, "object": {"type": "uri", "value": "http://www.wikidata.org/entity/Q38"}, "objectLabel": {"xml:lang": "en", "type": "literal", "value": "Italy"}, "predicateLabel": {"xml:lang": "en", "type": "literal", "value": "country"}}, {"subjectLabel": {"xml:lang": "en", "type": "literal", "value": "Municipio II"}, "object": {"type": "uri", "value": "http://www.wikidata.org/entity/Q6655"}, "objectLabel": {"xml:lang": "en", "type": "literal", "value": "UTC+01:00"}, "predicateLabel": {"xml:lang": "en", "type": "literal", "value": "located in time zone"}}, {"subjectLabel": {"xml:lang": "en", "type": "literal", "value": "Municipio II"}, "object": {"type": "uri", "value": "http://www.wikidata.org/entity/Q6723"}, "objectLabel": {"xml:lang": "en", "type": "literal", "value": "UTC+02:00"}, "predicateLabel": {"xml:lang": "en", "type": "literal", "value": "located in time zone"}}, {"subjectLabel": {"xml:lang": "en", "type": "literal", "value": "Municipio II"}, "object": {"type": "uri", "value": "http://www.wikidata.org/entity/Q525504"}, "objectLabel": {"xml:lang": "en", "type": "literal", "value": "municipio of Rome"}, "predicateLabel": {"xml:lang": "en", "type": "literal", "value": "instance of"}}, {"subjectLabel": {"xml:lang": "en", "type": "literal", "value": "Municipio II"}, "object": {"type": "uri", "value": "http://www.wikidata.org/entity/Q1223319"}, "objectLabel": {"xml:lang": "en", "type": "literal", "value": "Municipio II"}, "predicateLabel": {"xml:lang": "en", "type": "literal", "value": "replaces"}}, {"subjectLabel": {"xml:lang": "en", "type": "literal", "value": "Municipio II"}, "object": {"type": "uri", "value": "http://www.wikidata.org/entity/Q16003516"}, "objectLabel": {"xml:lang": "en", "type": "literal", "value": "Municipio IV"}, "predicateLabel": {"xml:lang": "en", "type": "literal", "value": "shares border with"}}, {"subjectLabel": {"xml:lang": "en", "type": "literal", "value": "Municipio II"}, "object": {"type": "uri", "value": "http://www.wikidata.org/entity/Q16482005"}, "objectLabel": {"xml:lang": "en", "type": "literal", "value": "Municipio XV"}, "predicateLabel": {"xml:lang": "en", "type": "literal", "value": "shares border with"}}, {"subjectLabel": {"xml:lang": "en", "type": "literal", "value": "Municipio II"}, "object": {"type": "uri", "value": "http://www.wikidata.org/entity/Q16481953"}, "objectLabel": {"xml:lang": "en", "type": "literal", "value": "Municipio V"}, "predicateLabel": {"xml:lang": "en", "type": "literal", "value": "shares border with"}}, {"subjectLabel": {"xml:lang": "en", "type": "literal", "value": "Municipio II"}, "object": {"type": "uri", "value": "http://www.wikidata.org/entity/Q16003470"}, "objectLabel": {"xml:lang": "en", "type": "literal", "value": "Municipio III"}, "predicateLabel": {"xml:lang": "en", "type": "literal", "value": "shares border with"}}, {"subjectLabel": {"xml:lang": "en", "type": "literal", "value": "Municipio II"}, "object": {"type": "uri", "value": "http://www.wikidata.org/entity/Q550592"}, "objectLabel": {"xml:lang": "en", "type": "literal", "value": "Municipio I"}, "predicateLabel": {"xml:lang": "en", "type": "literal", "value": "shares border with"}}, {"subjectLabel": {"xml:lang": "en", "type": "literal", "value": "Municipio II"}, "object": {"type": "uri", "value": "http://www.wikidata.org/entity/Q3940419"}, "objectLabel": {"xml:lang": "en", "type": "literal", "value": "Roma Capitale"}, "predicateLabel": {"xml:lang": "en", "type": "literal", "value": "located in the administrative territorial entity"}}, {"subjectLabel": {"xml:lang": "en", "type": "literal", "value": "Municipio II"}, "object": {"type": "uri", "value": "http://www.wikidata.org/entity/Q2542169"}, "objectLabel": {"xml:lang": "en", "type": "literal", "value": "Aglantzia"}, "predicateLabel": {"xml:lang": "en", "type": "literal", "value": "twinned administrative body"}}, {"subjectLabel": {"xml:lang": "en", "type": "literal", "value": "Municipio II"}, "object": {"type": "uri", "value": "http://www.wikidata.org/entity/Q947222"}, "objectLabel": {"xml:lang": "en", "type": "literal", "value": "Municipio III"}, "predicateLabel": {"xml:lang": "en", "type": "literal", "value": "replaces"}}, {"subjectLabel": {"xml:lang": "en", "type": "literal", "value": "Municipio II"}, "object": {"type": "uri", "value": "http://www.wikidata.org/entity/Q9222016"}, "objectLabel": {"xml:lang": "en", "type": "literal", "value": "Category:Municipio II"}, "predicateLabel": {"xml:lang": "en", "type": "literal", "value": "topic's main category"}}], "Q484799": [{"subjectLabel": {"xml:lang": "en", "type": "literal", "value": "Marbella"}, "object": {"type": "uri", "value": "http://www.wikidata.org/entity/Q6723"}, "objectLabel": {"xml:lang": "en", "type": "literal", "value": "UTC+02:00"}, "predicateLabel": {"xml:lang": "en", "type": "literal", "value": "located in time zone"}}, {"subjectLabel": {"xml:lang": "en", "type": "literal", "value": "Marbella"}, "object": {"type": "uri", "value": "http://www.wikidata.org/entity/Q29"}, "objectLabel": {"xml:lang": "en", "type": "literal", "value": "Spain"}, "predicateLabel": {"xml:lang": "en", "type": "literal", "value": "country"}}, {"subjectLabel": {"xml:lang": "en", "type": "literal", "value": "Marbella"}, "object": {"type": "uri", "value": "http://www.wikidata.org/entity/Q6655"}, "objectLabel": {"xml:lang": "en", "type": "literal", "value": "UTC+01:00"}, "predicateLabel": {"xml:lang": "en", "type": "literal", "value": "located in time zone"}}, {"subjectLabel": {"xml:lang": "en", "type": "literal", "value": "Marbella"}, "object": {"type": "uri", "value": "http://www.wikidata.org/entity/Q57559439"}, "objectLabel": {"xml:lang": "en", "type": "literal", "value": "Marbella"}, "predicateLabel": {"xml:lang": "en", "type": "literal", "value": "different from"}}, {"subjectLabel": {"xml:lang": "en", "type": "literal", "value": "Marbella"}, "object": {"type": "uri", "value": "http://www.wikidata.org/entity/Q26698295"}, "objectLabel": {"xml:lang": "en", "type": "literal", "value": "mayor of Marbella"}, "predicateLabel": {"xml:lang": "en", "type": "literal", "value": "office held by head of government"}}, {"subjectLabel": {"xml:lang": "en", "type": "literal", "value": "Marbella"}, "object": {"type": "uri", "value": "http://www.wikidata.org/entity/Q220"}, "objectLabel": {"xml:lang": "en", "type": "literal", "value": "Rome"}, "predicateLabel": {"xml:lang": "en", "type": "literal", "value": "twinned administrative body"}}, {"subjectLabel": {"xml:lang": "en", "type": "literal", "value": "Marbella"}, "object": {"type": "uri", "value": "http://www.wikidata.org/entity/Q19219752"}, "objectLabel": {"xml:lang": "en", "type": "literal", "value": "Meyers Konversations-Lexikon, 4th edition (1885\u20131890)"}, "predicateLabel": {"xml:lang": "en", "type": "literal", "value": "described by source"}}, {"subjectLabel": {"xml:lang": "en", "type": "literal", "value": "Marbella"}, "object": {"type": "uri", "value": "http://www.wikidata.org/entity/Q104631022"}, "objectLabel": {"xml:lang": "en", "type": "literal", "value": "Category:Views of Marbella"}, "predicateLabel": {"xml:lang": "en", "type": "literal", "value": "category for the view of the item"}}, {"subjectLabel": {"xml:lang": "en", "type": "literal", "value": "Marbella"}, "object": {"type": "uri", "value": "http://www.wikidata.org/entity/Q84037697"}, "objectLabel": {"xml:lang": "en", "type": "literal", "value": "Category:Maps of Marbella"}, "predicateLabel": {"xml:lang": "en", "type": "literal", "value": "category for maps"}}, {"subjectLabel": {"xml:lang": "en", "type": "literal", "value": "Marbella"}, "object": {"type": "uri", "value": "http://www.wikidata.org/entity/Q515"}, "objectLabel": {"xml:lang": "en", "type": "literal", "value": "city"}, "predicateLabel": {"xml:lang": "en", "type": "literal", "value": "instance of"}}, {"subjectLabel": {"xml:lang": "en", "type": "literal", "value": "Marbella"}, "object": {"type": "uri", "value": "http://www.wikidata.org/entity/Q3861"}, "objectLabel": {"xml:lang": "en", "type": "literal", "value": "Doha"}, "predicateLabel": {"xml:lang": "en", "type": "literal", "value": "twinned administrative body"}}, {"subjectLabel": {"xml:lang": "en", "type": "literal", "value": "Marbella"}, "object": {"type": "uri", "value": "http://www.wikidata.org/entity/Q4918"}, "objectLabel": {"xml:lang": "en", "type": "literal", "value": "Mediterranean Sea"}, "predicateLabel": {"xml:lang": "en", "type": "literal", "value": "located in or next to body of water"}}, {"subjectLabel": {"xml:lang": "en", "type": "literal", "value": "Marbella"}, "object": {"type": "uri", "value": "http://www.wikidata.org/entity/Q25475"}, "objectLabel": {"xml:lang": "en", "type": "literal", "value": "Batumi"}, "predicateLabel": {"xml:lang": "en", "type": "literal", "value": "twinned administrative body"}}, {"subjectLabel": {"xml:lang": "en", "type": "literal", "value": "Marbella"}, "object": {"type": "uri", "value": "http://www.wikidata.org/entity/Q166997"}, "objectLabel": {"xml:lang": "en", "type": "literal", "value": "Nevers"}, "predicateLabel": {"xml:lang": "en", "type": "literal", "value": "twinned administrative body"}}, {"subjectLabel": {"xml:lang": "en", "type": "literal", "value": "Marbella"}, "object": {"type": "uri", "value": "http://www.wikidata.org/entity/Q185856"}, "objectLabel": {"xml:lang": "en", "type": "literal", "value": "Barnabas"}, "predicateLabel": {"xml:lang": "en", "type": "literal", "value": "patron saint"}}, {"subjectLabel": {"xml:lang": "en", "type": "literal", "value": "Marbella"}, "object": {"type": "uri", "value": "http://www.wikidata.org/entity/Q374365"}, "objectLabel": {"xml:lang": "en", "type": "literal", "value": "Jeddah"}, "predicateLabel": {"xml:lang": "en", "type": "literal", "value": "twinned administrative body"}}, {"subjectLabel": {"xml:lang": "en", "type": "literal", "value": "Marbella"}, "object": {"type": "uri", "value": "http://www.wikidata.org/entity/Q95028"}, "objectLabel": {"xml:lang": "en", "type": "literal", "value": "M\u00e1laga Province"}, "predicateLabel": {"xml:lang": "en", "type": "literal", "value": "located in the administrative territorial entity"}}, {"subjectLabel": {"xml:lang": "en", "type": "literal", "value": "Marbella"}, "object": {"type": "uri", "value": "http://www.wikidata.org/entity/Q202445"}, "objectLabel": {"xml:lang": "en", "type": "literal", "value": "Cabourg"}, "predicateLabel": {"xml:lang": "en", "type": "literal", "value": "twinned administrative body"}}, {"subjectLabel": {"xml:lang": "en", "type": "literal", "value": "Marbella"}, "object": {"type": "uri", "value": "http://www.wikidata.org/entity/Q223439"}, "objectLabel": {"xml:lang": "en", "type": "literal", "value": "Kure"}, "predicateLabel": {"xml:lang": "en", "type": "literal", "value": "twinned administrative body"}}, {"subjectLabel": {"xml:lang": "en", "type": "literal", "value": "Marbella"}, "object": {"type": "uri", "value": "http://www.wikidata.org/entity/Q24012588"}, "objectLabel": {"xml:lang": "en", "type": "literal", "value": "Marbella"}, "predicateLabel": {"xml:lang": "en", "type": "literal", "value": "capital"}}, {"subjectLabel": {"xml:lang": "en", "type": "literal", "value": "Marbella"}, "object": {"type": "uri", "value": "http://www.wikidata.org/entity/Q35178"}, "objectLabel": {"xml:lang": "en", "type": "literal", "value": "Kuwait City"}, "predicateLabel": {"xml:lang": "en", "type": "literal", "value": "twinned administrative body"}}, {"subjectLabel": {"xml:lang": "en", "type": "literal", "value": "Marbella"}, "object": {"type": "uri", "value": "http://www.wikidata.org/entity/Q492748"}, "objectLabel": {"xml:lang": "en", "type": "literal", "value": "Estepona"}, "predicateLabel": {"xml:lang": "en", "type": "literal", "value": "shares border with"}}, {"subjectLabel": {"xml:lang": "en", "type": "literal", "value": "Marbella"}, "object": {"type": "uri", "value": "http://www.wikidata.org/entity/Q53081"}, "objectLabel": {"xml:lang": "en", "type": "literal", "value": "Baler"}, "predicateLabel": {"xml:lang": "en", "type": "literal", "value": "twinned administrative body"}}, {"subjectLabel": {"xml:lang": "en", "type": "literal", "value": "Marbella"}, "object": {"type": "uri", "value": "http://www.wikidata.org/entity/Q56069"}, "objectLabel": {"xml:lang": "en", "type": "literal", "value": "Punta del Este"}, "predicateLabel": {"xml:lang": "en", "type": "literal", "value": "twinned administrative body"}}, {"subjectLabel": {"xml:lang": "en", "type": "literal", "value": "Marbella"}, "object": {"type": "uri", "value": "http://www.wikidata.org/entity/Q492744"}, "objectLabel": {"xml:lang": "en", "type": "literal", "value": "Mijas"}, "predicateLabel": {"xml:lang": "en", "type": "literal", "value": "shares border with"}}, {"subjectLabel": {"xml:lang": "en", "type": "literal", "value": "Marbella"}, "object": {"type": "uri", "value": "http://www.wikidata.org/entity/Q2264924"}, "objectLabel": {"xml:lang": "en", "type": "literal", "value": "port settlement"}, "predicateLabel": {"xml:lang": "en", "type": "literal", "value": "instance of"}}, {"subjectLabel": {"xml:lang": "en", "type": "literal", "value": "Marbella"}, "object": {"type": "uri", "value": "http://www.wikidata.org/entity/Q816672"}, "objectLabel": {"xml:lang": "en", "type": "literal", "value": "Benahav\u00eds"}, "predicateLabel": {"xml:lang": "en", "type": "literal", "value": "shares border with"}}, {"subjectLabel": {"xml:lang": "en", "type": "literal", "value": "Marbella"}, "object": {"type": "uri", "value": "http://www.wikidata.org/entity/Q867615"}, "objectLabel": {"xml:lang": "en", "type": "literal", "value": "Nabeul"}, "predicateLabel": {"xml:lang": "en", "type": "literal", "value": "twinned administrative body"}}, {"subjectLabel": {"xml:lang": "en", "type": "literal", "value": "Marbella"}, "object": {"type": "uri", "value": "http://www.wikidata.org/entity/Q2997038"}, "objectLabel": {"xml:lang": "en", "type": "literal", "value": "Costa del Sol Occidental"}, "predicateLabel": {"xml:lang": "en", "type": "literal", "value": "part of"}}, {"subjectLabel": {"xml:lang": "en", "type": "literal", "value": "Marbella"}, "object": {"type": "uri", "value": "http://www.wikidata.org/entity/Q8607934"}, "objectLabel": {"xml:lang": "en", "type": "literal", "value": "Category:Marbella"}, "predicateLabel": {"xml:lang": "en", "type": "literal", "value": "topic's main category"}}, {"subjectLabel": {"xml:lang": "en", "type": "literal", "value": "Marbella"}, "object": {"type": "uri", "value": "http://www.wikidata.org/entity/Q2997038"}, "objectLabel": {"xml:lang": "en", "type": "literal", "value": "Costa del Sol Occidental"}, "predicateLabel": {"xml:lang": "en", "type": "literal", "value": "capital of"}}, {"subjectLabel": {"xml:lang": "en", "type": "literal", "value": "Marbella"}, "object": {"type": "uri", "value": "http://www.wikidata.org/entity/Q15075680"}, "objectLabel": {"xml:lang": "en", "type": "literal", "value": "Category:Births in Marbella"}, "predicateLabel": {"xml:lang": "en", "type": "literal", "value": "category for people born here"}}, {"subjectLabel": {"xml:lang": "en", "type": "literal", "value": "Marbella"}, "object": {"type": "uri", "value": "http://www.wikidata.org/entity/Q6173697"}, "objectLabel": {"xml:lang": "en", "type": "literal", "value": "Mar\u00eda \u00c1ngeles Mu\u00f1oz Uriol"}, "predicateLabel": {"xml:lang": "en", "type": "literal", "value": "head of government"}}, {"subjectLabel": {"xml:lang": "en", "type": "literal", "value": "Marbella"}, "object": {"type": "uri", "value": "http://www.wikidata.org/entity/Q201516"}, "objectLabel": {"xml:lang": "en", "type": "literal", "value": "Miami Beach"}, "predicateLabel": {"xml:lang": "en", "type": "literal", "value": "twinned administrative body"}}, {"subjectLabel": {"xml:lang": "en", "type": "literal", "value": "Marbella"}, "object": {"type": "uri", "value": "http://www.wikidata.org/entity/Q9219021"}, "objectLabel": {"xml:lang": "en", "type": "literal", "value": "Category:Deaths in Marbella"}, "predicateLabel": {"xml:lang": "en", "type": "literal", "value": "category for people who died here"}}, {"subjectLabel": {"xml:lang": "en", "type": "literal", "value": "Marbella"}, "object": {"type": "uri", "value": "http://www.wikidata.org/entity/Q1549591"}, "objectLabel": {"xml:lang": "en", "type": "literal", "value": "big city"}, "predicateLabel": {"xml:lang": "en", "type": "literal", "value": "instance of"}}, {"subjectLabel": {"xml:lang": "en", "type": "literal", "value": "Marbella"}, "object": {"type": "uri", "value": "http://www.wikidata.org/entity/Q7920012"}, "objectLabel": {"xml:lang": "en", "type": "literal", "value": "Category:People from Marbella"}, "predicateLabel": {"xml:lang": "en", "type": "literal", "value": "category of associated people"}}, {"subjectLabel": {"xml:lang": "en", "type": "literal", "value": "Marbella"}, "object": {"type": "uri", "value": "http://www.wikidata.org/entity/Q944160"}, "objectLabel": {"xml:lang": "en", "type": "literal", "value": "Oj\u00e9n"}, "predicateLabel": {"xml:lang": "en", "type": "literal", "value": "shares border with"}}, {"subjectLabel": {"xml:lang": "en", "type": "literal", "value": "Marbella"}, "object": {"type": "uri", "value": "http://www.wikidata.org/entity/Q2074737"}, "objectLabel": {"xml:lang": "en", "type": "literal", "value": "municipality of Spain"}, "predicateLabel": {"xml:lang": "en", "type": "literal", "value": "instance of"}}, {"subjectLabel": {"xml:lang": "en", "type": "literal", "value": "Marbella"}, "object": {"type": "uri", "value": "http://www.wikidata.org/entity/Q1630419"}, "objectLabel": {"xml:lang": "en", "type": "literal", "value": "Ist\u00e1n"}, "predicateLabel": {"xml:lang": "en", "type": "literal", "value": "shares border with"}}], "Q1819965": [{"subjectLabel": {"xml:lang": "en", "type": "literal", "value": "Achacachi Municipality"}, "object": {"type": "uri", "value": "http://www.wikidata.org/entity/Q750"}, "objectLabel": {"xml:lang": "en", "type": "literal", "value": "Bolivia"}, "predicateLabel": {"xml:lang": "en", "type": "literal", "value": "country"}}, {"subjectLabel": {"xml:lang": "en", "type": "literal", "value": "Achacachi Municipality"}, "object": {"type": "uri", "value": "http://www.wikidata.org/entity/Q220"}, "objectLabel": {"xml:lang": "en", "type": "literal", "value": "Rome"}, "predicateLabel": {"xml:lang": "en", "type": "literal", "value": "twinned administrative body"}}, {"subjectLabel": {"xml:lang": "en", "type": "literal", "value": "Achacachi Municipality"}, "object": {"type": "uri", "value": "http://www.wikidata.org/entity/Q1062710"}, "objectLabel": {"xml:lang": "en", "type": "literal", "value": "municipality of Bolivia"}, "predicateLabel": {"xml:lang": "en", "type": "literal", "value": "instance of"}}, {"subjectLabel": {"xml:lang": "en", "type": "literal", "value": "Achacachi Municipality"}, "object": {"type": "uri", "value": "http://www.wikidata.org/entity/Q951271"}, "objectLabel": {"xml:lang": "en", "type": "literal", "value": "Omasuyos Province"}, "predicateLabel": {"xml:lang": "en", "type": "literal", "value": "located in the administrative territorial entity"}}, {"subjectLabel": {"xml:lang": "en", "type": "literal", "value": "Achacachi Municipality"}, "object": {"type": "uri", "value": "http://www.wikidata.org/entity/Q1553175"}, "objectLabel": {"xml:lang": "en", "type": "literal", "value": "Achacachi"}, "predicateLabel": {"xml:lang": "en", "type": "literal", "value": "different from"}}], "Q3689056": [{"subjectLabel": {"xml:lang": "en", "type": "literal", "value": "Contrada della Lupa"}, "object": {"type": "uri", "value": "http://www.wikidata.org/entity/Q38"}, "objectLabel": {"xml:lang": "en", "type": "literal", "value": "Italy"}, "predicateLabel": {"xml:lang": "en", "type": "literal", "value": "country"}}, {"subjectLabel": {"xml:lang": "en", "type": "literal", "value": "Contrada della Lupa"}, "object": {"type": "uri", "value": "http://www.wikidata.org/entity/Q220"}, "objectLabel": {"xml:lang": "en", "type": "literal", "value": "Rome"}, "predicateLabel": {"xml:lang": "en", "type": "literal", "value": "twinned administrative body"}}, {"subjectLabel": {"xml:lang": "en", "type": "literal", "value": "Contrada della Lupa"}, "object": {"type": "uri", "value": "http://www.wikidata.org/entity/Q2751"}, "objectLabel": {"xml:lang": "en", "type": "literal", "value": "Siena"}, "predicateLabel": {"xml:lang": "en", "type": "literal", "value": "located in the administrative territorial entity"}}, {"subjectLabel": {"xml:lang": "en", "type": "literal", "value": "Contrada della Lupa"}, "object": {"type": "uri", "value": "http://www.wikidata.org/entity/Q6655"}, "objectLabel": {"xml:lang": "en", "type": "literal", "value": "UTC+01:00"}, "predicateLabel": {"xml:lang": "en", "type": "literal", "value": "located in time zone"}}, {"subjectLabel": {"xml:lang": "en", "type": "literal", "value": "Contrada della Lupa"}, "object": {"type": "uri", "value": "http://www.wikidata.org/entity/Q6723"}, "objectLabel": {"xml:lang": "en", "type": "literal", "value": "UTC+02:00"}, "predicateLabel": {"xml:lang": "en", "type": "literal", "value": "located in time zone"}}, {"subjectLabel": {"xml:lang": "en", "type": "literal", "value": "Contrada della Lupa"}, "object": {"type": "uri", "value": "http://www.wikidata.org/entity/Q23444"}, "objectLabel": {"xml:lang": "en", "type": "literal", "value": "white"}, "predicateLabel": {"xml:lang": "en", "type": "literal", "value": "official color"}}, {"subjectLabel": {"xml:lang": "en", "type": "literal", "value": "Contrada della Lupa"}, "object": {"type": "uri", "value": "http://www.wikidata.org/entity/Q23445"}, "objectLabel": {"xml:lang": "en", "type": "literal", "value": "black"}, "predicateLabel": {"xml:lang": "en", "type": "literal", "value": "official color"}}, {"subjectLabel": {"xml:lang": "en", "type": "literal", "value": "Contrada della Lupa"}, "object": {"type": "uri", "value": "http://www.wikidata.org/entity/Q39338"}, "objectLabel": {"xml:lang": "en", "type": "literal", "value": "orange"}, "predicateLabel": {"xml:lang": "en", "type": "literal", "value": "official color"}}, {"subjectLabel": {"xml:lang": "en", "type": "literal", "value": "Contrada della Lupa"}, "object": {"type": "uri", "value": "http://www.wikidata.org/entity/Q1231729"}, "objectLabel": {"xml:lang": "en", "type": "literal", "value": "contrada of Siena"}, "predicateLabel": {"xml:lang": "en", "type": "literal", "value": "instance of"}}, {"subjectLabel": {"xml:lang": "en", "type": "literal", "value": "Contrada della Lupa"}, "object": {"type": "uri", "value": "http://www.wikidata.org/entity/Q152457"}, "objectLabel": {"xml:lang": "en", "type": "literal", "value": "Roch"}, "predicateLabel": {"xml:lang": "en", "type": "literal", "value": "patron saint"}}, {"subjectLabel": {"xml:lang": "en", "type": "literal", "value": "Contrada della Lupa"}, "object": {"type": "uri", "value": "http://www.wikidata.org/entity/Q3689047"}, "objectLabel": {"xml:lang": "en", "type": "literal", "value": "Contrada del Drago"}, "predicateLabel": {"xml:lang": "en", "type": "literal", "value": "shares border with"}}, {"subjectLabel": {"xml:lang": "en", "type": "literal", "value": "Contrada della Lupa"}, "object": {"type": "uri", "value": "http://www.wikidata.org/entity/Q3689045"}, "objectLabel": {"xml:lang": "en", "type": "literal", "value": "Contrada Sovrana dell'Istrice"}, "predicateLabel": {"xml:lang": "en", "type": "literal", "value": "shares border with"}}, {"subjectLabel": {"xml:lang": "en", "type": "literal", "value": "Contrada della Lupa"}, "object": {"type": "uri", "value": "http://www.wikidata.org/entity/Q3877596"}, "objectLabel": {"xml:lang": "en", "type": "literal", "value": "Nobile Contrada del Bruco"}, "predicateLabel": {"xml:lang": "en", "type": "literal", "value": "shares border with"}}, {"subjectLabel": {"xml:lang": "en", "type": "literal", "value": "Contrada della Lupa"}, "object": {"type": "uri", "value": "http://www.wikidata.org/entity/Q62366962"}, "objectLabel": {"xml:lang": "en", "type": "literal", "value": "Terzo di Camollia"}, "predicateLabel": {"xml:lang": "en", "type": "literal", "value": "part of"}}, {"subjectLabel": {"xml:lang": "en", "type": "literal", "value": "Contrada della Lupa"}, "object": {"type": "uri", "value": "http://www.wikidata.org/entity/Q408623"}, "objectLabel": {"xml:lang": "en", "type": "literal", "value": "Capitoline Wolf"}, "predicateLabel": {"xml:lang": "en", "type": "literal", "value": "named after"}}, {"subjectLabel": {"xml:lang": "en", "type": "literal", "value": "Contrada della Lupa"}, "object": {"type": "uri", "value": "http://www.wikidata.org/entity/Q940390"}, "objectLabel": {"xml:lang": "en", "type": "literal", "value": "palio of Siena"}, "predicateLabel": {"xml:lang": "en", "type": "literal", "value": "victory"}}, {"subjectLabel": {"xml:lang": "en", "type": "literal", "value": "Contrada della Lupa"}, "object": {"type": "uri", "value": "http://www.wikidata.org/entity/Q2028376"}, "objectLabel": {"xml:lang": "en", "type": "literal", "value": "Oratorio di San Rocco"}, "predicateLabel": {"xml:lang": "en", "type": "literal", "value": "official symbol"}}], "Q9260409": [{"subjectLabel": {"xml:lang": "en", "type": "literal", "value": "flag of Rome"}, "object": {"type": "uri", "value": "http://www.wikidata.org/entity/Q220"}, "objectLabel": {"xml:lang": "en", "type": "literal", "value": "Rome"}, "predicateLabel": {"xml:lang": "en", "type": "literal", "value": "applies to jurisdiction"}}, {"subjectLabel": {"xml:lang": "en", "type": "literal", "value": "flag of Rome"}, "object": {"type": "uri", "value": "http://www.wikidata.org/entity/Q21850100"}, "objectLabel": {"xml:lang": "en", "type": "literal", "value": "municipal flag"}, "predicateLabel": {"xml:lang": "en", "type": "literal", "value": "instance of"}}, {"subjectLabel": {"xml:lang": "en", "type": "literal", "value": "flag of Rome"}, "object": {"type": "uri", "value": "http://www.wikidata.org/entity/Q3142"}, "objectLabel": {"xml:lang": "en", "type": "literal", "value": "red"}, "predicateLabel": {"xml:lang": "en", "type": "literal", "value": "color"}}, {"subjectLabel": {"xml:lang": "en", "type": "literal", "value": "flag of Rome"}, "object": {"type": "uri", "value": "http://www.wikidata.org/entity/Q208045"}, "objectLabel": {"xml:lang": "en", "type": "literal", "value": "gold"}, "predicateLabel": {"xml:lang": "en", "type": "literal", "value": "color"}}], "Q51929311": [{"subjectLabel": {"xml:lang": "en", "type": "literal", "value": "largest city"}, "object": {"type": "uri", "value": "http://www.wikidata.org/entity/Q5119"}, "objectLabel": {"xml:lang": "en", "type": "literal", "value": "capital city"}, "predicateLabel": {"xml:lang": "en", "type": "literal", "value": "partially coincident with"}}, {"subjectLabel": {"xml:lang": "en", "type": "literal", "value": "largest city"}, "object": {"type": "uri", "value": "http://www.wikidata.org/entity/Q7930989"}, "objectLabel": {"xml:lang": "en", "type": "literal", "value": "city or town"}, "predicateLabel": {"xml:lang": "en", "type": "literal", "value": "subclass of"}}], "Q1187811": [{"subjectLabel": {"xml:lang": "en", "type": "literal", "value": "college town"}, "object": {"type": "uri", "value": "http://www.wikidata.org/entity/Q515"}, "objectLabel": {"xml:lang": "en", "type": "literal", "value": "city"}, "predicateLabel": {"xml:lang": "en", "type": "literal", "value": "subclass of"}}, {"subjectLabel": {"xml:lang": "en", "type": "literal", "value": "college town"}, "object": {"type": "uri", "value": "http://www.wikidata.org/entity/Q17079478"}, "objectLabel": {"xml:lang": "en", "type": "literal", "value": "list of college towns"}, "predicateLabel": {"xml:lang": "en", "type": "literal", "value": "has list"}}, {"subjectLabel": {"xml:lang": "en", "type": "literal", "value": "college town"}, "object": {"type": "uri", "value": "http://www.wikidata.org/entity/Q189004"}, "objectLabel": {"xml:lang": "en", "type": "literal", "value": "college"}, "predicateLabel": {"xml:lang": "en", "type": "literal", "value": "used by"}}, {"subjectLabel": {"xml:lang": "en", "type": "literal", "value": "college town"}, "object": {"type": "uri", "value": "http://www.wikidata.org/entity/Q3918"}, "objectLabel": {"xml:lang": "en", "type": "literal", "value": "university"}, "predicateLabel": {"xml:lang": "en", "type": "literal", "value": "used by"}}, {"subjectLabel": {"xml:lang": "en", "type": "literal", "value": "college town"}, "object": {"type": "uri", "value": "http://www.wikidata.org/entity/Q7214549"}, "objectLabel": {"xml:lang": "en", "type": "literal", "value": "Category:University towns"}, "predicateLabel": {"xml:lang": "en", "type": "literal", "value": "topic's main category"}}]}