{"Q537720": [{"subjectLabel": {"xml:lang": "en", "type": "literal", "value": "Palais Omnisports de Paris-Bercy"}, "object": {"type": "uri", "value": "http://www.wikidata.org/entity/Q641226"}, "objectLabel": {"xml:lang": "en", "type": "literal", "value": "arena"}, "predicateLabel": {"xml:lang": "en", "type": "literal", "value": "instance of"}}, {"subjectLabel": {"xml:lang": "en", "type": "literal", "value": "Palais Omnisports de Paris-Bercy"}, "object": {"type": "uri", "value": "http://www.wikidata.org/entity/Q1060829"}, "objectLabel": {"xml:lang": "en", "type": "literal", "value": "concert hall"}, "predicateLabel": {"xml:lang": "en", "type": "literal", "value": "instance of"}}, {"subjectLabel": {"xml:lang": "en", "type": "literal", "value": "Palais Omnisports de Paris-Bercy"}, "object": {"type": "uri", "value": "http://www.wikidata.org/entity/Q1049757"}, "objectLabel": {"xml:lang": "en", "type": "literal", "value": "multi-purpose sports venue"}, "predicateLabel": {"xml:lang": "en", "type": "literal", "value": "instance of"}}, {"subjectLabel": {"xml:lang": "en", "type": "literal", "value": "Palais Omnisports de Paris-Bercy"}, "object": {"type": "uri", "value": "http://www.wikidata.org/entity/Q142"}, "objectLabel": {"xml:lang": "en", "type": "literal", "value": "France"}, "predicateLabel": {"xml:lang": "en", "type": "literal", "value": "country"}}, {"subjectLabel": {"xml:lang": "en", "type": "literal", "value": "Palais Omnisports de Paris-Bercy"}, "object": {"type": "uri", "value": "http://www.wikidata.org/entity/Q569417"}, "objectLabel": {"xml:lang": "en", "type": "literal", "value": "Anschutz Entertainment Group"}, "predicateLabel": {"xml:lang": "en", "type": "literal", "value": "maintained by"}}, {"subjectLabel": {"xml:lang": "en", "type": "literal", "value": "Palais Omnisports de Paris-Bercy"}, "object": {"type": "uri", "value": "http://www.wikidata.org/entity/Q26268272"}, "objectLabel": {"xml:lang": "en", "type": "literal", "value": "Michel Andrault"}, "predicateLabel": {"xml:lang": "en", "type": "literal", "value": "architect"}}, {"subjectLabel": {"xml:lang": "en", "type": "literal", "value": "Palais Omnisports de Paris-Bercy"}, "object": {"type": "uri", "value": "http://www.wikidata.org/entity/Q27429863"}, "objectLabel": {"xml:lang": "en", "type": "literal", "value": "Aydin Guvan"}, "predicateLabel": {"xml:lang": "en", "type": "literal", "value": "architect"}}, {"subjectLabel": {"xml:lang": "en", "type": "literal", "value": "Palais Omnisports de Paris-Bercy"}, "object": {"type": "uri", "value": "http://www.wikidata.org/entity/Q2093755"}, "objectLabel": {"xml:lang": "en", "type": "literal", "value": "Pierre Parat"}, "predicateLabel": {"xml:lang": "en", "type": "literal", "value": "architect"}}, {"subjectLabel": {"xml:lang": "en", "type": "literal", "value": "Palais Omnisports de Paris-Bercy"}, "object": {"type": "uri", "value": "http://www.wikidata.org/entity/Q212599"}, "objectLabel": {"xml:lang": "en", "type": "literal", "value": "Accor"}, "predicateLabel": {"xml:lang": "en", "type": "literal", "value": "sponsor"}}, {"subjectLabel": {"xml:lang": "en", "type": "literal", "value": "Palais Omnisports de Paris-Bercy"}, "object": {"type": "uri", "value": "http://www.wikidata.org/entity/Q1076486"}, "objectLabel": {"xml:lang": "en", "type": "literal", "value": "sports venue"}, "predicateLabel": {"xml:lang": "en", "type": "literal", "value": "instance of"}}, {"subjectLabel": {"xml:lang": "en", "type": "literal", "value": "Palais Omnisports de Paris-Bercy"}, "object": {"type": "uri", "value": "http://www.wikidata.org/entity/Q90"}, "objectLabel": {"xml:lang": "en", "type": "literal", "value": "Paris"}, "predicateLabel": {"xml:lang": "en", "type": "literal", "value": "located in the administrative territorial entity"}}, {"subjectLabel": {"xml:lang": "en", "type": "literal", "value": "Palais Omnisports de Paris-Bercy"}, "object": {"type": "uri", "value": "http://www.wikidata.org/entity/Q773318"}, "objectLabel": {"xml:lang": "en", "type": "literal", "value": "Quartier de Bercy"}, "predicateLabel": {"xml:lang": "en", "type": "literal", "value": "located in the administrative territorial entity"}}, {"subjectLabel": {"xml:lang": "en", "type": "literal", "value": "Palais Omnisports de Paris-Bercy"}, "object": {"type": "uri", "value": "http://www.wikidata.org/entity/Q3278478"}, "objectLabel": {"xml:lang": "en", "type": "literal", "value": "municipality of Paris"}, "predicateLabel": {"xml:lang": "en", "type": "literal", "value": "owned by"}}, {"subjectLabel": {"xml:lang": "en", "type": "literal", "value": "Palais Omnisports de Paris-Bercy"}, "object": {"type": "uri", "value": "http://www.wikidata.org/entity/Q14092"}, "objectLabel": {"xml:lang": "en", "type": "literal", "value": "gymnasium"}, "predicateLabel": {"xml:lang": "en", "type": "literal", "value": "has facility"}}, {"subjectLabel": {"xml:lang": "en", "type": "literal", "value": "Palais Omnisports de Paris-Bercy"}, "object": {"type": "uri", "value": "http://www.wikidata.org/entity/Q381924"}, "objectLabel": {"xml:lang": "en", "type": "literal", "value": "Jean Prouv\u00e9"}, "predicateLabel": {"xml:lang": "en", "type": "literal", "value": "structural engineer"}}, {"subjectLabel": {"xml:lang": "en", "type": "literal", "value": "Palais Omnisports de Paris-Bercy"}, "object": {"type": "uri", "value": "http://www.wikidata.org/entity/Q2921971"}, "objectLabel": {"xml:lang": "en", "type": "literal", "value": "boulevard de Bercy"}, "predicateLabel": {"xml:lang": "en", "type": "literal", "value": "headquarters location"}}, {"subjectLabel": {"xml:lang": "en", "type": "literal", "value": "Palais Omnisports de Paris-Bercy"}, "object": {"type": "uri", "value": "http://www.wikidata.org/entity/Q847"}, "objectLabel": {"xml:lang": "en", "type": "literal", "value": "tennis"}, "predicateLabel": {"xml:lang": "en", "type": "literal", "value": "sport"}}, {"subjectLabel": {"xml:lang": "en", "type": "literal", "value": "Palais Omnisports de Paris-Bercy"}, "object": {"type": "uri", "value": "http://www.wikidata.org/entity/Q1302944"}, "objectLabel": {"xml:lang": "en", "type": "literal", "value": "Eiffage"}, "predicateLabel": {"xml:lang": "en", "type": "literal", "value": "manufacturer"}}, {"subjectLabel": {"xml:lang": "en", "type": "literal", "value": "Palais Omnisports de Paris-Bercy"}, "object": {"type": "uri", "value": "http://www.wikidata.org/entity/Q3368772"}, "objectLabel": {"xml:lang": "en", "type": "literal", "value": "Sonja-Henie ice rink"}, "predicateLabel": {"xml:lang": "en", "type": "literal", "value": "has part(s)"}}, {"subjectLabel": {"xml:lang": "en", "type": "literal", "value": "Palais Omnisports de Paris-Bercy"}, "object": {"type": "uri", "value": "http://www.wikidata.org/entity/Q2921971"}, "objectLabel": {"xml:lang": "en", "type": "literal", "value": "boulevard de Bercy"}, "predicateLabel": {"xml:lang": "en", "type": "literal", "value": "located on street"}}, {"subjectLabel": {"xml:lang": "en", "type": "literal", "value": "Palais Omnisports de Paris-Bercy"}, "object": {"type": "uri", "value": "http://www.wikidata.org/entity/Q15706522"}, "objectLabel": {"xml:lang": "en", "type": "literal", "value": "Category:Palais omnisports de Paris-Bercy"}, "predicateLabel": {"xml:lang": "en", "type": "literal", "value": "topic's main category"}}, {"subjectLabel": {"xml:lang": "en", "type": "literal", "value": "Palais Omnisports de Paris-Bercy"}, "object": {"type": "uri", "value": "http://www.wikidata.org/entity/Q2400020"}, "objectLabel": {"xml:lang": "en", "type": "literal", "value": "function hall"}, "predicateLabel": {"xml:lang": "en", "type": "literal", "value": "has facility"}}, {"subjectLabel": {"xml:lang": "en", "type": "literal", "value": "Palais Omnisports de Paris-Bercy"}, "object": {"type": "uri", "value": "http://www.wikidata.org/entity/Q9439846"}, "objectLabel": {"xml:lang": "en", "type": "literal", "value": "Category:Live albums recorded at Bercy"}, "predicateLabel": {"xml:lang": "en", "type": "literal", "value": "related category"}}, {"subjectLabel": {"xml:lang": "en", "type": "literal", "value": "Palais Omnisports de Paris-Bercy"}, "object": {"type": "uri", "value": "http://www.wikidata.org/entity/Q116238204"}, "objectLabel": {"xml:lang": "en", "type": "literal", "value": "Nicolas Dupeux"}, "predicateLabel": {"xml:lang": "en", "type": "literal", "value": "director / manager"}}], "Q8964470": [{"subjectLabel": {"xml:lang": "en", "type": "literal", "value": "Category:People from Paris"}, "object": {"type": "uri", "value": "http://www.wikidata.org/entity/Q5"}, "objectLabel": {"xml:lang": "en", "type": "literal", "value": "human"}, "predicateLabel": {"xml:lang": "en", "type": "literal", "value": "category contains"}}, {"subjectLabel": {"xml:lang": "en", "type": "literal", "value": "Category:People from Paris"}, "object": {"type": "uri", "value": "http://www.wikidata.org/entity/Q5"}, "objectLabel": {"xml:lang": "en", "type": "literal", "value": "human"}, "predicateLabel": {"xml:lang": "en", "type": "literal", "value": "category combines topics"}}, {"subjectLabel": {"xml:lang": "en", "type": "literal", "value": "Category:People from Paris"}, "object": {"type": "uri", "value": "http://www.wikidata.org/entity/Q4167836"}, "objectLabel": {"xml:lang": "en", "type": "literal", "value": "Wikimedia category"}, "predicateLabel": {"xml:lang": "en", "type": "literal", "value": "instance of"}}, {"subjectLabel": {"xml:lang": "en", "type": "literal", "value": "Category:People from Paris"}, "object": {"type": "uri", "value": "http://www.wikidata.org/entity/Q90"}, "objectLabel": {"xml:lang": "en", "type": "literal", "value": "Paris"}, "predicateLabel": {"xml:lang": "en", "type": "literal", "value": "category combines topics"}}, {"subjectLabel": {"xml:lang": "en", "type": "literal", "value": "Category:People from Paris"}, "object": {"type": "uri", "value": "http://www.wikidata.org/entity/Q19660746"}, "objectLabel": {"xml:lang": "en", "type": "literal", "value": "person related to this place"}, "predicateLabel": {"xml:lang": "en", "type": "literal", "value": "category combines topics"}}, {"subjectLabel": {"xml:lang": "en", "type": "literal", "value": "Category:People from Paris"}, "object": {"type": "uri", "value": "http://www.wikidata.org/entity/Q105740844"}, "objectLabel": {"xml:lang": "en", "type": "literal", "value": "Parisians"}, "predicateLabel": {"xml:lang": "en", "type": "literal", "value": "category's main topic"}}], "Q8458184": [{"subjectLabel": {"xml:lang": "en", "type": "literal", "value": "Category:Films shot in Paris"}, "object": {"type": "uri", "value": "http://www.wikidata.org/entity/Q11424"}, "objectLabel": {"xml:lang": "en", "type": "literal", "value": "film"}, "predicateLabel": {"xml:lang": "en", "type": "literal", "value": "category contains"}}, {"subjectLabel": {"xml:lang": "en", "type": "literal", "value": "Category:Films shot in Paris"}, "object": {"type": "uri", "value": "http://www.wikidata.org/entity/Q90"}, "objectLabel": {"xml:lang": "en", "type": "literal", "value": "Paris"}, "predicateLabel": {"xml:lang": "en", "type": "literal", "value": "category combines topics"}}, {"subjectLabel": {"xml:lang": "en", "type": "literal", "value": "Category:Films shot in Paris"}, "object": {"type": "uri", "value": "http://www.wikidata.org/entity/Q3243887"}, "objectLabel": {"xml:lang": "en", "type": "literal", "value": "list of films shot in Paris"}, "predicateLabel": {"xml:lang": "en", "type": "literal", "value": "list related to category"}}, {"subjectLabel": {"xml:lang": "en", "type": "literal", "value": "Category:Films shot in Paris"}, "object": {"type": "uri", "value": "http://www.wikidata.org/entity/Q1045481"}, "objectLabel": {"xml:lang": "en", "type": "literal", "value": "filming location"}, "predicateLabel": {"xml:lang": "en", "type": "literal", "value": "category combines topics"}}, {"subjectLabel": {"xml:lang": "en", "type": "literal", "value": "Category:Films shot in Paris"}, "object": {"type": "uri", "value": "http://www.wikidata.org/entity/Q4167836"}, "objectLabel": {"xml:lang": "en", "type": "literal", "value": "Wikimedia category"}, "predicateLabel": {"xml:lang": "en", "type": "literal", "value": "instance of"}}, {"subjectLabel": {"xml:lang": "en", "type": "literal", "value": "Category:Films shot in Paris"}, "object": {"type": "uri", "value": "http://www.wikidata.org/entity/Q7237351"}, "objectLabel": {"xml:lang": "en", "type": "literal", "value": "Category:Films set in Paris"}, "predicateLabel": {"xml:lang": "en", "type": "literal", "value": "opposite of"}}], "Q18102": [{"subjectLabel": {"xml:lang": "en", "type": "literal", "value": "Saint-Mand\u00e9"}, "object": {"type": "uri", "value": "http://www.wikidata.org/entity/Q6655"}, "objectLabel": {"xml:lang": "en", "type": "literal", "value": "UTC+01:00"}, "predicateLabel": {"xml:lang": "en", "type": "literal", "value": "located in time zone"}}, {"subjectLabel": {"xml:lang": "en", "type": "literal", "value": "Saint-Mand\u00e9"}, "object": {"type": "uri", "value": "http://www.wikidata.org/entity/Q40608"}, "objectLabel": {"xml:lang": "en", "type": "literal", "value": "London Borough of Waltham Forest"}, "predicateLabel": {"xml:lang": "en", "type": "literal", "value": "twinned administrative body"}}, {"subjectLabel": {"xml:lang": "en", "type": "literal", "value": "Saint-Mand\u00e9"}, "object": {"type": "uri", "value": "http://www.wikidata.org/entity/Q142"}, "objectLabel": {"xml:lang": "en", "type": "literal", "value": "France"}, "predicateLabel": {"xml:lang": "en", "type": "literal", "value": "country"}}, {"subjectLabel": {"xml:lang": "en", "type": "literal", "value": "Saint-Mand\u00e9"}, "object": {"type": "uri", "value": "http://www.wikidata.org/entity/Q207223"}, "objectLabel": {"xml:lang": "en", "type": "literal", "value": "Drogheda"}, "predicateLabel": {"xml:lang": "en", "type": "literal", "value": "twinned administrative body"}}, {"subjectLabel": {"xml:lang": "en", "type": "literal", "value": "Saint-Mand\u00e9"}, "object": {"type": "uri", "value": "http://www.wikidata.org/entity/Q90"}, "objectLabel": {"xml:lang": "en", "type": "literal", "value": "Paris"}, "predicateLabel": {"xml:lang": "en", "type": "literal", "value": "shares border with"}}, {"subjectLabel": {"xml:lang": "en", "type": "literal", "value": "Saint-Mand\u00e9"}, "object": {"type": "uri", "value": "http://www.wikidata.org/entity/Q6723"}, "objectLabel": {"xml:lang": "en", "type": "literal", "value": "UTC+02:00"}, "predicateLabel": {"xml:lang": "en", "type": "literal", "value": "located in time zone"}}, {"subjectLabel": {"xml:lang": "en", "type": "literal", "value": "Saint-Mand\u00e9"}, "object": {"type": "uri", "value": "http://www.wikidata.org/entity/Q523240"}, "objectLabel": {"xml:lang": "en", "type": "literal", "value": "Concord"}, "predicateLabel": {"xml:lang": "en", "type": "literal", "value": "twinned administrative body"}}, {"subjectLabel": {"xml:lang": "en", "type": "literal", "value": "Saint-Mand\u00e9"}, "object": {"type": "uri", "value": "http://www.wikidata.org/entity/Q484170"}, "objectLabel": {"xml:lang": "en", "type": "literal", "value": "commune of France"}, "predicateLabel": {"xml:lang": "en", "type": "literal", "value": "instance of"}}, {"subjectLabel": {"xml:lang": "en", "type": "literal", "value": "Saint-Mand\u00e9"}, "object": {"type": "uri", "value": "http://www.wikidata.org/entity/Q126084"}, "objectLabel": {"xml:lang": "en", "type": "literal", "value": "Acre"}, "predicateLabel": {"xml:lang": "en", "type": "literal", "value": "twinned administrative body"}}, {"subjectLabel": {"xml:lang": "en", "type": "literal", "value": "Saint-Mand\u00e9"}, "object": {"type": "uri", "value": "http://www.wikidata.org/entity/Q50253"}, "objectLabel": {"xml:lang": "en", "type": "literal", "value": "Yanggu County"}, "predicateLabel": {"xml:lang": "en", "type": "literal", "value": "twinned administrative body"}}, {"subjectLabel": {"xml:lang": "en", "type": "literal", "value": "Saint-Mand\u00e9"}, "object": {"type": "uri", "value": "http://www.wikidata.org/entity/Q193370"}, "objectLabel": {"xml:lang": "en", "type": "literal", "value": "Montreuil"}, "predicateLabel": {"xml:lang": "en", "type": "literal", "value": "shares border with"}}, {"subjectLabel": {"xml:lang": "en", "type": "literal", "value": "Saint-Mand\u00e9"}, "object": {"type": "uri", "value": "http://www.wikidata.org/entity/Q1142326"}, "objectLabel": {"xml:lang": "en", "type": "literal", "value": "Seine"}, "predicateLabel": {"xml:lang": "en", "type": "literal", "value": "located in the administrative territorial entity"}}, {"subjectLabel": {"xml:lang": "en", "type": "literal", "value": "Saint-Mand\u00e9"}, "object": {"type": "uri", "value": "http://www.wikidata.org/entity/Q16665915"}, "objectLabel": {"xml:lang": "en", "type": "literal", "value": "Grand Paris"}, "predicateLabel": {"xml:lang": "en", "type": "literal", "value": "located in the administrative territorial entity"}}, {"subjectLabel": {"xml:lang": "en", "type": "literal", "value": "Saint-Mand\u00e9"}, "object": {"type": "uri", "value": "http://www.wikidata.org/entity/Q12788"}, "objectLabel": {"xml:lang": "en", "type": "literal", "value": "Val-de-Marne"}, "predicateLabel": {"xml:lang": "en", "type": "literal", "value": "located in the administrative territorial entity"}}, {"subjectLabel": {"xml:lang": "en", "type": "literal", "value": "Saint-Mand\u00e9"}, "object": {"type": "uri", "value": "http://www.wikidata.org/entity/Q652833"}, "objectLabel": {"xml:lang": "en", "type": "literal", "value": "arrondissement of Nogent-sur-Marne"}, "predicateLabel": {"xml:lang": "en", "type": "literal", "value": "located in the administrative territorial entity"}}, {"subjectLabel": {"xml:lang": "en", "type": "literal", "value": "Saint-Mand\u00e9"}, "object": {"type": "uri", "value": "http://www.wikidata.org/entity/Q84095480"}, "objectLabel": {"xml:lang": "en", "type": "literal", "value": "Category:Maps of Saint-Mand\u00e9"}, "predicateLabel": {"xml:lang": "en", "type": "literal", "value": "category for maps"}}, {"subjectLabel": {"xml:lang": "en", "type": "literal", "value": "Saint-Mand\u00e9"}, "object": {"type": "uri", "value": "http://www.wikidata.org/entity/Q110097687"}, "objectLabel": {"xml:lang": "en", "type": "literal", "value": "saintmande.opendatasoft.com"}, "predicateLabel": {"xml:lang": "en", "type": "literal", "value": "open data portal"}}, {"subjectLabel": {"xml:lang": "en", "type": "literal", "value": "Saint-Mand\u00e9"}, "object": {"type": "uri", "value": "http://www.wikidata.org/entity/Q9109002"}, "objectLabel": {"xml:lang": "en", "type": "literal", "value": "Category:Saint-Mand\u00e9"}, "predicateLabel": {"xml:lang": "en", "type": "literal", "value": "topic's main category"}}, {"subjectLabel": {"xml:lang": "en", "type": "literal", "value": "Saint-Mand\u00e9"}, "object": {"type": "uri", "value": "http://www.wikidata.org/entity/Q910410"}, "objectLabel": {"xml:lang": "en", "type": "literal", "value": "Tres Cantos"}, "predicateLabel": {"xml:lang": "en", "type": "literal", "value": "twinned administrative body"}}, {"subjectLabel": {"xml:lang": "en", "type": "literal", "value": "Saint-Mand\u00e9"}, "object": {"type": "uri", "value": "http://www.wikidata.org/entity/Q764558"}, "objectLabel": {"xml:lang": "en", "type": "literal", "value": "Saint Maudez"}, "predicateLabel": {"xml:lang": "en", "type": "literal", "value": "named after"}}, {"subjectLabel": {"xml:lang": "en", "type": "literal", "value": "Saint-Mand\u00e9"}, "object": {"type": "uri", "value": "http://www.wikidata.org/entity/Q62083650"}, "objectLabel": {"xml:lang": "en", "type": "literal", "value": "Mayor of Saint-Mand\u00e9"}, "predicateLabel": {"xml:lang": "en", "type": "literal", "value": "office held by head of government"}}, {"subjectLabel": {"xml:lang": "en", "type": "literal", "value": "Saint-Mand\u00e9"}, "object": {"type": "uri", "value": "http://www.wikidata.org/entity/Q64160055"}, "objectLabel": {"xml:lang": "en", "type": "literal", "value": "archives municipales de Saint-Mand\u00e9"}, "predicateLabel": {"xml:lang": "en", "type": "literal", "value": "archives at"}}, {"subjectLabel": {"xml:lang": "en", "type": "literal", "value": "Saint-Mand\u00e9"}, "object": {"type": "uri", "value": "http://www.wikidata.org/entity/Q63766532"}, "objectLabel": {"xml:lang": "en", "type": "literal", "value": "Julien Weil"}, "predicateLabel": {"xml:lang": "en", "type": "literal", "value": "head of government"}}, {"subjectLabel": {"xml:lang": "en", "type": "literal", "value": "Saint-Mand\u00e9"}, "object": {"type": "uri", "value": "http://www.wikidata.org/entity/Q171689"}, "objectLabel": {"xml:lang": "en", "type": "literal", "value": "12th arrondissement of Paris"}, "predicateLabel": {"xml:lang": "en", "type": "literal", "value": "replaced by"}}, {"subjectLabel": {"xml:lang": "en", "type": "literal", "value": "Saint-Mand\u00e9"}, "object": {"type": "uri", "value": "http://www.wikidata.org/entity/Q1468"}, "objectLabel": {"xml:lang": "en", "type": "literal", "value": "Eschwege"}, "predicateLabel": {"xml:lang": "en", "type": "literal", "value": "twinned administrative body"}}, {"subjectLabel": {"xml:lang": "en", "type": "literal", "value": "Saint-Mand\u00e9"}, "object": {"type": "uri", "value": "http://www.wikidata.org/entity/Q1519299"}, "objectLabel": {"xml:lang": "en", "type": "literal", "value": "canton of Saint-Mand\u00e9"}, "predicateLabel": {"xml:lang": "en", "type": "literal", "value": "capital of"}}, {"subjectLabel": {"xml:lang": "en", "type": "literal", "value": "Saint-Mand\u00e9"}, "object": {"type": "uri", "value": "http://www.wikidata.org/entity/Q8072317"}, "objectLabel": {"xml:lang": "en", "type": "literal", "value": "Category:Births in Saint-Mand\u00e9"}, "predicateLabel": {"xml:lang": "en", "type": "literal", "value": "category for people born here"}}, {"subjectLabel": {"xml:lang": "en", "type": "literal", "value": "Saint-Mand\u00e9"}, "object": {"type": "uri", "value": "http://www.wikidata.org/entity/Q9219753"}, "objectLabel": {"xml:lang": "en", "type": "literal", "value": "Category:Deaths in Saint-Mand\u00e9"}, "predicateLabel": {"xml:lang": "en", "type": "literal", "value": "category for people who died here"}}, {"subjectLabel": {"xml:lang": "en", "type": "literal", "value": "Saint-Mand\u00e9"}, "object": {"type": "uri", "value": "http://www.wikidata.org/entity/Q823306"}, "objectLabel": {"xml:lang": "en", "type": "literal", "value": "Concours des villes et villages fleuris"}, "predicateLabel": {"xml:lang": "en", "type": "literal", "value": "member of"}}, {"subjectLabel": {"xml:lang": "en", "type": "literal", "value": "Saint-Mand\u00e9"}, "object": {"type": "uri", "value": "http://www.wikidata.org/entity/Q193819"}, "objectLabel": {"xml:lang": "en", "type": "literal", "value": "Vincennes"}, "predicateLabel": {"xml:lang": "en", "type": "literal", "value": "shares border with"}}, {"subjectLabel": {"xml:lang": "en", "type": "literal", "value": "Saint-Mand\u00e9"}, "object": {"type": "uri", "value": "http://www.wikidata.org/entity/Q10173990"}, "objectLabel": {"xml:lang": "en", "type": "literal", "value": "Category:People from Saint-Mand\u00e9"}, "predicateLabel": {"xml:lang": "en", "type": "literal", "value": "category of associated people"}}, {"subjectLabel": {"xml:lang": "en", "type": "literal", "value": "Saint-Mand\u00e9"}, "object": {"type": "uri", "value": "http://www.wikidata.org/entity/Q19945303"}, "objectLabel": {"xml:lang": "en", "type": "literal", "value": "canton of Vincennes"}, "predicateLabel": {"xml:lang": "en", "type": "literal", "value": "associated electoral district"}}, {"subjectLabel": {"xml:lang": "en", "type": "literal", "value": "Saint-Mand\u00e9"}, "object": {"type": "uri", "value": "http://www.wikidata.org/entity/Q1082222"}, "objectLabel": {"xml:lang": "en", "type": "literal", "value": "Paris unit\u00e9 urbaine"}, "predicateLabel": {"xml:lang": "en", "type": "literal", "value": "located in statistical territorial entity"}}], "Q5626403": [{"subjectLabel": {"xml:lang": "en", "type": "literal", "value": "Category:Paris"}, "object": {"type": "uri", "value": "http://www.wikidata.org/entity/Q4167836"}, "objectLabel": {"xml:lang": "en", "type": "literal", "value": "Wikimedia category"}, "predicateLabel": {"xml:lang": "en", "type": "literal", "value": "instance of"}}, {"subjectLabel": {"xml:lang": "en", "type": "literal", "value": "Category:Paris"}, "object": {"type": "uri", "value": "http://www.wikidata.org/entity/Q90"}, "objectLabel": {"xml:lang": "en", "type": "literal", "value": "Paris"}, "predicateLabel": {"xml:lang": "en", "type": "literal", "value": "category's main topic"}}], "Q16665915": [{"subjectLabel": {"xml:lang": "en", "type": "literal", "value": "Grand Paris"}, "object": {"type": "uri", "value": "http://www.wikidata.org/entity/Q142"}, "objectLabel": {"xml:lang": "en", "type": "literal", "value": "France"}, "predicateLabel": {"xml:lang": "en", "type": "literal", "value": "country"}}, {"subjectLabel": {"xml:lang": "en", "type": "literal", "value": "Grand Paris"}, "object": {"type": "uri", "value": "http://www.wikidata.org/entity/Q3113700"}, "objectLabel": {"xml:lang": "en", "type": "literal", "value": "Grand Paris"}, "predicateLabel": {"xml:lang": "en", "type": "literal", "value": "has cause"}}, {"subjectLabel": {"xml:lang": "en", "type": "literal", "value": "Grand Paris"}, "object": {"type": "uri", "value": "http://www.wikidata.org/entity/Q90"}, "objectLabel": {"xml:lang": "en", "type": "literal", "value": "Paris"}, "predicateLabel": {"xml:lang": "en", "type": "literal", "value": "capital"}}, {"subjectLabel": {"xml:lang": "en", "type": "literal", "value": "Grand Paris"}, "object": {"type": "uri", "value": "http://www.wikidata.org/entity/Q90"}, "objectLabel": {"xml:lang": "en", "type": "literal", "value": "Paris"}, "predicateLabel": {"xml:lang": "en", "type": "literal", "value": "contains the administrative territorial entity"}}, {"subjectLabel": {"xml:lang": "en", "type": "literal", "value": "Grand Paris"}, "object": {"type": "uri", "value": "http://www.wikidata.org/entity/Q23723579"}, "objectLabel": {"xml:lang": "en", "type": "literal", "value": "Grand-Orly Val-de-Bi\u00e8vre Seine-Amont"}, "predicateLabel": {"xml:lang": "en", "type": "literal", "value": "contains the administrative territorial entity"}}, {"subjectLabel": {"xml:lang": "en", "type": "literal", "value": "Grand Paris"}, "object": {"type": "uri", "value": "http://www.wikidata.org/entity/Q207020"}, "objectLabel": {"xml:lang": "en", "type": "literal", "value": "Central European Summer Time"}, "predicateLabel": {"xml:lang": "en", "type": "literal", "value": "located in time zone"}}, {"subjectLabel": {"xml:lang": "en", "type": "literal", "value": "Grand Paris"}, "object": {"type": "uri", "value": "http://www.wikidata.org/entity/Q1899"}, "objectLabel": {"xml:lang": "en", "type": "literal", "value": "Kyiv"}, "predicateLabel": {"xml:lang": "en", "type": "literal", "value": "twinned administrative body"}}, {"subjectLabel": {"xml:lang": "en", "type": "literal", "value": "Grand Paris"}, "object": {"type": "uri", "value": "http://www.wikidata.org/entity/Q13917"}, "objectLabel": {"xml:lang": "en", "type": "literal", "value": "\u00cele-de-France"}, "predicateLabel": {"xml:lang": "en", "type": "literal", "value": "located in the administrative territorial entity"}}, {"subjectLabel": {"xml:lang": "en", "type": "literal", "value": "Grand Paris"}, "object": {"type": "uri", "value": "http://www.wikidata.org/entity/Q22133333"}, "objectLabel": {"xml:lang": "en", "type": "literal", "value": "Le Ponant"}, "predicateLabel": {"xml:lang": "en", "type": "literal", "value": "headquarters location"}}, {"subjectLabel": {"xml:lang": "en", "type": "literal", "value": "Grand Paris"}, "object": {"type": "uri", "value": "http://www.wikidata.org/entity/Q2987488"}, "objectLabel": {"xml:lang": "en", "type": "literal", "value": "Agglomeration Community of Charenton-le-Pont Saint-Maurice"}, "predicateLabel": {"xml:lang": "en", "type": "literal", "value": "replaces"}}, {"subjectLabel": {"xml:lang": "en", "type": "literal", "value": "Grand Paris"}, "object": {"type": "uri", "value": "http://www.wikidata.org/entity/Q2986996"}, "objectLabel": {"xml:lang": "en", "type": "literal", "value": "Agglomeration Community of Haut Val-de-Marne"}, "predicateLabel": {"xml:lang": "en", "type": "literal", "value": "replaces"}}, {"subjectLabel": {"xml:lang": "en", "type": "literal", "value": "Grand Paris"}, "object": {"type": "uri", "value": "http://www.wikidata.org/entity/Q2986916"}, "objectLabel": {"xml:lang": "en", "type": "literal", "value": "Agglomeration Community of Seine-D\u00e9fense"}, "predicateLabel": {"xml:lang": "en", "type": "literal", "value": "replaces"}}, {"subjectLabel": {"xml:lang": "en", "type": "literal", "value": "Grand Paris"}, "object": {"type": "uri", "value": "http://www.wikidata.org/entity/Q1119899"}, "objectLabel": {"xml:lang": "en", "type": "literal", "value": "Agglomeration Community of Val de Bi\u00e8vre"}, "predicateLabel": {"xml:lang": "en", "type": "literal", "value": "replaces"}}, {"subjectLabel": {"xml:lang": "en", "type": "literal", "value": "Grand Paris"}, "object": {"type": "uri", "value": "http://www.wikidata.org/entity/Q2986961"}, "objectLabel": {"xml:lang": "en", "type": "literal", "value": "Agglomeration Community of Le Bourget Airport"}, "predicateLabel": {"xml:lang": "en", "type": "literal", "value": "replaces"}}, {"subjectLabel": {"xml:lang": "en", "type": "literal", "value": "Grand Paris"}, "object": {"type": "uri", "value": "http://www.wikidata.org/entity/Q2987000"}, "objectLabel": {"xml:lang": "en", "type": "literal", "value": "Agglomeration Community of Mont-Val\u00e9rien"}, "predicateLabel": {"xml:lang": "en", "type": "literal", "value": "replaces"}}, {"subjectLabel": {"xml:lang": "en", "type": "literal", "value": "Grand Paris"}, "object": {"type": "uri", "value": "http://www.wikidata.org/entity/Q22923920"}, "objectLabel": {"xml:lang": "en", "type": "literal", "value": "territorial collectivity of France with special status"}, "predicateLabel": {"xml:lang": "en", "type": "literal", "value": "instance of"}}, {"subjectLabel": {"xml:lang": "en", "type": "literal", "value": "Grand Paris"}, "object": {"type": "uri", "value": "http://www.wikidata.org/entity/Q976436"}, "objectLabel": {"xml:lang": "en", "type": "literal", "value": "Patrick Ollier"}, "predicateLabel": {"xml:lang": "en", "type": "literal", "value": "head of government"}}, {"subjectLabel": {"xml:lang": "en", "type": "literal", "value": "Grand Paris"}, "object": {"type": "uri", "value": "http://www.wikidata.org/entity/Q3333855"}, "objectLabel": {"xml:lang": "en", "type": "literal", "value": "m\u00e9tropole"}, "predicateLabel": {"xml:lang": "en", "type": "literal", "value": "instance of"}}, {"subjectLabel": {"xml:lang": "en", "type": "literal", "value": "Grand Paris"}, "object": {"type": "uri", "value": "http://www.wikidata.org/entity/Q2986896"}, "objectLabel": {"xml:lang": "en", "type": "literal", "value": "Grand Paris Seine Ouest"}, "predicateLabel": {"xml:lang": "en", "type": "literal", "value": "contains the administrative territorial entity"}}, {"subjectLabel": {"xml:lang": "en", "type": "literal", "value": "Grand Paris"}, "object": {"type": "uri", "value": "http://www.wikidata.org/entity/Q2986895"}, "objectLabel": {"xml:lang": "en", "type": "literal", "value": "Est Ensemble"}, "predicateLabel": {"xml:lang": "en", "type": "literal", "value": "contains the administrative territorial entity"}}, {"subjectLabel": {"xml:lang": "en", "type": "literal", "value": "Grand Paris"}, "object": {"type": "uri", "value": "http://www.wikidata.org/entity/Q2986910"}, "objectLabel": {"xml:lang": "en", "type": "literal", "value": "Plaine commune"}, "predicateLabel": {"xml:lang": "en", "type": "literal", "value": "contains the administrative territorial entity"}}, {"subjectLabel": {"xml:lang": "en", "type": "literal", "value": "Grand Paris"}, "object": {"type": "uri", "value": "http://www.wikidata.org/entity/Q112166113"}, "objectLabel": {"xml:lang": "en", "type": "literal", "value": "administration publique g\u00e9n\u00e9rale"}, "predicateLabel": {"xml:lang": "en", "type": "literal", "value": "industry"}}, {"subjectLabel": {"xml:lang": "en", "type": "literal", "value": "Grand Paris"}, "object": {"type": "uri", "value": "http://www.wikidata.org/entity/Q3333855"}, "objectLabel": {"xml:lang": "en", "type": "literal", "value": "m\u00e9tropole"}, "predicateLabel": {"xml:lang": "en", "type": "literal", "value": "legal form"}}, {"subjectLabel": {"xml:lang": "en", "type": "literal", "value": "Grand Paris"}, "object": {"type": "uri", "value": "http://www.wikidata.org/entity/Q84135711"}, "objectLabel": {"xml:lang": "en", "type": "literal", "value": "Category:Maps of M\u00e9tropole du Grand Paris"}, "predicateLabel": {"xml:lang": "en", "type": "literal", "value": "category for maps"}}, {"subjectLabel": {"xml:lang": "en", "type": "literal", "value": "Grand Paris"}, "object": {"type": "uri", "value": "http://www.wikidata.org/entity/Q26245137"}, "objectLabel": {"xml:lang": "en", "type": "literal", "value": "Category:M\u00e9tropole du Grand Paris"}, "predicateLabel": {"xml:lang": "en", "type": "literal", "value": "topic's main category"}}, {"subjectLabel": {"xml:lang": "en", "type": "literal", "value": "Grand Paris"}, "object": {"type": "uri", "value": "http://www.wikidata.org/entity/Q22249037"}, "objectLabel": {"xml:lang": "en", "type": "literal", "value": "\u00e9tablissement public territorial Paris Ouest La D\u00e9fense"}, "predicateLabel": {"xml:lang": "en", "type": "literal", "value": "contains the administrative territorial entity"}}, {"subjectLabel": {"xml:lang": "en", "type": "literal", "value": "Grand Paris"}, "object": {"type": "uri", "value": "http://www.wikidata.org/entity/Q22248414"}, "objectLabel": {"xml:lang": "en", "type": "literal", "value": "Grand Paris - Grand Est"}, "predicateLabel": {"xml:lang": "en", "type": "literal", "value": "contains the administrative territorial entity"}}, {"subjectLabel": {"xml:lang": "en", "type": "literal", "value": "Grand Paris"}, "object": {"type": "uri", "value": "http://www.wikidata.org/entity/Q23723578"}, "objectLabel": {"xml:lang": "en", "type": "literal", "value": "Grand Paris Sud Est Avenir"}, "predicateLabel": {"xml:lang": "en", "type": "literal", "value": "contains the administrative territorial entity"}}, {"subjectLabel": {"xml:lang": "en", "type": "literal", "value": "Grand Paris"}, "object": {"type": "uri", "value": "http://www.wikidata.org/entity/Q22248416"}, "objectLabel": {"xml:lang": "en", "type": "literal", "value": "Vall\u00e9e Sud Grand Paris"}, "predicateLabel": {"xml:lang": "en", "type": "literal", "value": "contains the administrative territorial entity"}}, {"subjectLabel": {"xml:lang": "en", "type": "literal", "value": "Grand Paris"}, "object": {"type": "uri", "value": "http://www.wikidata.org/entity/Q22248153"}, "objectLabel": {"xml:lang": "en", "type": "literal", "value": "Boucle Nord de Seine"}, "predicateLabel": {"xml:lang": "en", "type": "literal", "value": "contains the administrative territorial entity"}}, {"subjectLabel": {"xml:lang": "en", "type": "literal", "value": "Grand Paris"}, "object": {"type": "uri", "value": "http://www.wikidata.org/entity/Q22248415"}, "objectLabel": {"xml:lang": "en", "type": "literal", "value": "Paris Terres d'Envol"}, "predicateLabel": {"xml:lang": "en", "type": "literal", "value": "contains the administrative territorial entity"}}, {"subjectLabel": {"xml:lang": "en", "type": "literal", "value": "Grand Paris"}, "object": {"type": "uri", "value": "http://www.wikidata.org/entity/Q110097443"}, "objectLabel": {"xml:lang": "en", "type": "literal", "value": "data.seineouest.fr"}, "predicateLabel": {"xml:lang": "en", "type": "literal", "value": "open data portal"}}], "Q166640": [{"subjectLabel": {"xml:lang": "en", "type": "literal", "value": "Levallois-Perret"}, "object": {"type": "uri", "value": "http://www.wikidata.org/entity/Q6723"}, "objectLabel": {"xml:lang": "en", "type": "literal", "value": "UTC+02:00"}, "predicateLabel": {"xml:lang": "en", "type": "literal", "value": "located in time zone"}}, {"subjectLabel": {"xml:lang": "en", "type": "literal", "value": "Levallois-Perret"}, "object": {"type": "uri", "value": "http://www.wikidata.org/entity/Q6655"}, "objectLabel": {"xml:lang": "en", "type": "literal", "value": "UTC+01:00"}, "predicateLabel": {"xml:lang": "en", "type": "literal", "value": "located in time zone"}}, {"subjectLabel": {"xml:lang": "en", "type": "literal", "value": "Levallois-Perret"}, "object": {"type": "uri", "value": "http://www.wikidata.org/entity/Q90"}, "objectLabel": {"xml:lang": "en", "type": "literal", "value": "Paris"}, "predicateLabel": {"xml:lang": "en", "type": "literal", "value": "shares border with"}}, {"subjectLabel": {"xml:lang": "en", "type": "literal", "value": "Levallois-Perret"}, "object": {"type": "uri", "value": "http://www.wikidata.org/entity/Q1471"}, "objectLabel": {"xml:lang": "en", "type": "literal", "value": "Seine"}, "predicateLabel": {"xml:lang": "en", "type": "literal", "value": "located in or next to body of water"}}, {"subjectLabel": {"xml:lang": "en", "type": "literal", "value": "Levallois-Perret"}, "object": {"type": "uri", "value": "http://www.wikidata.org/entity/Q142"}, "objectLabel": {"xml:lang": "en", "type": "literal", "value": "France"}, "predicateLabel": {"xml:lang": "en", "type": "literal", "value": "country"}}, {"subjectLabel": {"xml:lang": "en", "type": "literal", "value": "Levallois-Perret"}, "object": {"type": "uri", "value": "http://www.wikidata.org/entity/Q48958"}, "objectLabel": {"xml:lang": "en", "type": "literal", "value": "Neuilly-sur-Seine"}, "predicateLabel": {"xml:lang": "en", "type": "literal", "value": "replaces"}}, {"subjectLabel": {"xml:lang": "en", "type": "literal", "value": "Levallois-Perret"}, "object": {"type": "uri", "value": "http://www.wikidata.org/entity/Q201982"}, "objectLabel": {"xml:lang": "en", "type": "literal", "value": "Clichy"}, "predicateLabel": {"xml:lang": "en", "type": "literal", "value": "replaces"}}, {"subjectLabel": {"xml:lang": "en", "type": "literal", "value": "Levallois-Perret"}, "object": {"type": "uri", "value": "http://www.wikidata.org/entity/Q867541"}, "objectLabel": {"xml:lang": "en", "type": "literal", "value": "Encyclop\u00e6dia Britannica 11th edition"}, "predicateLabel": {"xml:lang": "en", "type": "literal", "value": "described by source"}}, {"subjectLabel": {"xml:lang": "en", "type": "literal", "value": "Levallois-Perret"}, "object": {"type": "uri", "value": "http://www.wikidata.org/entity/Q823306"}, "objectLabel": {"xml:lang": "en", "type": "literal", "value": "Concours des villes et villages fleuris"}, "predicateLabel": {"xml:lang": "en", "type": "literal", "value": "member of"}}, {"subjectLabel": {"xml:lang": "en", "type": "literal", "value": "Levallois-Perret"}, "object": {"type": "uri", "value": "http://www.wikidata.org/entity/Q1524964"}, "objectLabel": {"xml:lang": "en", "type": "literal", "value": "canton of Levallois-Perret-Nord"}, "predicateLabel": {"xml:lang": "en", "type": "literal", "value": "capital of"}}, {"subjectLabel": {"xml:lang": "en", "type": "literal", "value": "Levallois-Perret"}, "object": {"type": "uri", "value": "http://www.wikidata.org/entity/Q1524953"}, "objectLabel": {"xml:lang": "en", "type": "literal", "value": "canton of Levallois-Perret-Sud"}, "predicateLabel": {"xml:lang": "en", "type": "literal", "value": "capital of"}}, {"subjectLabel": {"xml:lang": "en", "type": "literal", "value": "Levallois-Perret"}, "object": {"type": "uri", "value": "http://www.wikidata.org/entity/Q8740203"}, "objectLabel": {"xml:lang": "en", "type": "literal", "value": "Category:People from Levallois-Perret"}, "predicateLabel": {"xml:lang": "en", "type": "literal", "value": "category of associated people"}}, {"subjectLabel": {"xml:lang": "en", "type": "literal", "value": "Levallois-Perret"}, "object": {"type": "uri", "value": "http://www.wikidata.org/entity/Q12543"}, "objectLabel": {"xml:lang": "en", "type": "literal", "value": "Hauts-de-Seine"}, "predicateLabel": {"xml:lang": "en", "type": "literal", "value": "located in the administrative territorial entity"}}, {"subjectLabel": {"xml:lang": "en", "type": "literal", "value": "Levallois-Perret"}, "object": {"type": "uri", "value": "http://www.wikidata.org/entity/Q385728"}, "objectLabel": {"xml:lang": "en", "type": "literal", "value": "arrondissement of Nanterre"}, "predicateLabel": {"xml:lang": "en", "type": "literal", "value": "located in the administrative territorial entity"}}, {"subjectLabel": {"xml:lang": "en", "type": "literal", "value": "Levallois-Perret"}, "object": {"type": "uri", "value": "http://www.wikidata.org/entity/Q106428236"}, "objectLabel": {"xml:lang": "en", "type": "literal", "value": "Agn\u00e8s Pottier-Dumas"}, "predicateLabel": {"xml:lang": "en", "type": "literal", "value": "head of government"}}, {"subjectLabel": {"xml:lang": "en", "type": "literal", "value": "Levallois-Perret"}, "object": {"type": "uri", "value": "http://www.wikidata.org/entity/Q484170"}, "objectLabel": {"xml:lang": "en", "type": "literal", "value": "commune of France"}, "predicateLabel": {"xml:lang": "en", "type": "literal", "value": "instance of"}}, {"subjectLabel": {"xml:lang": "en", "type": "literal", "value": "Levallois-Perret"}, "object": {"type": "uri", "value": "http://www.wikidata.org/entity/Q16665915"}, "objectLabel": {"xml:lang": "en", "type": "literal", "value": "Grand Paris"}, "predicateLabel": {"xml:lang": "en", "type": "literal", "value": "located in the administrative territorial entity"}}, {"subjectLabel": {"xml:lang": "en", "type": "literal", "value": "Levallois-Perret"}, "object": {"type": "uri", "value": "http://www.wikidata.org/entity/Q189715"}, "objectLabel": {"xml:lang": "en", "type": "literal", "value": "Courbevoie"}, "predicateLabel": {"xml:lang": "en", "type": "literal", "value": "shares border with"}}, {"subjectLabel": {"xml:lang": "en", "type": "literal", "value": "Levallois-Perret"}, "object": {"type": "uri", "value": "http://www.wikidata.org/entity/Q1082222"}, "objectLabel": {"xml:lang": "en", "type": "literal", "value": "Paris unit\u00e9 urbaine"}, "predicateLabel": {"xml:lang": "en", "type": "literal", "value": "located in statistical territorial entity"}}, {"subjectLabel": {"xml:lang": "en", "type": "literal", "value": "Levallois-Perret"}, "object": {"type": "uri", "value": "http://www.wikidata.org/entity/Q42635"}, "objectLabel": {"xml:lang": "en", "type": "literal", "value": "Wenzhou"}, "predicateLabel": {"xml:lang": "en", "type": "literal", "value": "twinned administrative body"}}, {"subjectLabel": {"xml:lang": "en", "type": "literal", "value": "Levallois-Perret"}, "object": {"type": "uri", "value": "http://www.wikidata.org/entity/Q48958"}, "objectLabel": {"xml:lang": "en", "type": "literal", "value": "Neuilly-sur-Seine"}, "predicateLabel": {"xml:lang": "en", "type": "literal", "value": "shares border with"}}, {"subjectLabel": {"xml:lang": "en", "type": "literal", "value": "Levallois-Perret"}, "object": {"type": "uri", "value": "http://www.wikidata.org/entity/Q19945128"}, "objectLabel": {"xml:lang": "en", "type": "literal", "value": "canton of Levallois-Perret"}, "predicateLabel": {"xml:lang": "en", "type": "literal", "value": "capital of"}}, {"subjectLabel": {"xml:lang": "en", "type": "literal", "value": "Levallois-Perret"}, "object": {"type": "uri", "value": "http://www.wikidata.org/entity/Q64160216"}, "objectLabel": {"xml:lang": "en", "type": "literal", "value": "archives municipales de Levallois-Perret"}, "predicateLabel": {"xml:lang": "en", "type": "literal", "value": "archives at"}}, {"subjectLabel": {"xml:lang": "en", "type": "literal", "value": "Levallois-Perret"}, "object": {"type": "uri", "value": "http://www.wikidata.org/entity/Q62586436"}, "objectLabel": {"xml:lang": "en", "type": "literal", "value": "Mayor of Levallois-Perret"}, "predicateLabel": {"xml:lang": "en", "type": "literal", "value": "office held by head of government"}}, {"subjectLabel": {"xml:lang": "en", "type": "literal", "value": "Levallois-Perret"}, "object": {"type": "uri", "value": "http://www.wikidata.org/entity/Q191415"}, "objectLabel": {"xml:lang": "en", "type": "literal", "value": "Asni\u00e8res-sur-Seine"}, "predicateLabel": {"xml:lang": "en", "type": "literal", "value": "shares border with"}}, {"subjectLabel": {"xml:lang": "en", "type": "literal", "value": "Levallois-Perret"}, "object": {"type": "uri", "value": "http://www.wikidata.org/entity/Q9225484"}, "objectLabel": {"xml:lang": "en", "type": "literal", "value": "Category:Births in Levallois-Perret"}, "predicateLabel": {"xml:lang": "en", "type": "literal", "value": "category for people born here"}}, {"subjectLabel": {"xml:lang": "en", "type": "literal", "value": "Levallois-Perret"}, "object": {"type": "uri", "value": "http://www.wikidata.org/entity/Q9218892"}, "objectLabel": {"xml:lang": "en", "type": "literal", "value": "Category:Deaths in Levallois-Perret"}, "predicateLabel": {"xml:lang": "en", "type": "literal", "value": "category for people who died here"}}, {"subjectLabel": {"xml:lang": "en", "type": "literal", "value": "Levallois-Perret"}, "object": {"type": "uri", "value": "http://www.wikidata.org/entity/Q9002890"}, "objectLabel": {"xml:lang": "en", "type": "literal", "value": "Category:Levallois-Perret"}, "predicateLabel": {"xml:lang": "en", "type": "literal", "value": "topic's main category"}}, {"subjectLabel": {"xml:lang": "en", "type": "literal", "value": "Levallois-Perret"}, "object": {"type": "uri", "value": "http://www.wikidata.org/entity/Q19945128"}, "objectLabel": {"xml:lang": "en", "type": "literal", "value": "canton of Levallois-Perret"}, "predicateLabel": {"xml:lang": "en", "type": "literal", "value": "associated electoral district"}}, {"subjectLabel": {"xml:lang": "en", "type": "literal", "value": "Levallois-Perret"}, "object": {"type": "uri", "value": "http://www.wikidata.org/entity/Q201982"}, "objectLabel": {"xml:lang": "en", "type": "literal", "value": "Clichy"}, "predicateLabel": {"xml:lang": "en", "type": "literal", "value": "shares border with"}}, {"subjectLabel": {"xml:lang": "en", "type": "literal", "value": "Levallois-Perret"}, "object": {"type": "uri", "value": "http://www.wikidata.org/entity/Q84096950"}, "objectLabel": {"xml:lang": "en", "type": "literal", "value": "Category:Maps of Levallois-Perret"}, "predicateLabel": {"xml:lang": "en", "type": "literal", "value": "category for maps"}}], "Q48958": [{"subjectLabel": {"xml:lang": "en", "type": "literal", "value": "Neuilly-sur-Seine"}, "object": {"type": "uri", "value": "http://www.wikidata.org/entity/Q90"}, "objectLabel": {"xml:lang": "en", "type": "literal", "value": "Paris"}, "predicateLabel": {"xml:lang": "en", "type": "literal", "value": "shares border with"}}, {"subjectLabel": {"xml:lang": "en", "type": "literal", "value": "Neuilly-sur-Seine"}, "object": {"type": "uri", "value": "http://www.wikidata.org/entity/Q8066339"}, "objectLabel": {"xml:lang": "en", "type": "literal", "value": "Category:People from Neuilly-sur-Seine"}, "predicateLabel": {"xml:lang": "en", "type": "literal", "value": "category of associated people"}}, {"subjectLabel": {"xml:lang": "en", "type": "literal", "value": "Neuilly-sur-Seine"}, "object": {"type": "uri", "value": "http://www.wikidata.org/entity/Q20791750"}, "objectLabel": {"xml:lang": "en", "type": "literal", "value": "Category:Burials in Neuilly-sur-Seine"}, "predicateLabel": {"xml:lang": "en", "type": "literal", "value": "category of people buried here"}}, {"subjectLabel": {"xml:lang": "en", "type": "literal", "value": "Neuilly-sur-Seine"}, "object": {"type": "uri", "value": "http://www.wikidata.org/entity/Q19945186"}, "objectLabel": {"xml:lang": "en", "type": "literal", "value": "canton of Neuilly-sur-Seine"}, "predicateLabel": {"xml:lang": "en", "type": "literal", "value": "associated electoral district"}}, {"subjectLabel": {"xml:lang": "en", "type": "literal", "value": "Neuilly-sur-Seine"}, "object": {"type": "uri", "value": "http://www.wikidata.org/entity/Q1082222"}, "objectLabel": {"xml:lang": "en", "type": "literal", "value": "Paris unit\u00e9 urbaine"}, "predicateLabel": {"xml:lang": "en", "type": "literal", "value": "located in statistical territorial entity"}}, {"subjectLabel": {"xml:lang": "en", "type": "literal", "value": "Neuilly-sur-Seine"}, "object": {"type": "uri", "value": "http://www.wikidata.org/entity/Q84042286"}, "objectLabel": {"xml:lang": "en", "type": "literal", "value": "Category:Maps of Neuilly-sur-Seine"}, "predicateLabel": {"xml:lang": "en", "type": "literal", "value": "category for maps"}}, {"subjectLabel": {"xml:lang": "en", "type": "literal", "value": "Neuilly-sur-Seine"}, "object": {"type": "uri", "value": "http://www.wikidata.org/entity/Q142"}, "objectLabel": {"xml:lang": "en", "type": "literal", "value": "France"}, "predicateLabel": {"xml:lang": "en", "type": "literal", "value": "country"}}, {"subjectLabel": {"xml:lang": "en", "type": "literal", "value": "Neuilly-sur-Seine"}, "object": {"type": "uri", "value": "http://www.wikidata.org/entity/Q3802"}, "objectLabel": {"xml:lang": "en", "type": "literal", "value": "Hanau"}, "predicateLabel": {"xml:lang": "en", "type": "literal", "value": "twinned administrative body"}}, {"subjectLabel": {"xml:lang": "en", "type": "literal", "value": "Neuilly-sur-Seine"}, "object": {"type": "uri", "value": "http://www.wikidata.org/entity/Q1471"}, "objectLabel": {"xml:lang": "en", "type": "literal", "value": "Seine"}, "predicateLabel": {"xml:lang": "en", "type": "literal", "value": "located in or next to body of water"}}, {"subjectLabel": {"xml:lang": "en", "type": "literal", "value": "Neuilly-sur-Seine"}, "object": {"type": "uri", "value": "http://www.wikidata.org/entity/Q1471"}, "objectLabel": {"xml:lang": "en", "type": "literal", "value": "Seine"}, "predicateLabel": {"xml:lang": "en", "type": "literal", "value": "named after"}}, {"subjectLabel": {"xml:lang": "en", "type": "literal", "value": "Neuilly-sur-Seine"}, "object": {"type": "uri", "value": "http://www.wikidata.org/entity/Q6723"}, "objectLabel": {"xml:lang": "en", "type": "literal", "value": "UTC+02:00"}, "predicateLabel": {"xml:lang": "en", "type": "literal", "value": "located in time zone"}}, {"subjectLabel": {"xml:lang": "en", "type": "literal", "value": "Neuilly-sur-Seine"}, "object": {"type": "uri", "value": "http://www.wikidata.org/entity/Q6655"}, "objectLabel": {"xml:lang": "en", "type": "literal", "value": "UTC+01:00"}, "predicateLabel": {"xml:lang": "en", "type": "literal", "value": "located in time zone"}}, {"subjectLabel": {"xml:lang": "en", "type": "literal", "value": "Neuilly-sur-Seine"}, "object": {"type": "uri", "value": "http://www.wikidata.org/entity/Q152491"}, "objectLabel": {"xml:lang": "en", "type": "literal", "value": "Herzliya"}, "predicateLabel": {"xml:lang": "en", "type": "literal", "value": "twinned administrative body"}}, {"subjectLabel": {"xml:lang": "en", "type": "literal", "value": "Neuilly-sur-Seine"}, "object": {"type": "uri", "value": "http://www.wikidata.org/entity/Q189715"}, "objectLabel": {"xml:lang": "en", "type": "literal", "value": "Courbevoie"}, "predicateLabel": {"xml:lang": "en", "type": "literal", "value": "shares border with"}}, {"subjectLabel": {"xml:lang": "en", "type": "literal", "value": "Neuilly-sur-Seine"}, "object": {"type": "uri", "value": "http://www.wikidata.org/entity/Q166640"}, "objectLabel": {"xml:lang": "en", "type": "literal", "value": "Levallois-Perret"}, "predicateLabel": {"xml:lang": "en", "type": "literal", "value": "shares border with"}}, {"subjectLabel": {"xml:lang": "en", "type": "literal", "value": "Neuilly-sur-Seine"}, "object": {"type": "uri", "value": "http://www.wikidata.org/entity/Q12543"}, "objectLabel": {"xml:lang": "en", "type": "literal", "value": "Hauts-de-Seine"}, "predicateLabel": {"xml:lang": "en", "type": "literal", "value": "located in the administrative territorial entity"}}, {"subjectLabel": {"xml:lang": "en", "type": "literal", "value": "Neuilly-sur-Seine"}, "object": {"type": "uri", "value": "http://www.wikidata.org/entity/Q234743"}, "objectLabel": {"xml:lang": "en", "type": "literal", "value": "Puteaux"}, "predicateLabel": {"xml:lang": "en", "type": "literal", "value": "shares border with"}}, {"subjectLabel": {"xml:lang": "en", "type": "literal", "value": "Neuilly-sur-Seine"}, "object": {"type": "uri", "value": "http://www.wikidata.org/entity/Q385728"}, "objectLabel": {"xml:lang": "en", "type": "literal", "value": "arrondissement of Nanterre"}, "predicateLabel": {"xml:lang": "en", "type": "literal", "value": "located in the administrative territorial entity"}}, {"subjectLabel": {"xml:lang": "en", "type": "literal", "value": "Neuilly-sur-Seine"}, "object": {"type": "uri", "value": "http://www.wikidata.org/entity/Q484170"}, "objectLabel": {"xml:lang": "en", "type": "literal", "value": "commune of France"}, "predicateLabel": {"xml:lang": "en", "type": "literal", "value": "instance of"}}, {"subjectLabel": {"xml:lang": "en", "type": "literal", "value": "Neuilly-sur-Seine"}, "object": {"type": "uri", "value": "http://www.wikidata.org/entity/Q203312"}, "objectLabel": {"xml:lang": "en", "type": "literal", "value": "Uccle - Ukkel"}, "predicateLabel": {"xml:lang": "en", "type": "literal", "value": "twinned administrative body"}}, {"subjectLabel": {"xml:lang": "en", "type": "literal", "value": "Neuilly-sur-Seine"}, "object": {"type": "uri", "value": "http://www.wikidata.org/entity/Q1142326"}, "objectLabel": {"xml:lang": "en", "type": "literal", "value": "Seine"}, "predicateLabel": {"xml:lang": "en", "type": "literal", "value": "located in the administrative territorial entity"}}, {"subjectLabel": {"xml:lang": "en", "type": "literal", "value": "Neuilly-sur-Seine"}, "object": {"type": "uri", "value": "http://www.wikidata.org/entity/Q1368496"}, "objectLabel": {"xml:lang": "en", "type": "literal", "value": "Windsor and Maidenhead"}, "predicateLabel": {"xml:lang": "en", "type": "literal", "value": "twinned administrative body"}}, {"subjectLabel": {"xml:lang": "en", "type": "literal", "value": "Neuilly-sur-Seine"}, "object": {"type": "uri", "value": "http://www.wikidata.org/entity/Q823306"}, "objectLabel": {"xml:lang": "en", "type": "literal", "value": "Concours des villes et villages fleuris"}, "predicateLabel": {"xml:lang": "en", "type": "literal", "value": "member of"}}, {"subjectLabel": {"xml:lang": "en", "type": "literal", "value": "Neuilly-sur-Seine"}, "object": {"type": "uri", "value": "http://www.wikidata.org/entity/Q867541"}, "objectLabel": {"xml:lang": "en", "type": "literal", "value": "Encyclop\u00e6dia Britannica 11th edition"}, "predicateLabel": {"xml:lang": "en", "type": "literal", "value": "described by source"}}, {"subjectLabel": {"xml:lang": "en", "type": "literal", "value": "Neuilly-sur-Seine"}, "object": {"type": "uri", "value": "http://www.wikidata.org/entity/Q19190511"}, "objectLabel": {"xml:lang": "en", "type": "literal", "value": "New Encyclopedic Dictionary"}, "predicateLabel": {"xml:lang": "en", "type": "literal", "value": "described by source"}}, {"subjectLabel": {"xml:lang": "en", "type": "literal", "value": "Neuilly-sur-Seine"}, "object": {"type": "uri", "value": "http://www.wikidata.org/entity/Q64159826"}, "objectLabel": {"xml:lang": "en", "type": "literal", "value": "archives municipales de Neuilly-sur-Seine"}, "predicateLabel": {"xml:lang": "en", "type": "literal", "value": "archives at"}}, {"subjectLabel": {"xml:lang": "en", "type": "literal", "value": "Neuilly-sur-Seine"}, "object": {"type": "uri", "value": "http://www.wikidata.org/entity/Q3164746"}, "objectLabel": {"xml:lang": "en", "type": "literal", "value": "Jean-Christophe Fromantin"}, "predicateLabel": {"xml:lang": "en", "type": "literal", "value": "head of government"}}, {"subjectLabel": {"xml:lang": "en", "type": "literal", "value": "Neuilly-sur-Seine"}, "object": {"type": "uri", "value": "http://www.wikidata.org/entity/Q61953099"}, "objectLabel": {"xml:lang": "en", "type": "literal", "value": "Mayor of Neuilly-sur-Seine"}, "predicateLabel": {"xml:lang": "en", "type": "literal", "value": "office held by head of government"}}, {"subjectLabel": {"xml:lang": "en", "type": "literal", "value": "Neuilly-sur-Seine"}, "object": {"type": "uri", "value": "http://www.wikidata.org/entity/Q2845750"}, "objectLabel": {"xml:lang": "en", "type": "literal", "value": "former 1st arrondissement of Paris"}, "predicateLabel": {"xml:lang": "en", "type": "literal", "value": "shares border with"}}, {"subjectLabel": {"xml:lang": "en", "type": "literal", "value": "Neuilly-sur-Seine"}, "object": {"type": "uri", "value": "http://www.wikidata.org/entity/Q9039851"}, "objectLabel": {"xml:lang": "en", "type": "literal", "value": "Category:Neuilly-sur-Seine"}, "predicateLabel": {"xml:lang": "en", "type": "literal", "value": "topic's main category"}}, {"subjectLabel": {"xml:lang": "en", "type": "literal", "value": "Neuilly-sur-Seine"}, "object": {"type": "uri", "value": "http://www.wikidata.org/entity/Q1521492"}, "objectLabel": {"xml:lang": "en", "type": "literal", "value": "Ghazaouet"}, "predicateLabel": {"xml:lang": "en", "type": "literal", "value": "twinned administrative body"}}, {"subjectLabel": {"xml:lang": "en", "type": "literal", "value": "Neuilly-sur-Seine"}, "object": {"type": "uri", "value": "http://www.wikidata.org/entity/Q16665915"}, "objectLabel": {"xml:lang": "en", "type": "literal", "value": "Grand Paris"}, "predicateLabel": {"xml:lang": "en", "type": "literal", "value": "located in the administrative territorial entity"}}, {"subjectLabel": {"xml:lang": "en", "type": "literal", "value": "Neuilly-sur-Seine"}, "object": {"type": "uri", "value": "http://www.wikidata.org/entity/Q4173137"}, "objectLabel": {"xml:lang": "en", "type": "literal", "value": "Jewish Encyclopedia of Brockhaus and Efron"}, "predicateLabel": {"xml:lang": "en", "type": "literal", "value": "described by source"}}, {"subjectLabel": {"xml:lang": "en", "type": "literal", "value": "Neuilly-sur-Seine"}, "object": {"type": "uri", "value": "http://www.wikidata.org/entity/Q1524987"}, "objectLabel": {"xml:lang": "en", "type": "literal", "value": "canton of Neuilly-sur-Seine-Nord"}, "predicateLabel": {"xml:lang": "en", "type": "literal", "value": "capital of"}}, {"subjectLabel": {"xml:lang": "en", "type": "literal", "value": "Neuilly-sur-Seine"}, "object": {"type": "uri", "value": "http://www.wikidata.org/entity/Q1524959"}, "objectLabel": {"xml:lang": "en", "type": "literal", "value": "canton of Neuilly-sur-Seine-Sud"}, "predicateLabel": {"xml:lang": "en", "type": "literal", "value": "capital of"}}, {"subjectLabel": {"xml:lang": "en", "type": "literal", "value": "Neuilly-sur-Seine"}, "object": {"type": "uri", "value": "http://www.wikidata.org/entity/Q9219262"}, "objectLabel": {"xml:lang": "en", "type": "literal", "value": "Category:Deaths in Neuilly-sur-Seine"}, "predicateLabel": {"xml:lang": "en", "type": "literal", "value": "category for people who died here"}}, {"subjectLabel": {"xml:lang": "en", "type": "literal", "value": "Neuilly-sur-Seine"}, "object": {"type": "uri", "value": "http://www.wikidata.org/entity/Q16750710"}, "objectLabel": {"xml:lang": "en", "type": "literal", "value": "Category:Births in Neuilly-sur-Seine"}, "predicateLabel": {"xml:lang": "en", "type": "literal", "value": "category for people born here"}}, {"subjectLabel": {"xml:lang": "en", "type": "literal", "value": "Neuilly-sur-Seine"}, "object": {"type": "uri", "value": "http://www.wikidata.org/entity/Q19945186"}, "objectLabel": {"xml:lang": "en", "type": "literal", "value": "canton of Neuilly-sur-Seine"}, "predicateLabel": {"xml:lang": "en", "type": "literal", "value": "capital of"}}], "Q163948": [{"subjectLabel": {"xml:lang": "en", "type": "literal", "value": "10th arrondissement of Paris"}, "object": {"type": "uri", "value": "http://www.wikidata.org/entity/Q142"}, "objectLabel": {"xml:lang": "en", "type": "literal", "value": "France"}, "predicateLabel": {"xml:lang": "en", "type": "literal", "value": "country"}}, {"subjectLabel": {"xml:lang": "en", "type": "literal", "value": "10th arrondissement of Paris"}, "object": {"type": "uri", "value": "http://www.wikidata.org/entity/Q90"}, "objectLabel": {"xml:lang": "en", "type": "literal", "value": "Paris"}, "predicateLabel": {"xml:lang": "en", "type": "literal", "value": "located in the administrative territorial entity"}}, {"subjectLabel": {"xml:lang": "en", "type": "literal", "value": "10th arrondissement of Paris"}, "object": {"type": "uri", "value": "http://www.wikidata.org/entity/Q42571685"}, "objectLabel": {"xml:lang": "en", "type": "literal", "value": "Alexandra Cordebard"}, "predicateLabel": {"xml:lang": "en", "type": "literal", "value": "head of government"}}, {"subjectLabel": {"xml:lang": "en", "type": "literal", "value": "10th arrondissement of Paris"}, "object": {"type": "uri", "value": "http://www.wikidata.org/entity/Q200126"}, "objectLabel": {"xml:lang": "en", "type": "literal", "value": "18th arrondissement of Paris"}, "predicateLabel": {"xml:lang": "en", "type": "literal", "value": "shares border with"}}, {"subjectLabel": {"xml:lang": "en", "type": "literal", "value": "10th arrondissement of Paris"}, "object": {"type": "uri", "value": "http://www.wikidata.org/entity/Q169293"}, "objectLabel": {"xml:lang": "en", "type": "literal", "value": "11th arrondissement of Paris"}, "predicateLabel": {"xml:lang": "en", "type": "literal", "value": "shares border with"}}, {"subjectLabel": {"xml:lang": "en", "type": "literal", "value": "10th arrondissement of Paris"}, "object": {"type": "uri", "value": "http://www.wikidata.org/entity/Q204622"}, "objectLabel": {"xml:lang": "en", "type": "literal", "value": "19th arrondissement of Paris"}, "predicateLabel": {"xml:lang": "en", "type": "literal", "value": "shares border with"}}, {"subjectLabel": {"xml:lang": "en", "type": "literal", "value": "10th arrondissement of Paris"}, "object": {"type": "uri", "value": "http://www.wikidata.org/entity/Q209549"}, "objectLabel": {"xml:lang": "en", "type": "literal", "value": "2nd arrondissement of Paris"}, "predicateLabel": {"xml:lang": "en", "type": "literal", "value": "shares border with"}}, {"subjectLabel": {"xml:lang": "en", "type": "literal", "value": "10th arrondissement of Paris"}, "object": {"type": "uri", "value": "http://www.wikidata.org/entity/Q275118"}, "objectLabel": {"xml:lang": "en", "type": "literal", "value": "9th arrondissement of Paris"}, "predicateLabel": {"xml:lang": "en", "type": "literal", "value": "shares border with"}}, {"subjectLabel": {"xml:lang": "en", "type": "literal", "value": "10th arrondissement of Paris"}, "object": {"type": "uri", "value": "http://www.wikidata.org/entity/Q223140"}, "objectLabel": {"xml:lang": "en", "type": "literal", "value": "3rd arrondissement of Paris"}, "predicateLabel": {"xml:lang": "en", "type": "literal", "value": "shares border with"}}, {"subjectLabel": {"xml:lang": "en", "type": "literal", "value": "10th arrondissement of Paris"}, "object": {"type": "uri", "value": "http://www.wikidata.org/entity/Q210720"}, "objectLabel": {"xml:lang": "en", "type": "literal", "value": "20th arrondissement of Paris"}, "predicateLabel": {"xml:lang": "en", "type": "literal", "value": "shares border with"}}, {"subjectLabel": {"xml:lang": "en", "type": "literal", "value": "10th arrondissement of Paris"}, "object": {"type": "uri", "value": "http://www.wikidata.org/entity/Q702842"}, "objectLabel": {"xml:lang": "en", "type": "literal", "value": "municipal arrondissement"}, "predicateLabel": {"xml:lang": "en", "type": "literal", "value": "instance of"}}, {"subjectLabel": {"xml:lang": "en", "type": "literal", "value": "10th arrondissement of Paris"}, "object": {"type": "uri", "value": "http://www.wikidata.org/entity/Q430241"}, "objectLabel": {"xml:lang": "en", "type": "literal", "value": "Quartier de la Porte-Saint-Denis"}, "predicateLabel": {"xml:lang": "en", "type": "literal", "value": "contains the administrative territorial entity"}}, {"subjectLabel": {"xml:lang": "en", "type": "literal", "value": "10th arrondissement of Paris"}, "object": {"type": "uri", "value": "http://www.wikidata.org/entity/Q3413184"}, "objectLabel": {"xml:lang": "en", "type": "literal", "value": "Quartier de l'H\u00f4pital-Saint-Louis"}, "predicateLabel": {"xml:lang": "en", "type": "literal", "value": "contains the administrative territorial entity"}}, {"subjectLabel": {"xml:lang": "en", "type": "literal", "value": "10th arrondissement of Paris"}, "object": {"type": "uri", "value": "http://www.wikidata.org/entity/Q3413132"}, "objectLabel": {"xml:lang": "en", "type": "literal", "value": "Quartier Saint-Vincent-de-Paul"}, "predicateLabel": {"xml:lang": "en", "type": "literal", "value": "contains the administrative territorial entity"}}, {"subjectLabel": {"xml:lang": "en", "type": "literal", "value": "10th arrondissement of Paris"}, "object": {"type": "uri", "value": "http://www.wikidata.org/entity/Q3413206"}, "objectLabel": {"xml:lang": "en", "type": "literal", "value": "Quartier de la Porte-Saint-Martin"}, "predicateLabel": {"xml:lang": "en", "type": "literal", "value": "contains the administrative territorial entity"}}, {"subjectLabel": {"xml:lang": "en", "type": "literal", "value": "10th arrondissement of Paris"}, "object": {"type": "uri", "value": "http://www.wikidata.org/entity/Q8087205"}, "objectLabel": {"xml:lang": "en", "type": "literal", "value": "Category:10th arrondissement of Paris"}, "predicateLabel": {"xml:lang": "en", "type": "literal", "value": "topic's main category"}}, {"subjectLabel": {"xml:lang": "en", "type": "literal", "value": "10th arrondissement of Paris"}, "object": {"type": "uri", "value": "http://www.wikidata.org/entity/Q13335172"}, "objectLabel": {"xml:lang": "en", "type": "literal", "value": "Category:Births in the 10th arrondissement of Paris"}, "predicateLabel": {"xml:lang": "en", "type": "literal", "value": "category for people born here"}}, {"subjectLabel": {"xml:lang": "en", "type": "literal", "value": "10th arrondissement of Paris"}, "object": {"type": "uri", "value": "http://www.wikidata.org/entity/Q83984450"}, "objectLabel": {"xml:lang": "en", "type": "literal", "value": "Category:Maps of Paris 10e arrondissement"}, "predicateLabel": {"xml:lang": "en", "type": "literal", "value": "category for maps"}}, {"subjectLabel": {"xml:lang": "en", "type": "literal", "value": "10th arrondissement of Paris"}, "object": {"type": "uri", "value": "http://www.wikidata.org/entity/Q2845756"}, "objectLabel": {"xml:lang": "en", "type": "literal", "value": "former 5th arrondissement of Paris"}, "predicateLabel": {"xml:lang": "en", "type": "literal", "value": "replaces"}}, {"subjectLabel": {"xml:lang": "en", "type": "literal", "value": "10th arrondissement of Paris"}, "object": {"type": "uri", "value": "http://www.wikidata.org/entity/Q9678669"}, "objectLabel": {"xml:lang": "en", "type": "literal", "value": "Category:Deaths in 10th arrondissement of Paris"}, "predicateLabel": {"xml:lang": "en", "type": "literal", "value": "category for people who died here"}}, {"subjectLabel": {"xml:lang": "en", "type": "literal", "value": "10th arrondissement of Paris"}, "object": {"type": "uri", "value": "http://www.wikidata.org/entity/Q10212193"}, "objectLabel": {"xml:lang": "en", "type": "literal", "value": "Category:Films shot in the 10th arrondissement of Paris"}, "predicateLabel": {"xml:lang": "en", "type": "literal", "value": "category for films shot at this location"}}], "Q3278478": [{"subjectLabel": {"xml:lang": "en", "type": "literal", "value": "municipality of Paris"}, "object": {"type": "uri", "value": "http://www.wikidata.org/entity/Q90"}, "objectLabel": {"xml:lang": "en", "type": "literal", "value": "Paris"}, "predicateLabel": {"xml:lang": "en", "type": "literal", "value": "headquarters location"}}, {"subjectLabel": {"xml:lang": "en", "type": "literal", "value": "municipality of Paris"}, "object": {"type": "uri", "value": "http://www.wikidata.org/entity/Q90"}, "objectLabel": {"xml:lang": "en", "type": "literal", "value": "Paris"}, "predicateLabel": {"xml:lang": "en", "type": "literal", "value": "applies to jurisdiction"}}, {"subjectLabel": {"xml:lang": "en", "type": "literal", "value": "municipality of Paris"}, "object": {"type": "uri", "value": "http://www.wikidata.org/entity/Q14657870"}, "objectLabel": {"xml:lang": "en", "type": "literal", "value": "Qwant"}, "predicateLabel": {"xml:lang": "en", "type": "literal", "value": "uses"}}, {"subjectLabel": {"xml:lang": "en", "type": "literal", "value": "municipality of Paris"}, "object": {"type": "uri", "value": "http://www.wikidata.org/entity/Q1021120"}, "objectLabel": {"xml:lang": "en", "type": "literal", "value": "participatory budgeting"}, "predicateLabel": {"xml:lang": "en", "type": "literal", "value": "uses"}}, {"subjectLabel": {"xml:lang": "en", "type": "literal", "value": "municipality of Paris"}, "object": {"type": "uri", "value": "http://www.wikidata.org/entity/Q640968"}, "objectLabel": {"xml:lang": "en", "type": "literal", "value": "H\u00f4tel de Ville, Paris"}, "predicateLabel": {"xml:lang": "en", "type": "literal", "value": "owner of"}}, {"subjectLabel": {"xml:lang": "en", "type": "literal", "value": "municipality of Paris"}, "object": {"type": "uri", "value": "http://www.wikidata.org/entity/Q33102558"}, "objectLabel": {"xml:lang": "en", "type": "literal", "value": "Aur\u00e9lie Robineau-Isra\u00ebl"}, "predicateLabel": {"xml:lang": "en", "type": "literal", "value": "general secretary"}}, {"subjectLabel": {"xml:lang": "en", "type": "literal", "value": "municipality of Paris"}, "object": {"type": "uri", "value": "http://www.wikidata.org/entity/Q142"}, "objectLabel": {"xml:lang": "en", "type": "literal", "value": "France"}, "predicateLabel": {"xml:lang": "en", "type": "literal", "value": "country"}}, {"subjectLabel": {"xml:lang": "en", "type": "literal", "value": "municipality of Paris"}, "object": {"type": "uri", "value": "http://www.wikidata.org/entity/Q6465"}, "objectLabel": {"xml:lang": "en", "type": "literal", "value": "department of France"}, "predicateLabel": {"xml:lang": "en", "type": "literal", "value": "legal form"}}, {"subjectLabel": {"xml:lang": "en", "type": "literal", "value": "municipality of Paris"}, "object": {"type": "uri", "value": "http://www.wikidata.org/entity/Q2851133"}, "objectLabel": {"xml:lang": "en", "type": "literal", "value": "Anne Hidalgo"}, "predicateLabel": {"xml:lang": "en", "type": "literal", "value": "head of government"}}, {"subjectLabel": {"xml:lang": "en", "type": "literal", "value": "municipality of Paris"}, "object": {"type": "uri", "value": "http://www.wikidata.org/entity/Q640968"}, "objectLabel": {"xml:lang": "en", "type": "literal", "value": "H\u00f4tel de Ville, Paris"}, "predicateLabel": {"xml:lang": "en", "type": "literal", "value": "official residence"}}, {"subjectLabel": {"xml:lang": "en", "type": "literal", "value": "municipality of Paris"}, "object": {"type": "uri", "value": "http://www.wikidata.org/entity/Q1469337"}, "objectLabel": {"xml:lang": "en", "type": "literal", "value": "place de l'H\u00f4tel-de-Ville - Esplanade de la Lib\u00e9ration"}, "predicateLabel": {"xml:lang": "en", "type": "literal", "value": "located on street"}}, {"subjectLabel": {"xml:lang": "en", "type": "literal", "value": "municipality of Paris"}, "object": {"type": "uri", "value": "http://www.wikidata.org/entity/Q86442081"}, "objectLabel": {"xml:lang": "en", "type": "literal", "value": "administration municipale of France"}, "predicateLabel": {"xml:lang": "en", "type": "literal", "value": "instance of"}}, {"subjectLabel": {"xml:lang": "en", "type": "literal", "value": "municipality of Paris"}, "object": {"type": "uri", "value": "http://www.wikidata.org/entity/Q3365279"}, "objectLabel": {"xml:lang": "en", "type": "literal", "value": "Paris Mus\u00e9es"}, "predicateLabel": {"xml:lang": "en", "type": "literal", "value": "has subsidiary"}}, {"subjectLabel": {"xml:lang": "en", "type": "literal", "value": "municipality of Paris"}, "object": {"type": "uri", "value": "http://www.wikidata.org/entity/Q3046689"}, "objectLabel": {"xml:lang": "en", "type": "literal", "value": "Eau de Paris"}, "predicateLabel": {"xml:lang": "en", "type": "literal", "value": "has subsidiary"}}, {"subjectLabel": {"xml:lang": "en", "type": "literal", "value": "municipality of Paris"}, "object": {"type": "uri", "value": "http://www.wikidata.org/entity/Q47783438"}, "objectLabel": {"xml:lang": "en", "type": "literal", "value": "Paris Habitat"}, "predicateLabel": {"xml:lang": "en", "type": "literal", "value": "has subsidiary"}}, {"subjectLabel": {"xml:lang": "en", "type": "literal", "value": "municipality of Paris"}, "object": {"type": "uri", "value": "http://www.wikidata.org/entity/Q3454997"}, "objectLabel": {"xml:lang": "en", "type": "literal", "value": "R\u00e9gie immobili\u00e8re de la ville de Paris"}, "predicateLabel": {"xml:lang": "en", "type": "literal", "value": "has subsidiary"}}, {"subjectLabel": {"xml:lang": "en", "type": "literal", "value": "municipality of Paris"}, "object": {"type": "uri", "value": "http://www.wikidata.org/entity/Q112035084"}, "objectLabel": {"xml:lang": "en", "type": "literal", "value": "Soci\u00e9t\u00e9s d'\u00e9conomie mixte de Paris"}, "predicateLabel": {"xml:lang": "en", "type": "literal", "value": "has subsidiary"}}, {"subjectLabel": {"xml:lang": "en", "type": "literal", "value": "municipality of Paris"}, "object": {"type": "uri", "value": "http://www.wikidata.org/entity/Q112166113"}, "objectLabel": {"xml:lang": "en", "type": "literal", "value": "administration publique g\u00e9n\u00e9rale"}, "predicateLabel": {"xml:lang": "en", "type": "literal", "value": "industry"}}]}