{"Q1096": [{"subjectLabel": {"xml:lang": "en", "type": "literal", "value": "tin"}, "object": {"type": "uri", "value": "http://www.wikidata.org/entity/Q11344"}, "objectLabel": {"xml:lang": "en", "type": "literal", "value": "chemical element"}, "predicateLabel": {"xml:lang": "en", "type": "literal", "value": "instance of"}}, {"subjectLabel": {"xml:lang": "en", "type": "literal", "value": "tin"}, "object": {"type": "uri", "value": "http://www.wikidata.org/entity/Q11426"}, "objectLabel": {"xml:lang": "en", "type": "literal", "value": "metal"}, "predicateLabel": {"xml:lang": "en", "type": "literal", "value": "subclass of"}}, {"subjectLabel": {"xml:lang": "en", "type": "literal", "value": "tin"}, "object": {"type": "uri", "value": "http://www.wikidata.org/entity/Q867541"}, "objectLabel": {"xml:lang": "en", "type": "literal", "value": "Encyclop\u00e6dia Britannica 11th edition"}, "predicateLabel": {"xml:lang": "en", "type": "literal", "value": "described by source"}}, {"subjectLabel": {"xml:lang": "en", "type": "literal", "value": "tin"}, "object": {"type": "uri", "value": "http://www.wikidata.org/entity/Q602358"}, "objectLabel": {"xml:lang": "en", "type": "literal", "value": "Brockhaus and Efron Encyclopedic Dictionary"}, "predicateLabel": {"xml:lang": "en", "type": "literal", "value": "described by source"}}, {"subjectLabel": {"xml:lang": "en", "type": "literal", "value": "tin"}, "object": {"type": "uri", "value": "http://www.wikidata.org/entity/Q19591"}, "objectLabel": {"xml:lang": "en", "type": "literal", "value": "post-transition metal"}, "predicateLabel": {"xml:lang": "en", "type": "literal", "value": "subclass of"}}, {"subjectLabel": {"xml:lang": "en", "type": "literal", "value": "tin"}, "object": {"type": "uri", "value": "http://www.wikidata.org/entity/Q5460604"}, "objectLabel": {"xml:lang": "en", "type": "literal", "value": "Wikipedia:List of articles all languages should have"}, "predicateLabel": {"xml:lang": "en", "type": "literal", "value": "on focus list of Wikimedia project"}}, {"subjectLabel": {"xml:lang": "en", "type": "literal", "value": "tin"}, "object": {"type": "uri", "value": "http://www.wikidata.org/entity/Q1768721"}, "objectLabel": {"xml:lang": "en", "type": "literal", "value": "Gujin Tushu Jicheng"}, "predicateLabel": {"xml:lang": "en", "type": "literal", "value": "described by source"}}, {"subjectLabel": {"xml:lang": "en", "type": "literal", "value": "tin"}, "object": {"type": "uri", "value": "http://www.wikidata.org/entity/Q4086271"}, "objectLabel": {"xml:lang": "en", "type": "literal", "value": "Bible Encyclopedia of Archimandrite Nicephorus"}, "predicateLabel": {"xml:lang": "en", "type": "literal", "value": "described by source"}}, {"subjectLabel": {"xml:lang": "en", "type": "literal", "value": "tin"}, "object": {"type": "uri", "value": "http://www.wikidata.org/entity/Q79529"}, "objectLabel": {"xml:lang": "en", "type": "literal", "value": "chemical substance"}, "predicateLabel": {"xml:lang": "en", "type": "literal", "value": "instance of"}}, {"subjectLabel": {"xml:lang": "en", "type": "literal", "value": "tin"}, "object": {"type": "uri", "value": "http://www.wikidata.org/entity/Q317802"}, "objectLabel": {"xml:lang": "en", "type": "literal", "value": "silver"}, "predicateLabel": {"xml:lang": "en", "type": "literal", "value": "color"}}, {"subjectLabel": {"xml:lang": "en", "type": "literal", "value": "tin"}, "object": {"type": "uri", "value": "http://www.wikidata.org/entity/Q244982"}, "objectLabel": {"xml:lang": "en", "type": "literal", "value": "period 5"}, "predicateLabel": {"xml:lang": "en", "type": "literal", "value": "subclass of"}}, {"subjectLabel": {"xml:lang": "en", "type": "literal", "value": "tin"}, "object": {"type": "uri", "value": "http://www.wikidata.org/entity/Q244982"}, "objectLabel": {"xml:lang": "en", "type": "literal", "value": "period 5"}, "predicateLabel": {"xml:lang": "en", "type": "literal", "value": "part of"}}, {"subjectLabel": {"xml:lang": "en", "type": "literal", "value": "tin"}, "object": {"type": "uri", "value": "http://www.wikidata.org/entity/Q2005334"}, "objectLabel": {"xml:lang": "en", "type": "literal", "value": "Regulation (EC) No. 1272/2008"}, "predicateLabel": {"xml:lang": "en", "type": "literal", "value": "safety classification and labelling"}}, {"subjectLabel": {"xml:lang": "en", "type": "literal", "value": "tin"}, "object": {"type": "uri", "value": "http://www.wikidata.org/entity/Q106693"}, "objectLabel": {"xml:lang": "en", "type": "literal", "value": "group 14"}, "predicateLabel": {"xml:lang": "en", "type": "literal", "value": "part of"}}, {"subjectLabel": {"xml:lang": "en", "type": "literal", "value": "tin"}, "object": {"type": "uri", "value": "http://www.wikidata.org/entity/Q19180675"}, "objectLabel": {"xml:lang": "en", "type": "literal", "value": "Small Brockhaus and Efron Encyclopedic Dictionary"}, "predicateLabel": {"xml:lang": "en", "type": "literal", "value": "described by source"}}, {"subjectLabel": {"xml:lang": "en", "type": "literal", "value": "tin"}, "object": {"type": "uri", "value": "http://www.wikidata.org/entity/Q123560817"}, "objectLabel": {"xml:lang": "en", "type": "literal", "value": "Armenian Soviet Encyclopedia, vol. 1"}, "predicateLabel": {"xml:lang": "en", "type": "literal", "value": "described by source"}}, {"subjectLabel": {"xml:lang": "en", "type": "literal", "value": "tin"}, "object": {"type": "uri", "value": "http://www.wikidata.org/entity/Q84668552"}, "objectLabel": {"xml:lang": "en", "type": "literal", "value": "Tin"}, "predicateLabel": {"xml:lang": "en", "type": "literal", "value": "described by source"}}, {"subjectLabel": {"xml:lang": "en", "type": "literal", "value": "tin"}, "object": {"type": "uri", "value": "http://www.wikidata.org/entity/Q56441911"}, "objectLabel": {"xml:lang": "en", "type": "literal", "value": "The Domestic Encyclop\u00e6dia; Or, A Dictionary Of Facts, And Useful Knowledge"}, "predicateLabel": {"xml:lang": "en", "type": "literal", "value": "described by source"}}, {"subjectLabel": {"xml:lang": "en", "type": "literal", "value": "tin"}, "object": {"type": "uri", "value": "http://www.wikidata.org/entity/Q19190511"}, "objectLabel": {"xml:lang": "en", "type": "literal", "value": "New Encyclopedic Dictionary"}, "predicateLabel": {"xml:lang": "en", "type": "literal", "value": "described by source"}}, {"subjectLabel": {"xml:lang": "en", "type": "literal", "value": "tin"}, "object": {"type": "uri", "value": "http://www.wikidata.org/entity/Q3886818"}, "objectLabel": {"xml:lang": "en", "type": "literal", "value": "antimony-doped tin oxide"}, "predicateLabel": {"xml:lang": "en", "type": "literal", "value": "part of"}}, {"subjectLabel": {"xml:lang": "en", "type": "literal", "value": "tin"}, "object": {"type": "uri", "value": "http://www.wikidata.org/entity/Q9104691"}, "objectLabel": {"xml:lang": "en", "type": "literal", "value": "Category:Tin"}, "predicateLabel": {"xml:lang": "en", "type": "literal", "value": "topic's main category"}}, {"subjectLabel": {"xml:lang": "en", "type": "literal", "value": "tin"}, "object": {"type": "uri", "value": "http://www.wikidata.org/entity/Q19752956"}, "objectLabel": {"xml:lang": "en", "type": "literal", "value": "Timah"}, "predicateLabel": {"xml:lang": "en", "type": "literal", "value": "different from"}}, {"subjectLabel": {"xml:lang": "en", "type": "literal", "value": "tin"}, "object": {"type": "uri", "value": "http://www.wikidata.org/entity/Q7831165"}, "objectLabel": {"xml:lang": "en", "type": "literal", "value": "trace metal"}, "predicateLabel": {"xml:lang": "en", "type": "literal", "value": "subject has role"}}, {"subjectLabel": {"xml:lang": "en", "type": "literal", "value": "tin"}, "object": {"type": "uri", "value": "http://www.wikidata.org/entity/Q6173448"}, "objectLabel": {"xml:lang": "en", "type": "literal", "value": "Wikipedia:Vital articles/Level/4"}, "predicateLabel": {"xml:lang": "en", "type": "literal", "value": "on focus list of Wikimedia project"}}, {"subjectLabel": {"xml:lang": "en", "type": "literal", "value": "tin"}, "object": {"type": "uri", "value": "http://www.wikidata.org/entity/Q7807844"}, "objectLabel": {"xml:lang": "en", "type": "literal", "value": "tin poisoning"}, "predicateLabel": {"xml:lang": "en", "type": "literal", "value": "has effect"}}], "Q105368": [{"subjectLabel": {"xml:lang": "en", "type": "literal", "value": "garnet group"}, "object": {"type": "uri", "value": "http://www.wikidata.org/entity/Q56441911"}, "objectLabel": {"xml:lang": "en", "type": "literal", "value": "The Domestic Encyclop\u00e6dia; Or, A Dictionary Of Facts, And Useful Knowledge"}, "predicateLabel": {"xml:lang": "en", "type": "literal", "value": "described by source"}}, {"subjectLabel": {"xml:lang": "en", "type": "literal", "value": "garnet group"}, "object": {"type": "uri", "value": "http://www.wikidata.org/entity/Q3142"}, "objectLabel": {"xml:lang": "en", "type": "literal", "value": "red"}, "predicateLabel": {"xml:lang": "en", "type": "literal", "value": "color"}}, {"subjectLabel": {"xml:lang": "en", "type": "literal", "value": "garnet group"}, "object": {"type": "uri", "value": "http://www.wikidata.org/entity/Q23444"}, "objectLabel": {"xml:lang": "en", "type": "literal", "value": "white"}, "predicateLabel": {"xml:lang": "en", "type": "literal", "value": "streak color"}}, {"subjectLabel": {"xml:lang": "en", "type": "literal", "value": "garnet group"}, "object": {"type": "uri", "value": "http://www.wikidata.org/entity/Q13188"}, "objectLabel": {"xml:lang": "en", "type": "literal", "value": "Punica granatum"}, "predicateLabel": {"xml:lang": "en", "type": "literal", "value": "named after"}}, {"subjectLabel": {"xml:lang": "en", "type": "literal", "value": "garnet group"}, "object": {"type": "uri", "value": "http://www.wikidata.org/entity/Q429635"}, "objectLabel": {"xml:lang": "en", "type": "literal", "value": "nesosilicates"}, "predicateLabel": {"xml:lang": "en", "type": "literal", "value": "subclass of"}}, {"subjectLabel": {"xml:lang": "en", "type": "literal", "value": "garnet group"}, "object": {"type": "uri", "value": "http://www.wikidata.org/entity/Q602358"}, "objectLabel": {"xml:lang": "en", "type": "literal", "value": "Brockhaus and Efron Encyclopedic Dictionary"}, "predicateLabel": {"xml:lang": "en", "type": "literal", "value": "described by source"}}, {"subjectLabel": {"xml:lang": "en", "type": "literal", "value": "garnet group"}, "object": {"type": "uri", "value": "http://www.wikidata.org/entity/Q473227"}, "objectLabel": {"xml:lang": "en", "type": "literal", "value": "cubic crystal system"}, "predicateLabel": {"xml:lang": "en", "type": "literal", "value": "crystal system"}}, {"subjectLabel": {"xml:lang": "en", "type": "literal", "value": "garnet group"}, "object": {"type": "uri", "value": "http://www.wikidata.org/entity/Q867541"}, "objectLabel": {"xml:lang": "en", "type": "literal", "value": "Encyclop\u00e6dia Britannica 11th edition"}, "predicateLabel": {"xml:lang": "en", "type": "literal", "value": "described by source"}}, {"subjectLabel": {"xml:lang": "en", "type": "literal", "value": "garnet group"}, "object": {"type": "uri", "value": "http://www.wikidata.org/entity/Q1970746"}, "objectLabel": {"xml:lang": "en", "type": "literal", "value": "Explanatory Dictionary of the Living Great Russian Language"}, "predicateLabel": {"xml:lang": "en", "type": "literal", "value": "described by source"}}, {"subjectLabel": {"xml:lang": "en", "type": "literal", "value": "garnet group"}, "object": {"type": "uri", "value": "http://www.wikidata.org/entity/Q2041543"}, "objectLabel": {"xml:lang": "en", "type": "literal", "value": "Ott\u016fv slovn\u00edk nau\u010dn\u00fd"}, "predicateLabel": {"xml:lang": "en", "type": "literal", "value": "described by source"}}, {"subjectLabel": {"xml:lang": "en", "type": "literal", "value": "garnet group"}, "object": {"type": "uri", "value": "http://www.wikidata.org/entity/Q2657718"}, "objectLabel": {"xml:lang": "en", "type": "literal", "value": "Armenian Soviet Encyclopedia"}, "predicateLabel": {"xml:lang": "en", "type": "literal", "value": "described by source"}}, {"subjectLabel": {"xml:lang": "en", "type": "literal", "value": "garnet group"}, "object": {"type": "uri", "value": "http://www.wikidata.org/entity/Q3181656"}, "objectLabel": {"xml:lang": "en", "type": "literal", "value": "The Nuttall Encyclop\u00e6dia"}, "predicateLabel": {"xml:lang": "en", "type": "literal", "value": "described by source"}}, {"subjectLabel": {"xml:lang": "en", "type": "literal", "value": "garnet group"}, "object": {"type": "uri", "value": "http://www.wikidata.org/entity/Q1936581"}, "objectLabel": {"xml:lang": "en", "type": "literal", "value": "mineral group"}, "predicateLabel": {"xml:lang": "en", "type": "literal", "value": "instance of"}}, {"subjectLabel": {"xml:lang": "en", "type": "literal", "value": "garnet group"}, "object": {"type": "uri", "value": "http://www.wikidata.org/entity/Q11985097"}, "objectLabel": {"xml:lang": "en", "type": "literal", "value": "garnet supergroup"}, "predicateLabel": {"xml:lang": "en", "type": "literal", "value": "subclass of"}}, {"subjectLabel": {"xml:lang": "en", "type": "literal", "value": "garnet group"}, "object": {"type": "uri", "value": "http://www.wikidata.org/entity/Q7255558"}, "objectLabel": {"xml:lang": "en", "type": "literal", "value": "Category:Garnet group"}, "predicateLabel": {"xml:lang": "en", "type": "literal", "value": "topic's main category"}}, {"subjectLabel": {"xml:lang": "en", "type": "literal", "value": "garnet group"}, "object": {"type": "uri", "value": "http://www.wikidata.org/entity/Q16082057"}, "objectLabel": {"xml:lang": "en", "type": "literal", "value": "The New Student's Reference Work"}, "predicateLabel": {"xml:lang": "en", "type": "literal", "value": "described by source"}}, {"subjectLabel": {"xml:lang": "en", "type": "literal", "value": "garnet group"}, "object": {"type": "uri", "value": "http://www.wikidata.org/entity/Q19180675"}, "objectLabel": {"xml:lang": "en", "type": "literal", "value": "Small Brockhaus and Efron Encyclopedic Dictionary"}, "predicateLabel": {"xml:lang": "en", "type": "literal", "value": "described by source"}}, {"subjectLabel": {"xml:lang": "en", "type": "literal", "value": "garnet group"}, "object": {"type": "uri", "value": "http://www.wikidata.org/entity/Q4086271"}, "objectLabel": {"xml:lang": "en", "type": "literal", "value": "Bible Encyclopedia of Archimandrite Nicephorus"}, "predicateLabel": {"xml:lang": "en", "type": "literal", "value": "described by source"}}], "Q32768": [{"subjectLabel": {"xml:lang": "en", "type": "literal", "value": "Anglo-Saxons"}, "object": {"type": "uri", "value": "http://www.wikidata.org/entity/Q6173448"}, "objectLabel": {"xml:lang": "en", "type": "literal", "value": "Wikipedia:Vital articles/Level/4"}, "predicateLabel": {"xml:lang": "en", "type": "literal", "value": "on focus list of Wikimedia project"}}, {"subjectLabel": {"xml:lang": "en", "type": "literal", "value": "Anglo-Saxons"}, "object": {"type": "uri", "value": "http://www.wikidata.org/entity/Q41710"}, "objectLabel": {"xml:lang": "en", "type": "literal", "value": "ethnic group"}, "predicateLabel": {"xml:lang": "en", "type": "literal", "value": "instance of"}}, {"subjectLabel": {"xml:lang": "en", "type": "literal", "value": "Anglo-Saxons"}, "object": {"type": "uri", "value": "http://www.wikidata.org/entity/Q117871613"}, "objectLabel": {"xml:lang": "en", "type": "literal", "value": "Anglo-Saxons"}, "predicateLabel": {"xml:lang": "en", "type": "literal", "value": "different from"}}, {"subjectLabel": {"xml:lang": "en", "type": "literal", "value": "Anglo-Saxons"}, "object": {"type": "uri", "value": "http://www.wikidata.org/entity/Q867541"}, "objectLabel": {"xml:lang": "en", "type": "literal", "value": "Encyclop\u00e6dia Britannica 11th edition"}, "predicateLabel": {"xml:lang": "en", "type": "literal", "value": "described by source"}}, {"subjectLabel": {"xml:lang": "en", "type": "literal", "value": "Anglo-Saxons"}, "object": {"type": "uri", "value": "http://www.wikidata.org/entity/Q4532135"}, "objectLabel": {"xml:lang": "en", "type": "literal", "value": "Encyclopedic Lexicon"}, "predicateLabel": {"xml:lang": "en", "type": "literal", "value": "described by source"}}, {"subjectLabel": {"xml:lang": "en", "type": "literal", "value": "Anglo-Saxons"}, "object": {"type": "uri", "value": "http://www.wikidata.org/entity/Q123560817"}, "objectLabel": {"xml:lang": "en", "type": "literal", "value": "Armenian Soviet Encyclopedia, vol. 1"}, "predicateLabel": {"xml:lang": "en", "type": "literal", "value": "described by source"}}, {"subjectLabel": {"xml:lang": "en", "type": "literal", "value": "Anglo-Saxons"}, "object": {"type": "uri", "value": "http://www.wikidata.org/entity/Q47243373"}, "objectLabel": {"xml:lang": "en", "type": "literal", "value": "A History of Wales"}, "predicateLabel": {"xml:lang": "en", "type": "literal", "value": "described by source"}}, {"subjectLabel": {"xml:lang": "en", "type": "literal", "value": "Anglo-Saxons"}, "object": {"type": "uri", "value": "http://www.wikidata.org/entity/Q7031509"}, "objectLabel": {"xml:lang": "en", "type": "literal", "value": "Category:Anglo-Saxon people"}, "predicateLabel": {"xml:lang": "en", "type": "literal", "value": "topic's main category"}}, {"subjectLabel": {"xml:lang": "en", "type": "literal", "value": "Anglo-Saxons"}, "object": {"type": "uri", "value": "http://www.wikidata.org/entity/Q19180675"}, "objectLabel": {"xml:lang": "en", "type": "literal", "value": "Small Brockhaus and Efron Encyclopedic Dictionary"}, "predicateLabel": {"xml:lang": "en", "type": "literal", "value": "described by source"}}, {"subjectLabel": {"xml:lang": "en", "type": "literal", "value": "Anglo-Saxons"}, "object": {"type": "uri", "value": "http://www.wikidata.org/entity/Q20078554"}, "objectLabel": {"xml:lang": "en", "type": "literal", "value": "Great Soviet Encyclopedia (1926\u20131947)"}, "predicateLabel": {"xml:lang": "en", "type": "literal", "value": "described by source"}}, {"subjectLabel": {"xml:lang": "en", "type": "literal", "value": "Anglo-Saxons"}, "object": {"type": "uri", "value": "http://www.wikidata.org/entity/Q20096917"}, "objectLabel": {"xml:lang": "en", "type": "literal", "value": "Encyclop\u00e6dia Britannica Ninth Edition"}, "predicateLabel": {"xml:lang": "en", "type": "literal", "value": "described by source"}}, {"subjectLabel": {"xml:lang": "en", "type": "literal", "value": "Anglo-Saxons"}, "object": {"type": "uri", "value": "http://www.wikidata.org/entity/Q133311"}, "objectLabel": {"xml:lang": "en", "type": "literal", "value": "tribe"}, "predicateLabel": {"xml:lang": "en", "type": "literal", "value": "subclass of"}}, {"subjectLabel": {"xml:lang": "en", "type": "literal", "value": "Anglo-Saxons"}, "object": {"type": "uri", "value": "http://www.wikidata.org/entity/Q602358"}, "objectLabel": {"xml:lang": "en", "type": "literal", "value": "Brockhaus and Efron Encyclopedic Dictionary"}, "predicateLabel": {"xml:lang": "en", "type": "literal", "value": "described by source"}}, {"subjectLabel": {"xml:lang": "en", "type": "literal", "value": "Anglo-Saxons"}, "object": {"type": "uri", "value": "http://www.wikidata.org/entity/Q9253865"}, "objectLabel": {"xml:lang": "en", "type": "literal", "value": "Church Encyclopedia"}, "predicateLabel": {"xml:lang": "en", "type": "literal", "value": "described by source"}}, {"subjectLabel": {"xml:lang": "en", "type": "literal", "value": "Anglo-Saxons"}, "object": {"type": "uri", "value": "http://www.wikidata.org/entity/Q16082057"}, "objectLabel": {"xml:lang": "en", "type": "literal", "value": "The New Student's Reference Work"}, "predicateLabel": {"xml:lang": "en", "type": "literal", "value": "described by source"}}, {"subjectLabel": {"xml:lang": "en", "type": "literal", "value": "Anglo-Saxons"}, "object": {"type": "uri", "value": "http://www.wikidata.org/entity/Q4532138"}, "objectLabel": {"xml:lang": "en", "type": "literal", "value": "Granat Encyclopedic Dictionary"}, "predicateLabel": {"xml:lang": "en", "type": "literal", "value": "described by source"}}], "Q173603": [{"subjectLabel": {"xml:lang": "en", "type": "literal", "value": "helmet"}, "object": {"type": "uri", "value": "http://www.wikidata.org/entity/Q7034568"}, "objectLabel": {"xml:lang": "en", "type": "literal", "value": "Nijmegen Helmet"}, "predicateLabel": {"xml:lang": "en", "type": "literal", "value": "model item"}}, {"subjectLabel": {"xml:lang": "en", "type": "literal", "value": "helmet"}, "object": {"type": "uri", "value": "http://www.wikidata.org/entity/Q602358"}, "objectLabel": {"xml:lang": "en", "type": "literal", "value": "Brockhaus and Efron Encyclopedic Dictionary"}, "predicateLabel": {"xml:lang": "en", "type": "literal", "value": "described by source"}}, {"subjectLabel": {"xml:lang": "en", "type": "literal", "value": "helmet"}, "object": {"type": "uri", "value": "http://www.wikidata.org/entity/Q485027"}, "objectLabel": {"xml:lang": "en", "type": "literal", "value": "body armor"}, "predicateLabel": {"xml:lang": "en", "type": "literal", "value": "subclass of"}}, {"subjectLabel": {"xml:lang": "en", "type": "literal", "value": "helmet"}, "object": {"type": "uri", "value": "http://www.wikidata.org/entity/Q14952"}, "objectLabel": {"xml:lang": "en", "type": "literal", "value": "headgear"}, "predicateLabel": {"xml:lang": "en", "type": "literal", "value": "subclass of"}}, {"subjectLabel": {"xml:lang": "en", "type": "literal", "value": "helmet"}, "object": {"type": "uri", "value": "http://www.wikidata.org/entity/Q1333024"}, "objectLabel": {"xml:lang": "en", "type": "literal", "value": "personal protective equipment"}, "predicateLabel": {"xml:lang": "en", "type": "literal", "value": "subclass of"}}, {"subjectLabel": {"xml:lang": "en", "type": "literal", "value": "helmet"}, "object": {"type": "uri", "value": "http://www.wikidata.org/entity/Q6173448"}, "objectLabel": {"xml:lang": "en", "type": "literal", "value": "Wikipedia:Vital articles/Level/4"}, "predicateLabel": {"xml:lang": "en", "type": "literal", "value": "on focus list of Wikimedia project"}}, {"subjectLabel": {"xml:lang": "en", "type": "literal", "value": "helmet"}, "object": {"type": "uri", "value": "http://www.wikidata.org/entity/Q9150862"}, "objectLabel": {"xml:lang": "en", "type": "literal", "value": "Category:Helmets"}, "predicateLabel": {"xml:lang": "en", "type": "literal", "value": "topic's main category"}}, {"subjectLabel": {"xml:lang": "en", "type": "literal", "value": "helmet"}, "object": {"type": "uri", "value": "http://www.wikidata.org/entity/Q99982228"}, "objectLabel": {"xml:lang": "en", "type": "literal", "value": "The Fairchild Books Dictionary of Fashion"}, "predicateLabel": {"xml:lang": "en", "type": "literal", "value": "described by source"}}, {"subjectLabel": {"xml:lang": "en", "type": "literal", "value": "helmet"}, "object": {"type": "uri", "value": "http://www.wikidata.org/entity/Q106727050"}, "objectLabel": {"xml:lang": "en", "type": "literal", "value": "Metropolitan Museum of Art Tagging Vocabulary"}, "predicateLabel": {"xml:lang": "en", "type": "literal", "value": "described by source"}}, {"subjectLabel": {"xml:lang": "en", "type": "literal", "value": "helmet"}, "object": {"type": "uri", "value": "http://www.wikidata.org/entity/Q15987490"}, "objectLabel": {"xml:lang": "en", "type": "literal", "value": "1922 Encyclop\u00e6dia Britannica"}, "predicateLabel": {"xml:lang": "en", "type": "literal", "value": "described by source"}}, {"subjectLabel": {"xml:lang": "en", "type": "literal", "value": "helmet"}, "object": {"type": "uri", "value": "http://www.wikidata.org/entity/Q124737637"}, "objectLabel": {"xml:lang": "en", "type": "literal", "value": "Armenian Soviet Encyclopedia, vol. 10"}, "predicateLabel": {"xml:lang": "en", "type": "literal", "value": "described by source"}}], "Q598227": [{"subjectLabel": {"xml:lang": "en", "type": "literal", "value": "militaria"}, "object": {"type": "uri", "value": "http://www.wikidata.org/entity/Q1969448"}, "objectLabel": {"xml:lang": "en", "type": "literal", "value": "term"}, "predicateLabel": {"xml:lang": "en", "type": "literal", "value": "instance of"}}, {"subjectLabel": {"xml:lang": "en", "type": "literal", "value": "militaria"}, "object": {"type": "uri", "value": "http://www.wikidata.org/entity/Q11989025"}, "objectLabel": {"xml:lang": "en", "type": "literal", "value": "memorabilia"}, "predicateLabel": {"xml:lang": "en", "type": "literal", "value": "subclass of"}}, {"subjectLabel": {"xml:lang": "en", "type": "literal", "value": "militaria"}, "object": {"type": "uri", "value": "http://www.wikidata.org/entity/Q8205328"}, "objectLabel": {"xml:lang": "en", "type": "literal", "value": "artificial physical object"}, "predicateLabel": {"xml:lang": "en", "type": "literal", "value": "subclass of"}}, {"subjectLabel": {"xml:lang": "en", "type": "literal", "value": "militaria"}, "object": {"type": "uri", "value": "http://www.wikidata.org/entity/Q772547"}, "objectLabel": {"xml:lang": "en", "type": "literal", "value": "armed forces"}, "predicateLabel": {"xml:lang": "en", "type": "literal", "value": "different from"}}, {"subjectLabel": {"xml:lang": "en", "type": "literal", "value": "militaria"}, "object": {"type": "uri", "value": "http://www.wikidata.org/entity/Q18643213"}, "objectLabel": {"xml:lang": "en", "type": "literal", "value": "military equipment"}, "predicateLabel": {"xml:lang": "en", "type": "literal", "value": "subclass of"}}, {"subjectLabel": {"xml:lang": "en", "type": "literal", "value": "militaria"}, "object": {"type": "uri", "value": "http://www.wikidata.org/entity/Q18593264"}, "objectLabel": {"xml:lang": "en", "type": "literal", "value": "item of collection or exhibition"}, "predicateLabel": {"xml:lang": "en", "type": "literal", "value": "subclass of"}}, {"subjectLabel": {"xml:lang": "en", "type": "literal", "value": "militaria"}, "object": {"type": "uri", "value": "http://www.wikidata.org/entity/Q13508570"}, "objectLabel": {"xml:lang": "en", "type": "literal", "value": "Category:Militaria"}, "predicateLabel": {"xml:lang": "en", "type": "literal", "value": "topic's main category"}}], "Q503256": [{"subjectLabel": {"xml:lang": "en", "type": "literal", "value": "Sutton Hoo"}, "object": {"type": "uri", "value": "http://www.wikidata.org/entity/Q570116"}, "objectLabel": {"xml:lang": "en", "type": "literal", "value": "tourist attraction"}, "predicateLabel": {"xml:lang": "en", "type": "literal", "value": "instance of"}}, {"subjectLabel": {"xml:lang": "en", "type": "literal", "value": "Sutton Hoo"}, "object": {"type": "uri", "value": "http://www.wikidata.org/entity/Q333515"}, "objectLabel": {"xml:lang": "en", "type": "literal", "value": "National Trust"}, "predicateLabel": {"xml:lang": "en", "type": "literal", "value": "owned by"}}, {"subjectLabel": {"xml:lang": "en", "type": "literal", "value": "Sutton Hoo"}, "object": {"type": "uri", "value": "http://www.wikidata.org/entity/Q839954"}, "objectLabel": {"xml:lang": "en", "type": "literal", "value": "archaeological site"}, "predicateLabel": {"xml:lang": "en", "type": "literal", "value": "instance of"}}, {"subjectLabel": {"xml:lang": "en", "type": "literal", "value": "Sutton Hoo"}, "object": {"type": "uri", "value": "http://www.wikidata.org/entity/Q333515"}, "objectLabel": {"xml:lang": "en", "type": "literal", "value": "National Trust"}, "predicateLabel": {"xml:lang": "en", "type": "literal", "value": "maintained by"}}, {"subjectLabel": {"xml:lang": "en", "type": "literal", "value": "Sutton Hoo"}, "object": {"type": "uri", "value": "http://www.wikidata.org/entity/Q145"}, "objectLabel": {"xml:lang": "en", "type": "literal", "value": "United Kingdom"}, "predicateLabel": {"xml:lang": "en", "type": "literal", "value": "country"}}, {"subjectLabel": {"xml:lang": "en", "type": "literal", "value": "Sutton Hoo"}, "object": {"type": "uri", "value": "http://www.wikidata.org/entity/Q333515"}, "objectLabel": {"xml:lang": "en", "type": "literal", "value": "National Trust"}, "predicateLabel": {"xml:lang": "en", "type": "literal", "value": "operator"}}, {"subjectLabel": {"xml:lang": "en", "type": "literal", "value": "Sutton Hoo"}, "object": {"type": "uri", "value": "http://www.wikidata.org/entity/Q3388575"}, "objectLabel": {"xml:lang": "en", "type": "literal", "value": "Sutton"}, "predicateLabel": {"xml:lang": "en", "type": "literal", "value": "located in the administrative territorial entity"}}, {"subjectLabel": {"xml:lang": "en", "type": "literal", "value": "Sutton Hoo"}, "object": {"type": "uri", "value": "http://www.wikidata.org/entity/Q219538"}, "objectLabel": {"xml:lang": "en", "type": "literal", "value": "scheduled monument"}, "predicateLabel": {"xml:lang": "en", "type": "literal", "value": "heritage designation"}}, {"subjectLabel": {"xml:lang": "en", "type": "literal", "value": "Sutton Hoo"}, "object": {"type": "uri", "value": "http://www.wikidata.org/entity/Q2775009"}, "objectLabel": {"xml:lang": "en", "type": "literal", "value": "accessible toilet"}, "predicateLabel": {"xml:lang": "en", "type": "literal", "value": "has facility"}}, {"subjectLabel": {"xml:lang": "en", "type": "literal", "value": "Sutton Hoo"}, "object": {"type": "uri", "value": "http://www.wikidata.org/entity/Q4867128"}, "objectLabel": {"xml:lang": "en", "type": "literal", "value": "Basil Brown"}, "predicateLabel": {"xml:lang": "en", "type": "literal", "value": "director of archaeological fieldwork"}}, {"subjectLabel": {"xml:lang": "en", "type": "literal", "value": "Sutton Hoo"}, "object": {"type": "uri", "value": "http://www.wikidata.org/entity/Q5081638"}, "objectLabel": {"xml:lang": "en", "type": "literal", "value": "Charles Phillips"}, "predicateLabel": {"xml:lang": "en", "type": "literal", "value": "director of archaeological fieldwork"}}, {"subjectLabel": {"xml:lang": "en", "type": "literal", "value": "Sutton Hoo"}, "object": {"type": "uri", "value": "http://www.wikidata.org/entity/Q67574715"}, "objectLabel": {"xml:lang": "en", "type": "literal", "value": "Suffolk"}, "predicateLabel": {"xml:lang": "en", "type": "literal", "value": "historic county"}}], "Q23308": [{"subjectLabel": {"xml:lang": "en", "type": "literal", "value": "British Library"}, "object": {"type": "uri", "value": "http://www.wikidata.org/entity/Q19085957"}, "objectLabel": {"xml:lang": "en", "type": "literal", "value": "The Encyclopedia Americana"}, "predicateLabel": {"xml:lang": "en", "type": "literal", "value": "described by source"}}, {"subjectLabel": {"xml:lang": "en", "type": "literal", "value": "British Library"}, "object": {"type": "uri", "value": "http://www.wikidata.org/entity/Q73357989"}, "objectLabel": {"xml:lang": "en", "type": "literal", "value": "Survey of GLAM open access policy and practice"}, "predicateLabel": {"xml:lang": "en", "type": "literal", "value": "described by source"}}, {"subjectLabel": {"xml:lang": "en", "type": "literal", "value": "British Library"}, "object": {"type": "uri", "value": "http://www.wikidata.org/entity/Q84"}, "objectLabel": {"xml:lang": "en", "type": "literal", "value": "London"}, "predicateLabel": {"xml:lang": "en", "type": "literal", "value": "headquarters location"}}, {"subjectLabel": {"xml:lang": "en", "type": "literal", "value": "British Library"}, "object": {"type": "uri", "value": "http://www.wikidata.org/entity/Q145"}, "objectLabel": {"xml:lang": "en", "type": "literal", "value": "United Kingdom"}, "predicateLabel": {"xml:lang": "en", "type": "literal", "value": "country"}}, {"subjectLabel": {"xml:lang": "en", "type": "literal", "value": "British Library"}, "object": {"type": "uri", "value": "http://www.wikidata.org/entity/P5199"}, "objectLabel": {"xml:lang": "en", "type": "literal", "value": "British Library system number"}, "predicateLabel": {"xml:lang": "en", "type": "literal", "value": "Wikidata property"}}, {"subjectLabel": {"xml:lang": "en", "type": "literal", "value": "British Library"}, "object": {"type": "uri", "value": "http://www.wikidata.org/entity/Q1860"}, "objectLabel": {"xml:lang": "en", "type": "literal", "value": "English"}, "predicateLabel": {"xml:lang": "en", "type": "literal", "value": "language used"}}, {"subjectLabel": {"xml:lang": "en", "type": "literal", "value": "British Library"}, "object": {"type": "uri", "value": "http://www.wikidata.org/entity/Q856584"}, "objectLabel": {"xml:lang": "en", "type": "literal", "value": "library building"}, "predicateLabel": {"xml:lang": "en", "type": "literal", "value": "instance of"}}, {"subjectLabel": {"xml:lang": "en", "type": "literal", "value": "British Library"}, "object": {"type": "uri", "value": "http://www.wikidata.org/entity/Q1438040"}, "objectLabel": {"xml:lang": "en", "type": "literal", "value": "research library"}, "predicateLabel": {"xml:lang": "en", "type": "literal", "value": "instance of"}}, {"subjectLabel": {"xml:lang": "en", "type": "literal", "value": "British Library"}, "object": {"type": "uri", "value": "http://www.wikidata.org/entity/Q19861084"}, "objectLabel": {"xml:lang": "en", "type": "literal", "value": "ORCID, Inc."}, "predicateLabel": {"xml:lang": "en", "type": "literal", "value": "member of"}}, {"subjectLabel": {"xml:lang": "en", "type": "literal", "value": "British Library"}, "object": {"type": "uri", "value": "http://www.wikidata.org/entity/Q910019"}, "objectLabel": {"xml:lang": "en", "type": "literal", "value": "Department for Culture, Media and Sport"}, "predicateLabel": {"xml:lang": "en", "type": "literal", "value": "owned by"}}, {"subjectLabel": {"xml:lang": "en", "type": "literal", "value": "British Library"}, "object": {"type": "uri", "value": "http://www.wikidata.org/entity/Q22806"}, "objectLabel": {"xml:lang": "en", "type": "literal", "value": "national library"}, "predicateLabel": {"xml:lang": "en", "type": "literal", "value": "instance of"}}, {"subjectLabel": {"xml:lang": "en", "type": "literal", "value": "British Library"}, "object": {"type": "uri", "value": "http://www.wikidata.org/entity/Q7864972"}, "objectLabel": {"xml:lang": "en", "type": "literal", "value": "UK Web Archive"}, "predicateLabel": {"xml:lang": "en", "type": "literal", "value": "has subsidiary"}}, {"subjectLabel": {"xml:lang": "en", "type": "literal", "value": "British Library"}, "object": {"type": "uri", "value": "http://www.wikidata.org/entity/Q7796657"}, "objectLabel": {"xml:lang": "en", "type": "literal", "value": "Thorp Arch Trading Estate"}, "predicateLabel": {"xml:lang": "en", "type": "literal", "value": "location"}}, {"subjectLabel": {"xml:lang": "en", "type": "literal", "value": "British Library"}, "object": {"type": "uri", "value": "http://www.wikidata.org/entity/Q5275956"}, "objectLabel": {"xml:lang": "en", "type": "literal", "value": "Digital Preservation Coalition"}, "predicateLabel": {"xml:lang": "en", "type": "literal", "value": "member of"}}, {"subjectLabel": {"xml:lang": "en", "type": "literal", "value": "British Library"}, "object": {"type": "uri", "value": "http://www.wikidata.org/entity/Q7315113"}, "objectLabel": {"xml:lang": "en", "type": "literal", "value": "Research Libraries UK"}, "predicateLabel": {"xml:lang": "en", "type": "literal", "value": "member of"}}, {"subjectLabel": {"xml:lang": "en", "type": "literal", "value": "British Library"}, "object": {"type": "uri", "value": "http://www.wikidata.org/entity/Q7389213"}, "objectLabel": {"xml:lang": "en", "type": "literal", "value": "SCONUL"}, "predicateLabel": {"xml:lang": "en", "type": "literal", "value": "member of"}}, {"subjectLabel": {"xml:lang": "en", "type": "literal", "value": "British Library"}, "object": {"type": "uri", "value": "http://www.wikidata.org/entity/Q15700818"}, "objectLabel": {"xml:lang": "en", "type": "literal", "value": "Grade I listed building"}, "predicateLabel": {"xml:lang": "en", "type": "literal", "value": "heritage designation"}}, {"subjectLabel": {"xml:lang": "en", "type": "literal", "value": "British Library"}, "object": {"type": "uri", "value": "http://www.wikidata.org/entity/Q7316941"}, "objectLabel": {"xml:lang": "en", "type": "literal", "value": "Category:British Library"}, "predicateLabel": {"xml:lang": "en", "type": "literal", "value": "topic's main category"}}, {"subjectLabel": {"xml:lang": "en", "type": "literal", "value": "British Library"}, "object": {"type": "uri", "value": "http://www.wikidata.org/entity/Q3308692"}, "objectLabel": {"xml:lang": "en", "type": "literal", "value": "Euston Road"}, "predicateLabel": {"xml:lang": "en", "type": "literal", "value": "located on street"}}, {"subjectLabel": {"xml:lang": "en", "type": "literal", "value": "British Library"}, "object": {"type": "uri", "value": "http://www.wikidata.org/entity/Q67654737"}, "objectLabel": {"xml:lang": "en", "type": "literal", "value": "Endangered Archives Programme"}, "predicateLabel": {"xml:lang": "en", "type": "literal", "value": "has subsidiary"}}, {"subjectLabel": {"xml:lang": "en", "type": "literal", "value": "British Library"}, "object": {"type": "uri", "value": "http://www.wikidata.org/entity/Q105276138"}, "objectLabel": {"xml:lang": "en", "type": "literal", "value": "British Library Board"}, "predicateLabel": {"xml:lang": "en", "type": "literal", "value": "authority"}}, {"subjectLabel": {"xml:lang": "en", "type": "literal", "value": "British Library"}, "object": {"type": "uri", "value": "http://www.wikidata.org/entity/Q3343298"}, "objectLabel": {"xml:lang": "en", "type": "literal", "value": "non-departmental public body"}, "predicateLabel": {"xml:lang": "en", "type": "literal", "value": "instance of"}}, {"subjectLabel": {"xml:lang": "en", "type": "literal", "value": "British Library"}, "object": {"type": "uri", "value": "http://www.wikidata.org/entity/Q2495568"}, "objectLabel": {"xml:lang": "en", "type": "literal", "value": "universal library"}, "predicateLabel": {"xml:lang": "en", "type": "literal", "value": "instance of"}}, {"subjectLabel": {"xml:lang": "en", "type": "literal", "value": "British Library"}, "object": {"type": "uri", "value": "http://www.wikidata.org/entity/Q1769139"}, "objectLabel": {"xml:lang": "en", "type": "literal", "value": "reference library"}, "predicateLabel": {"xml:lang": "en", "type": "literal", "value": "instance of"}}, {"subjectLabel": {"xml:lang": "en", "type": "literal", "value": "British Library"}, "object": {"type": "uri", "value": "http://www.wikidata.org/entity/Q58036889"}, "objectLabel": {"xml:lang": "en", "type": "literal", "value": "Ayrton Prize"}, "predicateLabel": {"xml:lang": "en", "type": "literal", "value": "award received"}}, {"subjectLabel": {"xml:lang": "en", "type": "literal", "value": "British Library"}, "object": {"type": "uri", "value": "http://www.wikidata.org/entity/Q8412873"}, "objectLabel": {"xml:lang": "en", "type": "literal", "value": "Category:Employees of the British Library"}, "predicateLabel": {"xml:lang": "en", "type": "literal", "value": "category for employees of the organization"}}, {"subjectLabel": {"xml:lang": "en", "type": "literal", "value": "British Library"}, "object": {"type": "uri", "value": "http://www.wikidata.org/entity/Q6173448"}, "objectLabel": {"xml:lang": "en", "type": "literal", "value": "Wikipedia:Vital articles/Level/4"}, "predicateLabel": {"xml:lang": "en", "type": "literal", "value": "on focus list of Wikimedia project"}}, {"subjectLabel": {"xml:lang": "en", "type": "literal", "value": "British Library"}, "object": {"type": "uri", "value": "http://www.wikidata.org/entity/Q72936141"}, "objectLabel": {"xml:lang": "en", "type": "literal", "value": "International GLAM Labs Community"}, "predicateLabel": {"xml:lang": "en", "type": "literal", "value": "member of"}}, {"subjectLabel": {"xml:lang": "en", "type": "literal", "value": "British Library"}, "object": {"type": "uri", "value": "http://www.wikidata.org/entity/Q113958940"}, "objectLabel": {"xml:lang": "en", "type": "literal", "value": "Publishers Association"}, "predicateLabel": {"xml:lang": "en", "type": "literal", "value": "member of"}}, {"subjectLabel": {"xml:lang": "en", "type": "literal", "value": "British Library"}, "object": {"type": "uri", "value": "http://www.wikidata.org/entity/Q27981723"}, "objectLabel": {"xml:lang": "en", "type": "literal", "value": "Open Preservation Foundation"}, "predicateLabel": {"xml:lang": "en", "type": "literal", "value": "member of"}}, {"subjectLabel": {"xml:lang": "en", "type": "literal", "value": "British Library"}, "object": {"type": "uri", "value": "http://www.wikidata.org/entity/Q35677307"}, "objectLabel": {"xml:lang": "en", "type": "literal", "value": "IIIF Consortium"}, "predicateLabel": {"xml:lang": "en", "type": "literal", "value": "member of"}}, {"subjectLabel": {"xml:lang": "en", "type": "literal", "value": "British Library"}, "object": {"type": "uri", "value": "http://www.wikidata.org/entity/Q124416981"}, "objectLabel": {"xml:lang": "en", "type": "literal", "value": "British and Irish Committee on Map Information and Cataloguing Systems"}, "predicateLabel": {"xml:lang": "en", "type": "literal", "value": "member of"}}, {"subjectLabel": {"xml:lang": "en", "type": "literal", "value": "British Library"}, "object": {"type": "uri", "value": "http://www.wikidata.org/entity/Q202088"}, "objectLabel": {"xml:lang": "en", "type": "literal", "value": "London Borough of Camden"}, "predicateLabel": {"xml:lang": "en", "type": "literal", "value": "located in the administrative territorial entity"}}, {"subjectLabel": {"xml:lang": "en", "type": "literal", "value": "British Library"}, "object": {"type": "uri", "value": "http://www.wikidata.org/entity/Q19186"}, "objectLabel": {"xml:lang": "en", "type": "literal", "value": "Middlesex"}, "predicateLabel": {"xml:lang": "en", "type": "literal", "value": "historic county"}}, {"subjectLabel": {"xml:lang": "en", "type": "literal", "value": "British Library"}, "object": {"type": "uri", "value": "http://www.wikidata.org/entity/Q39487323"}, "objectLabel": {"xml:lang": "en", "type": "literal", "value": "E-Theses Online Service"}, "predicateLabel": {"xml:lang": "en", "type": "literal", "value": "owner of"}}, {"subjectLabel": {"xml:lang": "en", "type": "literal", "value": "British Library"}, "object": {"type": "uri", "value": "http://www.wikidata.org/entity/Q97496857"}, "objectLabel": {"xml:lang": "en", "type": "literal", "value": "Category:Images from the British Library"}, "predicateLabel": {"xml:lang": "en", "type": "literal", "value": "content partnership category"}}, {"subjectLabel": {"xml:lang": "en", "type": "literal", "value": "British Library"}, "object": {"type": "uri", "value": "http://www.wikidata.org/entity/Q1334284"}, "objectLabel": {"xml:lang": "en", "type": "literal", "value": "International Federation of Library Associations and Institutions"}, "predicateLabel": {"xml:lang": "en", "type": "literal", "value": "member of"}}, {"subjectLabel": {"xml:lang": "en", "type": "literal", "value": "British Library"}, "object": {"type": "uri", "value": "http://www.wikidata.org/entity/Q1127581"}, "objectLabel": {"xml:lang": "en", "type": "literal", "value": "Consortium of European Research Libraries"}, "predicateLabel": {"xml:lang": "en", "type": "literal", "value": "member of"}}, {"subjectLabel": {"xml:lang": "en", "type": "literal", "value": "British Library"}, "object": {"type": "uri", "value": "http://www.wikidata.org/entity/Q697497"}, "objectLabel": {"xml:lang": "en", "type": "literal", "value": "International Internet Preservation Consortium"}, "predicateLabel": {"xml:lang": "en", "type": "literal", "value": "member of"}}, {"subjectLabel": {"xml:lang": "en", "type": "literal", "value": "British Library"}, "object": {"type": "uri", "value": "http://www.wikidata.org/entity/Q821542"}, "objectLabel": {"xml:lang": "en", "type": "literal", "value": "DataCite"}, "predicateLabel": {"xml:lang": "en", "type": "literal", "value": "member of"}}, {"subjectLabel": {"xml:lang": "en", "type": "literal", "value": "British Library"}, "object": {"type": "uri", "value": "http://www.wikidata.org/entity/Q1255790"}, "objectLabel": {"xml:lang": "en", "type": "literal", "value": "Conference of European National Librarians"}, "predicateLabel": {"xml:lang": "en", "type": "literal", "value": "member of"}}, {"subjectLabel": {"xml:lang": "en", "type": "literal", "value": "British Library"}, "object": {"type": "uri", "value": "http://www.wikidata.org/entity/Q570116"}, "objectLabel": {"xml:lang": "en", "type": "literal", "value": "tourist attraction"}, "predicateLabel": {"xml:lang": "en", "type": "literal", "value": "instance of"}}, {"subjectLabel": {"xml:lang": "en", "type": "literal", "value": "British Library"}, "object": {"type": "uri", "value": "http://www.wikidata.org/entity/Q2065416"}, "objectLabel": {"xml:lang": "en", "type": "literal", "value": "St Pancras"}, "predicateLabel": {"xml:lang": "en", "type": "literal", "value": "location"}}, {"subjectLabel": {"xml:lang": "en", "type": "literal", "value": "British Library"}, "object": {"type": "uri", "value": "http://www.wikidata.org/entity/Q1991604"}, "objectLabel": {"xml:lang": "en", "type": "literal", "value": "Geheugen van Nederland"}, "predicateLabel": {"xml:lang": "en", "type": "literal", "value": "member of"}}, {"subjectLabel": {"xml:lang": "en", "type": "literal", "value": "British Library"}, "object": {"type": "uri", "value": "http://www.wikidata.org/entity/Q2047609"}, "objectLabel": {"xml:lang": "en", "type": "literal", "value": "Lynne Brindley"}, "predicateLabel": {"xml:lang": "en", "type": "literal", "value": "director / manager"}}, {"subjectLabel": {"xml:lang": "en", "type": "literal", "value": "British Library"}, "object": {"type": "uri", "value": "http://www.wikidata.org/entity/Q2047860"}, "objectLabel": {"xml:lang": "en", "type": "literal", "value": "Roly Keating"}, "predicateLabel": {"xml:lang": "en", "type": "literal", "value": "director / manager"}}], "Q332499": [{"subjectLabel": {"xml:lang": "en", "type": "literal", "value": "Robert Harley, 1st Earl of Oxford and Earl Mortimer"}, "object": {"type": "uri", "value": "http://www.wikidata.org/entity/Q5"}, "objectLabel": {"xml:lang": "en", "type": "literal", "value": "human"}, "predicateLabel": {"xml:lang": "en", "type": "literal", "value": "instance of"}}, {"subjectLabel": {"xml:lang": "en", "type": "literal", "value": "Robert Harley, 1st Earl of Oxford and Earl Mortimer"}, "object": {"type": "uri", "value": "http://www.wikidata.org/entity/Q1860"}, "objectLabel": {"xml:lang": "en", "type": "literal", "value": "English"}, "predicateLabel": {"xml:lang": "en", "type": "literal", "value": "languages spoken, written or signed"}}, {"subjectLabel": {"xml:lang": "en", "type": "literal", "value": "Robert Harley, 1st Earl of Oxford and Earl Mortimer"}, "object": {"type": "uri", "value": "http://www.wikidata.org/entity/Q84"}, "objectLabel": {"xml:lang": "en", "type": "literal", "value": "London"}, "predicateLabel": {"xml:lang": "en", "type": "literal", "value": "place of birth"}}, {"subjectLabel": {"xml:lang": "en", "type": "literal", "value": "Robert Harley, 1st Earl of Oxford and Earl Mortimer"}, "object": {"type": "uri", "value": "http://www.wikidata.org/entity/Q82955"}, "objectLabel": {"xml:lang": "en", "type": "literal", "value": "politician"}, "predicateLabel": {"xml:lang": "en", "type": "literal", "value": "occupation"}}, {"subjectLabel": {"xml:lang": "en", "type": "literal", "value": "Robert Harley, 1st Earl of Oxford and Earl Mortimer"}, "object": {"type": "uri", "value": "http://www.wikidata.org/entity/Q84"}, "objectLabel": {"xml:lang": "en", "type": "literal", "value": "London"}, "predicateLabel": {"xml:lang": "en", "type": "literal", "value": "place of death"}}, {"subjectLabel": {"xml:lang": "en", "type": "literal", "value": "Robert Harley, 1st Earl of Oxford and Earl Mortimer"}, "object": {"type": "uri", "value": "http://www.wikidata.org/entity/Q867541"}, "objectLabel": {"xml:lang": "en", "type": "literal", "value": "Encyclop\u00e6dia Britannica 11th edition"}, "predicateLabel": {"xml:lang": "en", "type": "literal", "value": "described by source"}}, {"subjectLabel": {"xml:lang": "en", "type": "literal", "value": "Robert Harley, 1st Earl of Oxford and Earl Mortimer"}, "object": {"type": "uri", "value": "http://www.wikidata.org/entity/Q3181656"}, "objectLabel": {"xml:lang": "en", "type": "literal", "value": "The Nuttall Encyclop\u00e6dia"}, "predicateLabel": {"xml:lang": "en", "type": "literal", "value": "described by source"}}, {"subjectLabel": {"xml:lang": "en", "type": "literal", "value": "Robert Harley, 1st Earl of Oxford and Earl Mortimer"}, "object": {"type": "uri", "value": "http://www.wikidata.org/entity/Q179876"}, "objectLabel": {"xml:lang": "en", "type": "literal", "value": "Kingdom of England"}, "predicateLabel": {"xml:lang": "en", "type": "literal", "value": "country of citizenship"}}, {"subjectLabel": {"xml:lang": "en", "type": "literal", "value": "Robert Harley, 1st Earl of Oxford and Earl Mortimer"}, "object": {"type": "uri", "value": "http://www.wikidata.org/entity/Q215248"}, "objectLabel": {"xml:lang": "en", "type": "literal", "value": "Order of the Garter"}, "predicateLabel": {"xml:lang": "en", "type": "literal", "value": "award received"}}, {"subjectLabel": {"xml:lang": "en", "type": "literal", "value": "Robert Harley, 1st Earl of Oxford and Earl Mortimer"}, "object": {"type": "uri", "value": "http://www.wikidata.org/entity/Q15987216"}, "objectLabel": {"xml:lang": "en", "type": "literal", "value": "Dictionary of National Biography, 1885\u20131900"}, "predicateLabel": {"xml:lang": "en", "type": "literal", "value": "described by source"}}, {"subjectLabel": {"xml:lang": "en", "type": "literal", "value": "Robert Harley, 1st Earl of Oxford and Earl Mortimer"}, "object": {"type": "uri", "value": "http://www.wikidata.org/entity/Q4927937"}, "objectLabel": {"xml:lang": "en", "type": "literal", "value": "Robert"}, "predicateLabel": {"xml:lang": "en", "type": "literal", "value": "given name"}}, {"subjectLabel": {"xml:lang": "en", "type": "literal", "value": "Robert Harley, 1st Earl of Oxford and Earl Mortimer"}, "object": {"type": "uri", "value": "http://www.wikidata.org/entity/Q1860"}, "objectLabel": {"xml:lang": "en", "type": "literal", "value": "English"}, "predicateLabel": {"xml:lang": "en", "type": "literal", "value": "writing language"}}, {"subjectLabel": {"xml:lang": "en", "type": "literal", "value": "Robert Harley, 1st Earl of Oxford and Earl Mortimer"}, "object": {"type": "uri", "value": "http://www.wikidata.org/entity/Q602358"}, "objectLabel": {"xml:lang": "en", "type": "literal", "value": "Brockhaus and Efron Encyclopedic Dictionary"}, "predicateLabel": {"xml:lang": "en", "type": "literal", "value": "described by source"}}, {"subjectLabel": {"xml:lang": "en", "type": "literal", "value": "Robert Harley, 1st Earl of Oxford and Earl Mortimer"}, "object": {"type": "uri", "value": "http://www.wikidata.org/entity/Q75454891"}, "objectLabel": {"xml:lang": "en", "type": "literal", "value": "Abigail Stephens"}, "predicateLabel": {"xml:lang": "en", "type": "literal", "value": "mother"}}, {"subjectLabel": {"xml:lang": "en", "type": "literal", "value": "Robert Harley, 1st Earl of Oxford and Earl Mortimer"}, "object": {"type": "uri", "value": "http://www.wikidata.org/entity/Q499956"}, "objectLabel": {"xml:lang": "en", "type": "literal", "value": "Tories"}, "predicateLabel": {"xml:lang": "en", "type": "literal", "value": "member of political party"}}, {"subjectLabel": {"xml:lang": "en", "type": "literal", "value": "Robert Harley, 1st Earl of Oxford and Earl Mortimer"}, "object": {"type": "uri", "value": "http://www.wikidata.org/entity/Q1585479"}, "objectLabel": {"xml:lang": "en", "type": "literal", "value": "Harley Manuscripts"}, "predicateLabel": {"xml:lang": "en", "type": "literal", "value": "owner of"}}, {"subjectLabel": {"xml:lang": "en", "type": "literal", "value": "Robert Harley, 1st Earl of Oxford and Earl Mortimer"}, "object": {"type": "uri", "value": "http://www.wikidata.org/entity/Q75454884"}, "objectLabel": {"xml:lang": "en", "type": "literal", "value": "Elizabeth Foley"}, "predicateLabel": {"xml:lang": "en", "type": "literal", "value": "spouse"}}, {"subjectLabel": {"xml:lang": "en", "type": "literal", "value": "Robert Harley, 1st Earl of Oxford and Earl Mortimer"}, "object": {"type": "uri", "value": "http://www.wikidata.org/entity/Q76363792"}, "objectLabel": {"xml:lang": "en", "type": "literal", "value": "Sarah Middleton"}, "predicateLabel": {"xml:lang": "en", "type": "literal", "value": "spouse"}}, {"subjectLabel": {"xml:lang": "en", "type": "literal", "value": "Robert Harley, 1st Earl of Oxford and Earl Mortimer"}, "object": {"type": "uri", "value": "http://www.wikidata.org/entity/Q678259"}, "objectLabel": {"xml:lang": "en", "type": "literal", "value": "Nordisk familjebok"}, "predicateLabel": {"xml:lang": "en", "type": "literal", "value": "described by source"}}, {"subjectLabel": {"xml:lang": "en", "type": "literal", "value": "Robert Harley, 1st Earl of Oxford and Earl Mortimer"}, "object": {"type": "uri", "value": "http://www.wikidata.org/entity/Q96809427"}, "objectLabel": {"xml:lang": "en", "type": "literal", "value": "Member of the 1701 Parliament"}, "predicateLabel": {"xml:lang": "en", "type": "literal", "value": "position held"}}, {"subjectLabel": {"xml:lang": "en", "type": "literal", "value": "Robert Harley, 1st Earl of Oxford and Earl Mortimer"}, "object": {"type": "uri", "value": "http://www.wikidata.org/entity/Q96810213"}, "objectLabel": {"xml:lang": "en", "type": "literal", "value": "Member of the 1701-02 Parliament"}, "predicateLabel": {"xml:lang": "en", "type": "literal", "value": "position held"}}, {"subjectLabel": {"xml:lang": "en", "type": "literal", "value": "Robert Harley, 1st Earl of Oxford and Earl Mortimer"}, "object": {"type": "uri", "value": "http://www.wikidata.org/entity/Q96812089"}, "objectLabel": {"xml:lang": "en", "type": "literal", "value": "Member of the 1702-05 Parliament"}, "predicateLabel": {"xml:lang": "en", "type": "literal", "value": "position held"}}, {"subjectLabel": {"xml:lang": "en", "type": "literal", "value": "Robert Harley, 1st Earl of Oxford and Earl Mortimer"}, "object": {"type": "uri", "value": "http://www.wikidata.org/entity/Q96807740"}, "objectLabel": {"xml:lang": "en", "type": "literal", "value": "Member of the 1690-95 Parliament"}, "predicateLabel": {"xml:lang": "en", "type": "literal", "value": "position held"}}, {"subjectLabel": {"xml:lang": "en", "type": "literal", "value": "Robert Harley, 1st Earl of Oxford and Earl Mortimer"}, "object": {"type": "uri", "value": "http://www.wikidata.org/entity/Q96776411"}, "objectLabel": {"xml:lang": "en", "type": "literal", "value": "member of the 3rd Parliament of Great Britain"}, "predicateLabel": {"xml:lang": "en", "type": "literal", "value": "position held"}}, {"subjectLabel": {"xml:lang": "en", "type": "literal", "value": "Robert Harley, 1st Earl of Oxford and Earl Mortimer"}, "object": {"type": "uri", "value": "http://www.wikidata.org/entity/Q96776409"}, "objectLabel": {"xml:lang": "en", "type": "literal", "value": "member of the 2nd Parliament of Great Britain"}, "predicateLabel": {"xml:lang": "en", "type": "literal", "value": "position held"}}, {"subjectLabel": {"xml:lang": "en", "type": "literal", "value": "Robert Harley, 1st Earl of Oxford and Earl Mortimer"}, "object": {"type": "uri", "value": "http://www.wikidata.org/entity/Q96804831"}, "objectLabel": {"xml:lang": "en", "type": "literal", "value": "Member of the 1689-90 Parliament"}, "predicateLabel": {"xml:lang": "en", "type": "literal", "value": "position held"}}, {"subjectLabel": {"xml:lang": "en", "type": "literal", "value": "Robert Harley, 1st Earl of Oxford and Earl Mortimer"}, "object": {"type": "uri", "value": "http://www.wikidata.org/entity/Q96808528"}, "objectLabel": {"xml:lang": "en", "type": "literal", "value": "Member of the 1698-1700 Parliament"}, "predicateLabel": {"xml:lang": "en", "type": "literal", "value": "position held"}}, {"subjectLabel": {"xml:lang": "en", "type": "literal", "value": "Robert Harley, 1st Earl of Oxford and Earl Mortimer"}, "object": {"type": "uri", "value": "http://www.wikidata.org/entity/Q96807765"}, "objectLabel": {"xml:lang": "en", "type": "literal", "value": "Member of the 1695-98 Parliament"}, "predicateLabel": {"xml:lang": "en", "type": "literal", "value": "position held"}}, {"subjectLabel": {"xml:lang": "en", "type": "literal", "value": "Robert Harley, 1st Earl of Oxford and Earl Mortimer"}, "object": {"type": "uri", "value": "http://www.wikidata.org/entity/Q96812323"}, "objectLabel": {"xml:lang": "en", "type": "literal", "value": "Member of the 1705-07 Parliament"}, "predicateLabel": {"xml:lang": "en", "type": "literal", "value": "position held"}}, {"subjectLabel": {"xml:lang": "en", "type": "literal", "value": "Robert Harley, 1st Earl of Oxford and Earl Mortimer"}, "object": {"type": "uri", "value": "http://www.wikidata.org/entity/Q531471"}, "objectLabel": {"xml:lang": "en", "type": "literal", "value": "Chancellor of the Exchequer"}, "predicateLabel": {"xml:lang": "en", "type": "literal", "value": "position held"}}, {"subjectLabel": {"xml:lang": "en", "type": "literal", "value": "Robert Harley, 1st Earl of Oxford and Earl Mortimer"}, "object": {"type": "uri", "value": "http://www.wikidata.org/entity/Q3954358"}, "objectLabel": {"xml:lang": "en", "type": "literal", "value": "Secretary of State for the Northern Department"}, "predicateLabel": {"xml:lang": "en", "type": "literal", "value": "position held"}}, {"subjectLabel": {"xml:lang": "en", "type": "literal", "value": "Robert Harley, 1st Earl of Oxford and Earl Mortimer"}, "object": {"type": "uri", "value": "http://www.wikidata.org/entity/Q944583"}, "objectLabel": {"xml:lang": "en", "type": "literal", "value": "Lord High Treasurer"}, "predicateLabel": {"xml:lang": "en", "type": "literal", "value": "position held"}}, {"subjectLabel": {"xml:lang": "en", "type": "literal", "value": "Robert Harley, 1st Earl of Oxford and Earl Mortimer"}, "object": {"type": "uri", "value": "http://www.wikidata.org/entity/Q6581097"}, "objectLabel": {"xml:lang": "en", "type": "literal", "value": "male"}, "predicateLabel": {"xml:lang": "en", "type": "literal", "value": "sex or gender"}}, {"subjectLabel": {"xml:lang": "en", "type": "literal", "value": "Robert Harley, 1st Earl of Oxford and Earl Mortimer"}, "object": {"type": "uri", "value": "http://www.wikidata.org/entity/Q5343319"}, "objectLabel": {"xml:lang": "en", "type": "literal", "value": "Edward Harley"}, "predicateLabel": {"xml:lang": "en", "type": "literal", "value": "father"}}, {"subjectLabel": {"xml:lang": "en", "type": "literal", "value": "Robert Harley, 1st Earl of Oxford and Earl Mortimer"}, "object": {"type": "uri", "value": "http://www.wikidata.org/entity/Q16870522"}, "objectLabel": {"xml:lang": "en", "type": "literal", "value": "Harley"}, "predicateLabel": {"xml:lang": "en", "type": "literal", "value": "family name"}}, {"subjectLabel": {"xml:lang": "en", "type": "literal", "value": "Robert Harley, 1st Earl of Oxford and Earl Mortimer"}, "object": {"type": "uri", "value": "http://www.wikidata.org/entity/Q123885"}, "objectLabel": {"xml:lang": "en", "type": "literal", "value": "Royal Society"}, "predicateLabel": {"xml:lang": "en", "type": "literal", "value": "member of"}}, {"subjectLabel": {"xml:lang": "en", "type": "literal", "value": "Robert Harley, 1st Earl of Oxford and Earl Mortimer"}, "object": {"type": "uri", "value": "http://www.wikidata.org/entity/Q11797864"}, "objectLabel": {"xml:lang": "en", "type": "literal", "value": "High Sheriff of Herefordshire"}, "predicateLabel": {"xml:lang": "en", "type": "literal", "value": "position held"}}, {"subjectLabel": {"xml:lang": "en", "type": "literal", "value": "Robert Harley, 1st Earl of Oxford and Earl Mortimer"}, "object": {"type": "uri", "value": "http://www.wikidata.org/entity/Q63462632"}, "objectLabel": {"xml:lang": "en", "type": "literal", "value": "member of the 1st Parliament of Great Britain"}, "predicateLabel": {"xml:lang": "en", "type": "literal", "value": "position held"}}, {"subjectLabel": {"xml:lang": "en", "type": "literal", "value": "Robert Harley, 1st Earl of Oxford and Earl Mortimer"}, "object": {"type": "uri", "value": "http://www.wikidata.org/entity/Q18018860"}, "objectLabel": {"xml:lang": "en", "type": "literal", "value": "Member of Parliament in the Parliament of England"}, "predicateLabel": {"xml:lang": "en", "type": "literal", "value": "position held"}}, {"subjectLabel": {"xml:lang": "en", "type": "literal", "value": "Robert Harley, 1st Earl of Oxford and Earl Mortimer"}, "object": {"type": "uri", "value": "http://www.wikidata.org/entity/Q5343318"}, "objectLabel": {"xml:lang": "en", "type": "literal", "value": "Edward Harley"}, "predicateLabel": {"xml:lang": "en", "type": "literal", "value": "sibling"}}, {"subjectLabel": {"xml:lang": "en", "type": "literal", "value": "Robert Harley, 1st Earl of Oxford and Earl Mortimer"}, "object": {"type": "uri", "value": "http://www.wikidata.org/entity/Q15631401"}, "objectLabel": {"xml:lang": "en", "type": "literal", "value": "Fellow of the Royal Society"}, "predicateLabel": {"xml:lang": "en", "type": "literal", "value": "award received"}}, {"subjectLabel": {"xml:lang": "en", "type": "literal", "value": "Robert Harley, 1st Earl of Oxford and Earl Mortimer"}, "object": {"type": "uri", "value": "http://www.wikidata.org/entity/Q5343313"}, "objectLabel": {"xml:lang": "en", "type": "literal", "value": "Edward Harley, 2nd Earl of Oxford and Earl Mortimer"}, "predicateLabel": {"xml:lang": "en", "type": "literal", "value": "child"}}, {"subjectLabel": {"xml:lang": "en", "type": "literal", "value": "Robert Harley, 1st Earl of Oxford and Earl Mortimer"}, "object": {"type": "uri", "value": "http://www.wikidata.org/entity/Q5326352"}, "objectLabel": {"xml:lang": "en", "type": "literal", "value": "Earl of Oxford and Earl Mortimer"}, "predicateLabel": {"xml:lang": "en", "type": "literal", "value": "noble title"}}, {"subjectLabel": {"xml:lang": "en", "type": "literal", "value": "Robert Harley, 1st Earl of Oxford and Earl Mortimer"}, "object": {"type": "uri", "value": "http://www.wikidata.org/entity/Q75251111"}, "objectLabel": {"xml:lang": "en", "type": "literal", "value": "Lady Elizabeth Harley"}, "predicateLabel": {"xml:lang": "en", "type": "literal", "value": "child"}}, {"subjectLabel": {"xml:lang": "en", "type": "literal", "value": "Robert Harley, 1st Earl of Oxford and Earl Mortimer"}, "object": {"type": "uri", "value": "http://www.wikidata.org/entity/Q75275273"}, "objectLabel": {"xml:lang": "en", "type": "literal", "value": "Lady Abigail Harley"}, "predicateLabel": {"xml:lang": "en", "type": "literal", "value": "child"}}, {"subjectLabel": {"xml:lang": "en", "type": "literal", "value": "Robert Harley, 1st Earl of Oxford and Earl Mortimer"}, "object": {"type": "uri", "value": "http://www.wikidata.org/entity/Q118993536"}, "objectLabel": {"xml:lang": "en", "type": "literal", "value": "Robert Harley (1661\u20131724), 1st Earl of Oxford"}, "predicateLabel": {"xml:lang": "en", "type": "literal", "value": "depicted by"}}, {"subjectLabel": {"xml:lang": "en", "type": "literal", "value": "Robert Harley, 1st Earl of Oxford and Earl Mortimer"}, "object": {"type": "uri", "value": "http://www.wikidata.org/entity/Q118993546"}, "objectLabel": {"xml:lang": "en", "type": "literal", "value": "Robert Harley (1661\u20131724), 1st Earl of Oxford and Mortimer"}, "predicateLabel": {"xml:lang": "en", "type": "literal", "value": "depicted by"}}, {"subjectLabel": {"xml:lang": "en", "type": "literal", "value": "Robert Harley, 1st Earl of Oxford and Earl Mortimer"}, "object": {"type": "uri", "value": "http://www.wikidata.org/entity/Q28045055"}, "objectLabel": {"xml:lang": "en", "type": "literal", "value": "Robert Harley, 1st Earl of Oxford"}, "predicateLabel": {"xml:lang": "en", "type": "literal", "value": "depicted by"}}, {"subjectLabel": {"xml:lang": "en", "type": "literal", "value": "Robert Harley, 1st Earl of Oxford and Earl Mortimer"}, "object": {"type": "uri", "value": "http://www.wikidata.org/entity/Q17530208"}, "objectLabel": {"xml:lang": "en", "type": "literal", "value": "Church of St Barnabas, Brampton Bryan"}, "predicateLabel": {"xml:lang": "en", "type": "literal", "value": "place of burial"}}], "Q42939539": [{"subjectLabel": {"xml:lang": "en", "type": "literal", "value": "manuscript collection"}, "object": {"type": "uri", "value": "http://www.wikidata.org/entity/Q87167"}, "objectLabel": {"xml:lang": "en", "type": "literal", "value": "manuscript"}, "predicateLabel": {"xml:lang": "en", "type": "literal", "value": "has part(s)"}}, {"subjectLabel": {"xml:lang": "en", "type": "literal", "value": "manuscript collection"}, "object": {"type": "uri", "value": "http://www.wikidata.org/entity/Q2668072"}, "objectLabel": {"xml:lang": "en", "type": "literal", "value": "collection"}, "predicateLabel": {"xml:lang": "en", "type": "literal", "value": "subclass of"}}, {"subjectLabel": {"xml:lang": "en", "type": "literal", "value": "manuscript collection"}, "object": {"type": "uri", "value": "http://www.wikidata.org/entity/Q9388534"}, "objectLabel": {"xml:lang": "en", "type": "literal", "value": "archival collection"}, "predicateLabel": {"xml:lang": "en", "type": "literal", "value": "partially coincident with"}}], "Q8505535": [{"subjectLabel": {"xml:lang": "en", "type": "literal", "value": "Category:Harleian Collection"}, "object": {"type": "uri", "value": "http://www.wikidata.org/entity/Q4167836"}, "objectLabel": {"xml:lang": "en", "type": "literal", "value": "Wikimedia category"}, "predicateLabel": {"xml:lang": "en", "type": "literal", "value": "instance of"}}, {"subjectLabel": {"xml:lang": "en", "type": "literal", "value": "Category:Harleian Collection"}, "object": {"type": "uri", "value": "http://www.wikidata.org/entity/Q1585479"}, "objectLabel": {"xml:lang": "en", "type": "literal", "value": "Harley Manuscripts"}, "predicateLabel": {"xml:lang": "en", "type": "literal", "value": "category's main topic"}}]}