{"Q207020": [{"subjectLabel": {"xml:lang": "en", "type": "literal", "value": "Central European Summer Time"}, "object": {"type": "uri", "value": "http://www.wikidata.org/entity/Q219919"}, "objectLabel": {"xml:lang": "en", "type": "literal", "value": "local mean time"}, "predicateLabel": {"xml:lang": "en", "type": "literal", "value": "instance of"}}, {"subjectLabel": {"xml:lang": "en", "type": "literal", "value": "Central European Summer Time"}, "object": {"type": "uri", "value": "http://www.wikidata.org/entity/Q12143"}, "objectLabel": {"xml:lang": "en", "type": "literal", "value": "time zone"}, "predicateLabel": {"xml:lang": "en", "type": "literal", "value": "instance of"}}, {"subjectLabel": {"xml:lang": "en", "type": "literal", "value": "Central European Summer Time"}, "object": {"type": "uri", "value": "http://www.wikidata.org/entity/Q6723"}, "objectLabel": {"xml:lang": "en", "type": "literal", "value": "UTC+02:00"}, "predicateLabel": {"xml:lang": "en", "type": "literal", "value": "said to be the same as"}}], "Q57053": [{"subjectLabel": {"xml:lang": "en", "type": "literal", "value": "county of Croatia"}, "object": {"type": "uri", "value": "http://www.wikidata.org/entity/Q224"}, "objectLabel": {"xml:lang": "en", "type": "literal", "value": "Croatia"}, "predicateLabel": {"xml:lang": "en", "type": "literal", "value": "country"}}, {"subjectLabel": {"xml:lang": "en", "type": "literal", "value": "county of Croatia"}, "object": {"type": "uri", "value": "http://www.wikidata.org/entity/Q41773366"}, "objectLabel": {"xml:lang": "en", "type": "literal", "value": "NUTS 3 statistical territorial entity"}, "predicateLabel": {"xml:lang": "en", "type": "literal", "value": "subclass of"}}, {"subjectLabel": {"xml:lang": "en", "type": "literal", "value": "county of Croatia"}, "object": {"type": "uri", "value": "http://www.wikidata.org/entity/Q28575"}, "objectLabel": {"xml:lang": "en", "type": "literal", "value": "county"}, "predicateLabel": {"xml:lang": "en", "type": "literal", "value": "subclass of"}}, {"subjectLabel": {"xml:lang": "en", "type": "literal", "value": "county of Croatia"}, "object": {"type": "uri", "value": "http://www.wikidata.org/entity/Q10864048"}, "objectLabel": {"xml:lang": "en", "type": "literal", "value": "first-level administrative division"}, "predicateLabel": {"xml:lang": "en", "type": "literal", "value": "subclass of"}}, {"subjectLabel": {"xml:lang": "en", "type": "literal", "value": "county of Croatia"}, "object": {"type": "uri", "value": "http://www.wikidata.org/entity/Q3435941"}, "objectLabel": {"xml:lang": "en", "type": "literal", "value": "administrative territorial entity of Croatia"}, "predicateLabel": {"xml:lang": "en", "type": "literal", "value": "subclass of"}}, {"subjectLabel": {"xml:lang": "en", "type": "literal", "value": "county of Croatia"}, "object": {"type": "uri", "value": "http://www.wikidata.org/entity/Q6242607"}, "objectLabel": {"xml:lang": "en", "type": "literal", "value": "Category:Counties of Croatia"}, "predicateLabel": {"xml:lang": "en", "type": "literal", "value": "topic's main category"}}], "Q58071": [{"subjectLabel": {"xml:lang": "en", "type": "literal", "value": "Primorje-Gorski Kotar County"}, "object": {"type": "uri", "value": "http://www.wikidata.org/entity/Q27312621"}, "objectLabel": {"xml:lang": "en", "type": "literal", "value": "Category:Births in Primorje-Gorski Kotar County"}, "predicateLabel": {"xml:lang": "en", "type": "literal", "value": "category for people born here"}}, {"subjectLabel": {"xml:lang": "en", "type": "literal", "value": "Primorje-Gorski Kotar County"}, "object": {"type": "uri", "value": "http://www.wikidata.org/entity/Q224"}, "objectLabel": {"xml:lang": "en", "type": "literal", "value": "Croatia"}, "predicateLabel": {"xml:lang": "en", "type": "literal", "value": "country"}}, {"subjectLabel": {"xml:lang": "en", "type": "literal", "value": "Primorje-Gorski Kotar County"}, "object": {"type": "uri", "value": "http://www.wikidata.org/entity/Q224"}, "objectLabel": {"xml:lang": "en", "type": "literal", "value": "Croatia"}, "predicateLabel": {"xml:lang": "en", "type": "literal", "value": "located in the administrative territorial entity"}}, {"subjectLabel": {"xml:lang": "en", "type": "literal", "value": "Primorje-Gorski Kotar County"}, "object": {"type": "uri", "value": "http://www.wikidata.org/entity/Q16852973"}, "objectLabel": {"xml:lang": "en", "type": "literal", "value": "Category:Deaths in Primorje-Gorski Kotar County"}, "predicateLabel": {"xml:lang": "en", "type": "literal", "value": "category for people who died here"}}, {"subjectLabel": {"xml:lang": "en", "type": "literal", "value": "Primorje-Gorski Kotar County"}, "object": {"type": "uri", "value": "http://www.wikidata.org/entity/Q84117649"}, "objectLabel": {"xml:lang": "en", "type": "literal", "value": "Category:Maps of Primorje-Gorski Kotar County"}, "predicateLabel": {"xml:lang": "en", "type": "literal", "value": "category for maps"}}, {"subjectLabel": {"xml:lang": "en", "type": "literal", "value": "Primorje-Gorski Kotar County"}, "object": {"type": "uri", "value": "http://www.wikidata.org/entity/Q12223202"}, "objectLabel": {"xml:lang": "en", "type": "literal", "value": "Template:Subdivisions of Primorje-Gorski Kotar County"}, "predicateLabel": {"xml:lang": "en", "type": "literal", "value": "topic's main template"}}, {"subjectLabel": {"xml:lang": "en", "type": "literal", "value": "Primorje-Gorski Kotar County"}, "object": {"type": "uri", "value": "http://www.wikidata.org/entity/Q33622"}, "objectLabel": {"xml:lang": "en", "type": "literal", "value": "Istro-Romanian"}, "predicateLabel": {"xml:lang": "en", "type": "literal", "value": "language used"}}, {"subjectLabel": {"xml:lang": "en", "type": "literal", "value": "Primorje-Gorski Kotar County"}, "object": {"type": "uri", "value": "http://www.wikidata.org/entity/Q8746391"}, "objectLabel": {"xml:lang": "en", "type": "literal", "value": "Category:People from Primorje-Gorski Kotar County"}, "predicateLabel": {"xml:lang": "en", "type": "literal", "value": "category of associated people"}}, {"subjectLabel": {"xml:lang": "en", "type": "literal", "value": "Primorje-Gorski Kotar County"}, "object": {"type": "uri", "value": "http://www.wikidata.org/entity/Q58268"}, "objectLabel": {"xml:lang": "en", "type": "literal", "value": "Istria County"}, "predicateLabel": {"xml:lang": "en", "type": "literal", "value": "shares border with"}}, {"subjectLabel": {"xml:lang": "en", "type": "literal", "value": "Primorje-Gorski Kotar County"}, "object": {"type": "uri", "value": "http://www.wikidata.org/entity/Q57053"}, "objectLabel": {"xml:lang": "en", "type": "literal", "value": "county of Croatia"}, "predicateLabel": {"xml:lang": "en", "type": "literal", "value": "instance of"}}, {"subjectLabel": {"xml:lang": "en", "type": "literal", "value": "Primorje-Gorski Kotar County"}, "object": {"type": "uri", "value": "http://www.wikidata.org/entity/Q58081"}, "objectLabel": {"xml:lang": "en", "type": "literal", "value": "Lika-Senj County"}, "predicateLabel": {"xml:lang": "en", "type": "literal", "value": "shares border with"}}, {"subjectLabel": {"xml:lang": "en", "type": "literal", "value": "Primorje-Gorski Kotar County"}, "object": {"type": "uri", "value": "http://www.wikidata.org/entity/Q57071"}, "objectLabel": {"xml:lang": "en", "type": "literal", "value": "Karlovac County"}, "predicateLabel": {"xml:lang": "en", "type": "literal", "value": "shares border with"}}, {"subjectLabel": {"xml:lang": "en", "type": "literal", "value": "Primorje-Gorski Kotar County"}, "object": {"type": "uri", "value": "http://www.wikidata.org/entity/Q1647"}, "objectLabel": {"xml:lang": "en", "type": "literal", "value": "Rijeka"}, "predicateLabel": {"xml:lang": "en", "type": "literal", "value": "capital"}}, {"subjectLabel": {"xml:lang": "en", "type": "literal", "value": "Primorje-Gorski Kotar County"}, "object": {"type": "uri", "value": "http://www.wikidata.org/entity/Q8792743"}, "objectLabel": {"xml:lang": "en", "type": "literal", "value": "Category:Primorje-Gorski Kotar County"}, "predicateLabel": {"xml:lang": "en", "type": "literal", "value": "topic's main category"}}, {"subjectLabel": {"xml:lang": "en", "type": "literal", "value": "Primorje-Gorski Kotar County"}, "object": {"type": "uri", "value": "http://www.wikidata.org/entity/Q58146"}, "objectLabel": {"xml:lang": "en", "type": "literal", "value": "Zadar County"}, "predicateLabel": {"xml:lang": "en", "type": "literal", "value": "shares border with"}}], "Q8557549": [{"subjectLabel": {"xml:lang": "en", "type": "literal", "value": "Category:Istria County"}, "object": {"type": "uri", "value": "http://www.wikidata.org/entity/Q4167836"}, "objectLabel": {"xml:lang": "en", "type": "literal", "value": "Wikimedia category"}, "predicateLabel": {"xml:lang": "en", "type": "literal", "value": "instance of"}}, {"subjectLabel": {"xml:lang": "en", "type": "literal", "value": "Category:Istria County"}, "object": {"type": "uri", "value": "http://www.wikidata.org/entity/Q58268"}, "objectLabel": {"xml:lang": "en", "type": "literal", "value": "Istria County"}, "predicateLabel": {"xml:lang": "en", "type": "literal", "value": "category's main topic"}}], "Q211968": [{"subjectLabel": {"xml:lang": "en", "type": "literal", "value": "Pazin"}, "object": {"type": "uri", "value": "http://www.wikidata.org/entity/Q224"}, "objectLabel": {"xml:lang": "en", "type": "literal", "value": "Croatia"}, "predicateLabel": {"xml:lang": "en", "type": "literal", "value": "country"}}, {"subjectLabel": {"xml:lang": "en", "type": "literal", "value": "Pazin"}, "object": {"type": "uri", "value": "http://www.wikidata.org/entity/Q58268"}, "objectLabel": {"xml:lang": "en", "type": "literal", "value": "Istria County"}, "predicateLabel": {"xml:lang": "en", "type": "literal", "value": "located in the administrative territorial entity"}}, {"subjectLabel": {"xml:lang": "en", "type": "literal", "value": "Pazin"}, "object": {"type": "uri", "value": "http://www.wikidata.org/entity/Q6655"}, "objectLabel": {"xml:lang": "en", "type": "literal", "value": "UTC+01:00"}, "predicateLabel": {"xml:lang": "en", "type": "literal", "value": "located in time zone"}}, {"subjectLabel": {"xml:lang": "en", "type": "literal", "value": "Pazin"}, "object": {"type": "uri", "value": "http://www.wikidata.org/entity/Q58268"}, "objectLabel": {"xml:lang": "en", "type": "literal", "value": "Istria County"}, "predicateLabel": {"xml:lang": "en", "type": "literal", "value": "capital of"}}, {"subjectLabel": {"xml:lang": "en", "type": "literal", "value": "Pazin"}, "object": {"type": "uri", "value": "http://www.wikidata.org/entity/Q44269"}, "objectLabel": {"xml:lang": "en", "type": "literal", "value": "Saint Nicholas"}, "predicateLabel": {"xml:lang": "en", "type": "literal", "value": "patron saint"}}, {"subjectLabel": {"xml:lang": "en", "type": "literal", "value": "Pazin"}, "object": {"type": "uri", "value": "http://www.wikidata.org/entity/Q18534463"}, "objectLabel": {"xml:lang": "en", "type": "literal", "value": "Category:Deaths in Pazin"}, "predicateLabel": {"xml:lang": "en", "type": "literal", "value": "category for people who died here"}}, {"subjectLabel": {"xml:lang": "en", "type": "literal", "value": "Pazin"}, "object": {"type": "uri", "value": "http://www.wikidata.org/entity/Q15105893"}, "objectLabel": {"xml:lang": "en", "type": "literal", "value": "town in Croatia"}, "predicateLabel": {"xml:lang": "en", "type": "literal", "value": "instance of"}}, {"subjectLabel": {"xml:lang": "en", "type": "literal", "value": "Pazin"}, "object": {"type": "uri", "value": "http://www.wikidata.org/entity/Q8525162"}, "objectLabel": {"xml:lang": "en", "type": "literal", "value": "Category:Pazin"}, "predicateLabel": {"xml:lang": "en", "type": "literal", "value": "topic's main category"}}, {"subjectLabel": {"xml:lang": "en", "type": "literal", "value": "Pazin"}, "object": {"type": "uri", "value": "http://www.wikidata.org/entity/Q2041543"}, "objectLabel": {"xml:lang": "en", "type": "literal", "value": "Ott\u016fv slovn\u00edk nau\u010dn\u00fd"}, "predicateLabel": {"xml:lang": "en", "type": "literal", "value": "described by source"}}, {"subjectLabel": {"xml:lang": "en", "type": "literal", "value": "Pazin"}, "object": {"type": "uri", "value": "http://www.wikidata.org/entity/Q8067499"}, "objectLabel": {"xml:lang": "en", "type": "literal", "value": "Category:Births in Pazin"}, "predicateLabel": {"xml:lang": "en", "type": "literal", "value": "category for people born here"}}, {"subjectLabel": {"xml:lang": "en", "type": "literal", "value": "Pazin"}, "object": {"type": "uri", "value": "http://www.wikidata.org/entity/Q8745422"}, "objectLabel": {"xml:lang": "en", "type": "literal", "value": "Category:People from Pazin"}, "predicateLabel": {"xml:lang": "en", "type": "literal", "value": "category of associated people"}}], "Q12221355": [{"subjectLabel": {"xml:lang": "en", "type": "literal", "value": "Template:Subdivisions of Istria County"}, "object": {"type": "uri", "value": "http://www.wikidata.org/entity/Q11753321"}, "objectLabel": {"xml:lang": "en", "type": "literal", "value": "Wikimedia navigational template"}, "predicateLabel": {"xml:lang": "en", "type": "literal", "value": "instance of"}}, {"subjectLabel": {"xml:lang": "en", "type": "literal", "value": "Template:Subdivisions of Istria County"}, "object": {"type": "uri", "value": "http://www.wikidata.org/entity/Q58268"}, "objectLabel": {"xml:lang": "en", "type": "literal", "value": "Istria County"}, "predicateLabel": {"xml:lang": "en", "type": "literal", "value": "template has topic"}}], "Q84105653": [{"subjectLabel": {"xml:lang": "en", "type": "literal", "value": "Category:Maps of Istria County"}, "object": {"type": "uri", "value": "http://www.wikidata.org/entity/Q4006"}, "objectLabel": {"xml:lang": "en", "type": "literal", "value": "map"}, "predicateLabel": {"xml:lang": "en", "type": "literal", "value": "category combines topics"}}, {"subjectLabel": {"xml:lang": "en", "type": "literal", "value": "Category:Maps of Istria County"}, "object": {"type": "uri", "value": "http://www.wikidata.org/entity/Q58268"}, "objectLabel": {"xml:lang": "en", "type": "literal", "value": "Istria County"}, "predicateLabel": {"xml:lang": "en", "type": "literal", "value": "category combines topics"}}, {"subjectLabel": {"xml:lang": "en", "type": "literal", "value": "Category:Maps of Istria County"}, "object": {"type": "uri", "value": "http://www.wikidata.org/entity/Q4167836"}, "objectLabel": {"xml:lang": "en", "type": "literal", "value": "Wikimedia category"}, "predicateLabel": {"xml:lang": "en", "type": "literal", "value": "instance of"}}], "Q16852964": [{"subjectLabel": {"xml:lang": "en", "type": "literal", "value": "Category:Deaths in Istria County"}, "object": {"type": "uri", "value": "http://www.wikidata.org/entity/Q5"}, "objectLabel": {"xml:lang": "en", "type": "literal", "value": "human"}, "predicateLabel": {"xml:lang": "en", "type": "literal", "value": "category contains"}}, {"subjectLabel": {"xml:lang": "en", "type": "literal", "value": "Category:Deaths in Istria County"}, "object": {"type": "uri", "value": "http://www.wikidata.org/entity/Q4167836"}, "objectLabel": {"xml:lang": "en", "type": "literal", "value": "Wikimedia category"}, "predicateLabel": {"xml:lang": "en", "type": "literal", "value": "instance of"}}, {"subjectLabel": {"xml:lang": "en", "type": "literal", "value": "Category:Deaths in Istria County"}, "object": {"type": "uri", "value": "http://www.wikidata.org/entity/Q18658526"}, "objectLabel": {"xml:lang": "en", "type": "literal", "value": "place of death"}, "predicateLabel": {"xml:lang": "en", "type": "literal", "value": "category combines topics"}}, {"subjectLabel": {"xml:lang": "en", "type": "literal", "value": "Category:Deaths in Istria County"}, "object": {"type": "uri", "value": "http://www.wikidata.org/entity/Q58268"}, "objectLabel": {"xml:lang": "en", "type": "literal", "value": "Istria County"}, "predicateLabel": {"xml:lang": "en", "type": "literal", "value": "category combines topics"}}], "Q27479657": [{"subjectLabel": {"xml:lang": "en", "type": "literal", "value": "Category:Burials in Istria County"}, "object": {"type": "uri", "value": "http://www.wikidata.org/entity/Q5"}, "objectLabel": {"xml:lang": "en", "type": "literal", "value": "human"}, "predicateLabel": {"xml:lang": "en", "type": "literal", "value": "category contains"}}, {"subjectLabel": {"xml:lang": "en", "type": "literal", "value": "Category:Burials in Istria County"}, "object": {"type": "uri", "value": "http://www.wikidata.org/entity/Q12131650"}, "objectLabel": {"xml:lang": "en", "type": "literal", "value": "location of burial"}, "predicateLabel": {"xml:lang": "en", "type": "literal", "value": "category combines topics"}}, {"subjectLabel": {"xml:lang": "en", "type": "literal", "value": "Category:Burials in Istria County"}, "object": {"type": "uri", "value": "http://www.wikidata.org/entity/Q58268"}, "objectLabel": {"xml:lang": "en", "type": "literal", "value": "Istria County"}, "predicateLabel": {"xml:lang": "en", "type": "literal", "value": "category combines topics"}}, {"subjectLabel": {"xml:lang": "en", "type": "literal", "value": "Category:Burials in Istria County"}, "object": {"type": "uri", "value": "http://www.wikidata.org/entity/Q4167836"}, "objectLabel": {"xml:lang": "en", "type": "literal", "value": "Wikimedia category"}, "predicateLabel": {"xml:lang": "en", "type": "literal", "value": "instance of"}}], "Q13335314": [{"subjectLabel": {"xml:lang": "en", "type": "literal", "value": "Category:Births in Istria County"}, "object": {"type": "uri", "value": "http://www.wikidata.org/entity/Q5"}, "objectLabel": {"xml:lang": "en", "type": "literal", "value": "human"}, "predicateLabel": {"xml:lang": "en", "type": "literal", "value": "category contains"}}, {"subjectLabel": {"xml:lang": "en", "type": "literal", "value": "Category:Births in Istria County"}, "object": {"type": "uri", "value": "http://www.wikidata.org/entity/Q58268"}, "objectLabel": {"xml:lang": "en", "type": "literal", "value": "Istria County"}, "predicateLabel": {"xml:lang": "en", "type": "literal", "value": "category combines topics"}}, {"subjectLabel": {"xml:lang": "en", "type": "literal", "value": "Category:Births in Istria County"}, "object": {"type": "uri", "value": "http://www.wikidata.org/entity/Q1322263"}, "objectLabel": {"xml:lang": "en", "type": "literal", "value": "place of birth"}, "predicateLabel": {"xml:lang": "en", "type": "literal", "value": "category combines topics"}}, {"subjectLabel": {"xml:lang": "en", "type": "literal", "value": "Category:Births in Istria County"}, "object": {"type": "uri", "value": "http://www.wikidata.org/entity/Q4167836"}, "objectLabel": {"xml:lang": "en", "type": "literal", "value": "Wikimedia category"}, "predicateLabel": {"xml:lang": "en", "type": "literal", "value": "instance of"}}]}