{"Q20528428": [{"subjectLabel": {"xml:lang": "en", "type": "literal", "value": "federative entity of Mexico"}, "object": {"type": "uri", "value": "http://www.wikidata.org/entity/Q10864048"}, "objectLabel": {"xml:lang": "en", "type": "literal", "value": "first-level administrative division"}, "predicateLabel": {"xml:lang": "en", "type": "literal", "value": "subclass of"}}, {"subjectLabel": {"xml:lang": "en", "type": "literal", "value": "federative entity of Mexico"}, "object": {"type": "uri", "value": "http://www.wikidata.org/entity/Q112865"}, "objectLabel": {"xml:lang": "en", "type": "literal", "value": "administrative territorial entity of Mexico"}, "predicateLabel": {"xml:lang": "en", "type": "literal", "value": "subclass of"}}, {"subjectLabel": {"xml:lang": "en", "type": "literal", "value": "federative entity of Mexico"}, "object": {"type": "uri", "value": "http://www.wikidata.org/entity/Q96"}, "objectLabel": {"xml:lang": "en", "type": "literal", "value": "Mexico"}, "predicateLabel": {"xml:lang": "en", "type": "literal", "value": "country"}}], "Q13695": [{"subjectLabel": {"xml:lang": "en", "type": "literal", "value": "Tenochtitlan"}, "object": {"type": "uri", "value": "http://www.wikidata.org/entity/Q1489"}, "objectLabel": {"xml:lang": "en", "type": "literal", "value": "Mexico City"}, "predicateLabel": {"xml:lang": "en", "type": "literal", "value": "replaced by"}}, {"subjectLabel": {"xml:lang": "en", "type": "literal", "value": "Tenochtitlan"}, "object": {"type": "uri", "value": "http://www.wikidata.org/entity/Q7269"}, "objectLabel": {"xml:lang": "en", "type": "literal", "value": "monarchy"}, "predicateLabel": {"xml:lang": "en", "type": "literal", "value": "basic form of government"}}, {"subjectLabel": {"xml:lang": "en", "type": "literal", "value": "Tenochtitlan"}, "object": {"type": "uri", "value": "http://www.wikidata.org/entity/Q336816"}, "objectLabel": {"xml:lang": "en", "type": "literal", "value": "Tizoc"}, "predicateLabel": {"xml:lang": "en", "type": "literal", "value": "head of state"}}, {"subjectLabel": {"xml:lang": "en", "type": "literal", "value": "Tenochtitlan"}, "object": {"type": "uri", "value": "http://www.wikidata.org/entity/Q351751"}, "objectLabel": {"xml:lang": "en", "type": "literal", "value": "Axayacatl"}, "predicateLabel": {"xml:lang": "en", "type": "literal", "value": "head of state"}}, {"subjectLabel": {"xml:lang": "en", "type": "literal", "value": "Tenochtitlan"}, "object": {"type": "uri", "value": "http://www.wikidata.org/entity/Q351758"}, "objectLabel": {"xml:lang": "en", "type": "literal", "value": "Ahuitzotl"}, "predicateLabel": {"xml:lang": "en", "type": "literal", "value": "head of state"}}, {"subjectLabel": {"xml:lang": "en", "type": "literal", "value": "Tenochtitlan"}, "object": {"type": "uri", "value": "http://www.wikidata.org/entity/Q141791"}, "objectLabel": {"xml:lang": "en", "type": "literal", "value": "Moctezuma II"}, "predicateLabel": {"xml:lang": "en", "type": "literal", "value": "head of state"}}, {"subjectLabel": {"xml:lang": "en", "type": "literal", "value": "Tenochtitlan"}, "object": {"type": "uri", "value": "http://www.wikidata.org/entity/Q13702"}, "objectLabel": {"xml:lang": "en", "type": "literal", "value": "Moctezuma I"}, "predicateLabel": {"xml:lang": "en", "type": "literal", "value": "head of state"}}, {"subjectLabel": {"xml:lang": "en", "type": "literal", "value": "Tenochtitlan"}, "object": {"type": "uri", "value": "http://www.wikidata.org/entity/Q13300"}, "objectLabel": {"xml:lang": "en", "type": "literal", "value": "Nahuatl"}, "predicateLabel": {"xml:lang": "en", "type": "literal", "value": "language used"}}, {"subjectLabel": {"xml:lang": "en", "type": "literal", "value": "Tenochtitlan"}, "object": {"type": "uri", "value": "http://www.wikidata.org/entity/Q297050"}, "objectLabel": {"xml:lang": "en", "type": "literal", "value": "Cuauht\u00e9moc"}, "predicateLabel": {"xml:lang": "en", "type": "literal", "value": "head of state"}}, {"subjectLabel": {"xml:lang": "en", "type": "literal", "value": "Tenochtitlan"}, "object": {"type": "uri", "value": "http://www.wikidata.org/entity/Q257811"}, "objectLabel": {"xml:lang": "en", "type": "literal", "value": "Chimalpopoca"}, "predicateLabel": {"xml:lang": "en", "type": "literal", "value": "head of state"}}, {"subjectLabel": {"xml:lang": "en", "type": "literal", "value": "Tenochtitlan"}, "object": {"type": "uri", "value": "http://www.wikidata.org/entity/Q318072"}, "objectLabel": {"xml:lang": "en", "type": "literal", "value": "Itzcoatl"}, "predicateLabel": {"xml:lang": "en", "type": "literal", "value": "head of state"}}, {"subjectLabel": {"xml:lang": "en", "type": "literal", "value": "Tenochtitlan"}, "object": {"type": "uri", "value": "http://www.wikidata.org/entity/Q315628"}, "objectLabel": {"xml:lang": "en", "type": "literal", "value": "Cuitl\u00e1huac"}, "predicateLabel": {"xml:lang": "en", "type": "literal", "value": "head of state"}}, {"subjectLabel": {"xml:lang": "en", "type": "literal", "value": "Tenochtitlan"}, "object": {"type": "uri", "value": "http://www.wikidata.org/entity/Q335525"}, "objectLabel": {"xml:lang": "en", "type": "literal", "value": "Acamapichtli"}, "predicateLabel": {"xml:lang": "en", "type": "literal", "value": "head of state"}}, {"subjectLabel": {"xml:lang": "en", "type": "literal", "value": "Tenochtitlan"}, "object": {"type": "uri", "value": "http://www.wikidata.org/entity/Q2479824"}, "objectLabel": {"xml:lang": "en", "type": "literal", "value": "altepetl"}, "predicateLabel": {"xml:lang": "en", "type": "literal", "value": "instance of"}}, {"subjectLabel": {"xml:lang": "en", "type": "literal", "value": "Tenochtitlan"}, "object": {"type": "uri", "value": "http://www.wikidata.org/entity/Q1549591"}, "objectLabel": {"xml:lang": "en", "type": "literal", "value": "big city"}, "predicateLabel": {"xml:lang": "en", "type": "literal", "value": "instance of"}}, {"subjectLabel": {"xml:lang": "en", "type": "literal", "value": "Tenochtitlan"}, "object": {"type": "uri", "value": "http://www.wikidata.org/entity/Q379984"}, "objectLabel": {"xml:lang": "en", "type": "literal", "value": "Huitzilihuitl"}, "predicateLabel": {"xml:lang": "en", "type": "literal", "value": "head of state"}}, {"subjectLabel": {"xml:lang": "en", "type": "literal", "value": "Tenochtitlan"}, "object": {"type": "uri", "value": "http://www.wikidata.org/entity/Q593267"}, "objectLabel": {"xml:lang": "en", "type": "literal", "value": "fall of Tenochtitlan"}, "predicateLabel": {"xml:lang": "en", "type": "literal", "value": "significant event"}}, {"subjectLabel": {"xml:lang": "en", "type": "literal", "value": "Tenochtitlan"}, "object": {"type": "uri", "value": "http://www.wikidata.org/entity/Q84038427"}, "objectLabel": {"xml:lang": "en", "type": "literal", "value": "Category:Maps of Tenochtitlan"}, "predicateLabel": {"xml:lang": "en", "type": "literal", "value": "category for maps"}}, {"subjectLabel": {"xml:lang": "en", "type": "literal", "value": "Tenochtitlan"}, "object": {"type": "uri", "value": "http://www.wikidata.org/entity/Q16104362"}, "objectLabel": {"xml:lang": "en", "type": "literal", "value": "tlatoani"}, "predicateLabel": {"xml:lang": "en", "type": "literal", "value": "office held by head of state"}}, {"subjectLabel": {"xml:lang": "en", "type": "literal", "value": "Tenochtitlan"}, "object": {"type": "uri", "value": "http://www.wikidata.org/entity/Q2608489"}, "objectLabel": {"xml:lang": "en", "type": "literal", "value": "Aztec Empire"}, "predicateLabel": {"xml:lang": "en", "type": "literal", "value": "part of"}}, {"subjectLabel": {"xml:lang": "en", "type": "literal", "value": "Tenochtitlan"}, "object": {"type": "uri", "value": "http://www.wikidata.org/entity/Q3307681"}, "objectLabel": {"xml:lang": "en", "type": "literal", "value": "Mexica"}, "predicateLabel": {"xml:lang": "en", "type": "literal", "value": "founded by"}}, {"subjectLabel": {"xml:lang": "en", "type": "literal", "value": "Tenochtitlan"}, "object": {"type": "uri", "value": "http://www.wikidata.org/entity/Q8843484"}, "objectLabel": {"xml:lang": "en", "type": "literal", "value": "Category:Tenochtitlan"}, "predicateLabel": {"xml:lang": "en", "type": "literal", "value": "topic's main category"}}], "Q66117": [{"subjectLabel": {"xml:lang": "en", "type": "literal", "value": "Morelos"}, "object": {"type": "uri", "value": "http://www.wikidata.org/entity/Q96"}, "objectLabel": {"xml:lang": "en", "type": "literal", "value": "Mexico"}, "predicateLabel": {"xml:lang": "en", "type": "literal", "value": "country"}}, {"subjectLabel": {"xml:lang": "en", "type": "literal", "value": "Morelos"}, "object": {"type": "uri", "value": "http://www.wikidata.org/entity/Q96"}, "objectLabel": {"xml:lang": "en", "type": "literal", "value": "Mexico"}, "predicateLabel": {"xml:lang": "en", "type": "literal", "value": "located in the administrative territorial entity"}}, {"subjectLabel": {"xml:lang": "en", "type": "literal", "value": "Morelos"}, "object": {"type": "uri", "value": "http://www.wikidata.org/entity/Q19047539"}, "objectLabel": {"xml:lang": "en", "type": "literal", "value": "Collier's New Encyclopedia, 1921"}, "predicateLabel": {"xml:lang": "en", "type": "literal", "value": "described by source"}}, {"subjectLabel": {"xml:lang": "en", "type": "literal", "value": "Morelos"}, "object": {"type": "uri", "value": "http://www.wikidata.org/entity/Q2073277"}, "objectLabel": {"xml:lang": "en", "type": "literal", "value": "Tlamacazapa Nahuatl"}, "predicateLabel": {"xml:lang": "en", "type": "literal", "value": "language used"}}, {"subjectLabel": {"xml:lang": "en", "type": "literal", "value": "Morelos"}, "object": {"type": "uri", "value": "http://www.wikidata.org/entity/Q3450252"}, "objectLabel": {"xml:lang": "en", "type": "literal", "value": "Tetelcingo Nahuatl"}, "predicateLabel": {"xml:lang": "en", "type": "literal", "value": "language used"}}, {"subjectLabel": {"xml:lang": "en", "type": "literal", "value": "Morelos"}, "object": {"type": "uri", "value": "http://www.wikidata.org/entity/Q4800819"}, "objectLabel": {"xml:lang": "en", "type": "literal", "value": "Morelos Nahuatl"}, "predicateLabel": {"xml:lang": "en", "type": "literal", "value": "language used"}}, {"subjectLabel": {"xml:lang": "en", "type": "literal", "value": "Morelos"}, "object": {"type": "uri", "value": "http://www.wikidata.org/entity/Q6694268"}, "objectLabel": {"xml:lang": "en", "type": "literal", "value": "Loxicha Zapotec"}, "predicateLabel": {"xml:lang": "en", "type": "literal", "value": "language used"}}, {"subjectLabel": {"xml:lang": "en", "type": "literal", "value": "Morelos"}, "object": {"type": "uri", "value": "http://www.wikidata.org/entity/Q867541"}, "objectLabel": {"xml:lang": "en", "type": "literal", "value": "Encyclop\u00e6dia Britannica 11th edition"}, "predicateLabel": {"xml:lang": "en", "type": "literal", "value": "described by source"}}, {"subjectLabel": {"xml:lang": "en", "type": "literal", "value": "Morelos"}, "object": {"type": "uri", "value": "http://www.wikidata.org/entity/Q12953727"}, "objectLabel": {"xml:lang": "en", "type": "literal", "value": "Itundujia Mixtec"}, "predicateLabel": {"xml:lang": "en", "type": "literal", "value": "language used"}}, {"subjectLabel": {"xml:lang": "en", "type": "literal", "value": "Morelos"}, "object": {"type": "uri", "value": "http://www.wikidata.org/entity/Q7413841"}, "objectLabel": {"xml:lang": "en", "type": "literal", "value": "Central Otomi"}, "predicateLabel": {"xml:lang": "en", "type": "literal", "value": "language used"}}, {"subjectLabel": {"xml:lang": "en", "type": "literal", "value": "Morelos"}, "object": {"type": "uri", "value": "http://www.wikidata.org/entity/Q8050392"}, "objectLabel": {"xml:lang": "en", "type": "literal", "value": "Yaves\u00eda Zapotec"}, "predicateLabel": {"xml:lang": "en", "type": "literal", "value": "language used"}}, {"subjectLabel": {"xml:lang": "en", "type": "literal", "value": "Morelos"}, "object": {"type": "uri", "value": "http://www.wikidata.org/entity/Q12953757"}, "objectLabel": {"xml:lang": "en", "type": "literal", "value": "Isthmus-Cosoleacaque Nahuatl"}, "predicateLabel": {"xml:lang": "en", "type": "literal", "value": "language used"}}, {"subjectLabel": {"xml:lang": "en", "type": "literal", "value": "Morelos"}, "object": {"type": "uri", "value": "http://www.wikidata.org/entity/Q1489"}, "objectLabel": {"xml:lang": "en", "type": "literal", "value": "Mexico City"}, "predicateLabel": {"xml:lang": "en", "type": "literal", "value": "shares border with"}}, {"subjectLabel": {"xml:lang": "en", "type": "literal", "value": "Morelos"}, "object": {"type": "uri", "value": "http://www.wikidata.org/entity/Q5589684"}, "objectLabel": {"xml:lang": "en", "type": "literal", "value": "Governor of Morelos"}, "predicateLabel": {"xml:lang": "en", "type": "literal", "value": "office held by head of government"}}, {"subjectLabel": {"xml:lang": "en", "type": "literal", "value": "Morelos"}, "object": {"type": "uri", "value": "http://www.wikidata.org/entity/Q79923"}, "objectLabel": {"xml:lang": "en", "type": "literal", "value": "Puebla"}, "predicateLabel": {"xml:lang": "en", "type": "literal", "value": "shares border with"}}, {"subjectLabel": {"xml:lang": "en", "type": "literal", "value": "Morelos"}, "object": {"type": "uri", "value": "http://www.wikidata.org/entity/Q82112"}, "objectLabel": {"xml:lang": "en", "type": "literal", "value": "State of Mexico"}, "predicateLabel": {"xml:lang": "en", "type": "literal", "value": "shares border with"}}, {"subjectLabel": {"xml:lang": "en", "type": "literal", "value": "Morelos"}, "object": {"type": "uri", "value": "http://www.wikidata.org/entity/Q60158"}, "objectLabel": {"xml:lang": "en", "type": "literal", "value": "Guerrero"}, "predicateLabel": {"xml:lang": "en", "type": "literal", "value": "shares border with"}}, {"subjectLabel": {"xml:lang": "en", "type": "literal", "value": "Morelos"}, "object": {"type": "uri", "value": "http://www.wikidata.org/entity/Q7116577"}, "objectLabel": {"xml:lang": "en", "type": "literal", "value": "Category:People from Morelos"}, "predicateLabel": {"xml:lang": "en", "type": "literal", "value": "category of associated people"}}, {"subjectLabel": {"xml:lang": "en", "type": "literal", "value": "Morelos"}, "object": {"type": "uri", "value": "http://www.wikidata.org/entity/Q17166503"}, "objectLabel": {"xml:lang": "en", "type": "literal", "value": "Category:Births in Morelos"}, "predicateLabel": {"xml:lang": "en", "type": "literal", "value": "category for people born here"}}, {"subjectLabel": {"xml:lang": "en", "type": "literal", "value": "Morelos"}, "object": {"type": "uri", "value": "http://www.wikidata.org/entity/Q5385"}, "objectLabel": {"xml:lang": "en", "type": "literal", "value": "UTC\u221206:00"}, "predicateLabel": {"xml:lang": "en", "type": "literal", "value": "located in time zone"}}, {"subjectLabel": {"xml:lang": "en", "type": "literal", "value": "Morelos"}, "object": {"type": "uri", "value": "http://www.wikidata.org/entity/Q84050261"}, "objectLabel": {"xml:lang": "en", "type": "literal", "value": "Category:Maps of Morelos"}, "predicateLabel": {"xml:lang": "en", "type": "literal", "value": "category for maps"}}, {"subjectLabel": {"xml:lang": "en", "type": "literal", "value": "Morelos"}, "object": {"type": "uri", "value": "http://www.wikidata.org/entity/Q204245"}, "objectLabel": {"xml:lang": "en", "type": "literal", "value": "Cuernavaca"}, "predicateLabel": {"xml:lang": "en", "type": "literal", "value": "capital"}}, {"subjectLabel": {"xml:lang": "en", "type": "literal", "value": "Morelos"}, "object": {"type": "uri", "value": "http://www.wikidata.org/entity/Q181157"}, "objectLabel": {"xml:lang": "en", "type": "literal", "value": "Popocat\u00e9petl"}, "predicateLabel": {"xml:lang": "en", "type": "literal", "value": "highest point"}}, {"subjectLabel": {"xml:lang": "en", "type": "literal", "value": "Morelos"}, "object": {"type": "uri", "value": "http://www.wikidata.org/entity/Q428726"}, "objectLabel": {"xml:lang": "en", "type": "literal", "value": "Centenario Stadium"}, "predicateLabel": {"xml:lang": "en", "type": "literal", "value": "owner of"}}, {"subjectLabel": {"xml:lang": "en", "type": "literal", "value": "Morelos"}, "object": {"type": "uri", "value": "http://www.wikidata.org/entity/Q5783178"}, "objectLabel": {"xml:lang": "en", "type": "literal", "value": "Congress of Morelos"}, "predicateLabel": {"xml:lang": "en", "type": "literal", "value": "legislative body"}}, {"subjectLabel": {"xml:lang": "en", "type": "literal", "value": "Morelos"}, "object": {"type": "uri", "value": "http://www.wikidata.org/entity/Q15149663"}, "objectLabel": {"xml:lang": "en", "type": "literal", "value": "state of Mexico"}, "predicateLabel": {"xml:lang": "en", "type": "literal", "value": "instance of"}}, {"subjectLabel": {"xml:lang": "en", "type": "literal", "value": "Morelos"}, "object": {"type": "uri", "value": "http://www.wikidata.org/entity/Q7146398"}, "objectLabel": {"xml:lang": "en", "type": "literal", "value": "Category:Morelos"}, "predicateLabel": {"xml:lang": "en", "type": "literal", "value": "topic's main category"}}], "Q7234646": [{"subjectLabel": {"xml:lang": "en", "type": "literal", "value": "Category:People from Mexico City"}, "object": {"type": "uri", "value": "http://www.wikidata.org/entity/Q5"}, "objectLabel": {"xml:lang": "en", "type": "literal", "value": "human"}, "predicateLabel": {"xml:lang": "en", "type": "literal", "value": "category combines topics"}}, {"subjectLabel": {"xml:lang": "en", "type": "literal", "value": "Category:People from Mexico City"}, "object": {"type": "uri", "value": "http://www.wikidata.org/entity/Q5"}, "objectLabel": {"xml:lang": "en", "type": "literal", "value": "human"}, "predicateLabel": {"xml:lang": "en", "type": "literal", "value": "category contains"}}, {"subjectLabel": {"xml:lang": "en", "type": "literal", "value": "Category:People from Mexico City"}, "object": {"type": "uri", "value": "http://www.wikidata.org/entity/Q1489"}, "objectLabel": {"xml:lang": "en", "type": "literal", "value": "Mexico City"}, "predicateLabel": {"xml:lang": "en", "type": "literal", "value": "category combines topics"}}, {"subjectLabel": {"xml:lang": "en", "type": "literal", "value": "Category:People from Mexico City"}, "object": {"type": "uri", "value": "http://www.wikidata.org/entity/Q4167836"}, "objectLabel": {"xml:lang": "en", "type": "literal", "value": "Wikimedia category"}, "predicateLabel": {"xml:lang": "en", "type": "literal", "value": "instance of"}}, {"subjectLabel": {"xml:lang": "en", "type": "literal", "value": "Category:People from Mexico City"}, "object": {"type": "uri", "value": "http://www.wikidata.org/entity/Q3194214"}, "objectLabel": {"xml:lang": "en", "type": "literal", "value": "list of people from Mexico City"}, "predicateLabel": {"xml:lang": "en", "type": "literal", "value": "category's main topic"}}, {"subjectLabel": {"xml:lang": "en", "type": "literal", "value": "Category:People from Mexico City"}, "object": {"type": "uri", "value": "http://www.wikidata.org/entity/Q19660746"}, "objectLabel": {"xml:lang": "en", "type": "literal", "value": "person related to this place"}, "predicateLabel": {"xml:lang": "en", "type": "literal", "value": "category combines topics"}}], "Q1422929": [{"subjectLabel": {"xml:lang": "en", "type": "literal", "value": "primate city"}, "object": {"type": "uri", "value": "http://www.wikidata.org/entity/Q515"}, "objectLabel": {"xml:lang": "en", "type": "literal", "value": "city"}, "predicateLabel": {"xml:lang": "en", "type": "literal", "value": "subclass of"}}], "Q12953935": [{"subjectLabel": {"xml:lang": "en", "type": "literal", "value": "Copala Triqui"}, "object": {"type": "uri", "value": "http://www.wikidata.org/entity/Q34110"}, "objectLabel": {"xml:lang": "en", "type": "literal", "value": "Oaxaca"}, "predicateLabel": {"xml:lang": "en", "type": "literal", "value": "indigenous to"}}, {"subjectLabel": {"xml:lang": "en", "type": "literal", "value": "Copala Triqui"}, "object": {"type": "uri", "value": "http://www.wikidata.org/entity/Q1489"}, "objectLabel": {"xml:lang": "en", "type": "literal", "value": "Mexico City"}, "predicateLabel": {"xml:lang": "en", "type": "literal", "value": "indigenous to"}}, {"subjectLabel": {"xml:lang": "en", "type": "literal", "value": "Copala Triqui"}, "object": {"type": "uri", "value": "http://www.wikidata.org/entity/Q46422"}, "objectLabel": {"xml:lang": "en", "type": "literal", "value": "Sonora"}, "predicateLabel": {"xml:lang": "en", "type": "literal", "value": "indigenous to"}}, {"subjectLabel": {"xml:lang": "en", "type": "literal", "value": "Copala Triqui"}, "object": {"type": "uri", "value": "http://www.wikidata.org/entity/Q82112"}, "objectLabel": {"xml:lang": "en", "type": "literal", "value": "State of Mexico"}, "predicateLabel": {"xml:lang": "en", "type": "literal", "value": "indigenous to"}}, {"subjectLabel": {"xml:lang": "en", "type": "literal", "value": "Copala Triqui"}, "object": {"type": "uri", "value": "http://www.wikidata.org/entity/Q58731"}, "objectLabel": {"xml:lang": "en", "type": "literal", "value": "Baja California"}, "predicateLabel": {"xml:lang": "en", "type": "literal", "value": "indigenous to"}}, {"subjectLabel": {"xml:lang": "en", "type": "literal", "value": "Copala Triqui"}, "object": {"type": "uri", "value": "http://www.wikidata.org/entity/Q96"}, "objectLabel": {"xml:lang": "en", "type": "literal", "value": "Mexico"}, "predicateLabel": {"xml:lang": "en", "type": "literal", "value": "country"}}, {"subjectLabel": {"xml:lang": "en", "type": "literal", "value": "Copala Triqui"}, "object": {"type": "uri", "value": "http://www.wikidata.org/entity/Q33101336"}, "objectLabel": {"xml:lang": "en", "type": "literal", "value": "Category:Copala Triqui language"}, "predicateLabel": {"xml:lang": "en", "type": "literal", "value": "topic's main category"}}, {"subjectLabel": {"xml:lang": "en", "type": "literal", "value": "Copala Triqui"}, "object": {"type": "uri", "value": "http://www.wikidata.org/entity/Q34770"}, "objectLabel": {"xml:lang": "en", "type": "literal", "value": "language"}, "predicateLabel": {"xml:lang": "en", "type": "literal", "value": "instance of"}}, {"subjectLabel": {"xml:lang": "en", "type": "literal", "value": "Copala Triqui"}, "object": {"type": "uri", "value": "http://www.wikidata.org/entity/Q1288568"}, "objectLabel": {"xml:lang": "en", "type": "literal", "value": "modern language"}, "predicateLabel": {"xml:lang": "en", "type": "literal", "value": "instance of"}}, {"subjectLabel": {"xml:lang": "en", "type": "literal", "value": "Copala Triqui"}, "object": {"type": "uri", "value": "http://www.wikidata.org/entity/Q29051551"}, "objectLabel": {"xml:lang": "en", "type": "literal", "value": "5 Developing"}, "predicateLabel": {"xml:lang": "en", "type": "literal", "value": "Ethnologue language status"}}, {"subjectLabel": {"xml:lang": "en", "type": "literal", "value": "Copala Triqui"}, "object": {"type": "uri", "value": "http://www.wikidata.org/entity/Q780200"}, "objectLabel": {"xml:lang": "en", "type": "literal", "value": "Trique"}, "predicateLabel": {"xml:lang": "en", "type": "literal", "value": "subclass of"}}], "Q19363131": [{"subjectLabel": {"xml:lang": "en", "type": "literal", "value": "Category:Films shot in Mexico City"}, "object": {"type": "uri", "value": "http://www.wikidata.org/entity/Q1489"}, "objectLabel": {"xml:lang": "en", "type": "literal", "value": "Mexico City"}, "predicateLabel": {"xml:lang": "en", "type": "literal", "value": "category combines topics"}}, {"subjectLabel": {"xml:lang": "en", "type": "literal", "value": "Category:Films shot in Mexico City"}, "object": {"type": "uri", "value": "http://www.wikidata.org/entity/Q11424"}, "objectLabel": {"xml:lang": "en", "type": "literal", "value": "film"}, "predicateLabel": {"xml:lang": "en", "type": "literal", "value": "category contains"}}, {"subjectLabel": {"xml:lang": "en", "type": "literal", "value": "Category:Films shot in Mexico City"}, "object": {"type": "uri", "value": "http://www.wikidata.org/entity/Q1045481"}, "objectLabel": {"xml:lang": "en", "type": "literal", "value": "filming location"}, "predicateLabel": {"xml:lang": "en", "type": "literal", "value": "category combines topics"}}, {"subjectLabel": {"xml:lang": "en", "type": "literal", "value": "Category:Films shot in Mexico City"}, "object": {"type": "uri", "value": "http://www.wikidata.org/entity/Q4167836"}, "objectLabel": {"xml:lang": "en", "type": "literal", "value": "Wikimedia category"}, "predicateLabel": {"xml:lang": "en", "type": "literal", "value": "instance of"}}, {"subjectLabel": {"xml:lang": "en", "type": "literal", "value": "Category:Films shot in Mexico City"}, "object": {"type": "uri", "value": "http://www.wikidata.org/entity/Q8457745"}, "objectLabel": {"xml:lang": "en", "type": "literal", "value": "Category:Films set in Mexico City"}, "predicateLabel": {"xml:lang": "en", "type": "literal", "value": "opposite of"}}], "Q2962015": [{"subjectLabel": {"xml:lang": "en", "type": "literal", "value": "Head of Mexico City government"}, "object": {"type": "uri", "value": "http://www.wikidata.org/entity/Q96"}, "objectLabel": {"xml:lang": "en", "type": "literal", "value": "Mexico"}, "predicateLabel": {"xml:lang": "en", "type": "literal", "value": "country"}}, {"subjectLabel": {"xml:lang": "en", "type": "literal", "value": "Head of Mexico City government"}, "object": {"type": "uri", "value": "http://www.wikidata.org/entity/Q294414"}, "objectLabel": {"xml:lang": "en", "type": "literal", "value": "public office"}, "predicateLabel": {"xml:lang": "en", "type": "literal", "value": "instance of"}}, {"subjectLabel": {"xml:lang": "en", "type": "literal", "value": "Head of Mexico City government"}, "object": {"type": "uri", "value": "http://www.wikidata.org/entity/Q1489"}, "objectLabel": {"xml:lang": "en", "type": "literal", "value": "Mexico City"}, "predicateLabel": {"xml:lang": "en", "type": "literal", "value": "applies to jurisdiction"}}, {"subjectLabel": {"xml:lang": "en", "type": "literal", "value": "Head of Mexico City government"}, "object": {"type": "uri", "value": "http://www.wikidata.org/entity/Q17810142"}, "objectLabel": {"xml:lang": "en", "type": "literal", "value": "state governor of Mexico"}, "predicateLabel": {"xml:lang": "en", "type": "literal", "value": "subclass of"}}, {"subjectLabel": {"xml:lang": "en", "type": "literal", "value": "Head of Mexico City government"}, "object": {"type": "uri", "value": "http://www.wikidata.org/entity/Q4164871"}, "objectLabel": {"xml:lang": "en", "type": "literal", "value": "position"}, "predicateLabel": {"xml:lang": "en", "type": "literal", "value": "instance of"}}, {"subjectLabel": {"xml:lang": "en", "type": "literal", "value": "Head of Mexico City government"}, "object": {"type": "uri", "value": "http://www.wikidata.org/entity/Q24056909"}, "objectLabel": {"xml:lang": "en", "type": "literal", "value": "list of heads of government of Mexico City"}, "predicateLabel": {"xml:lang": "en", "type": "literal", "value": "has list"}}, {"subjectLabel": {"xml:lang": "en", "type": "literal", "value": "Head of Mexico City government"}, "object": {"type": "uri", "value": "http://www.wikidata.org/entity/Q8506754"}, "objectLabel": {"xml:lang": "en", "type": "literal", "value": "Category:Heads of Government of Mexico City"}, "predicateLabel": {"xml:lang": "en", "type": "literal", "value": "topic's main category"}}, {"subjectLabel": {"xml:lang": "en", "type": "literal", "value": "Head of Mexico City government"}, "object": {"type": "uri", "value": "http://www.wikidata.org/entity/Q52634094"}, "objectLabel": {"xml:lang": "en", "type": "literal", "value": "governor and cabinet of Ciudad de M\u00e9xico"}, "predicateLabel": {"xml:lang": "en", "type": "literal", "value": "part of"}}, {"subjectLabel": {"xml:lang": "en", "type": "literal", "value": "Head of Mexico City government"}, "object": {"type": "uri", "value": "http://www.wikidata.org/entity/Q5475632"}, "objectLabel": {"xml:lang": "en", "type": "literal", "value": "Marti Batres"}, "predicateLabel": {"xml:lang": "en", "type": "literal", "value": "officeholder"}}], "Q2881158": [{"subjectLabel": {"xml:lang": "en", "type": "literal", "value": "history of Mexico City"}, "object": {"type": "uri", "value": "http://www.wikidata.org/entity/Q1489"}, "objectLabel": {"xml:lang": "en", "type": "literal", "value": "Mexico City"}, "predicateLabel": {"xml:lang": "en", "type": "literal", "value": "facet of"}}, {"subjectLabel": {"xml:lang": "en", "type": "literal", "value": "history of Mexico City"}, "object": {"type": "uri", "value": "http://www.wikidata.org/entity/Q96"}, "objectLabel": {"xml:lang": "en", "type": "literal", "value": "Mexico"}, "predicateLabel": {"xml:lang": "en", "type": "literal", "value": "country"}}, {"subjectLabel": {"xml:lang": "en", "type": "literal", "value": "history of Mexico City"}, "object": {"type": "uri", "value": "http://www.wikidata.org/entity/Q8518685"}, "objectLabel": {"xml:lang": "en", "type": "literal", "value": "Category:History of Mexico City"}, "predicateLabel": {"xml:lang": "en", "type": "literal", "value": "topic's main category"}}, {"subjectLabel": {"xml:lang": "en", "type": "literal", "value": "history of Mexico City"}, "object": {"type": "uri", "value": "http://www.wikidata.org/entity/Q28747937"}, "objectLabel": {"xml:lang": "en", "type": "literal", "value": "history of a city"}, "predicateLabel": {"xml:lang": "en", "type": "literal", "value": "instance of"}}], "Q1022": [{"subjectLabel": {"xml:lang": "en", "type": "literal", "value": "Stuttgart"}, "object": {"type": "uri", "value": "http://www.wikidata.org/entity/Q116771892"}, "objectLabel": {"xml:lang": "en", "type": "literal", "value": "coat of arms of Stuttgart"}, "predicateLabel": {"xml:lang": "en", "type": "literal", "value": "coat of arms"}}, {"subjectLabel": {"xml:lang": "en", "type": "literal", "value": "Stuttgart"}, "object": {"type": "uri", "value": "http://www.wikidata.org/entity/Q115448193"}, "objectLabel": {"xml:lang": "en", "type": "literal", "value": "Stuttgart"}, "predicateLabel": {"xml:lang": "en", "type": "literal", "value": "permanent duplicated item"}}, {"subjectLabel": {"xml:lang": "en", "type": "literal", "value": "Stuttgart"}, "object": {"type": "uri", "value": "http://www.wikidata.org/entity/Q438649"}, "objectLabel": {"xml:lang": "en", "type": "literal", "value": "Stuttgart"}, "predicateLabel": {"xml:lang": "en", "type": "literal", "value": "different from"}}, {"subjectLabel": {"xml:lang": "en", "type": "literal", "value": "Stuttgart"}, "object": {"type": "uri", "value": "http://www.wikidata.org/entity/Q985"}, "objectLabel": {"xml:lang": "en", "type": "literal", "value": "Baden-W\u00fcrttemberg"}, "predicateLabel": {"xml:lang": "en", "type": "literal", "value": "capital of"}}, {"subjectLabel": {"xml:lang": "en", "type": "literal", "value": "Stuttgart"}, "object": {"type": "uri", "value": "http://www.wikidata.org/entity/Q17273587"}, "objectLabel": {"xml:lang": "en", "type": "literal", "value": "Category:Films shot in Stuttgart"}, "predicateLabel": {"xml:lang": "en", "type": "literal", "value": "category for films shot at this location"}}, {"subjectLabel": {"xml:lang": "en", "type": "literal", "value": "Stuttgart"}, "object": {"type": "uri", "value": "http://www.wikidata.org/entity/Q83978807"}, "objectLabel": {"xml:lang": "en", "type": "literal", "value": "Category:Maps of Stuttgart"}, "predicateLabel": {"xml:lang": "en", "type": "literal", "value": "category for maps"}}, {"subjectLabel": {"xml:lang": "en", "type": "literal", "value": "Stuttgart"}, "object": {"type": "uri", "value": "http://www.wikidata.org/entity/Q85"}, "objectLabel": {"xml:lang": "en", "type": "literal", "value": "Cairo"}, "predicateLabel": {"xml:lang": "en", "type": "literal", "value": "twinned administrative body"}}, {"subjectLabel": {"xml:lang": "en", "type": "literal", "value": "Stuttgart"}, "object": {"type": "uri", "value": "http://www.wikidata.org/entity/Q7234184"}, "objectLabel": {"xml:lang": "en", "type": "literal", "value": "Category:People from Stuttgart"}, "predicateLabel": {"xml:lang": "en", "type": "literal", "value": "category of associated people"}}, {"subjectLabel": {"xml:lang": "en", "type": "literal", "value": "Stuttgart"}, "object": {"type": "uri", "value": "http://www.wikidata.org/entity/Q580"}, "objectLabel": {"xml:lang": "en", "type": "literal", "value": "\u0141\u00f3d\u017a"}, "predicateLabel": {"xml:lang": "en", "type": "literal", "value": "twinned administrative body"}}, {"subjectLabel": {"xml:lang": "en", "type": "literal", "value": "Stuttgart"}, "object": {"type": "uri", "value": "http://www.wikidata.org/entity/Q2359602"}, "objectLabel": {"xml:lang": "en", "type": "literal", "value": "Stuttgarter Stra\u00dfenbahnen"}, "predicateLabel": {"xml:lang": "en", "type": "literal", "value": "owner of"}}, {"subjectLabel": {"xml:lang": "en", "type": "literal", "value": "Stuttgart"}, "object": {"type": "uri", "value": "http://www.wikidata.org/entity/Q154297"}, "objectLabel": {"xml:lang": "en", "type": "literal", "value": "list of people from Stuttgart"}, "predicateLabel": {"xml:lang": "en", "type": "literal", "value": "has list"}}, {"subjectLabel": {"xml:lang": "en", "type": "literal", "value": "Stuttgart"}, "object": {"type": "uri", "value": "http://www.wikidata.org/entity/Q1768108"}, "objectLabel": {"xml:lang": "en", "type": "literal", "value": "Climate Alliance"}, "predicateLabel": {"xml:lang": "en", "type": "literal", "value": "member of"}}, {"subjectLabel": {"xml:lang": "en", "type": "literal", "value": "Stuttgart"}, "object": {"type": "uri", "value": "http://www.wikidata.org/entity/Q1691932"}, "objectLabel": {"xml:lang": "en", "type": "literal", "value": "Kommunalverband f\u00fcr Jugend und Soziales Baden-W\u00fcrttemberg"}, "predicateLabel": {"xml:lang": "en", "type": "literal", "value": "member of"}}, {"subjectLabel": {"xml:lang": "en", "type": "literal", "value": "Stuttgart"}, "object": {"type": "uri", "value": "http://www.wikidata.org/entity/Q747279"}, "objectLabel": {"xml:lang": "en", "type": "literal", "value": "Mayors for Peace"}, "predicateLabel": {"xml:lang": "en", "type": "literal", "value": "member of"}}, {"subjectLabel": {"xml:lang": "en", "type": "literal", "value": "Stuttgart"}, "object": {"type": "uri", "value": "http://www.wikidata.org/entity/Q826470"}, "objectLabel": {"xml:lang": "en", "type": "literal", "value": "Bernhartsh\u00f6he"}, "predicateLabel": {"xml:lang": "en", "type": "literal", "value": "highest point"}}, {"subjectLabel": {"xml:lang": "en", "type": "literal", "value": "Stuttgart"}, "object": {"type": "uri", "value": "http://www.wikidata.org/entity/Q104594820"}, "objectLabel": {"xml:lang": "en", "type": "literal", "value": "Category:Views of Stuttgart"}, "predicateLabel": {"xml:lang": "en", "type": "literal", "value": "category for the view of the item"}}, {"subjectLabel": {"xml:lang": "en", "type": "literal", "value": "Stuttgart"}, "object": {"type": "uri", "value": "http://www.wikidata.org/entity/Q100867949"}, "objectLabel": {"xml:lang": "en", "type": "literal", "value": "economy of Stuttgart"}, "predicateLabel": {"xml:lang": "en", "type": "literal", "value": "economy of topic"}}, {"subjectLabel": {"xml:lang": "en", "type": "literal", "value": "Stuttgart"}, "object": {"type": "uri", "value": "http://www.wikidata.org/entity/Q6655"}, "objectLabel": {"xml:lang": "en", "type": "literal", "value": "UTC+01:00"}, "predicateLabel": {"xml:lang": "en", "type": "literal", "value": "located in time zone"}}, {"subjectLabel": {"xml:lang": "en", "type": "literal", "value": "Stuttgart"}, "object": {"type": "uri", "value": "http://www.wikidata.org/entity/Q6173448"}, "objectLabel": {"xml:lang": "en", "type": "literal", "value": "Wikipedia:Vital articles/Level/4"}, "predicateLabel": {"xml:lang": "en", "type": "literal", "value": "on focus list of Wikimedia project"}}, {"subjectLabel": {"xml:lang": "en", "type": "literal", "value": "Stuttgart"}, "object": {"type": "uri", "value": "http://www.wikidata.org/entity/Q1806929"}, "objectLabel": {"xml:lang": "en", "type": "literal", "value": "City Archive Stuttgart"}, "predicateLabel": {"xml:lang": "en", "type": "literal", "value": "archives at"}}, {"subjectLabel": {"xml:lang": "en", "type": "literal", "value": "Stuttgart"}, "object": {"type": "uri", "value": "http://www.wikidata.org/entity/Q8172"}, "objectLabel": {"xml:lang": "en", "type": "literal", "value": "Stuttgart Government Region"}, "predicateLabel": {"xml:lang": "en", "type": "literal", "value": "part of"}}, {"subjectLabel": {"xml:lang": "en", "type": "literal", "value": "Stuttgart"}, "object": {"type": "uri", "value": "http://www.wikidata.org/entity/Q602358"}, "objectLabel": {"xml:lang": "en", "type": "literal", "value": "Brockhaus and Efron Encyclopedic Dictionary"}, "predicateLabel": {"xml:lang": "en", "type": "literal", "value": "described by source"}}, {"subjectLabel": {"xml:lang": "en", "type": "literal", "value": "Stuttgart"}, "object": {"type": "uri", "value": "http://www.wikidata.org/entity/Q867541"}, "objectLabel": {"xml:lang": "en", "type": "literal", "value": "Encyclop\u00e6dia Britannica 11th edition"}, "predicateLabel": {"xml:lang": "en", "type": "literal", "value": "described by source"}}, {"subjectLabel": {"xml:lang": "en", "type": "literal", "value": "Stuttgart"}, "object": {"type": "uri", "value": "http://www.wikidata.org/entity/Q1156"}, "objectLabel": {"xml:lang": "en", "type": "literal", "value": "Mumbai"}, "predicateLabel": {"xml:lang": "en", "type": "literal", "value": "twinned administrative body"}}, {"subjectLabel": {"xml:lang": "en", "type": "literal", "value": "Stuttgart"}, "object": {"type": "uri", "value": "http://www.wikidata.org/entity/Q3181656"}, "objectLabel": {"xml:lang": "en", "type": "literal", "value": "The Nuttall Encyclop\u00e6dia"}, "predicateLabel": {"xml:lang": "en", "type": "literal", "value": "described by source"}}, {"subjectLabel": {"xml:lang": "en", "type": "literal", "value": "Stuttgart"}, "object": {"type": "uri", "value": "http://www.wikidata.org/entity/Q4532138"}, "objectLabel": {"xml:lang": "en", "type": "literal", "value": "Granat Encyclopedic Dictionary"}, "predicateLabel": {"xml:lang": "en", "type": "literal", "value": "described by source"}}, {"subjectLabel": {"xml:lang": "en", "type": "literal", "value": "Stuttgart"}, "object": {"type": "uri", "value": "http://www.wikidata.org/entity/Q4173137"}, "objectLabel": {"xml:lang": "en", "type": "literal", "value": "Jewish Encyclopedia of Brockhaus and Efron"}, "predicateLabel": {"xml:lang": "en", "type": "literal", "value": "described by source"}}, {"subjectLabel": {"xml:lang": "en", "type": "literal", "value": "Stuttgart"}, "object": {"type": "uri", "value": "http://www.wikidata.org/entity/Q894"}, "objectLabel": {"xml:lang": "en", "type": "literal", "value": "Samara"}, "predicateLabel": {"xml:lang": "en", "type": "literal", "value": "twinned administrative body"}}, {"subjectLabel": {"xml:lang": "en", "type": "literal", "value": "Stuttgart"}, "object": {"type": "uri", "value": "http://www.wikidata.org/entity/Q20078554"}, "objectLabel": {"xml:lang": "en", "type": "literal", "value": "Great Soviet Encyclopedia (1926\u20131947)"}, "predicateLabel": {"xml:lang": "en", "type": "literal", "value": "described by source"}}, {"subjectLabel": {"xml:lang": "en", "type": "literal", "value": "Stuttgart"}, "object": {"type": "uri", "value": "http://www.wikidata.org/entity/Q63284758"}, "objectLabel": {"xml:lang": "en", "type": "literal", "value": "Desktop Encyclopedic Dictionary"}, "predicateLabel": {"xml:lang": "en", "type": "literal", "value": "described by source"}}, {"subjectLabel": {"xml:lang": "en", "type": "literal", "value": "Stuttgart"}, "object": {"type": "uri", "value": "http://www.wikidata.org/entity/Q8172"}, "objectLabel": {"xml:lang": "en", "type": "literal", "value": "Stuttgart Government Region"}, "predicateLabel": {"xml:lang": "en", "type": "literal", "value": "capital of"}}, {"subjectLabel": {"xml:lang": "en", "type": "literal", "value": "Stuttgart"}, "object": {"type": "uri", "value": "http://www.wikidata.org/entity/Q8943134"}, "objectLabel": {"xml:lang": "en", "type": "literal", "value": "Category:Honorary citizens of Stuttgart"}, "predicateLabel": {"xml:lang": "en", "type": "literal", "value": "category for honorary citizens of entity"}}, {"subjectLabel": {"xml:lang": "en", "type": "literal", "value": "Stuttgart"}, "object": {"type": "uri", "value": "http://www.wikidata.org/entity/Q55473342"}, "objectLabel": {"xml:lang": "en", "type": "literal", "value": "Zweckverband 4IT"}, "predicateLabel": {"xml:lang": "en", "type": "literal", "value": "member of"}}, {"subjectLabel": {"xml:lang": "en", "type": "literal", "value": "Stuttgart"}, "object": {"type": "uri", "value": "http://www.wikidata.org/entity/Q1489"}, "objectLabel": {"xml:lang": "en", "type": "literal", "value": "Mexico City"}, "predicateLabel": {"xml:lang": "en", "type": "literal", "value": "twinned administrative body"}}, {"subjectLabel": {"xml:lang": "en", "type": "literal", "value": "Stuttgart"}, "object": {"type": "uri", "value": "http://www.wikidata.org/entity/Q6602"}, "objectLabel": {"xml:lang": "en", "type": "literal", "value": "Strasbourg"}, "predicateLabel": {"xml:lang": "en", "type": "literal", "value": "twinned administrative body"}}, {"subjectLabel": {"xml:lang": "en", "type": "literal", "value": "Stuttgart"}, "object": {"type": "uri", "value": "http://www.wikidata.org/entity/Q1673"}, "objectLabel": {"xml:lang": "en", "type": "literal", "value": "Neckar"}, "predicateLabel": {"xml:lang": "en", "type": "literal", "value": "located in or next to body of water"}}, {"subjectLabel": {"xml:lang": "en", "type": "literal", "value": "Stuttgart"}, "object": {"type": "uri", "value": "http://www.wikidata.org/entity/Q451619"}, "objectLabel": {"xml:lang": "en", "type": "literal", "value": "Stuttgart Metropolitan Region"}, "predicateLabel": {"xml:lang": "en", "type": "literal", "value": "part of"}}, {"subjectLabel": {"xml:lang": "en", "type": "literal", "value": "Stuttgart"}, "object": {"type": "uri", "value": "http://www.wikidata.org/entity/Q475646"}, "objectLabel": {"xml:lang": "en", "type": "literal", "value": "International Association for Sports and Leisure Facilities"}, "predicateLabel": {"xml:lang": "en", "type": "literal", "value": "member of"}}, {"subjectLabel": {"xml:lang": "en", "type": "literal", "value": "Stuttgart"}, "object": {"type": "uri", "value": "http://www.wikidata.org/entity/Q14960"}, "objectLabel": {"xml:lang": "en", "type": "literal", "value": "Brno"}, "predicateLabel": {"xml:lang": "en", "type": "literal", "value": "twinned administrative body"}}, {"subjectLabel": {"xml:lang": "en", "type": "literal", "value": "Stuttgart"}, "object": {"type": "uri", "value": "http://www.wikidata.org/entity/Q8823080"}, "objectLabel": {"xml:lang": "en", "type": "literal", "value": "Category:Stuttgart"}, "predicateLabel": {"xml:lang": "en", "type": "literal", "value": "topic's main category"}}, {"subjectLabel": {"xml:lang": "en", "type": "literal", "value": "Stuttgart"}, "object": {"type": "uri", "value": "http://www.wikidata.org/entity/Q8079771"}, "objectLabel": {"xml:lang": "en", "type": "literal", "value": "Category:Born in Stuttgart"}, "predicateLabel": {"xml:lang": "en", "type": "literal", "value": "category for people born here"}}, {"subjectLabel": {"xml:lang": "en", "type": "literal", "value": "Stuttgart"}, "object": {"type": "uri", "value": "http://www.wikidata.org/entity/Q183"}, "objectLabel": {"xml:lang": "en", "type": "literal", "value": "Germany"}, "predicateLabel": {"xml:lang": "en", "type": "literal", "value": "country"}}, {"subjectLabel": {"xml:lang": "en", "type": "literal", "value": "Stuttgart"}, "object": {"type": "uri", "value": "http://www.wikidata.org/entity/Q8172"}, "objectLabel": {"xml:lang": "en", "type": "literal", "value": "Stuttgart Government Region"}, "predicateLabel": {"xml:lang": "en", "type": "literal", "value": "located in the administrative territorial entity"}}, {"subjectLabel": {"xml:lang": "en", "type": "literal", "value": "Stuttgart"}, "object": {"type": "uri", "value": "http://www.wikidata.org/entity/Q10690"}, "objectLabel": {"xml:lang": "en", "type": "literal", "value": "Cardiff"}, "predicateLabel": {"xml:lang": "en", "type": "literal", "value": "twinned administrative body"}}, {"subjectLabel": {"xml:lang": "en", "type": "literal", "value": "Stuttgart"}, "object": {"type": "uri", "value": "http://www.wikidata.org/entity/Q27435"}, "objectLabel": {"xml:lang": "en", "type": "literal", "value": "Menzel Bourguiba"}, "predicateLabel": {"xml:lang": "en", "type": "literal", "value": "twinned administrative body"}}, {"subjectLabel": {"xml:lang": "en", "type": "literal", "value": "Stuttgart"}, "object": {"type": "uri", "value": "http://www.wikidata.org/entity/Q16082057"}, "objectLabel": {"xml:lang": "en", "type": "literal", "value": "The New Student's Reference Work"}, "predicateLabel": {"xml:lang": "en", "type": "literal", "value": "described by source"}}, {"subjectLabel": {"xml:lang": "en", "type": "literal", "value": "Stuttgart"}, "object": {"type": "uri", "value": "http://www.wikidata.org/entity/Q19180675"}, "objectLabel": {"xml:lang": "en", "type": "literal", "value": "Small Brockhaus and Efron Encyclopedic Dictionary"}, "predicateLabel": {"xml:lang": "en", "type": "literal", "value": "described by source"}}, {"subjectLabel": {"xml:lang": "en", "type": "literal", "value": "Stuttgart"}, "object": {"type": "uri", "value": "http://www.wikidata.org/entity/Q8541"}, "objectLabel": {"xml:lang": "en", "type": "literal", "value": "Ludwigsburg District"}, "predicateLabel": {"xml:lang": "en", "type": "literal", "value": "shares border with"}}, {"subjectLabel": {"xml:lang": "en", "type": "literal", "value": "Stuttgart"}, "object": {"type": "uri", "value": "http://www.wikidata.org/entity/Q8536"}, "objectLabel": {"xml:lang": "en", "type": "literal", "value": "B\u00f6blingen district"}, "predicateLabel": {"xml:lang": "en", "type": "literal", "value": "shares border with"}}, {"subjectLabel": {"xml:lang": "en", "type": "literal", "value": "Stuttgart"}, "object": {"type": "uri", "value": "http://www.wikidata.org/entity/Q8528"}, "objectLabel": {"xml:lang": "en", "type": "literal", "value": "Rems-Murr"}, "predicateLabel": {"xml:lang": "en", "type": "literal", "value": "shares border with"}}, {"subjectLabel": {"xml:lang": "en", "type": "literal", "value": "Stuttgart"}, "object": {"type": "uri", "value": "http://www.wikidata.org/entity/Q8533"}, "objectLabel": {"xml:lang": "en", "type": "literal", "value": "Esslingen"}, "predicateLabel": {"xml:lang": "en", "type": "literal", "value": "shares border with"}}, {"subjectLabel": {"xml:lang": "en", "type": "literal", "value": "Stuttgart"}, "object": {"type": "uri", "value": "http://www.wikidata.org/entity/Q251660"}, "objectLabel": {"xml:lang": "en", "type": "literal", "value": "W\u00fcrttemberg-Baden"}, "predicateLabel": {"xml:lang": "en", "type": "literal", "value": "capital of"}}, {"subjectLabel": {"xml:lang": "en", "type": "literal", "value": "Stuttgart"}, "object": {"type": "uri", "value": "http://www.wikidata.org/entity/Q384926"}, "objectLabel": {"xml:lang": "en", "type": "literal", "value": "Ogaki"}, "predicateLabel": {"xml:lang": "en", "type": "literal", "value": "twinned administrative body"}}, {"subjectLabel": {"xml:lang": "en", "type": "literal", "value": "Stuttgart"}, "object": {"type": "uri", "value": "http://www.wikidata.org/entity/Q147402"}, "objectLabel": {"xml:lang": "en", "type": "literal", "value": "Zapopan"}, "predicateLabel": {"xml:lang": "en", "type": "literal", "value": "twinned administrative body"}}, {"subjectLabel": {"xml:lang": "en", "type": "literal", "value": "Stuttgart"}, "object": {"type": "uri", "value": "http://www.wikidata.org/entity/Q153647"}, "objectLabel": {"xml:lang": "en", "type": "literal", "value": "St Helens"}, "predicateLabel": {"xml:lang": "en", "type": "literal", "value": "twinned administrative body"}}, {"subjectLabel": {"xml:lang": "en", "type": "literal", "value": "Stuttgart"}, "object": {"type": "uri", "value": "http://www.wikidata.org/entity/Q38022"}, "objectLabel": {"xml:lang": "en", "type": "literal", "value": "St. Louis"}, "predicateLabel": {"xml:lang": "en", "type": "literal", "value": "twinned administrative body"}}, {"subjectLabel": {"xml:lang": "en", "type": "literal", "value": "Stuttgart"}, "object": {"type": "uri", "value": "http://www.wikidata.org/entity/Q11380685"}, "objectLabel": {"xml:lang": "en", "type": "literal", "value": "Portal:Stuttgart"}, "predicateLabel": {"xml:lang": "en", "type": "literal", "value": "topic's main Wikimedia portal"}}, {"subjectLabel": {"xml:lang": "en", "type": "literal", "value": "Stuttgart"}, "object": {"type": "uri", "value": "http://www.wikidata.org/entity/Q9220061"}, "objectLabel": {"xml:lang": "en", "type": "literal", "value": "Category:Deaths in Stuttgart"}, "predicateLabel": {"xml:lang": "en", "type": "literal", "value": "category for people who died here"}}, {"subjectLabel": {"xml:lang": "en", "type": "literal", "value": "Stuttgart"}, "object": {"type": "uri", "value": "http://www.wikidata.org/entity/Q15734684"}, "objectLabel": {"xml:lang": "en", "type": "literal", "value": "K\u00f6rperschaft des \u00f6ffentlichen Rechts"}, "predicateLabel": {"xml:lang": "en", "type": "literal", "value": "legal form"}}, {"subjectLabel": {"xml:lang": "en", "type": "literal", "value": "Stuttgart"}, "object": {"type": "uri", "value": "http://www.wikidata.org/entity/Q571191"}, "objectLabel": {"xml:lang": "en", "type": "literal", "value": "Shavei Tzion"}, "predicateLabel": {"xml:lang": "en", "type": "literal", "value": "twinned administrative body"}}, {"subjectLabel": {"xml:lang": "en", "type": "literal", "value": "Stuttgart"}, "object": {"type": "uri", "value": "http://www.wikidata.org/entity/Q727750"}, "objectLabel": {"xml:lang": "en", "type": "literal", "value": "Stuttgart-Mitte"}, "predicateLabel": {"xml:lang": "en", "type": "literal", "value": "contains the administrative territorial entity"}}, {"subjectLabel": {"xml:lang": "en", "type": "literal", "value": "Stuttgart"}, "object": {"type": "uri", "value": "http://www.wikidata.org/entity/Q733332"}, "objectLabel": {"xml:lang": "en", "type": "literal", "value": "M\u00fchlhausen"}, "predicateLabel": {"xml:lang": "en", "type": "literal", "value": "contains the administrative territorial entity"}}, {"subjectLabel": {"xml:lang": "en", "type": "literal", "value": "Stuttgart"}, "object": {"type": "uri", "value": "http://www.wikidata.org/entity/Q767962"}, "objectLabel": {"xml:lang": "en", "type": "literal", "value": "Vaihingen"}, "predicateLabel": {"xml:lang": "en", "type": "literal", "value": "contains the administrative territorial entity"}}, {"subjectLabel": {"xml:lang": "en", "type": "literal", "value": "Stuttgart"}, "object": {"type": "uri", "value": "http://www.wikidata.org/entity/Q782888"}, "objectLabel": {"xml:lang": "en", "type": "literal", "value": "Sillenbuch"}, "predicateLabel": {"xml:lang": "en", "type": "literal", "value": "contains the administrative territorial entity"}}, {"subjectLabel": {"xml:lang": "en", "type": "literal", "value": "Stuttgart"}, "object": {"type": "uri", "value": "http://www.wikidata.org/entity/Q660862"}, "objectLabel": {"xml:lang": "en", "type": "literal", "value": "Degerloch"}, "predicateLabel": {"xml:lang": "en", "type": "literal", "value": "contains the administrative territorial entity"}}, {"subjectLabel": {"xml:lang": "en", "type": "literal", "value": "Stuttgart"}, "object": {"type": "uri", "value": "http://www.wikidata.org/entity/Q865457"}, "objectLabel": {"xml:lang": "en", "type": "literal", "value": "Birkach"}, "predicateLabel": {"xml:lang": "en", "type": "literal", "value": "contains the administrative territorial entity"}}, {"subjectLabel": {"xml:lang": "en", "type": "literal", "value": "Stuttgart"}, "object": {"type": "uri", "value": "http://www.wikidata.org/entity/Q897283"}, "objectLabel": {"xml:lang": "en", "type": "literal", "value": "Untert\u00fcrkheim"}, "predicateLabel": {"xml:lang": "en", "type": "literal", "value": "contains the administrative territorial entity"}}, {"subjectLabel": {"xml:lang": "en", "type": "literal", "value": "Stuttgart"}, "object": {"type": "uri", "value": "http://www.wikidata.org/entity/Q894747"}, "objectLabel": {"xml:lang": "en", "type": "literal", "value": "Botnang"}, "predicateLabel": {"xml:lang": "en", "type": "literal", "value": "contains the administrative territorial entity"}}, {"subjectLabel": {"xml:lang": "en", "type": "literal", "value": "Stuttgart"}, "object": {"type": "uri", "value": "http://www.wikidata.org/entity/Q656982"}, "objectLabel": {"xml:lang": "en", "type": "literal", "value": "Bad Cannstatt"}, "predicateLabel": {"xml:lang": "en", "type": "literal", "value": "contains the administrative territorial entity"}}, {"subjectLabel": {"xml:lang": "en", "type": "literal", "value": "Stuttgart"}, "object": {"type": "uri", "value": "http://www.wikidata.org/entity/Q228211"}, "objectLabel": {"xml:lang": "en", "type": "literal", "value": "Zuffenhausen"}, "predicateLabel": {"xml:lang": "en", "type": "literal", "value": "contains the administrative territorial entity"}}, {"subjectLabel": {"xml:lang": "en", "type": "literal", "value": "Stuttgart"}, "object": {"type": "uri", "value": "http://www.wikidata.org/entity/Q253030"}, "objectLabel": {"xml:lang": "en", "type": "literal", "value": "major regional center"}, "predicateLabel": {"xml:lang": "en", "type": "literal", "value": "instance of"}}, {"subjectLabel": {"xml:lang": "en", "type": "literal", "value": "Stuttgart"}, "object": {"type": "uri", "value": "http://www.wikidata.org/entity/Q1469016"}, "objectLabel": {"xml:lang": "en", "type": "literal", "value": "Wangen"}, "predicateLabel": {"xml:lang": "en", "type": "literal", "value": "contains the administrative territorial entity"}}, {"subjectLabel": {"xml:lang": "en", "type": "literal", "value": "Stuttgart"}, "object": {"type": "uri", "value": "http://www.wikidata.org/entity/Q1373697"}, "objectLabel": {"xml:lang": "en", "type": "literal", "value": "Stammheim"}, "predicateLabel": {"xml:lang": "en", "type": "literal", "value": "contains the administrative territorial entity"}}, {"subjectLabel": {"xml:lang": "en", "type": "literal", "value": "Stuttgart"}, "object": {"type": "uri", "value": "http://www.wikidata.org/entity/Q1398505"}, "objectLabel": {"xml:lang": "en", "type": "literal", "value": "Stuttgart-Nord"}, "predicateLabel": {"xml:lang": "en", "type": "literal", "value": "contains the administrative territorial entity"}}, {"subjectLabel": {"xml:lang": "en", "type": "literal", "value": "Stuttgart"}, "object": {"type": "uri", "value": "http://www.wikidata.org/entity/Q1066984"}, "objectLabel": {"xml:lang": "en", "type": "literal", "value": "financial centre"}, "predicateLabel": {"xml:lang": "en", "type": "literal", "value": "instance of"}}, {"subjectLabel": {"xml:lang": "en", "type": "literal", "value": "Stuttgart"}, "object": {"type": "uri", "value": "http://www.wikidata.org/entity/Q41139"}, "objectLabel": {"xml:lang": "en", "type": "literal", "value": "Melun"}, "predicateLabel": {"xml:lang": "en", "type": "literal", "value": "twinned administrative body"}}, {"subjectLabel": {"xml:lang": "en", "type": "literal", "value": "Stuttgart"}, "object": {"type": "uri", "value": "http://www.wikidata.org/entity/Q1104034"}, "objectLabel": {"xml:lang": "en", "type": "literal", "value": "mare"}, "predicateLabel": {"xml:lang": "en", "type": "literal", "value": "named after"}}, {"subjectLabel": {"xml:lang": "en", "type": "literal", "value": "Stuttgart"}, "object": {"type": "uri", "value": "http://www.wikidata.org/entity/Q322559"}, "objectLabel": {"xml:lang": "en", "type": "literal", "value": "Weilimdorf"}, "predicateLabel": {"xml:lang": "en", "type": "literal", "value": "contains the administrative territorial entity"}}, {"subjectLabel": {"xml:lang": "en", "type": "literal", "value": "Stuttgart"}, "object": {"type": "uri", "value": "http://www.wikidata.org/entity/Q289874"}, "objectLabel": {"xml:lang": "en", "type": "literal", "value": "Feuerbach"}, "predicateLabel": {"xml:lang": "en", "type": "literal", "value": "contains the administrative territorial entity"}}, {"subjectLabel": {"xml:lang": "en", "type": "literal", "value": "Stuttgart"}, "object": {"type": "uri", "value": "http://www.wikidata.org/entity/Q1107656"}, "objectLabel": {"xml:lang": "en", "type": "literal", "value": "garden"}, "predicateLabel": {"xml:lang": "en", "type": "literal", "value": "named after"}}, {"subjectLabel": {"xml:lang": "en", "type": "literal", "value": "Stuttgart"}, "object": {"type": "uri", "value": "http://www.wikidata.org/entity/Q319609"}, "objectLabel": {"xml:lang": "en", "type": "literal", "value": "Nesenbach"}, "predicateLabel": {"xml:lang": "en", "type": "literal", "value": "located in or next to body of water"}}, {"subjectLabel": {"xml:lang": "en", "type": "literal", "value": "Stuttgart"}, "object": {"type": "uri", "value": "http://www.wikidata.org/entity/Q106517174"}, "objectLabel": {"xml:lang": "en", "type": "literal", "value": "Option municipality"}, "predicateLabel": {"xml:lang": "en", "type": "literal", "value": "instance of"}}, {"subjectLabel": {"xml:lang": "en", "type": "literal", "value": "Stuttgart"}, "object": {"type": "uri", "value": "http://www.wikidata.org/entity/Q42744322"}, "objectLabel": {"xml:lang": "en", "type": "literal", "value": "urban municipality in Germany"}, "predicateLabel": {"xml:lang": "en", "type": "literal", "value": "instance of"}}, {"subjectLabel": {"xml:lang": "en", "type": "literal", "value": "Stuttgart"}, "object": {"type": "uri", "value": "http://www.wikidata.org/entity/Q2327515"}, "objectLabel": {"xml:lang": "en", "type": "literal", "value": "City district in Baden-W\u00fcrttemberg"}, "predicateLabel": {"xml:lang": "en", "type": "literal", "value": "instance of"}}, {"subjectLabel": {"xml:lang": "en", "type": "literal", "value": "Stuttgart"}, "object": {"type": "uri", "value": "http://www.wikidata.org/entity/Q2099499"}, "objectLabel": {"xml:lang": "en", "type": "literal", "value": "Plieningen"}, "predicateLabel": {"xml:lang": "en", "type": "literal", "value": "contains the administrative territorial entity"}}, {"subjectLabel": {"xml:lang": "en", "type": "literal", "value": "Stuttgart"}, "object": {"type": "uri", "value": "http://www.wikidata.org/entity/Q1730884"}, "objectLabel": {"xml:lang": "en", "type": "literal", "value": "Obert\u00fcrkheim"}, "predicateLabel": {"xml:lang": "en", "type": "literal", "value": "contains the administrative territorial entity"}}, {"subjectLabel": {"xml:lang": "en", "type": "literal", "value": "Stuttgart"}, "object": {"type": "uri", "value": "http://www.wikidata.org/entity/Q1957900"}, "objectLabel": {"xml:lang": "en", "type": "literal", "value": "M\u00f6hringen"}, "predicateLabel": {"xml:lang": "en", "type": "literal", "value": "contains the administrative territorial entity"}}, {"subjectLabel": {"xml:lang": "en", "type": "literal", "value": "Stuttgart"}, "object": {"type": "uri", "value": "http://www.wikidata.org/entity/Q1959130"}, "objectLabel": {"xml:lang": "en", "type": "literal", "value": "M\u00fcnster"}, "predicateLabel": {"xml:lang": "en", "type": "literal", "value": "contains the administrative territorial entity"}}, {"subjectLabel": {"xml:lang": "en", "type": "literal", "value": "Stuttgart"}, "object": {"type": "uri", "value": "http://www.wikidata.org/entity/Q1593221"}, "objectLabel": {"xml:lang": "en", "type": "literal", "value": "Hedelfingen"}, "predicateLabel": {"xml:lang": "en", "type": "literal", "value": "contains the administrative territorial entity"}}, {"subjectLabel": {"xml:lang": "en", "type": "literal", "value": "Stuttgart"}, "object": {"type": "uri", "value": "http://www.wikidata.org/entity/Q1360830"}, "objectLabel": {"xml:lang": "en", "type": "literal", "value": "Rathaus Stuttgart"}, "predicateLabel": {"xml:lang": "en", "type": "literal", "value": "legislative body"}}, {"subjectLabel": {"xml:lang": "en", "type": "literal", "value": "Stuttgart"}, "object": {"type": "uri", "value": "http://www.wikidata.org/entity/Q1549591"}, "objectLabel": {"xml:lang": "en", "type": "literal", "value": "big city"}, "predicateLabel": {"xml:lang": "en", "type": "literal", "value": "instance of"}}, {"subjectLabel": {"xml:lang": "en", "type": "literal", "value": "Stuttgart"}, "object": {"type": "uri", "value": "http://www.wikidata.org/entity/Q374365"}, "objectLabel": {"xml:lang": "en", "type": "literal", "value": "Jeddah"}, "predicateLabel": {"xml:lang": "en", "type": "literal", "value": "twinned administrative body"}}, {"subjectLabel": {"xml:lang": "en", "type": "literal", "value": "Stuttgart"}, "object": {"type": "uri", "value": "http://www.wikidata.org/entity/Q14784328"}, "objectLabel": {"xml:lang": "en", "type": "literal", "value": "state capital in Germany"}, "predicateLabel": {"xml:lang": "en", "type": "literal", "value": "instance of"}}, {"subjectLabel": {"xml:lang": "en", "type": "literal", "value": "Stuttgart"}, "object": {"type": "uri", "value": "http://www.wikidata.org/entity/Q15444489"}, "objectLabel": {"xml:lang": "en", "type": "literal", "value": "Frank Nopper"}, "predicateLabel": {"xml:lang": "en", "type": "literal", "value": "head of government"}}, {"subjectLabel": {"xml:lang": "en", "type": "literal", "value": "Stuttgart"}, "object": {"type": "uri", "value": "http://www.wikidata.org/entity/Q2359473"}, "objectLabel": {"xml:lang": "en", "type": "literal", "value": "Stuttgart-West"}, "predicateLabel": {"xml:lang": "en", "type": "literal", "value": "contains the administrative territorial entity"}}, {"subjectLabel": {"xml:lang": "en", "type": "literal", "value": "Stuttgart"}, "object": {"type": "uri", "value": "http://www.wikidata.org/entity/Q2359472"}, "objectLabel": {"xml:lang": "en", "type": "literal", "value": "Stuttgart-Ost"}, "predicateLabel": {"xml:lang": "en", "type": "literal", "value": "contains the administrative territorial entity"}}]}