{"Q1046848": [{"subjectLabel": {"xml:lang": "en", "type": "literal", "value": "North China"}, "object": {"type": "uri", "value": "http://www.wikidata.org/entity/Q148"}, "objectLabel": {"xml:lang": "en", "type": "literal", "value": "People's Republic of China"}, "predicateLabel": {"xml:lang": "en", "type": "literal", "value": "country"}}, {"subjectLabel": {"xml:lang": "en", "type": "literal", "value": "North China"}, "object": {"type": "uri", "value": "http://www.wikidata.org/entity/Q55177041"}, "objectLabel": {"xml:lang": "en", "type": "literal", "value": "list of regions of the People's Republic of China"}, "predicateLabel": {"xml:lang": "en", "type": "literal", "value": "instance of"}}, {"subjectLabel": {"xml:lang": "en", "type": "literal", "value": "North China"}, "object": {"type": "uri", "value": "http://www.wikidata.org/entity/Q115902448"}, "objectLabel": {"xml:lang": "en", "type": "literal", "value": "Northern China"}, "predicateLabel": {"xml:lang": "en", "type": "literal", "value": "different from"}}], "Q6482278": [{"subjectLabel": {"xml:lang": "en", "type": "literal", "value": "Category:Deaths in Beijing"}, "object": {"type": "uri", "value": "http://www.wikidata.org/entity/Q5"}, "objectLabel": {"xml:lang": "en", "type": "literal", "value": "human"}, "predicateLabel": {"xml:lang": "en", "type": "literal", "value": "category contains"}}, {"subjectLabel": {"xml:lang": "en", "type": "literal", "value": "Category:Deaths in Beijing"}, "object": {"type": "uri", "value": "http://www.wikidata.org/entity/Q956"}, "objectLabel": {"xml:lang": "en", "type": "literal", "value": "Beijing"}, "predicateLabel": {"xml:lang": "en", "type": "literal", "value": "category combines topics"}}, {"subjectLabel": {"xml:lang": "en", "type": "literal", "value": "Category:Deaths in Beijing"}, "object": {"type": "uri", "value": "http://www.wikidata.org/entity/Q4167836"}, "objectLabel": {"xml:lang": "en", "type": "literal", "value": "Wikimedia category"}, "predicateLabel": {"xml:lang": "en", "type": "literal", "value": "instance of"}}, {"subjectLabel": {"xml:lang": "en", "type": "literal", "value": "Category:Deaths in Beijing"}, "object": {"type": "uri", "value": "http://www.wikidata.org/entity/Q18658526"}, "objectLabel": {"xml:lang": "en", "type": "literal", "value": "place of death"}, "predicateLabel": {"xml:lang": "en", "type": "literal", "value": "category combines topics"}}, {"subjectLabel": {"xml:lang": "en", "type": "literal", "value": "Category:Deaths in Beijing"}, "object": {"type": "uri", "value": "http://www.wikidata.org/entity/Q18057881"}, "objectLabel": {"xml:lang": "en", "type": "literal", "value": "Category:People from Beijing"}, "predicateLabel": {"xml:lang": "en", "type": "literal", "value": "opposite of"}}], "Q85": [{"subjectLabel": {"xml:lang": "en", "type": "literal", "value": "Cairo"}, "object": {"type": "uri", "value": "http://www.wikidata.org/entity/Q79"}, "objectLabel": {"xml:lang": "en", "type": "literal", "value": "Egypt"}, "predicateLabel": {"xml:lang": "en", "type": "literal", "value": "capital of"}}, {"subjectLabel": {"xml:lang": "en", "type": "literal", "value": "Cairo"}, "object": {"type": "uri", "value": "http://www.wikidata.org/entity/Q602358"}, "objectLabel": {"xml:lang": "en", "type": "literal", "value": "Brockhaus and Efron Encyclopedic Dictionary"}, "predicateLabel": {"xml:lang": "en", "type": "literal", "value": "described by source"}}, {"subjectLabel": {"xml:lang": "en", "type": "literal", "value": "Cairo"}, "object": {"type": "uri", "value": "http://www.wikidata.org/entity/Q5036992"}, "objectLabel": {"xml:lang": "en", "type": "literal", "value": "Capture of Cairo"}, "predicateLabel": {"xml:lang": "en", "type": "literal", "value": "significant event"}}, {"subjectLabel": {"xml:lang": "en", "type": "literal", "value": "Cairo"}, "object": {"type": "uri", "value": "http://www.wikidata.org/entity/Q3392"}, "objectLabel": {"xml:lang": "en", "type": "literal", "value": "Nile"}, "predicateLabel": {"xml:lang": "en", "type": "literal", "value": "located in or next to body of water"}}, {"subjectLabel": {"xml:lang": "en", "type": "literal", "value": "Cairo"}, "object": {"type": "uri", "value": "http://www.wikidata.org/entity/Q5375740"}, "objectLabel": {"xml:lang": "en", "type": "literal", "value": "Encyclop\u00e6dia Britannica First Edition"}, "predicateLabel": {"xml:lang": "en", "type": "literal", "value": "described by source"}}, {"subjectLabel": {"xml:lang": "en", "type": "literal", "value": "Cairo"}, "object": {"type": "uri", "value": "http://www.wikidata.org/entity/Q1516910"}, "objectLabel": {"xml:lang": "en", "type": "literal", "value": "plague epidemic"}, "predicateLabel": {"xml:lang": "en", "type": "literal", "value": "significant event"}}, {"subjectLabel": {"xml:lang": "en", "type": "literal", "value": "Cairo"}, "object": {"type": "uri", "value": "http://www.wikidata.org/entity/Q867541"}, "objectLabel": {"xml:lang": "en", "type": "literal", "value": "Encyclop\u00e6dia Britannica 11th edition"}, "predicateLabel": {"xml:lang": "en", "type": "literal", "value": "described by source"}}, {"subjectLabel": {"xml:lang": "en", "type": "literal", "value": "Cairo"}, "object": {"type": "uri", "value": "http://www.wikidata.org/entity/Q3181656"}, "objectLabel": {"xml:lang": "en", "type": "literal", "value": "The Nuttall Encyclop\u00e6dia"}, "predicateLabel": {"xml:lang": "en", "type": "literal", "value": "described by source"}}, {"subjectLabel": {"xml:lang": "en", "type": "literal", "value": "Cairo"}, "object": {"type": "uri", "value": "http://www.wikidata.org/entity/Q5460604"}, "objectLabel": {"xml:lang": "en", "type": "literal", "value": "Wikipedia:List of articles all languages should have"}, "predicateLabel": {"xml:lang": "en", "type": "literal", "value": "on focus list of Wikimedia project"}}, {"subjectLabel": {"xml:lang": "en", "type": "literal", "value": "Cairo"}, "object": {"type": "uri", "value": "http://www.wikidata.org/entity/Q3766"}, "objectLabel": {"xml:lang": "en", "type": "literal", "value": "Damascus"}, "predicateLabel": {"xml:lang": "en", "type": "literal", "value": "twinned administrative body"}}, {"subjectLabel": {"xml:lang": "en", "type": "literal", "value": "Cairo"}, "object": {"type": "uri", "value": "http://www.wikidata.org/entity/Q90"}, "objectLabel": {"xml:lang": "en", "type": "literal", "value": "Paris"}, "predicateLabel": {"xml:lang": "en", "type": "literal", "value": "twinned administrative body"}}, {"subjectLabel": {"xml:lang": "en", "type": "literal", "value": "Cairo"}, "object": {"type": "uri", "value": "http://www.wikidata.org/entity/Q5826"}, "objectLabel": {"xml:lang": "en", "type": "literal", "value": "Xi'an"}, "predicateLabel": {"xml:lang": "en", "type": "literal", "value": "twinned administrative body"}}, {"subjectLabel": {"xml:lang": "en", "type": "literal", "value": "Cairo"}, "object": {"type": "uri", "value": "http://www.wikidata.org/entity/Q3805"}, "objectLabel": {"xml:lang": "en", "type": "literal", "value": "Amman"}, "predicateLabel": {"xml:lang": "en", "type": "literal", "value": "twinned administrative body"}}, {"subjectLabel": {"xml:lang": "en", "type": "literal", "value": "Cairo"}, "object": {"type": "uri", "value": "http://www.wikidata.org/entity/Q994"}, "objectLabel": {"xml:lang": "en", "type": "literal", "value": "Tbilisi"}, "predicateLabel": {"xml:lang": "en", "type": "literal", "value": "twinned administrative body"}}, {"subjectLabel": {"xml:lang": "en", "type": "literal", "value": "Cairo"}, "object": {"type": "uri", "value": "http://www.wikidata.org/entity/Q956"}, "objectLabel": {"xml:lang": "en", "type": "literal", "value": "Beijing"}, "predicateLabel": {"xml:lang": "en", "type": "literal", "value": "twinned administrative body"}}, {"subjectLabel": {"xml:lang": "en", "type": "literal", "value": "Cairo"}, "object": {"type": "uri", "value": "http://www.wikidata.org/entity/Q84096826"}, "objectLabel": {"xml:lang": "en", "type": "literal", "value": "Category:Maps of Cairo"}, "predicateLabel": {"xml:lang": "en", "type": "literal", "value": "category for maps"}}, {"subjectLabel": {"xml:lang": "en", "type": "literal", "value": "Cairo"}, "object": {"type": "uri", "value": "http://www.wikidata.org/entity/Q106020403"}, "objectLabel": {"xml:lang": "en", "type": "literal", "value": "economy of Cairo"}, "predicateLabel": {"xml:lang": "en", "type": "literal", "value": "economy of topic"}}, {"subjectLabel": {"xml:lang": "en", "type": "literal", "value": "Cairo"}, "object": {"type": "uri", "value": "http://www.wikidata.org/entity/Q60"}, "objectLabel": {"xml:lang": "en", "type": "literal", "value": "New York City"}, "predicateLabel": {"xml:lang": "en", "type": "literal", "value": "twinned administrative body"}}, {"subjectLabel": {"xml:lang": "en", "type": "literal", "value": "Cairo"}, "object": {"type": "uri", "value": "http://www.wikidata.org/entity/Q3561"}, "objectLabel": {"xml:lang": "en", "type": "literal", "value": "Algiers"}, "predicateLabel": {"xml:lang": "en", "type": "literal", "value": "twinned administrative body"}}, {"subjectLabel": {"xml:lang": "en", "type": "literal", "value": "Cairo"}, "object": {"type": "uri", "value": "http://www.wikidata.org/entity/Q8684"}, "objectLabel": {"xml:lang": "en", "type": "literal", "value": "Seoul"}, "predicateLabel": {"xml:lang": "en", "type": "literal", "value": "twinned administrative body"}}, {"subjectLabel": {"xml:lang": "en", "type": "literal", "value": "Cairo"}, "object": {"type": "uri", "value": "http://www.wikidata.org/entity/Q515"}, "objectLabel": {"xml:lang": "en", "type": "literal", "value": "city"}, "predicateLabel": {"xml:lang": "en", "type": "literal", "value": "instance of"}}, {"subjectLabel": {"xml:lang": "en", "type": "literal", "value": "Cairo"}, "object": {"type": "uri", "value": "http://www.wikidata.org/entity/Q15"}, "objectLabel": {"xml:lang": "en", "type": "literal", "value": "Africa"}, "predicateLabel": {"xml:lang": "en", "type": "literal", "value": "continent"}}, {"subjectLabel": {"xml:lang": "en", "type": "literal", "value": "Cairo"}, "object": {"type": "uri", "value": "http://www.wikidata.org/entity/Q1022"}, "objectLabel": {"xml:lang": "en", "type": "literal", "value": "Stuttgart"}, "predicateLabel": {"xml:lang": "en", "type": "literal", "value": "twinned administrative body"}}, {"subjectLabel": {"xml:lang": "en", "type": "literal", "value": "Cairo"}, "object": {"type": "uri", "value": "http://www.wikidata.org/entity/Q6723"}, "objectLabel": {"xml:lang": "en", "type": "literal", "value": "UTC+02:00"}, "predicateLabel": {"xml:lang": "en", "type": "literal", "value": "located in time zone"}}, {"subjectLabel": {"xml:lang": "en", "type": "literal", "value": "Cairo"}, "object": {"type": "uri", "value": "http://www.wikidata.org/entity/Q6173448"}, "objectLabel": {"xml:lang": "en", "type": "literal", "value": "Wikipedia:Vital articles/Level/4"}, "predicateLabel": {"xml:lang": "en", "type": "literal", "value": "on focus list of Wikimedia project"}}, {"subjectLabel": {"xml:lang": "en", "type": "literal", "value": "Cairo"}, "object": {"type": "uri", "value": "http://www.wikidata.org/entity/Q649"}, "objectLabel": {"xml:lang": "en", "type": "literal", "value": "Moscow"}, "predicateLabel": {"xml:lang": "en", "type": "literal", "value": "twinned administrative body"}}, {"subjectLabel": {"xml:lang": "en", "type": "literal", "value": "Cairo"}, "object": {"type": "uri", "value": "http://www.wikidata.org/entity/Q79"}, "objectLabel": {"xml:lang": "en", "type": "literal", "value": "Egypt"}, "predicateLabel": {"xml:lang": "en", "type": "literal", "value": "country"}}, {"subjectLabel": {"xml:lang": "en", "type": "literal", "value": "Cairo"}, "object": {"type": "uri", "value": "http://www.wikidata.org/entity/Q1489"}, "objectLabel": {"xml:lang": "en", "type": "literal", "value": "Mexico City"}, "predicateLabel": {"xml:lang": "en", "type": "literal", "value": "twinned administrative body"}}, {"subjectLabel": {"xml:lang": "en", "type": "literal", "value": "Cairo"}, "object": {"type": "uri", "value": "http://www.wikidata.org/entity/Q7903"}, "objectLabel": {"xml:lang": "en", "type": "literal", "value": "Casablanca"}, "predicateLabel": {"xml:lang": "en", "type": "literal", "value": "twinned administrative body"}}, {"subjectLabel": {"xml:lang": "en", "type": "literal", "value": "Cairo"}, "object": {"type": "uri", "value": "http://www.wikidata.org/entity/Q6760"}, "objectLabel": {"xml:lang": "en", "type": "literal", "value": "UTC+03:00"}, "predicateLabel": {"xml:lang": "en", "type": "literal", "value": "located in time zone"}}, {"subjectLabel": {"xml:lang": "en", "type": "literal", "value": "Cairo"}, "object": {"type": "uri", "value": "http://www.wikidata.org/entity/Q11194"}, "objectLabel": {"xml:lang": "en", "type": "literal", "value": "Sarajevo"}, "predicateLabel": {"xml:lang": "en", "type": "literal", "value": "twinned administrative body"}}, {"subjectLabel": {"xml:lang": "en", "type": "literal", "value": "Cairo"}, "object": {"type": "uri", "value": "http://www.wikidata.org/entity/Q406"}, "objectLabel": {"xml:lang": "en", "type": "literal", "value": "Istanbul"}, "predicateLabel": {"xml:lang": "en", "type": "literal", "value": "twinned administrative body"}}, {"subjectLabel": {"xml:lang": "en", "type": "literal", "value": "Cairo"}, "object": {"type": "uri", "value": "http://www.wikidata.org/entity/Q1486"}, "objectLabel": {"xml:lang": "en", "type": "literal", "value": "Buenos Aires"}, "predicateLabel": {"xml:lang": "en", "type": "literal", "value": "twinned administrative body"}}, {"subjectLabel": {"xml:lang": "en", "type": "literal", "value": "Cairo"}, "object": {"type": "uri", "value": "http://www.wikidata.org/entity/Q24962366"}, "objectLabel": {"xml:lang": "en", "type": "literal", "value": "Siege of Cairo"}, "predicateLabel": {"xml:lang": "en", "type": "literal", "value": "significant event"}}, {"subjectLabel": {"xml:lang": "en", "type": "literal", "value": "Cairo"}, "object": {"type": "uri", "value": "http://www.wikidata.org/entity/Q19077875"}, "objectLabel": {"xml:lang": "en", "type": "literal", "value": "The American Cyclop\u00e6dia"}, "predicateLabel": {"xml:lang": "en", "type": "literal", "value": "described by source"}}, {"subjectLabel": {"xml:lang": "en", "type": "literal", "value": "Cairo"}, "object": {"type": "uri", "value": "http://www.wikidata.org/entity/Q19180675"}, "objectLabel": {"xml:lang": "en", "type": "literal", "value": "Small Brockhaus and Efron Encyclopedic Dictionary"}, "predicateLabel": {"xml:lang": "en", "type": "literal", "value": "described by source"}}, {"subjectLabel": {"xml:lang": "en", "type": "literal", "value": "Cairo"}, "object": {"type": "uri", "value": "http://www.wikidata.org/entity/Q1289"}, "objectLabel": {"xml:lang": "en", "type": "literal", "value": "Grenoble"}, "predicateLabel": {"xml:lang": "en", "type": "literal", "value": "twinned administrative body"}}, {"subjectLabel": {"xml:lang": "en", "type": "literal", "value": "Cairo"}, "object": {"type": "uri", "value": "http://www.wikidata.org/entity/Q374365"}, "objectLabel": {"xml:lang": "en", "type": "literal", "value": "Jeddah"}, "predicateLabel": {"xml:lang": "en", "type": "literal", "value": "twinned administrative body"}}, {"subjectLabel": {"xml:lang": "en", "type": "literal", "value": "Cairo"}, "object": {"type": "uri", "value": "http://www.wikidata.org/entity/Q7119127"}, "objectLabel": {"xml:lang": "en", "type": "literal", "value": "Category:People from Cairo"}, "predicateLabel": {"xml:lang": "en", "type": "literal", "value": "category of associated people"}}, {"subjectLabel": {"xml:lang": "en", "type": "literal", "value": "Cairo"}, "object": {"type": "uri", "value": "http://www.wikidata.org/entity/Q7976128"}, "objectLabel": {"xml:lang": "en", "type": "literal", "value": "Category:Burials in Cairo"}, "predicateLabel": {"xml:lang": "en", "type": "literal", "value": "category of people buried here"}}, {"subjectLabel": {"xml:lang": "en", "type": "literal", "value": "Cairo"}, "object": {"type": "uri", "value": "http://www.wikidata.org/entity/Q1794"}, "objectLabel": {"xml:lang": "en", "type": "literal", "value": "Frankfurt"}, "predicateLabel": {"xml:lang": "en", "type": "literal", "value": "twinned administrative body"}}, {"subjectLabel": {"xml:lang": "en", "type": "literal", "value": "Cairo"}, "object": {"type": "uri", "value": "http://www.wikidata.org/entity/Q17303594"}, "objectLabel": {"xml:lang": "en", "type": "literal", "value": "Category:Films shot in Cairo"}, "predicateLabel": {"xml:lang": "en", "type": "literal", "value": "category for films shot at this location"}}, {"subjectLabel": {"xml:lang": "en", "type": "literal", "value": "Cairo"}, "object": {"type": "uri", "value": "http://www.wikidata.org/entity/Q3820"}, "objectLabel": {"xml:lang": "en", "type": "literal", "value": "Beirut"}, "predicateLabel": {"xml:lang": "en", "type": "literal", "value": "twinned administrative body"}}, {"subjectLabel": {"xml:lang": "en", "type": "literal", "value": "Cairo"}, "object": {"type": "uri", "value": "http://www.wikidata.org/entity/Q8673"}, "objectLabel": {"xml:lang": "en", "type": "literal", "value": "Lagos"}, "predicateLabel": {"xml:lang": "en", "type": "literal", "value": "twinned administrative body"}}, {"subjectLabel": {"xml:lang": "en", "type": "literal", "value": "Cairo"}, "object": {"type": "uri", "value": "http://www.wikidata.org/entity/Q8055729"}, "objectLabel": {"xml:lang": "en", "type": "literal", "value": "Category:Births in Cairo"}, "predicateLabel": {"xml:lang": "en", "type": "literal", "value": "category for people born here"}}, {"subjectLabel": {"xml:lang": "en", "type": "literal", "value": "Cairo"}, "object": {"type": "uri", "value": "http://www.wikidata.org/entity/Q16744247"}, "objectLabel": {"xml:lang": "en", "type": "literal", "value": "Portal:Cairo"}, "predicateLabel": {"xml:lang": "en", "type": "literal", "value": "topic's main Wikimedia portal"}}, {"subjectLabel": {"xml:lang": "en", "type": "literal", "value": "Cairo"}, "object": {"type": "uri", "value": "http://www.wikidata.org/entity/Q3551"}, "objectLabel": {"xml:lang": "en", "type": "literal", "value": "Rabat"}, "predicateLabel": {"xml:lang": "en", "type": "literal", "value": "twinned administrative body"}}, {"subjectLabel": {"xml:lang": "en", "type": "literal", "value": "Cairo"}, "object": {"type": "uri", "value": "http://www.wikidata.org/entity/Q1930"}, "objectLabel": {"xml:lang": "en", "type": "literal", "value": "Ottawa"}, "predicateLabel": {"xml:lang": "en", "type": "literal", "value": "twinned administrative body"}}, {"subjectLabel": {"xml:lang": "en", "type": "literal", "value": "Cairo"}, "object": {"type": "uri", "value": "http://www.wikidata.org/entity/Q5119"}, "objectLabel": {"xml:lang": "en", "type": "literal", "value": "capital city"}, "predicateLabel": {"xml:lang": "en", "type": "literal", "value": "instance of"}}, {"subjectLabel": {"xml:lang": "en", "type": "literal", "value": "Cairo"}, "object": {"type": "uri", "value": "http://www.wikidata.org/entity/Q16555"}, "objectLabel": {"xml:lang": "en", "type": "literal", "value": "Houston"}, "predicateLabel": {"xml:lang": "en", "type": "literal", "value": "twinned administrative body"}}, {"subjectLabel": {"xml:lang": "en", "type": "literal", "value": "Cairo"}, "object": {"type": "uri", "value": "http://www.wikidata.org/entity/Q463871"}, "objectLabel": {"xml:lang": "en", "type": "literal", "value": "Lower Egypt"}, "predicateLabel": {"xml:lang": "en", "type": "literal", "value": "part of"}}, {"subjectLabel": {"xml:lang": "en", "type": "literal", "value": "Cairo"}, "object": {"type": "uri", "value": "http://www.wikidata.org/entity/Q8947955"}, "objectLabel": {"xml:lang": "en", "type": "literal", "value": "Category:Cairo"}, "predicateLabel": {"xml:lang": "en", "type": "literal", "value": "topic's main category"}}, {"subjectLabel": {"xml:lang": "en", "type": "literal", "value": "Cairo"}, "object": {"type": "uri", "value": "http://www.wikidata.org/entity/Q1549591"}, "objectLabel": {"xml:lang": "en", "type": "literal", "value": "big city"}, "predicateLabel": {"xml:lang": "en", "type": "literal", "value": "instance of"}}, {"subjectLabel": {"xml:lang": "en", "type": "literal", "value": "Cairo"}, "object": {"type": "uri", "value": "http://www.wikidata.org/entity/Q1200957"}, "objectLabel": {"xml:lang": "en", "type": "literal", "value": "tourist destination"}, "predicateLabel": {"xml:lang": "en", "type": "literal", "value": "instance of"}}, {"subjectLabel": {"xml:lang": "en", "type": "literal", "value": "Cairo"}, "object": {"type": "uri", "value": "http://www.wikidata.org/entity/Q1422929"}, "objectLabel": {"xml:lang": "en", "type": "literal", "value": "primate city"}, "predicateLabel": {"xml:lang": "en", "type": "literal", "value": "instance of"}}, {"subjectLabel": {"xml:lang": "en", "type": "literal", "value": "Cairo"}, "object": {"type": "uri", "value": "http://www.wikidata.org/entity/Q1492"}, "objectLabel": {"xml:lang": "en", "type": "literal", "value": "Barcelona"}, "predicateLabel": {"xml:lang": "en", "type": "literal", "value": "twinned administrative body"}}, {"subjectLabel": {"xml:lang": "en", "type": "literal", "value": "Cairo"}, "object": {"type": "uri", "value": "http://www.wikidata.org/entity/Q12075162"}, "objectLabel": {"xml:lang": "en", "type": "literal", "value": "history of Cairo"}, "predicateLabel": {"xml:lang": "en", "type": "literal", "value": "history of topic"}}, {"subjectLabel": {"xml:lang": "en", "type": "literal", "value": "Cairo"}, "object": {"type": "uri", "value": "http://www.wikidata.org/entity/Q1963"}, "objectLabel": {"xml:lang": "en", "type": "literal", "value": "Khartoum"}, "predicateLabel": {"xml:lang": "en", "type": "literal", "value": "twinned administrative body"}}, {"subjectLabel": {"xml:lang": "en", "type": "literal", "value": "Cairo"}, "object": {"type": "uri", "value": "http://www.wikidata.org/entity/Q9911026"}, "objectLabel": {"xml:lang": "en", "type": "literal", "value": "Category:Deaths in Cairo"}, "predicateLabel": {"xml:lang": "en", "type": "literal", "value": "category for people who died here"}}, {"subjectLabel": {"xml:lang": "en", "type": "literal", "value": "Cairo"}, "object": {"type": "uri", "value": "http://www.wikidata.org/entity/Q13955"}, "objectLabel": {"xml:lang": "en", "type": "literal", "value": "Arabic"}, "predicateLabel": {"xml:lang": "en", "type": "literal", "value": "official language"}}, {"subjectLabel": {"xml:lang": "en", "type": "literal", "value": "Cairo"}, "object": {"type": "uri", "value": "http://www.wikidata.org/entity/Q1530"}, "objectLabel": {"xml:lang": "en", "type": "literal", "value": "Baghdad"}, "predicateLabel": {"xml:lang": "en", "type": "literal", "value": "twinned administrative body"}}, {"subjectLabel": {"xml:lang": "en", "type": "literal", "value": "Cairo"}, "object": {"type": "uri", "value": "http://www.wikidata.org/entity/Q7473516"}, "objectLabel": {"xml:lang": "en", "type": "literal", "value": "Tokyo"}, "predicateLabel": {"xml:lang": "en", "type": "literal", "value": "twinned administrative body"}}, {"subjectLabel": {"xml:lang": "en", "type": "literal", "value": "Cairo"}, "object": {"type": "uri", "value": "http://www.wikidata.org/entity/Q1637706"}, "objectLabel": {"xml:lang": "en", "type": "literal", "value": "million city"}, "predicateLabel": {"xml:lang": "en", "type": "literal", "value": "instance of"}}, {"subjectLabel": {"xml:lang": "en", "type": "literal", "value": "Cairo"}, "object": {"type": "uri", "value": "http://www.wikidata.org/entity/Q2280"}, "objectLabel": {"xml:lang": "en", "type": "literal", "value": "Minsk"}, "predicateLabel": {"xml:lang": "en", "type": "literal", "value": "twinned administrative body"}}, {"subjectLabel": {"xml:lang": "en", "type": "literal", "value": "Cairo"}, "object": {"type": "uri", "value": "http://www.wikidata.org/entity/Q1139352"}, "objectLabel": {"xml:lang": "en", "type": "literal", "value": "Creative Cities Network"}, "predicateLabel": {"xml:lang": "en", "type": "literal", "value": "member of"}}, {"subjectLabel": {"xml:lang": "en", "type": "literal", "value": "Cairo"}, "object": {"type": "uri", "value": "http://www.wikidata.org/entity/Q30805"}, "objectLabel": {"xml:lang": "en", "type": "literal", "value": "Cairo Governorate"}, "predicateLabel": {"xml:lang": "en", "type": "literal", "value": "located in the administrative territorial entity"}}, {"subjectLabel": {"xml:lang": "en", "type": "literal", "value": "Cairo"}, "object": {"type": "uri", "value": "http://www.wikidata.org/entity/Q51929311"}, "objectLabel": {"xml:lang": "en", "type": "literal", "value": "largest city"}, "predicateLabel": {"xml:lang": "en", "type": "literal", "value": "instance of"}}, {"subjectLabel": {"xml:lang": "en", "type": "literal", "value": "Cairo"}, "object": {"type": "uri", "value": "http://www.wikidata.org/entity/Q15661340"}, "objectLabel": {"xml:lang": "en", "type": "literal", "value": "ancient city"}, "predicateLabel": {"xml:lang": "en", "type": "literal", "value": "instance of"}}, {"subjectLabel": {"xml:lang": "en", "type": "literal", "value": "Cairo"}, "object": {"type": "uri", "value": "http://www.wikidata.org/entity/Q174844"}, "objectLabel": {"xml:lang": "en", "type": "literal", "value": "megacity"}, "predicateLabel": {"xml:lang": "en", "type": "literal", "value": "instance of"}}, {"subjectLabel": {"xml:lang": "en", "type": "literal", "value": "Cairo"}, "object": {"type": "uri", "value": "http://www.wikidata.org/entity/Q200250"}, "objectLabel": {"xml:lang": "en", "type": "literal", "value": "metropolis"}, "predicateLabel": {"xml:lang": "en", "type": "literal", "value": "instance of"}}, {"subjectLabel": {"xml:lang": "en", "type": "literal", "value": "Cairo"}, "object": {"type": "uri", "value": "http://www.wikidata.org/entity/Q42053"}, "objectLabel": {"xml:lang": "en", "type": "literal", "value": "Isfahan"}, "predicateLabel": {"xml:lang": "en", "type": "literal", "value": "twinned administrative body"}}, {"subjectLabel": {"xml:lang": "en", "type": "literal", "value": "Cairo"}, "object": {"type": "uri", "value": "http://www.wikidata.org/entity/Q12223105"}, "objectLabel": {"xml:lang": "en", "type": "literal", "value": "Abd El Azim Wazir"}, "predicateLabel": {"xml:lang": "en", "type": "literal", "value": "head of government"}}], "Q6548000": [{"subjectLabel": {"xml:lang": "en", "type": "literal", "value": "Category:Films shot in Beijing"}, "object": {"type": "uri", "value": "http://www.wikidata.org/entity/Q956"}, "objectLabel": {"xml:lang": "en", "type": "literal", "value": "Beijing"}, "predicateLabel": {"xml:lang": "en", "type": "literal", "value": "category combines topics"}}, {"subjectLabel": {"xml:lang": "en", "type": "literal", "value": "Category:Films shot in Beijing"}, "object": {"type": "uri", "value": "http://www.wikidata.org/entity/Q11424"}, "objectLabel": {"xml:lang": "en", "type": "literal", "value": "film"}, "predicateLabel": {"xml:lang": "en", "type": "literal", "value": "category contains"}}, {"subjectLabel": {"xml:lang": "en", "type": "literal", "value": "Category:Films shot in Beijing"}, "object": {"type": "uri", "value": "http://www.wikidata.org/entity/Q1045481"}, "objectLabel": {"xml:lang": "en", "type": "literal", "value": "filming location"}, "predicateLabel": {"xml:lang": "en", "type": "literal", "value": "category combines topics"}}, {"subjectLabel": {"xml:lang": "en", "type": "literal", "value": "Category:Films shot in Beijing"}, "object": {"type": "uri", "value": "http://www.wikidata.org/entity/Q4167836"}, "objectLabel": {"xml:lang": "en", "type": "literal", "value": "Wikimedia category"}, "predicateLabel": {"xml:lang": "en", "type": "literal", "value": "instance of"}}, {"subjectLabel": {"xml:lang": "en", "type": "literal", "value": "Category:Films shot in Beijing"}, "object": {"type": "uri", "value": "http://www.wikidata.org/entity/Q7141173"}, "objectLabel": {"xml:lang": "en", "type": "literal", "value": "Category:Films set in Beijing"}, "predicateLabel": {"xml:lang": "en", "type": "literal", "value": "opposite of"}}], "Q6483370": [{"subjectLabel": {"xml:lang": "en", "type": "literal", "value": "Category:People of Beijing"}, "object": {"type": "uri", "value": "http://www.wikidata.org/entity/Q5"}, "objectLabel": {"xml:lang": "en", "type": "literal", "value": "human"}, "predicateLabel": {"xml:lang": "en", "type": "literal", "value": "category combines topics"}}, {"subjectLabel": {"xml:lang": "en", "type": "literal", "value": "Category:People of Beijing"}, "object": {"type": "uri", "value": "http://www.wikidata.org/entity/Q5"}, "objectLabel": {"xml:lang": "en", "type": "literal", "value": "human"}, "predicateLabel": {"xml:lang": "en", "type": "literal", "value": "category contains"}}, {"subjectLabel": {"xml:lang": "en", "type": "literal", "value": "Category:People of Beijing"}, "object": {"type": "uri", "value": "http://www.wikidata.org/entity/Q956"}, "objectLabel": {"xml:lang": "en", "type": "literal", "value": "Beijing"}, "predicateLabel": {"xml:lang": "en", "type": "literal", "value": "category combines topics"}}, {"subjectLabel": {"xml:lang": "en", "type": "literal", "value": "Category:People of Beijing"}, "object": {"type": "uri", "value": "http://www.wikidata.org/entity/Q19660746"}, "objectLabel": {"xml:lang": "en", "type": "literal", "value": "person related to this place"}, "predicateLabel": {"xml:lang": "en", "type": "literal", "value": "category combines topics"}}, {"subjectLabel": {"xml:lang": "en", "type": "literal", "value": "Category:People of Beijing"}, "object": {"type": "uri", "value": "http://www.wikidata.org/entity/Q4167836"}, "objectLabel": {"xml:lang": "en", "type": "literal", "value": "Wikimedia category"}, "predicateLabel": {"xml:lang": "en", "type": "literal", "value": "instance of"}}], "Q8567": [{"subjectLabel": {"xml:lang": "en", "type": "literal", "value": "2008 Summer Olympics"}, "object": {"type": "uri", "value": "http://www.wikidata.org/entity/Q15029"}, "objectLabel": {"xml:lang": "en", "type": "literal", "value": "Hu Jintao"}, "predicateLabel": {"xml:lang": "en", "type": "literal", "value": "officially opened by"}}, {"subjectLabel": {"xml:lang": "en", "type": "literal", "value": "2008 Summer Olympics"}, "object": {"type": "uri", "value": "http://www.wikidata.org/entity/Q148"}, "objectLabel": {"xml:lang": "en", "type": "literal", "value": "People's Republic of China"}, "predicateLabel": {"xml:lang": "en", "type": "literal", "value": "country"}}, {"subjectLabel": {"xml:lang": "en", "type": "literal", "value": "2008 Summer Olympics"}, "object": {"type": "uri", "value": "http://www.wikidata.org/entity/Q140862"}, "objectLabel": {"xml:lang": "en", "type": "literal", "value": "Cayman Islands at the 2008 Summer Olympics"}, "predicateLabel": {"xml:lang": "en", "type": "literal", "value": "participant"}}, {"subjectLabel": {"xml:lang": "en", "type": "literal", "value": "2008 Summer Olympics"}, "object": {"type": "uri", "value": "http://www.wikidata.org/entity/Q140737"}, "objectLabel": {"xml:lang": "en", "type": "literal", "value": "Kiribati at the 2008 Summer Olympics"}, "predicateLabel": {"xml:lang": "en", "type": "literal", "value": "participant"}}, {"subjectLabel": {"xml:lang": "en", "type": "literal", "value": "2008 Summer Olympics"}, "object": {"type": "uri", "value": "http://www.wikidata.org/entity/Q140734"}, "objectLabel": {"xml:lang": "en", "type": "literal", "value": "Saint Kitts and Nevis at the 2008 Summer Olympics"}, "predicateLabel": {"xml:lang": "en", "type": "literal", "value": "participant"}}, {"subjectLabel": {"xml:lang": "en", "type": "literal", "value": "2008 Summer Olympics"}, "object": {"type": "uri", "value": "http://www.wikidata.org/entity/Q141797"}, "objectLabel": {"xml:lang": "en", "type": "literal", "value": "Malta at the 2008 Summer Olympics"}, "predicateLabel": {"xml:lang": "en", "type": "literal", "value": "participant"}}, {"subjectLabel": {"xml:lang": "en", "type": "literal", "value": "2008 Summer Olympics"}, "object": {"type": "uri", "value": "http://www.wikidata.org/entity/Q141811"}, "objectLabel": {"xml:lang": "en", "type": "literal", "value": "Liechtenstein at the 2008 Summer Olympics"}, "predicateLabel": {"xml:lang": "en", "type": "literal", "value": "participant"}}, {"subjectLabel": {"xml:lang": "en", "type": "literal", "value": "2008 Summer Olympics"}, "object": {"type": "uri", "value": "http://www.wikidata.org/entity/Q142033"}, "objectLabel": {"xml:lang": "en", "type": "literal", "value": "Nauru at the 2008 Summer Olympics"}, "predicateLabel": {"xml:lang": "en", "type": "literal", "value": "participant"}}, {"subjectLabel": {"xml:lang": "en", "type": "literal", "value": "2008 Summer Olympics"}, "object": {"type": "uri", "value": "http://www.wikidata.org/entity/Q956"}, "objectLabel": {"xml:lang": "en", "type": "literal", "value": "Beijing"}, "predicateLabel": {"xml:lang": "en", "type": "literal", "value": "location"}}, {"subjectLabel": {"xml:lang": "en", "type": "literal", "value": "2008 Summer Olympics"}, "object": {"type": "uri", "value": "http://www.wikidata.org/entity/Q441135"}, "objectLabel": {"xml:lang": "en", "type": "literal", "value": "Formiga"}, "predicateLabel": {"xml:lang": "en", "type": "literal", "value": "participant"}}, {"subjectLabel": {"xml:lang": "en", "type": "literal", "value": "2008 Summer Olympics"}, "object": {"type": "uri", "value": "http://www.wikidata.org/entity/Q445344"}, "objectLabel": {"xml:lang": "en", "type": "literal", "value": "Carli Lloyd"}, "predicateLabel": {"xml:lang": "en", "type": "literal", "value": "participant"}}, {"subjectLabel": {"xml:lang": "en", "type": "literal", "value": "2008 Summer Olympics"}, "object": {"type": "uri", "value": "http://www.wikidata.org/entity/Q197335"}, "objectLabel": {"xml:lang": "en", "type": "literal", "value": "Zhang Yining"}, "predicateLabel": {"xml:lang": "en", "type": "literal", "value": "oath made by"}}, {"subjectLabel": {"xml:lang": "en", "type": "literal", "value": "2008 Summer Olympics"}, "object": {"type": "uri", "value": "http://www.wikidata.org/entity/Q314032"}, "objectLabel": {"xml:lang": "en", "type": "literal", "value": "Li Ning"}, "predicateLabel": {"xml:lang": "en", "type": "literal", "value": "torch lit by"}}, {"subjectLabel": {"xml:lang": "en", "type": "literal", "value": "2008 Summer Olympics"}, "object": {"type": "uri", "value": "http://www.wikidata.org/entity/Q142047"}, "objectLabel": {"xml:lang": "en", "type": "literal", "value": "Palau at the 2008 Summer Olympics"}, "predicateLabel": {"xml:lang": "en", "type": "literal", "value": "participant"}}, {"subjectLabel": {"xml:lang": "en", "type": "literal", "value": "2008 Summer Olympics"}, "object": {"type": "uri", "value": "http://www.wikidata.org/entity/Q8558"}, "objectLabel": {"xml:lang": "en", "type": "literal", "value": "2004 Summer Olympics"}, "predicateLabel": {"xml:lang": "en", "type": "literal", "value": "follows"}}, {"subjectLabel": {"xml:lang": "en", "type": "literal", "value": "2008 Summer Olympics"}, "object": {"type": "uri", "value": "http://www.wikidata.org/entity/Q230865"}, "objectLabel": {"xml:lang": "en", "type": "literal", "value": "Homare Sawa"}, "predicateLabel": {"xml:lang": "en", "type": "literal", "value": "participant"}}, {"subjectLabel": {"xml:lang": "en", "type": "literal", "value": "2008 Summer Olympics"}, "object": {"type": "uri", "value": "http://www.wikidata.org/entity/Q313885"}, "objectLabel": {"xml:lang": "en", "type": "literal", "value": "Tom Daley"}, "predicateLabel": {"xml:lang": "en", "type": "literal", "value": "participant"}}, {"subjectLabel": {"xml:lang": "en", "type": "literal", "value": "2008 Summer Olympics"}, "object": {"type": "uri", "value": "http://www.wikidata.org/entity/Q159821"}, "objectLabel": {"xml:lang": "en", "type": "literal", "value": "Summer Olympic Games"}, "predicateLabel": {"xml:lang": "en", "type": "literal", "value": "sports season of league or competition"}}, {"subjectLabel": {"xml:lang": "en", "type": "literal", "value": "2008 Summer Olympics"}, "object": {"type": "uri", "value": "http://www.wikidata.org/entity/Q221132"}, "objectLabel": {"xml:lang": "en", "type": "literal", "value": "field hockey at the 2008 Summer Olympics"}, "predicateLabel": {"xml:lang": "en", "type": "literal", "value": "has part(s)"}}, {"subjectLabel": {"xml:lang": "en", "type": "literal", "value": "2008 Summer Olympics"}, "object": {"type": "uri", "value": "http://www.wikidata.org/entity/Q220942"}, "objectLabel": {"xml:lang": "en", "type": "literal", "value": "water polo at the 2008 Summer Olympics"}, "predicateLabel": {"xml:lang": "en", "type": "literal", "value": "has part(s)"}}, {"subjectLabel": {"xml:lang": "en", "type": "literal", "value": "2008 Summer Olympics"}, "object": {"type": "uri", "value": "http://www.wikidata.org/entity/Q8577"}, "objectLabel": {"xml:lang": "en", "type": "literal", "value": "2012 Summer Olympics"}, "predicateLabel": {"xml:lang": "en", "type": "literal", "value": "followed by"}}, {"subjectLabel": {"xml:lang": "en", "type": "literal", "value": "2008 Summer Olympics"}, "object": {"type": "uri", "value": "http://www.wikidata.org/entity/Q159821"}, "objectLabel": {"xml:lang": "en", "type": "literal", "value": "Summer Olympic Games"}, "predicateLabel": {"xml:lang": "en", "type": "literal", "value": "instance of"}}, {"subjectLabel": {"xml:lang": "en", "type": "literal", "value": "2008 Summer Olympics"}, "object": {"type": "uri", "value": "http://www.wikidata.org/entity/Q223781"}, "objectLabel": {"xml:lang": "en", "type": "literal", "value": "judo at the 2008 Summer Olympics"}, "predicateLabel": {"xml:lang": "en", "type": "literal", "value": "has part(s)"}}, {"subjectLabel": {"xml:lang": "en", "type": "literal", "value": "2008 Summer Olympics"}, "object": {"type": "uri", "value": "http://www.wikidata.org/entity/Q223519"}, "objectLabel": {"xml:lang": "en", "type": "literal", "value": "archery at the 2008 Summer Olympics"}, "predicateLabel": {"xml:lang": "en", "type": "literal", "value": "has part(s)"}}, {"subjectLabel": {"xml:lang": "en", "type": "literal", "value": "2008 Summer Olympics"}, "object": {"type": "uri", "value": "http://www.wikidata.org/entity/Q212887"}, "objectLabel": {"xml:lang": "en", "type": "literal", "value": "weightlifting at the 2008 Summer Olympics"}, "predicateLabel": {"xml:lang": "en", "type": "literal", "value": "has part(s)"}}, {"subjectLabel": {"xml:lang": "en", "type": "literal", "value": "2008 Summer Olympics"}, "object": {"type": "uri", "value": "http://www.wikidata.org/entity/Q220654"}, "objectLabel": {"xml:lang": "en", "type": "literal", "value": "wrestling at the 2008 Summer Olympics"}, "predicateLabel": {"xml:lang": "en", "type": "literal", "value": "has part(s)"}}, {"subjectLabel": {"xml:lang": "en", "type": "literal", "value": "2008 Summer Olympics"}, "object": {"type": "uri", "value": "http://www.wikidata.org/entity/Q220930"}, "objectLabel": {"xml:lang": "en", "type": "literal", "value": "boxing at the 2008 Summer Olympics"}, "predicateLabel": {"xml:lang": "en", "type": "literal", "value": "has part(s)"}}, {"subjectLabel": {"xml:lang": "en", "type": "literal", "value": "2008 Summer Olympics"}, "object": {"type": "uri", "value": "http://www.wikidata.org/entity/Q140307"}, "objectLabel": {"xml:lang": "en", "type": "literal", "value": "synchronized swimming at the 2008 Summer Olympics"}, "predicateLabel": {"xml:lang": "en", "type": "literal", "value": "has part(s)"}}, {"subjectLabel": {"xml:lang": "en", "type": "literal", "value": "2008 Summer Olympics"}, "object": {"type": "uri", "value": "http://www.wikidata.org/entity/Q189941"}, "objectLabel": {"xml:lang": "en", "type": "literal", "value": "athletics at the 2008 Summer Olympics"}, "predicateLabel": {"xml:lang": "en", "type": "literal", "value": "has part(s)"}}, {"subjectLabel": {"xml:lang": "en", "type": "literal", "value": "2008 Summer Olympics"}, "object": {"type": "uri", "value": "http://www.wikidata.org/entity/Q189816"}, "objectLabel": {"xml:lang": "en", "type": "literal", "value": "basketball at the 2008 Summer Olympics"}, "predicateLabel": {"xml:lang": "en", "type": "literal", "value": "has part(s)"}}, {"subjectLabel": {"xml:lang": "en", "type": "literal", "value": "2008 Summer Olympics"}, "object": {"type": "uri", "value": "http://www.wikidata.org/entity/Q318185"}, "objectLabel": {"xml:lang": "en", "type": "literal", "value": "volleyball at the 2008 Summer Olympics"}, "predicateLabel": {"xml:lang": "en", "type": "literal", "value": "has part(s)"}}, {"subjectLabel": {"xml:lang": "en", "type": "literal", "value": "2008 Summer Olympics"}, "object": {"type": "uri", "value": "http://www.wikidata.org/entity/Q316781"}, "objectLabel": {"xml:lang": "en", "type": "literal", "value": "shooting at the 2008 Summer Olympics"}, "predicateLabel": {"xml:lang": "en", "type": "literal", "value": "has part(s)"}}, {"subjectLabel": {"xml:lang": "en", "type": "literal", "value": "2008 Summer Olympics"}, "object": {"type": "uri", "value": "http://www.wikidata.org/entity/Q711938"}, "objectLabel": {"xml:lang": "en", "type": "literal", "value": "Huang Liping"}, "predicateLabel": {"xml:lang": "en", "type": "literal", "value": "oath made by"}}, {"subjectLabel": {"xml:lang": "en", "type": "literal", "value": "2008 Summer Olympics"}, "object": {"type": "uri", "value": "http://www.wikidata.org/entity/Q690324"}, "objectLabel": {"xml:lang": "en", "type": "literal", "value": "Petr Svoboda"}, "predicateLabel": {"xml:lang": "en", "type": "literal", "value": "participant"}}, {"subjectLabel": {"xml:lang": "en", "type": "literal", "value": "2008 Summer Olympics"}, "object": {"type": "uri", "value": "http://www.wikidata.org/entity/Q4943862"}, "objectLabel": {"xml:lang": "en", "type": "literal", "value": "Fabiana da Silva Sim\u00f5es"}, "predicateLabel": {"xml:lang": "en", "type": "literal", "value": "participant"}}, {"subjectLabel": {"xml:lang": "en", "type": "literal", "value": "2008 Summer Olympics"}, "object": {"type": "uri", "value": "http://www.wikidata.org/entity/Q475654"}, "objectLabel": {"xml:lang": "en", "type": "literal", "value": "sailing at the 2008 Summer Olympics"}, "predicateLabel": {"xml:lang": "en", "type": "literal", "value": "has part(s)"}}, {"subjectLabel": {"xml:lang": "en", "type": "literal", "value": "2008 Summer Olympics"}, "object": {"type": "uri", "value": "http://www.wikidata.org/entity/Q497648"}, "objectLabel": {"xml:lang": "en", "type": "literal", "value": "diving at the 2008 Summer Olympics"}, "predicateLabel": {"xml:lang": "en", "type": "literal", "value": "has part(s)"}}, {"subjectLabel": {"xml:lang": "en", "type": "literal", "value": "2008 Summer Olympics"}, "object": {"type": "uri", "value": "http://www.wikidata.org/entity/Q330719"}, "objectLabel": {"xml:lang": "en", "type": "literal", "value": "triathlon at the 2008 Summer Olympics"}, "predicateLabel": {"xml:lang": "en", "type": "literal", "value": "has part(s)"}}, {"subjectLabel": {"xml:lang": "en", "type": "literal", "value": "2008 Summer Olympics"}, "object": {"type": "uri", "value": "http://www.wikidata.org/entity/Q381115"}, "objectLabel": {"xml:lang": "en", "type": "literal", "value": "taekwondo at the 2008 Summer Olympics"}, "predicateLabel": {"xml:lang": "en", "type": "literal", "value": "has part(s)"}}, {"subjectLabel": {"xml:lang": "en", "type": "literal", "value": "2008 Summer Olympics"}, "object": {"type": "uri", "value": "http://www.wikidata.org/entity/Q318189"}, "objectLabel": {"xml:lang": "en", "type": "literal", "value": "rowing at the 2008 Summer Olympics"}, "predicateLabel": {"xml:lang": "en", "type": "literal", "value": "has part(s)"}}, {"subjectLabel": {"xml:lang": "en", "type": "literal", "value": "2008 Summer Olympics"}, "object": {"type": "uri", "value": "http://www.wikidata.org/entity/Q318197"}, "objectLabel": {"xml:lang": "en", "type": "literal", "value": "canoeing at the 2008 Summer Olympics"}, "predicateLabel": {"xml:lang": "en", "type": "literal", "value": "has part(s)"}}, {"subjectLabel": {"xml:lang": "en", "type": "literal", "value": "2008 Summer Olympics"}, "object": {"type": "uri", "value": "http://www.wikidata.org/entity/Q318205"}, "objectLabel": {"xml:lang": "en", "type": "literal", "value": "fencing at the 2008 Summer Olympics"}, "predicateLabel": {"xml:lang": "en", "type": "literal", "value": "has part(s)"}}, {"subjectLabel": {"xml:lang": "en", "type": "literal", "value": "2008 Summer Olympics"}, "object": {"type": "uri", "value": "http://www.wikidata.org/entity/Q387526"}, "objectLabel": {"xml:lang": "en", "type": "literal", "value": "table tennis at the 2008 Summer Olympics"}, "predicateLabel": {"xml:lang": "en", "type": "literal", "value": "has part(s)"}}, {"subjectLabel": {"xml:lang": "en", "type": "literal", "value": "2008 Summer Olympics"}, "object": {"type": "uri", "value": "http://www.wikidata.org/entity/Q475632"}, "objectLabel": {"xml:lang": "en", "type": "literal", "value": "modern pentathlon at the 2008 Summer Olympics"}, "predicateLabel": {"xml:lang": "en", "type": "literal", "value": "has part(s)"}}, {"subjectLabel": {"xml:lang": "en", "type": "literal", "value": "2008 Summer Olympics"}, "object": {"type": "uri", "value": "http://www.wikidata.org/entity/Q456486"}, "objectLabel": {"xml:lang": "en", "type": "literal", "value": "baseball at the 2008 Summer Olympics"}, "predicateLabel": {"xml:lang": "en", "type": "literal", "value": "has part(s)"}}, {"subjectLabel": {"xml:lang": "en", "type": "literal", "value": "2008 Summer Olympics"}, "object": {"type": "uri", "value": "http://www.wikidata.org/entity/Q194246"}, "objectLabel": {"xml:lang": "en", "type": "literal", "value": "tennis at the 2008 Summer Olympics"}, "predicateLabel": {"xml:lang": "en", "type": "literal", "value": "has part(s)"}}, {"subjectLabel": {"xml:lang": "en", "type": "literal", "value": "2008 Summer Olympics"}, "object": {"type": "uri", "value": "http://www.wikidata.org/entity/Q191948"}, "objectLabel": {"xml:lang": "en", "type": "literal", "value": "football at the 2008 Summer Olympics"}, "predicateLabel": {"xml:lang": "en", "type": "literal", "value": "has part(s)"}}, {"subjectLabel": {"xml:lang": "en", "type": "literal", "value": "2008 Summer Olympics"}, "object": {"type": "uri", "value": "http://www.wikidata.org/entity/Q848360"}, "objectLabel": {"xml:lang": "en", "type": "literal", "value": "Fuwa"}, "predicateLabel": {"xml:lang": "en", "type": "literal", "value": "mascot"}}, {"subjectLabel": {"xml:lang": "en", "type": "literal", "value": "2008 Summer Olympics"}, "object": {"type": "uri", "value": "http://www.wikidata.org/entity/Q641933"}, "objectLabel": {"xml:lang": "en", "type": "literal", "value": "equestrian at the 2008 Summer Olympics"}, "predicateLabel": {"xml:lang": "en", "type": "literal", "value": "has part(s)"}}, {"subjectLabel": {"xml:lang": "en", "type": "literal", "value": "2008 Summer Olympics"}, "object": {"type": "uri", "value": "http://www.wikidata.org/entity/Q544429"}, "objectLabel": {"xml:lang": "en", "type": "literal", "value": "softball at the 2008 Summer Olympics"}, "predicateLabel": {"xml:lang": "en", "type": "literal", "value": "has part(s)"}}, {"subjectLabel": {"xml:lang": "en", "type": "literal", "value": "2008 Summer Olympics"}, "object": {"type": "uri", "value": "http://www.wikidata.org/entity/Q580136"}, "objectLabel": {"xml:lang": "en", "type": "literal", "value": "gymnastics at the 2008 Summer Olympics"}, "predicateLabel": {"xml:lang": "en", "type": "literal", "value": "has part(s)"}}, {"subjectLabel": {"xml:lang": "en", "type": "literal", "value": "2008 Summer Olympics"}, "object": {"type": "uri", "value": "http://www.wikidata.org/entity/Q7215609"}, "objectLabel": {"xml:lang": "en", "type": "literal", "value": "Category:2008 Summer Olympics"}, "predicateLabel": {"xml:lang": "en", "type": "literal", "value": "topic's main category"}}, {"subjectLabel": {"xml:lang": "en", "type": "literal", "value": "2008 Summer Olympics"}, "object": {"type": "uri", "value": "http://www.wikidata.org/entity/Q697280"}, "objectLabel": {"xml:lang": "en", "type": "literal", "value": "artistic gymnastics at the 2008 Summer Olympics"}, "predicateLabel": {"xml:lang": "en", "type": "literal", "value": "has part(s)"}}, {"subjectLabel": {"xml:lang": "en", "type": "literal", "value": "2008 Summer Olympics"}, "object": {"type": "uri", "value": "http://www.wikidata.org/entity/Q1005735"}, "objectLabel": {"xml:lang": "en", "type": "literal", "value": "beach volleyball at the 2008 Summer Olympics"}, "predicateLabel": {"xml:lang": "en", "type": "literal", "value": "has part(s)"}}, {"subjectLabel": {"xml:lang": "en", "type": "literal", "value": "2008 Summer Olympics"}, "object": {"type": "uri", "value": "http://www.wikidata.org/entity/Q2022469"}, "objectLabel": {"xml:lang": "en", "type": "literal", "value": "trampoline gymnastics at the 2008 Summer Olympics"}, "predicateLabel": {"xml:lang": "en", "type": "literal", "value": "has part(s)"}}, {"subjectLabel": {"xml:lang": "en", "type": "literal", "value": "2008 Summer Olympics"}, "object": {"type": "uri", "value": "http://www.wikidata.org/entity/Q1479475"}, "objectLabel": {"xml:lang": "en", "type": "literal", "value": "rhythmic gymnastics at the 2008 Summer Olympics"}, "predicateLabel": {"xml:lang": "en", "type": "literal", "value": "has part(s)"}}, {"subjectLabel": {"xml:lang": "en", "type": "literal", "value": "2008 Summer Olympics"}, "object": {"type": "uri", "value": "http://www.wikidata.org/entity/Q204844"}, "objectLabel": {"xml:lang": "en", "type": "literal", "value": "swimming at the 2008 Summer Olympics"}, "predicateLabel": {"xml:lang": "en", "type": "literal", "value": "has part(s)"}}, {"subjectLabel": {"xml:lang": "en", "type": "literal", "value": "2008 Summer Olympics"}, "object": {"type": "uri", "value": "http://www.wikidata.org/entity/Q203194"}, "objectLabel": {"xml:lang": "en", "type": "literal", "value": "handball at the 2008 Summer Olympics"}, "predicateLabel": {"xml:lang": "en", "type": "literal", "value": "has part(s)"}}, {"subjectLabel": {"xml:lang": "en", "type": "literal", "value": "2008 Summer Olympics"}, "object": {"type": "uri", "value": "http://www.wikidata.org/entity/Q7820570"}, "objectLabel": {"xml:lang": "en", "type": "literal", "value": "Tom\u00e1\u0161 Fu\u010d\u00edk"}, "predicateLabel": {"xml:lang": "en", "type": "literal", "value": "participant"}}, {"subjectLabel": {"xml:lang": "en", "type": "literal", "value": "2008 Summer Olympics"}, "object": {"type": "uri", "value": "http://www.wikidata.org/entity/Q18536594"}, "objectLabel": {"xml:lang": "en", "type": "literal", "value": "Olympic sporting event"}, "predicateLabel": {"xml:lang": "en", "type": "literal", "value": "has part(s) of the class"}}, {"subjectLabel": {"xml:lang": "en", "type": "literal", "value": "2008 Summer Olympics"}, "object": {"type": "uri", "value": "http://www.wikidata.org/entity/Q207439"}, "objectLabel": {"xml:lang": "en", "type": "literal", "value": "cycling at the 2008 Summer Olympics"}, "predicateLabel": {"xml:lang": "en", "type": "literal", "value": "has part(s)"}}, {"subjectLabel": {"xml:lang": "en", "type": "literal", "value": "2008 Summer Olympics"}, "object": {"type": "uri", "value": "http://www.wikidata.org/entity/Q207004"}, "objectLabel": {"xml:lang": "en", "type": "literal", "value": "badminton at the 2008 Summer Olympics"}, "predicateLabel": {"xml:lang": "en", "type": "literal", "value": "has part(s)"}}], "Q33638": [{"subjectLabel": {"xml:lang": "en", "type": "literal", "value": "Manchu"}, "object": {"type": "uri", "value": "http://www.wikidata.org/entity/Q148"}, "objectLabel": {"xml:lang": "en", "type": "literal", "value": "People's Republic of China"}, "predicateLabel": {"xml:lang": "en", "type": "literal", "value": "country"}}, {"subjectLabel": {"xml:lang": "en", "type": "literal", "value": "Manchu"}, "object": {"type": "uri", "value": "http://www.wikidata.org/entity/Q19206"}, "objectLabel": {"xml:lang": "en", "type": "literal", "value": "Heilongjiang"}, "predicateLabel": {"xml:lang": "en", "type": "literal", "value": "indigenous to"}}, {"subjectLabel": {"xml:lang": "en", "type": "literal", "value": "Manchu"}, "object": {"type": "uri", "value": "http://www.wikidata.org/entity/Q956"}, "objectLabel": {"xml:lang": "en", "type": "literal", "value": "Beijing"}, "predicateLabel": {"xml:lang": "en", "type": "literal", "value": "indigenous to"}}, {"subjectLabel": {"xml:lang": "en", "type": "literal", "value": "Manchu"}, "object": {"type": "uri", "value": "http://www.wikidata.org/entity/Q34770"}, "objectLabel": {"xml:lang": "en", "type": "literal", "value": "language"}, "predicateLabel": {"xml:lang": "en", "type": "literal", "value": "instance of"}}, {"subjectLabel": {"xml:lang": "en", "type": "literal", "value": "Manchu"}, "object": {"type": "uri", "value": "http://www.wikidata.org/entity/Q21208"}, "objectLabel": {"xml:lang": "en", "type": "literal", "value": "Hebei"}, "predicateLabel": {"xml:lang": "en", "type": "literal", "value": "indigenous to"}}, {"subjectLabel": {"xml:lang": "en", "type": "literal", "value": "Manchu"}, "object": {"type": "uri", "value": "http://www.wikidata.org/entity/Q1288568"}, "objectLabel": {"xml:lang": "en", "type": "literal", "value": "modern language"}, "predicateLabel": {"xml:lang": "en", "type": "literal", "value": "instance of"}}, {"subjectLabel": {"xml:lang": "en", "type": "literal", "value": "Manchu"}, "object": {"type": "uri", "value": "http://www.wikidata.org/entity/Q43934"}, "objectLabel": {"xml:lang": "en", "type": "literal", "value": "Liaoning"}, "predicateLabel": {"xml:lang": "en", "type": "literal", "value": "indigenous to"}}, {"subjectLabel": {"xml:lang": "en", "type": "literal", "value": "Manchu"}, "object": {"type": "uri", "value": "http://www.wikidata.org/entity/Q45208"}, "objectLabel": {"xml:lang": "en", "type": "literal", "value": "Jilin"}, "predicateLabel": {"xml:lang": "en", "type": "literal", "value": "indigenous to"}}, {"subjectLabel": {"xml:lang": "en", "type": "literal", "value": "Manchu"}, "object": {"type": "uri", "value": "http://www.wikidata.org/entity/Q81126"}, "objectLabel": {"xml:lang": "en", "type": "literal", "value": "Manchuria"}, "predicateLabel": {"xml:lang": "en", "type": "literal", "value": "indigenous to"}}, {"subjectLabel": {"xml:lang": "en", "type": "literal", "value": "Manchu"}, "object": {"type": "uri", "value": "http://www.wikidata.org/entity/Q171263"}, "objectLabel": {"xml:lang": "en", "type": "literal", "value": "agglutinative language"}, "predicateLabel": {"xml:lang": "en", "type": "literal", "value": "linguistic typology"}}, {"subjectLabel": {"xml:lang": "en", "type": "literal", "value": "Manchu"}, "object": {"type": "uri", "value": "http://www.wikidata.org/entity/Q122888"}, "objectLabel": {"xml:lang": "en", "type": "literal", "value": "Manchu alphabet"}, "predicateLabel": {"xml:lang": "en", "type": "literal", "value": "writing system"}}, {"subjectLabel": {"xml:lang": "en", "type": "literal", "value": "Manchu"}, "object": {"type": "uri", "value": "http://www.wikidata.org/entity/Q1055705"}, "objectLabel": {"xml:lang": "en", "type": "literal", "value": "Mongolian"}, "predicateLabel": {"xml:lang": "en", "type": "literal", "value": "writing system"}}, {"subjectLabel": {"xml:lang": "en", "type": "literal", "value": "Manchu"}, "object": {"type": "uri", "value": "http://www.wikidata.org/entity/Q539808"}, "objectLabel": {"xml:lang": "en", "type": "literal", "value": "subject\u2013object\u2013verb"}, "predicateLabel": {"xml:lang": "en", "type": "literal", "value": "linguistic typology"}}, {"subjectLabel": {"xml:lang": "en", "type": "literal", "value": "Manchu"}, "object": {"type": "uri", "value": "http://www.wikidata.org/entity/Q105889432"}, "objectLabel": {"xml:lang": "en", "type": "literal", "value": "Jurchenic"}, "predicateLabel": {"xml:lang": "en", "type": "literal", "value": "subclass of"}}, {"subjectLabel": {"xml:lang": "en", "type": "literal", "value": "Manchu"}, "object": {"type": "uri", "value": "http://www.wikidata.org/entity/Q997577"}, "objectLabel": {"xml:lang": "en", "type": "literal", "value": "Qapqal Xibe Autonomous County"}, "predicateLabel": {"xml:lang": "en", "type": "literal", "value": "indigenous to"}}, {"subjectLabel": {"xml:lang": "en", "type": "literal", "value": "Manchu"}, "object": {"type": "uri", "value": "http://www.wikidata.org/entity/Q29051558"}, "objectLabel": {"xml:lang": "en", "type": "literal", "value": "8b Nearly Extinct"}, "predicateLabel": {"xml:lang": "en", "type": "literal", "value": "Ethnologue language status"}}, {"subjectLabel": {"xml:lang": "en", "type": "literal", "value": "Manchu"}, "object": {"type": "uri", "value": "http://www.wikidata.org/entity/Q602358"}, "objectLabel": {"xml:lang": "en", "type": "literal", "value": "Brockhaus and Efron Encyclopedic Dictionary"}, "predicateLabel": {"xml:lang": "en", "type": "literal", "value": "described by source"}}, {"subjectLabel": {"xml:lang": "en", "type": "literal", "value": "Manchu"}, "object": {"type": "uri", "value": "http://www.wikidata.org/entity/Q8604918"}, "objectLabel": {"xml:lang": "en", "type": "literal", "value": "Category:Manchu language"}, "predicateLabel": {"xml:lang": "en", "type": "literal", "value": "topic's main category"}}, {"subjectLabel": {"xml:lang": "en", "type": "literal", "value": "Manchu"}, "object": {"type": "uri", "value": "http://www.wikidata.org/entity/Q6034221"}, "objectLabel": {"xml:lang": "en", "type": "literal", "value": "initiative case"}, "predicateLabel": {"xml:lang": "en", "type": "literal", "value": "has grammatical case"}}, {"subjectLabel": {"xml:lang": "en", "type": "literal", "value": "Manchu"}, "object": {"type": "uri", "value": "http://www.wikidata.org/entity/Q20078554"}, "objectLabel": {"xml:lang": "en", "type": "literal", "value": "Great Soviet Encyclopedia (1926\u20131947)"}, "predicateLabel": {"xml:lang": "en", "type": "literal", "value": "described by source"}}, {"subjectLabel": {"xml:lang": "en", "type": "literal", "value": "Manchu"}, "object": {"type": "uri", "value": "http://www.wikidata.org/entity/Q19219752"}, "objectLabel": {"xml:lang": "en", "type": "literal", "value": "Meyers Konversations-Lexikon, 4th edition (1885\u20131890)"}, "predicateLabel": {"xml:lang": "en", "type": "literal", "value": "described by source"}}, {"subjectLabel": {"xml:lang": "en", "type": "literal", "value": "Manchu"}, "object": {"type": "uri", "value": "http://www.wikidata.org/entity/Q18358122"}, "objectLabel": {"xml:lang": "en", "type": "literal", "value": "identical case"}, "predicateLabel": {"xml:lang": "en", "type": "literal", "value": "has grammatical case"}}, {"subjectLabel": {"xml:lang": "en", "type": "literal", "value": "Manchu"}, "object": {"type": "uri", "value": "http://www.wikidata.org/entity/Q18069441"}, "objectLabel": {"xml:lang": "en", "type": "literal", "value": "revertive case"}, "predicateLabel": {"xml:lang": "en", "type": "literal", "value": "has grammatical case"}}, {"subjectLabel": {"xml:lang": "en", "type": "literal", "value": "Manchu"}, "object": {"type": "uri", "value": "http://www.wikidata.org/entity/Q18069427"}, "objectLabel": {"xml:lang": "en", "type": "literal", "value": "orientative case"}, "predicateLabel": {"xml:lang": "en", "type": "literal", "value": "has grammatical case"}}, {"subjectLabel": {"xml:lang": "en", "type": "literal", "value": "Manchu"}, "object": {"type": "uri", "value": "http://www.wikidata.org/entity/Q28438955"}, "objectLabel": {"xml:lang": "en", "type": "literal", "value": "Category:Manchu-language films"}, "predicateLabel": {"xml:lang": "en", "type": "literal", "value": "category for films in this language"}}], "Q193074": [{"subjectLabel": {"xml:lang": "en", "type": "literal", "value": "2022 Winter Olympics"}, "object": {"type": "uri", "value": "http://www.wikidata.org/entity/Q15031"}, "objectLabel": {"xml:lang": "en", "type": "literal", "value": "Xi Jinping"}, "predicateLabel": {"xml:lang": "en", "type": "literal", "value": "officially opened by"}}, {"subjectLabel": {"xml:lang": "en", "type": "literal", "value": "2022 Winter Olympics"}, "object": {"type": "uri", "value": "http://www.wikidata.org/entity/Q148"}, "objectLabel": {"xml:lang": "en", "type": "literal", "value": "People's Republic of China"}, "predicateLabel": {"xml:lang": "en", "type": "literal", "value": "country"}}, {"subjectLabel": {"xml:lang": "en", "type": "literal", "value": "2022 Winter Olympics"}, "object": {"type": "uri", "value": "http://www.wikidata.org/entity/Q204686"}, "objectLabel": {"xml:lang": "en", "type": "literal", "value": "winter sport"}, "predicateLabel": {"xml:lang": "en", "type": "literal", "value": "sport"}}, {"subjectLabel": {"xml:lang": "en", "type": "literal", "value": "2022 Winter Olympics"}, "object": {"type": "uri", "value": "http://www.wikidata.org/entity/Q1589654"}, "objectLabel": {"xml:lang": "en", "type": "literal", "value": "Capital Indoor Stadium"}, "predicateLabel": {"xml:lang": "en", "type": "literal", "value": "location"}}, {"subjectLabel": {"xml:lang": "en", "type": "literal", "value": "2022 Winter Olympics"}, "object": {"type": "uri", "value": "http://www.wikidata.org/entity/Q20745708"}, "objectLabel": {"xml:lang": "en", "type": "literal", "value": "National Speed Skating Oval"}, "predicateLabel": {"xml:lang": "en", "type": "literal", "value": "location"}}, {"subjectLabel": {"xml:lang": "en", "type": "literal", "value": "2022 Winter Olympics"}, "object": {"type": "uri", "value": "http://www.wikidata.org/entity/Q55640291"}, "objectLabel": {"xml:lang": "en", "type": "literal", "value": "Kuyangshu Nordic Center and Biathlon Center"}, "predicateLabel": {"xml:lang": "en", "type": "literal", "value": "location"}}, {"subjectLabel": {"xml:lang": "en", "type": "literal", "value": "2022 Winter Olympics"}, "object": {"type": "uri", "value": "http://www.wikidata.org/entity/Q9680"}, "objectLabel": {"xml:lang": "en", "type": "literal", "value": "2018 Winter Olympics"}, "predicateLabel": {"xml:lang": "en", "type": "literal", "value": "follows"}}, {"subjectLabel": {"xml:lang": "en", "type": "literal", "value": "2022 Winter Olympics"}, "object": {"type": "uri", "value": "http://www.wikidata.org/entity/Q5676465"}, "objectLabel": {"xml:lang": "en", "type": "literal", "value": "Category:2022 Winter Olympics"}, "predicateLabel": {"xml:lang": "en", "type": "literal", "value": "topic's main category"}}, {"subjectLabel": {"xml:lang": "en", "type": "literal", "value": "2022 Winter Olympics"}, "object": {"type": "uri", "value": "http://www.wikidata.org/entity/Q60823601"}, "objectLabel": {"xml:lang": "en", "type": "literal", "value": "snowboarding at the 2022 Winter Olympics"}, "predicateLabel": {"xml:lang": "en", "type": "literal", "value": "has part(s)"}}, {"subjectLabel": {"xml:lang": "en", "type": "literal", "value": "2022 Winter Olympics"}, "object": {"type": "uri", "value": "http://www.wikidata.org/entity/Q104855142"}, "objectLabel": {"xml:lang": "en", "type": "literal", "value": "luge at the 2022 Winter Olympics"}, "predicateLabel": {"xml:lang": "en", "type": "literal", "value": "has part(s)"}}, {"subjectLabel": {"xml:lang": "en", "type": "literal", "value": "2022 Winter Olympics"}, "object": {"type": "uri", "value": "http://www.wikidata.org/entity/Q60823599"}, "objectLabel": {"xml:lang": "en", "type": "literal", "value": "skeleton at the 2022 Winter Olympics"}, "predicateLabel": {"xml:lang": "en", "type": "literal", "value": "has part(s)"}}, {"subjectLabel": {"xml:lang": "en", "type": "literal", "value": "2022 Winter Olympics"}, "object": {"type": "uri", "value": "http://www.wikidata.org/entity/Q60823592"}, "objectLabel": {"xml:lang": "en", "type": "literal", "value": "speed skating at the 2022 Winter Olympics"}, "predicateLabel": {"xml:lang": "en", "type": "literal", "value": "has part(s)"}}, {"subjectLabel": {"xml:lang": "en", "type": "literal", "value": "2022 Winter Olympics"}, "object": {"type": "uri", "value": "http://www.wikidata.org/entity/Q60823597"}, "objectLabel": {"xml:lang": "en", "type": "literal", "value": "ski jumping at the 2022 Winter Olympics"}, "predicateLabel": {"xml:lang": "en", "type": "literal", "value": "has part(s)"}}, {"subjectLabel": {"xml:lang": "en", "type": "literal", "value": "2022 Winter Olympics"}, "object": {"type": "uri", "value": "http://www.wikidata.org/entity/Q60823590"}, "objectLabel": {"xml:lang": "en", "type": "literal", "value": "cross-country skiing at the 2022 Winter Olympics"}, "predicateLabel": {"xml:lang": "en", "type": "literal", "value": "has part(s)"}}, {"subjectLabel": {"xml:lang": "en", "type": "literal", "value": "2022 Winter Olympics"}, "object": {"type": "uri", "value": "http://www.wikidata.org/entity/Q60823588"}, "objectLabel": {"xml:lang": "en", "type": "literal", "value": "alpine skiing at the 2022 Winter Olympics"}, "predicateLabel": {"xml:lang": "en", "type": "literal", "value": "has part(s)"}}, {"subjectLabel": {"xml:lang": "en", "type": "literal", "value": "2022 Winter Olympics"}, "object": {"type": "uri", "value": "http://www.wikidata.org/entity/Q60823582"}, "objectLabel": {"xml:lang": "en", "type": "literal", "value": "curling at the 2022 Winter Olympics"}, "predicateLabel": {"xml:lang": "en", "type": "literal", "value": "has part(s)"}}, {"subjectLabel": {"xml:lang": "en", "type": "literal", "value": "2022 Winter Olympics"}, "object": {"type": "uri", "value": "http://www.wikidata.org/entity/Q60823587"}, "objectLabel": {"xml:lang": "en", "type": "literal", "value": "freestyle skiing at the 2022 Winter Olympics"}, "predicateLabel": {"xml:lang": "en", "type": "literal", "value": "has part(s)"}}, {"subjectLabel": {"xml:lang": "en", "type": "literal", "value": "2022 Winter Olympics"}, "object": {"type": "uri", "value": "http://www.wikidata.org/entity/Q56305396"}, "objectLabel": {"xml:lang": "en", "type": "literal", "value": "short track speed skating at the 2022 Winter Olympics"}, "predicateLabel": {"xml:lang": "en", "type": "literal", "value": "has part(s)"}}, {"subjectLabel": {"xml:lang": "en", "type": "literal", "value": "2022 Winter Olympics"}, "object": {"type": "uri", "value": "http://www.wikidata.org/entity/Q20804497"}, "objectLabel": {"xml:lang": "en", "type": "literal", "value": "ice hockey at the 2022 Winter Olympics"}, "predicateLabel": {"xml:lang": "en", "type": "literal", "value": "has part(s)"}}, {"subjectLabel": {"xml:lang": "en", "type": "literal", "value": "2022 Winter Olympics"}, "object": {"type": "uri", "value": "http://www.wikidata.org/entity/Q39052649"}, "objectLabel": {"xml:lang": "en", "type": "literal", "value": "2022 Winter Olympics closing ceremony"}, "predicateLabel": {"xml:lang": "en", "type": "literal", "value": "significant event"}}, {"subjectLabel": {"xml:lang": "en", "type": "literal", "value": "2022 Winter Olympics"}, "object": {"type": "uri", "value": "http://www.wikidata.org/entity/Q1139142"}, "objectLabel": {"xml:lang": "en", "type": "literal", "value": "Beijing National Indoor Stadium"}, "predicateLabel": {"xml:lang": "en", "type": "literal", "value": "location"}}, {"subjectLabel": {"xml:lang": "en", "type": "literal", "value": "2022 Winter Olympics"}, "object": {"type": "uri", "value": "http://www.wikidata.org/entity/Q244877"}, "objectLabel": {"xml:lang": "en", "type": "literal", "value": "Beijing National Aquatics Center"}, "predicateLabel": {"xml:lang": "en", "type": "literal", "value": "location"}}, {"subjectLabel": {"xml:lang": "en", "type": "literal", "value": "2022 Winter Olympics"}, "object": {"type": "uri", "value": "http://www.wikidata.org/entity/Q82414"}, "objectLabel": {"xml:lang": "en", "type": "literal", "value": "Winter Olympic Games"}, "predicateLabel": {"xml:lang": "en", "type": "literal", "value": "instance of"}}, {"subjectLabel": {"xml:lang": "en", "type": "literal", "value": "2022 Winter Olympics"}, "object": {"type": "uri", "value": "http://www.wikidata.org/entity/Q60823577"}, "objectLabel": {"xml:lang": "en", "type": "literal", "value": "biathlon at the 2022 Winter Olympics"}, "predicateLabel": {"xml:lang": "en", "type": "literal", "value": "has part(s)"}}, {"subjectLabel": {"xml:lang": "en", "type": "literal", "value": "2022 Winter Olympics"}, "object": {"type": "uri", "value": "http://www.wikidata.org/entity/Q57612466"}, "objectLabel": {"xml:lang": "en", "type": "literal", "value": "figure skating at the 2022 Winter Olympics"}, "predicateLabel": {"xml:lang": "en", "type": "literal", "value": "has part(s)"}}, {"subjectLabel": {"xml:lang": "en", "type": "literal", "value": "2022 Winter Olympics"}, "object": {"type": "uri", "value": "http://www.wikidata.org/entity/Q60823581"}, "objectLabel": {"xml:lang": "en", "type": "literal", "value": "Nordic combined at the 2022 Winter Olympics"}, "predicateLabel": {"xml:lang": "en", "type": "literal", "value": "has part(s)"}}, {"subjectLabel": {"xml:lang": "en", "type": "literal", "value": "2022 Winter Olympics"}, "object": {"type": "uri", "value": "http://www.wikidata.org/entity/Q104856176"}, "objectLabel": {"xml:lang": "en", "type": "literal", "value": "bobsleigh at the 2022 Winter Olympics"}, "predicateLabel": {"xml:lang": "en", "type": "literal", "value": "has part(s)"}}, {"subjectLabel": {"xml:lang": "en", "type": "literal", "value": "2022 Winter Olympics"}, "object": {"type": "uri", "value": "http://www.wikidata.org/entity/Q108939985"}, "objectLabel": {"xml:lang": "en", "type": "literal", "value": "2022 Winter Olympics opening ceremony"}, "predicateLabel": {"xml:lang": "en", "type": "literal", "value": "significant event"}}, {"subjectLabel": {"xml:lang": "en", "type": "literal", "value": "2022 Winter Olympics"}, "object": {"type": "uri", "value": "http://www.wikidata.org/entity/Q4630399"}, "objectLabel": {"xml:lang": "en", "type": "literal", "value": "2026 Winter Olympics"}, "predicateLabel": {"xml:lang": "en", "type": "literal", "value": "followed by"}}, {"subjectLabel": {"xml:lang": "en", "type": "literal", "value": "2022 Winter Olympics"}, "object": {"type": "uri", "value": "http://www.wikidata.org/entity/Q1321458"}, "objectLabel": {"xml:lang": "en", "type": "literal", "value": "Cadillac Arena"}, "predicateLabel": {"xml:lang": "en", "type": "literal", "value": "location"}}, {"subjectLabel": {"xml:lang": "en", "type": "literal", "value": "2022 Winter Olympics"}, "object": {"type": "uri", "value": "http://www.wikidata.org/entity/Q72620433"}, "objectLabel": {"xml:lang": "en", "type": "literal", "value": "Bing Dwen Dwen and Shuey Rhon Rhon"}, "predicateLabel": {"xml:lang": "en", "type": "literal", "value": "mascot"}}, {"subjectLabel": {"xml:lang": "en", "type": "literal", "value": "2022 Winter Olympics"}, "object": {"type": "uri", "value": "http://www.wikidata.org/entity/Q133525"}, "objectLabel": {"xml:lang": "en", "type": "literal", "value": "Beijing National Stadium"}, "predicateLabel": {"xml:lang": "en", "type": "literal", "value": "location"}}], "Q84117541": [{"subjectLabel": {"xml:lang": "en", "type": "literal", "value": "Category:Maps of Beijing"}, "object": {"type": "uri", "value": "http://www.wikidata.org/entity/Q956"}, "objectLabel": {"xml:lang": "en", "type": "literal", "value": "Beijing"}, "predicateLabel": {"xml:lang": "en", "type": "literal", "value": "category combines topics"}}, {"subjectLabel": {"xml:lang": "en", "type": "literal", "value": "Category:Maps of Beijing"}, "object": {"type": "uri", "value": "http://www.wikidata.org/entity/Q4006"}, "objectLabel": {"xml:lang": "en", "type": "literal", "value": "map"}, "predicateLabel": {"xml:lang": "en", "type": "literal", "value": "category combines topics"}}, {"subjectLabel": {"xml:lang": "en", "type": "literal", "value": "Category:Maps of Beijing"}, "object": {"type": "uri", "value": "http://www.wikidata.org/entity/Q4167836"}, "objectLabel": {"xml:lang": "en", "type": "literal", "value": "Wikimedia category"}, "predicateLabel": {"xml:lang": "en", "type": "literal", "value": "instance of"}}], "Q19840076": [{"subjectLabel": {"xml:lang": "en", "type": "literal", "value": "economy of Beijing"}, "object": {"type": "uri", "value": "http://www.wikidata.org/entity/Q148"}, "objectLabel": {"xml:lang": "en", "type": "literal", "value": "People's Republic of China"}, "predicateLabel": {"xml:lang": "en", "type": "literal", "value": "country"}}, {"subjectLabel": {"xml:lang": "en", "type": "literal", "value": "economy of Beijing"}, "object": {"type": "uri", "value": "http://www.wikidata.org/entity/Q956"}, "objectLabel": {"xml:lang": "en", "type": "literal", "value": "Beijing"}, "predicateLabel": {"xml:lang": "en", "type": "literal", "value": "location"}}, {"subjectLabel": {"xml:lang": "en", "type": "literal", "value": "economy of Beijing"}, "object": {"type": "uri", "value": "http://www.wikidata.org/entity/Q100773131"}, "objectLabel": {"xml:lang": "en", "type": "literal", "value": "regional economy"}, "predicateLabel": {"xml:lang": "en", "type": "literal", "value": "instance of"}}, {"subjectLabel": {"xml:lang": "en", "type": "literal", "value": "economy of Beijing"}, "object": {"type": "uri", "value": "http://www.wikidata.org/entity/Q209380"}, "objectLabel": {"xml:lang": "en", "type": "literal", "value": "economy of the People's Republic of China"}, "predicateLabel": {"xml:lang": "en", "type": "literal", "value": "subclass of"}}, {"subjectLabel": {"xml:lang": "en", "type": "literal", "value": "economy of Beijing"}, "object": {"type": "uri", "value": "http://www.wikidata.org/entity/Q8398813"}, "objectLabel": {"xml:lang": "en", "type": "literal", "value": "Category:Economy of Beijing"}, "predicateLabel": {"xml:lang": "en", "type": "literal", "value": "topic's main category"}}]}