{"Q17573825": [{"subjectLabel": {"xml:lang": "en", "type": "literal", "value": "Jan Miloslav Kry\u0161t\u016ffek"}, "object": {"type": "uri", "value": "http://www.wikidata.org/entity/Q5"}, "objectLabel": {"xml:lang": "en", "type": "literal", "value": "human"}, "predicateLabel": {"xml:lang": "en", "type": "literal", "value": "instance of"}}, {"subjectLabel": {"xml:lang": "en", "type": "literal", "value": "Jan Miloslav Kry\u0161t\u016ffek"}, "object": {"type": "uri", "value": "http://www.wikidata.org/entity/Q309"}, "objectLabel": {"xml:lang": "en", "type": "literal", "value": "history"}, "predicateLabel": {"xml:lang": "en", "type": "literal", "value": "field of work"}}, {"subjectLabel": {"xml:lang": "en", "type": "literal", "value": "Jan Miloslav Kry\u0161t\u016ffek"}, "object": {"type": "uri", "value": "http://www.wikidata.org/entity/Q7922"}, "objectLabel": {"xml:lang": "en", "type": "literal", "value": "pedagogy"}, "predicateLabel": {"xml:lang": "en", "type": "literal", "value": "field of work"}}, {"subjectLabel": {"xml:lang": "en", "type": "literal", "value": "Jan Miloslav Kry\u0161t\u016ffek"}, "object": {"type": "uri", "value": "http://www.wikidata.org/entity/Q16506"}, "objectLabel": {"xml:lang": "en", "type": "literal", "value": "\u010cesk\u00e9 Bud\u011bjovice"}, "predicateLabel": {"xml:lang": "en", "type": "literal", "value": "work location"}}, {"subjectLabel": {"xml:lang": "en", "type": "literal", "value": "Jan Miloslav Kry\u0161t\u016ffek"}, "object": {"type": "uri", "value": "http://www.wikidata.org/entity/Q33946"}, "objectLabel": {"xml:lang": "en", "type": "literal", "value": "Czechoslovakia"}, "predicateLabel": {"xml:lang": "en", "type": "literal", "value": "country of citizenship"}}, {"subjectLabel": {"xml:lang": "en", "type": "literal", "value": "Jan Miloslav Kry\u0161t\u016ffek"}, "object": {"type": "uri", "value": "http://www.wikidata.org/entity/Q9056"}, "objectLabel": {"xml:lang": "en", "type": "literal", "value": "Czech"}, "predicateLabel": {"xml:lang": "en", "type": "literal", "value": "languages spoken, written or signed"}}, {"subjectLabel": {"xml:lang": "en", "type": "literal", "value": "Jan Miloslav Kry\u0161t\u016ffek"}, "object": {"type": "uri", "value": "http://www.wikidata.org/entity/Q191805"}, "objectLabel": {"xml:lang": "en", "type": "literal", "value": "Mlad\u00e1 Boleslav"}, "predicateLabel": {"xml:lang": "en", "type": "literal", "value": "work location"}}, {"subjectLabel": {"xml:lang": "en", "type": "literal", "value": "Jan Miloslav Kry\u0161t\u016ffek"}, "object": {"type": "uri", "value": "http://www.wikidata.org/entity/Q6581097"}, "objectLabel": {"xml:lang": "en", "type": "literal", "value": "male"}, "predicateLabel": {"xml:lang": "en", "type": "literal", "value": "sex or gender"}}, {"subjectLabel": {"xml:lang": "en", "type": "literal", "value": "Jan Miloslav Kry\u0161t\u016ffek"}, "object": {"type": "uri", "value": "http://www.wikidata.org/entity/Q1000060"}, "objectLabel": {"xml:lang": "en", "type": "literal", "value": "Humpolec"}, "predicateLabel": {"xml:lang": "en", "type": "literal", "value": "place of birth"}}, {"subjectLabel": {"xml:lang": "en", "type": "literal", "value": "Jan Miloslav Kry\u0161t\u016ffek"}, "object": {"type": "uri", "value": "http://www.wikidata.org/entity/Q37226"}, "objectLabel": {"xml:lang": "en", "type": "literal", "value": "teacher"}, "predicateLabel": {"xml:lang": "en", "type": "literal", "value": "occupation"}}, {"subjectLabel": {"xml:lang": "en", "type": "literal", "value": "Jan Miloslav Kry\u0161t\u016ffek"}, "object": {"type": "uri", "value": "http://www.wikidata.org/entity/Q3563550"}, "objectLabel": {"xml:lang": "en", "type": "literal", "value": "Faculty of Arts, Charles University in Prague"}, "predicateLabel": {"xml:lang": "en", "type": "literal", "value": "educated at"}}, {"subjectLabel": {"xml:lang": "en", "type": "literal", "value": "Jan Miloslav Kry\u0161t\u016ffek"}, "object": {"type": "uri", "value": "http://www.wikidata.org/entity/Q773312"}, "objectLabel": {"xml:lang": "en", "type": "literal", "value": "T\u0159ebo\u0148"}, "predicateLabel": {"xml:lang": "en", "type": "literal", "value": "work location"}}, {"subjectLabel": {"xml:lang": "en", "type": "literal", "value": "Jan Miloslav Kry\u0161t\u016ffek"}, "object": {"type": "uri", "value": "http://www.wikidata.org/entity/Q4927325"}, "objectLabel": {"xml:lang": "en", "type": "literal", "value": "Miloslav"}, "predicateLabel": {"xml:lang": "en", "type": "literal", "value": "given name"}}, {"subjectLabel": {"xml:lang": "en", "type": "literal", "value": "Jan Miloslav Kry\u0161t\u016ffek"}, "object": {"type": "uri", "value": "http://www.wikidata.org/entity/Q12173670"}, "objectLabel": {"xml:lang": "en", "type": "literal", "value": "Jan"}, "predicateLabel": {"xml:lang": "en", "type": "literal", "value": "given name"}}, {"subjectLabel": {"xml:lang": "en", "type": "literal", "value": "Jan Miloslav Kry\u0161t\u016ffek"}, "object": {"type": "uri", "value": "http://www.wikidata.org/entity/Q662985"}, "objectLabel": {"xml:lang": "en", "type": "literal", "value": "Vinohrady"}, "predicateLabel": {"xml:lang": "en", "type": "literal", "value": "place of death"}}, {"subjectLabel": {"xml:lang": "en", "type": "literal", "value": "Jan Miloslav Kry\u0161t\u016ffek"}, "object": {"type": "uri", "value": "http://www.wikidata.org/entity/Q51077194"}, "objectLabel": {"xml:lang": "en", "type": "literal", "value": "Kry\u0161t\u016ffek"}, "predicateLabel": {"xml:lang": "en", "type": "literal", "value": "family name"}}, {"subjectLabel": {"xml:lang": "en", "type": "literal", "value": "Jan Miloslav Kry\u0161t\u016ffek"}, "object": {"type": "uri", "value": "http://www.wikidata.org/entity/Q5758653"}, "objectLabel": {"xml:lang": "en", "type": "literal", "value": "high school teacher"}, "predicateLabel": {"xml:lang": "en", "type": "literal", "value": "occupation"}}, {"subjectLabel": {"xml:lang": "en", "type": "literal", "value": "Jan Miloslav Kry\u0161t\u016ffek"}, "object": {"type": "uri", "value": "http://www.wikidata.org/entity/Q201788"}, "objectLabel": {"xml:lang": "en", "type": "literal", "value": "historian"}, "predicateLabel": {"xml:lang": "en", "type": "literal", "value": "occupation"}}, {"subjectLabel": {"xml:lang": "en", "type": "literal", "value": "Jan Miloslav Kry\u0161t\u016ffek"}, "object": {"type": "uri", "value": "http://www.wikidata.org/entity/Q67311526"}, "objectLabel": {"xml:lang": "en", "type": "literal", "value": "Obalky knih.cz"}, "predicateLabel": {"xml:lang": "en", "type": "literal", "value": "described by source"}}], "Q17516556": [{"subjectLabel": {"xml:lang": "en", "type": "literal", "value": "Franti\u0161ek Plz\u00e1k"}, "object": {"type": "uri", "value": "http://www.wikidata.org/entity/Q5"}, "objectLabel": {"xml:lang": "en", "type": "literal", "value": "human"}, "predicateLabel": {"xml:lang": "en", "type": "literal", "value": "instance of"}}, {"subjectLabel": {"xml:lang": "en", "type": "literal", "value": "Franti\u0161ek Plz\u00e1k"}, "object": {"type": "uri", "value": "http://www.wikidata.org/entity/Q1085"}, "objectLabel": {"xml:lang": "en", "type": "literal", "value": "Prague"}, "predicateLabel": {"xml:lang": "en", "type": "literal", "value": "place of birth"}}, {"subjectLabel": {"xml:lang": "en", "type": "literal", "value": "Franti\u0161ek Plz\u00e1k"}, "object": {"type": "uri", "value": "http://www.wikidata.org/entity/Q33946"}, "objectLabel": {"xml:lang": "en", "type": "literal", "value": "Czechoslovakia"}, "predicateLabel": {"xml:lang": "en", "type": "literal", "value": "country of citizenship"}}, {"subjectLabel": {"xml:lang": "en", "type": "literal", "value": "Franti\u0161ek Plz\u00e1k"}, "object": {"type": "uri", "value": "http://www.wikidata.org/entity/Q1597372"}, "objectLabel": {"xml:lang": "en", "type": "literal", "value": "K\u0159ivokl\u00e1t"}, "predicateLabel": {"xml:lang": "en", "type": "literal", "value": "place of death"}}, {"subjectLabel": {"xml:lang": "en", "type": "literal", "value": "Franti\u0161ek Plz\u00e1k"}, "object": {"type": "uri", "value": "http://www.wikidata.org/entity/Q95073112"}, "objectLabel": {"xml:lang": "en", "type": "literal", "value": "Franti\u0161ek Plz\u00e1k"}, "predicateLabel": {"xml:lang": "en", "type": "literal", "value": "child"}}, {"subjectLabel": {"xml:lang": "en", "type": "literal", "value": "Franti\u0161ek Plz\u00e1k"}, "object": {"type": "uri", "value": "http://www.wikidata.org/entity/Q51091403"}, "objectLabel": {"xml:lang": "en", "type": "literal", "value": "Plz\u00e1k"}, "predicateLabel": {"xml:lang": "en", "type": "literal", "value": "family name"}}, {"subjectLabel": {"xml:lang": "en", "type": "literal", "value": "Franti\u0161ek Plz\u00e1k"}, "object": {"type": "uri", "value": "http://www.wikidata.org/entity/Q2648973"}, "objectLabel": {"xml:lang": "en", "type": "literal", "value": "Franti\u0161ek"}, "predicateLabel": {"xml:lang": "en", "type": "literal", "value": "given name"}}, {"subjectLabel": {"xml:lang": "en", "type": "literal", "value": "Franti\u0161ek Plz\u00e1k"}, "object": {"type": "uri", "value": "http://www.wikidata.org/entity/Q67311526"}, "objectLabel": {"xml:lang": "en", "type": "literal", "value": "Obalky knih.cz"}, "predicateLabel": {"xml:lang": "en", "type": "literal", "value": "described by source"}}, {"subjectLabel": {"xml:lang": "en", "type": "literal", "value": "Franti\u0161ek Plz\u00e1k"}, "object": {"type": "uri", "value": "http://www.wikidata.org/entity/Q99413897"}, "objectLabel": {"xml:lang": "en", "type": "literal", "value": "Medvik"}, "predicateLabel": {"xml:lang": "en", "type": "literal", "value": "described by source"}}, {"subjectLabel": {"xml:lang": "en", "type": "literal", "value": "Franti\u0161ek Plz\u00e1k"}, "object": {"type": "uri", "value": "http://www.wikidata.org/entity/Q6581097"}, "objectLabel": {"xml:lang": "en", "type": "literal", "value": "male"}, "predicateLabel": {"xml:lang": "en", "type": "literal", "value": "sex or gender"}}, {"subjectLabel": {"xml:lang": "en", "type": "literal", "value": "Franti\u0161ek Plz\u00e1k"}, "object": {"type": "uri", "value": "http://www.wikidata.org/entity/Q593644"}, "objectLabel": {"xml:lang": "en", "type": "literal", "value": "chemist"}, "predicateLabel": {"xml:lang": "en", "type": "literal", "value": "occupation"}}, {"subjectLabel": {"xml:lang": "en", "type": "literal", "value": "Franti\u0161ek Plz\u00e1k"}, "object": {"type": "uri", "value": "http://www.wikidata.org/entity/Q3563550"}, "objectLabel": {"xml:lang": "en", "type": "literal", "value": "Faculty of Arts, Charles University in Prague"}, "predicateLabel": {"xml:lang": "en", "type": "literal", "value": "educated at"}}], "Q18010713": [{"subjectLabel": {"xml:lang": "en", "type": "literal", "value": "Zden\u011bk Jahn"}, "object": {"type": "uri", "value": "http://www.wikidata.org/entity/Q5"}, "objectLabel": {"xml:lang": "en", "type": "literal", "value": "human"}, "predicateLabel": {"xml:lang": "en", "type": "literal", "value": "instance of"}}, {"subjectLabel": {"xml:lang": "en", "type": "literal", "value": "Zden\u011bk Jahn"}, "object": {"type": "uri", "value": "http://www.wikidata.org/entity/Q37226"}, "objectLabel": {"xml:lang": "en", "type": "literal", "value": "teacher"}, "predicateLabel": {"xml:lang": "en", "type": "literal", "value": "occupation"}}, {"subjectLabel": {"xml:lang": "en", "type": "literal", "value": "Zden\u011bk Jahn"}, "object": {"type": "uri", "value": "http://www.wikidata.org/entity/Q36180"}, "objectLabel": {"xml:lang": "en", "type": "literal", "value": "writer"}, "predicateLabel": {"xml:lang": "en", "type": "literal", "value": "occupation"}}, {"subjectLabel": {"xml:lang": "en", "type": "literal", "value": "Zden\u011bk Jahn"}, "object": {"type": "uri", "value": "http://www.wikidata.org/entity/Q36989"}, "objectLabel": {"xml:lang": "en", "type": "literal", "value": "Pardubice"}, "predicateLabel": {"xml:lang": "en", "type": "literal", "value": "place of birth"}}, {"subjectLabel": {"xml:lang": "en", "type": "literal", "value": "Zden\u011bk Jahn"}, "object": {"type": "uri", "value": "http://www.wikidata.org/entity/Q520549"}, "objectLabel": {"xml:lang": "en", "type": "literal", "value": "geologist"}, "predicateLabel": {"xml:lang": "en", "type": "literal", "value": "occupation"}}, {"subjectLabel": {"xml:lang": "en", "type": "literal", "value": "Zden\u011bk Jahn"}, "object": {"type": "uri", "value": "http://www.wikidata.org/entity/Q593644"}, "objectLabel": {"xml:lang": "en", "type": "literal", "value": "chemist"}, "predicateLabel": {"xml:lang": "en", "type": "literal", "value": "occupation"}}, {"subjectLabel": {"xml:lang": "en", "type": "literal", "value": "Zden\u011bk Jahn"}, "object": {"type": "uri", "value": "http://www.wikidata.org/entity/Q43453"}, "objectLabel": {"xml:lang": "en", "type": "literal", "value": "Plze\u0148"}, "predicateLabel": {"xml:lang": "en", "type": "literal", "value": "place of death"}}, {"subjectLabel": {"xml:lang": "en", "type": "literal", "value": "Zden\u011bk Jahn"}, "object": {"type": "uri", "value": "http://www.wikidata.org/entity/Q168960"}, "objectLabel": {"xml:lang": "en", "type": "literal", "value": "Zden\u011bk"}, "predicateLabel": {"xml:lang": "en", "type": "literal", "value": "given name"}}, {"subjectLabel": {"xml:lang": "en", "type": "literal", "value": "Zden\u011bk Jahn"}, "object": {"type": "uri", "value": "http://www.wikidata.org/entity/Q2374149"}, "objectLabel": {"xml:lang": "en", "type": "literal", "value": "botanist"}, "predicateLabel": {"xml:lang": "en", "type": "literal", "value": "occupation"}}, {"subjectLabel": {"xml:lang": "en", "type": "literal", "value": "Zden\u011bk Jahn"}, "object": {"type": "uri", "value": "http://www.wikidata.org/entity/Q6581097"}, "objectLabel": {"xml:lang": "en", "type": "literal", "value": "male"}, "predicateLabel": {"xml:lang": "en", "type": "literal", "value": "sex or gender"}}, {"subjectLabel": {"xml:lang": "en", "type": "literal", "value": "Zden\u011bk Jahn"}, "object": {"type": "uri", "value": "http://www.wikidata.org/entity/Q1678548"}, "objectLabel": {"xml:lang": "en", "type": "literal", "value": "Jahn"}, "predicateLabel": {"xml:lang": "en", "type": "literal", "value": "family name"}}, {"subjectLabel": {"xml:lang": "en", "type": "literal", "value": "Zden\u011bk Jahn"}, "object": {"type": "uri", "value": "http://www.wikidata.org/entity/Q12024738"}, "objectLabel": {"xml:lang": "en", "type": "literal", "value": "Jilj\u00ed Vratislav Jahn"}, "predicateLabel": {"xml:lang": "en", "type": "literal", "value": "sibling"}}, {"subjectLabel": {"xml:lang": "en", "type": "literal", "value": "Zden\u011bk Jahn"}, "object": {"type": "uri", "value": "http://www.wikidata.org/entity/Q95079778"}, "objectLabel": {"xml:lang": "en", "type": "literal", "value": "Jilj\u00ed Jahn"}, "predicateLabel": {"xml:lang": "en", "type": "literal", "value": "child"}}, {"subjectLabel": {"xml:lang": "en", "type": "literal", "value": "Zden\u011bk Jahn"}, "object": {"type": "uri", "value": "http://www.wikidata.org/entity/Q18986711"}, "objectLabel": {"xml:lang": "en", "type": "literal", "value": "Category:Zden\u011bk Jahn"}, "predicateLabel": {"xml:lang": "en", "type": "literal", "value": "topic's main category"}}, {"subjectLabel": {"xml:lang": "en", "type": "literal", "value": "Zden\u011bk Jahn"}, "object": {"type": "uri", "value": "http://www.wikidata.org/entity/Q95175023"}, "objectLabel": {"xml:lang": "en", "type": "literal", "value": "Jarom\u00edr Jan Jahn"}, "predicateLabel": {"xml:lang": "en", "type": "literal", "value": "sibling"}}], "Q17516557": [{"subjectLabel": {"xml:lang": "en", "type": "literal", "value": "Julius Philipp"}, "object": {"type": "uri", "value": "http://www.wikidata.org/entity/Q5"}, "objectLabel": {"xml:lang": "en", "type": "literal", "value": "human"}, "predicateLabel": {"xml:lang": "en", "type": "literal", "value": "instance of"}}, {"subjectLabel": {"xml:lang": "en", "type": "literal", "value": "Julius Philipp"}, "object": {"type": "uri", "value": "http://www.wikidata.org/entity/Q14960"}, "objectLabel": {"xml:lang": "en", "type": "literal", "value": "Brno"}, "predicateLabel": {"xml:lang": "en", "type": "literal", "value": "place of birth"}}, {"subjectLabel": {"xml:lang": "en", "type": "literal", "value": "Julius Philipp"}, "object": {"type": "uri", "value": "http://www.wikidata.org/entity/Q33946"}, "objectLabel": {"xml:lang": "en", "type": "literal", "value": "Czechoslovakia"}, "predicateLabel": {"xml:lang": "en", "type": "literal", "value": "country of citizenship"}}, {"subjectLabel": {"xml:lang": "en", "type": "literal", "value": "Julius Philipp"}, "object": {"type": "uri", "value": "http://www.wikidata.org/entity/Q1102114"}, "objectLabel": {"xml:lang": "en", "type": "literal", "value": "Julius"}, "predicateLabel": {"xml:lang": "en", "type": "literal", "value": "given name"}}, {"subjectLabel": {"xml:lang": "en", "type": "literal", "value": "Julius Philipp"}, "object": {"type": "uri", "value": "http://www.wikidata.org/entity/Q591823"}, "objectLabel": {"xml:lang": "en", "type": "literal", "value": "N\u00e1chod"}, "predicateLabel": {"xml:lang": "en", "type": "literal", "value": "place of death"}}, {"subjectLabel": {"xml:lang": "en", "type": "literal", "value": "Julius Philipp"}, "object": {"type": "uri", "value": "http://www.wikidata.org/entity/Q6581097"}, "objectLabel": {"xml:lang": "en", "type": "literal", "value": "male"}, "predicateLabel": {"xml:lang": "en", "type": "literal", "value": "sex or gender"}}, {"subjectLabel": {"xml:lang": "en", "type": "literal", "value": "Julius Philipp"}, "object": {"type": "uri", "value": "http://www.wikidata.org/entity/Q28745120"}, "objectLabel": {"xml:lang": "en", "type": "literal", "value": "Philipp"}, "predicateLabel": {"xml:lang": "en", "type": "literal", "value": "family name"}}], "Q17516546": [{"subjectLabel": {"xml:lang": "en", "type": "literal", "value": "Jan B\u00f6hm"}, "object": {"type": "uri", "value": "http://www.wikidata.org/entity/Q5"}, "objectLabel": {"xml:lang": "en", "type": "literal", "value": "human"}, "predicateLabel": {"xml:lang": "en", "type": "literal", "value": "instance of"}}, {"subjectLabel": {"xml:lang": "en", "type": "literal", "value": "Jan B\u00f6hm"}, "object": {"type": "uri", "value": "http://www.wikidata.org/entity/Q12173670"}, "objectLabel": {"xml:lang": "en", "type": "literal", "value": "Jan"}, "predicateLabel": {"xml:lang": "en", "type": "literal", "value": "given name"}}, {"subjectLabel": {"xml:lang": "en", "type": "literal", "value": "Jan B\u00f6hm"}, "object": {"type": "uri", "value": "http://www.wikidata.org/entity/Q1809737"}, "objectLabel": {"xml:lang": "en", "type": "literal", "value": "V\u011btrn\u00fd Jen\u00edkov"}, "predicateLabel": {"xml:lang": "en", "type": "literal", "value": "place of birth"}}, {"subjectLabel": {"xml:lang": "en", "type": "literal", "value": "Jan B\u00f6hm"}, "object": {"type": "uri", "value": "http://www.wikidata.org/entity/Q753219"}, "objectLabel": {"xml:lang": "en", "type": "literal", "value": "New Town, Prague"}, "predicateLabel": {"xml:lang": "en", "type": "literal", "value": "place of death"}}, {"subjectLabel": {"xml:lang": "en", "type": "literal", "value": "Jan B\u00f6hm"}, "object": {"type": "uri", "value": "http://www.wikidata.org/entity/Q6581097"}, "objectLabel": {"xml:lang": "en", "type": "literal", "value": "male"}, "predicateLabel": {"xml:lang": "en", "type": "literal", "value": "sex or gender"}}, {"subjectLabel": {"xml:lang": "en", "type": "literal", "value": "Jan B\u00f6hm"}, "object": {"type": "uri", "value": "http://www.wikidata.org/entity/Q21492775"}, "objectLabel": {"xml:lang": "en", "type": "literal", "value": "B\u00f6hm"}, "predicateLabel": {"xml:lang": "en", "type": "literal", "value": "family name"}}, {"subjectLabel": {"xml:lang": "en", "type": "literal", "value": "Jan B\u00f6hm"}, "object": {"type": "uri", "value": "http://www.wikidata.org/entity/Q99413897"}, "objectLabel": {"xml:lang": "en", "type": "literal", "value": "Medvik"}, "predicateLabel": {"xml:lang": "en", "type": "literal", "value": "described by source"}}, {"subjectLabel": {"xml:lang": "en", "type": "literal", "value": "Jan B\u00f6hm"}, "object": {"type": "uri", "value": "http://www.wikidata.org/entity/Q96888274"}, "objectLabel": {"xml:lang": "en", "type": "literal", "value": "Almanach \u010desk\u00fdch l\u00e9ka\u0159\u016f s podobiznami a 1000 \u017eivotopisy"}, "predicateLabel": {"xml:lang": "en", "type": "literal", "value": "described by source"}}], "Q17516547": [{"subjectLabel": {"xml:lang": "en", "type": "literal", "value": "Franti\u0161ek Petr"}, "object": {"type": "uri", "value": "http://www.wikidata.org/entity/Q5"}, "objectLabel": {"xml:lang": "en", "type": "literal", "value": "human"}, "predicateLabel": {"xml:lang": "en", "type": "literal", "value": "instance of"}}, {"subjectLabel": {"xml:lang": "en", "type": "literal", "value": "Franti\u0161ek Petr"}, "object": {"type": "uri", "value": "http://www.wikidata.org/entity/Q18805"}, "objectLabel": {"xml:lang": "en", "type": "literal", "value": "naturalist"}, "predicateLabel": {"xml:lang": "en", "type": "literal", "value": "occupation"}}, {"subjectLabel": {"xml:lang": "en", "type": "literal", "value": "Franti\u0161ek Petr"}, "object": {"type": "uri", "value": "http://www.wikidata.org/entity/Q33946"}, "objectLabel": {"xml:lang": "en", "type": "literal", "value": "Czechoslovakia"}, "predicateLabel": {"xml:lang": "en", "type": "literal", "value": "country of citizenship"}}, {"subjectLabel": {"xml:lang": "en", "type": "literal", "value": "Franti\u0161ek Petr"}, "object": {"type": "uri", "value": "http://www.wikidata.org/entity/Q12044791"}, "objectLabel": {"xml:lang": "en", "type": "literal", "value": "Petr"}, "predicateLabel": {"xml:lang": "en", "type": "literal", "value": "family name"}}, {"subjectLabel": {"xml:lang": "en", "type": "literal", "value": "Franti\u0161ek Petr"}, "object": {"type": "uri", "value": "http://www.wikidata.org/entity/Q954596"}, "objectLabel": {"xml:lang": "en", "type": "literal", "value": "Havl\u00ed\u010dk\u016fv Brod"}, "predicateLabel": {"xml:lang": "en", "type": "literal", "value": "place of birth"}}, {"subjectLabel": {"xml:lang": "en", "type": "literal", "value": "Franti\u0161ek Petr"}, "object": {"type": "uri", "value": "http://www.wikidata.org/entity/Q2648973"}, "objectLabel": {"xml:lang": "en", "type": "literal", "value": "Franti\u0161ek"}, "predicateLabel": {"xml:lang": "en", "type": "literal", "value": "given name"}}, {"subjectLabel": {"xml:lang": "en", "type": "literal", "value": "Franti\u0161ek Petr"}, "object": {"type": "uri", "value": "http://www.wikidata.org/entity/Q954596"}, "objectLabel": {"xml:lang": "en", "type": "literal", "value": "Havl\u00ed\u010dk\u016fv Brod"}, "predicateLabel": {"xml:lang": "en", "type": "literal", "value": "place of death"}}, {"subjectLabel": {"xml:lang": "en", "type": "literal", "value": "Franti\u0161ek Petr"}, "object": {"type": "uri", "value": "http://www.wikidata.org/entity/Q6581097"}, "objectLabel": {"xml:lang": "en", "type": "literal", "value": "male"}, "predicateLabel": {"xml:lang": "en", "type": "literal", "value": "sex or gender"}}], "Q17516565": [{"subjectLabel": {"xml:lang": "en", "type": "literal", "value": "Vladim\u00edr Nov\u00e1k"}, "object": {"type": "uri", "value": "http://www.wikidata.org/entity/Q5"}, "objectLabel": {"xml:lang": "en", "type": "literal", "value": "human"}, "predicateLabel": {"xml:lang": "en", "type": "literal", "value": "instance of"}}, {"subjectLabel": {"xml:lang": "en", "type": "literal", "value": "Vladim\u00edr Nov\u00e1k"}, "object": {"type": "uri", "value": "http://www.wikidata.org/entity/Q413"}, "objectLabel": {"xml:lang": "en", "type": "literal", "value": "physics"}, "predicateLabel": {"xml:lang": "en", "type": "literal", "value": "field of work"}}, {"subjectLabel": {"xml:lang": "en", "type": "literal", "value": "Vladim\u00edr Nov\u00e1k"}, "object": {"type": "uri", "value": "http://www.wikidata.org/entity/Q8434"}, "objectLabel": {"xml:lang": "en", "type": "literal", "value": "education"}, "predicateLabel": {"xml:lang": "en", "type": "literal", "value": "field of work"}}, {"subjectLabel": {"xml:lang": "en", "type": "literal", "value": "Vladim\u00edr Nov\u00e1k"}, "object": {"type": "uri", "value": "http://www.wikidata.org/entity/Q1085"}, "objectLabel": {"xml:lang": "en", "type": "literal", "value": "Prague"}, "predicateLabel": {"xml:lang": "en", "type": "literal", "value": "place of birth"}}, {"subjectLabel": {"xml:lang": "en", "type": "literal", "value": "Vladim\u00edr Nov\u00e1k"}, "object": {"type": "uri", "value": "http://www.wikidata.org/entity/Q11633"}, "objectLabel": {"xml:lang": "en", "type": "literal", "value": "photography"}, "predicateLabel": {"xml:lang": "en", "type": "literal", "value": "field of work"}}, {"subjectLabel": {"xml:lang": "en", "type": "literal", "value": "Vladim\u00edr Nov\u00e1k"}, "object": {"type": "uri", "value": "http://www.wikidata.org/entity/Q9056"}, "objectLabel": {"xml:lang": "en", "type": "literal", "value": "Czech"}, "predicateLabel": {"xml:lang": "en", "type": "literal", "value": "languages spoken, written or signed"}}, {"subjectLabel": {"xml:lang": "en", "type": "literal", "value": "Vladim\u00edr Nov\u00e1k"}, "object": {"type": "uri", "value": "http://www.wikidata.org/entity/Q33946"}, "objectLabel": {"xml:lang": "en", "type": "literal", "value": "Czechoslovakia"}, "predicateLabel": {"xml:lang": "en", "type": "literal", "value": "country of citizenship"}}, {"subjectLabel": {"xml:lang": "en", "type": "literal", "value": "Vladim\u00edr Nov\u00e1k"}, "object": {"type": "uri", "value": "http://www.wikidata.org/entity/Q14960"}, "objectLabel": {"xml:lang": "en", "type": "literal", "value": "Brno"}, "predicateLabel": {"xml:lang": "en", "type": "literal", "value": "place of death"}}, {"subjectLabel": {"xml:lang": "en", "type": "literal", "value": "Vladim\u00edr Nov\u00e1k"}, "object": {"type": "uri", "value": "http://www.wikidata.org/entity/Q14620"}, "objectLabel": {"xml:lang": "en", "type": "literal", "value": "optics"}, "predicateLabel": {"xml:lang": "en", "type": "literal", "value": "field of work"}}, {"subjectLabel": {"xml:lang": "en", "type": "literal", "value": "Vladim\u00edr Nov\u00e1k"}, "object": {"type": "uri", "value": "http://www.wikidata.org/entity/Q8487137"}, "objectLabel": {"xml:lang": "en", "type": "literal", "value": "WikiProject Mathematics"}, "predicateLabel": {"xml:lang": "en", "type": "literal", "value": "maintained by WikiProject"}}, {"subjectLabel": {"xml:lang": "en", "type": "literal", "value": "Vladim\u00edr Nov\u00e1k"}, "object": {"type": "uri", "value": "http://www.wikidata.org/entity/Q169470"}, "objectLabel": {"xml:lang": "en", "type": "literal", "value": "physicist"}, "predicateLabel": {"xml:lang": "en", "type": "literal", "value": "occupation"}}, {"subjectLabel": {"xml:lang": "en", "type": "literal", "value": "Vladim\u00edr Nov\u00e1k"}, "object": {"type": "uri", "value": "http://www.wikidata.org/entity/Q1622272"}, "objectLabel": {"xml:lang": "en", "type": "literal", "value": "university teacher"}, "predicateLabel": {"xml:lang": "en", "type": "literal", "value": "occupation"}}, {"subjectLabel": {"xml:lang": "en", "type": "literal", "value": "Vladim\u00edr Nov\u00e1k"}, "object": {"type": "uri", "value": "http://www.wikidata.org/entity/Q67311526"}, "objectLabel": {"xml:lang": "en", "type": "literal", "value": "Obalky knih.cz"}, "predicateLabel": {"xml:lang": "en", "type": "literal", "value": "described by source"}}, {"subjectLabel": {"xml:lang": "en", "type": "literal", "value": "Vladim\u00edr Nov\u00e1k"}, "object": {"type": "uri", "value": "http://www.wikidata.org/entity/Q99413897"}, "objectLabel": {"xml:lang": "en", "type": "literal", "value": "Medvik"}, "predicateLabel": {"xml:lang": "en", "type": "literal", "value": "described by source"}}, {"subjectLabel": {"xml:lang": "en", "type": "literal", "value": "Vladim\u00edr Nov\u00e1k"}, "object": {"type": "uri", "value": "http://www.wikidata.org/entity/Q11088399"}, "objectLabel": {"xml:lang": "en", "type": "literal", "value": "Brno Central Cemetery"}, "predicateLabel": {"xml:lang": "en", "type": "literal", "value": "place of burial"}}, {"subjectLabel": {"xml:lang": "en", "type": "literal", "value": "Vladim\u00edr Nov\u00e1k"}, "object": {"type": "uri", "value": "http://www.wikidata.org/entity/Q2041543"}, "objectLabel": {"xml:lang": "en", "type": "literal", "value": "Ott\u016fv slovn\u00edk nau\u010dn\u00fd"}, "predicateLabel": {"xml:lang": "en", "type": "literal", "value": "described by source"}}, {"subjectLabel": {"xml:lang": "en", "type": "literal", "value": "Vladim\u00edr Nov\u00e1k"}, "object": {"type": "uri", "value": "http://www.wikidata.org/entity/Q16516593"}, "objectLabel": {"xml:lang": "en", "type": "literal", "value": "Nov\u00e1k"}, "predicateLabel": {"xml:lang": "en", "type": "literal", "value": "family name"}}, {"subjectLabel": {"xml:lang": "en", "type": "literal", "value": "Vladim\u00edr Nov\u00e1k"}, "object": {"type": "uri", "value": "http://www.wikidata.org/entity/Q18535317"}, "objectLabel": {"xml:lang": "en", "type": "literal", "value": "Vladim\u00edr"}, "predicateLabel": {"xml:lang": "en", "type": "literal", "value": "given name"}}, {"subjectLabel": {"xml:lang": "en", "type": "literal", "value": "Vladim\u00edr Nov\u00e1k"}, "object": {"type": "uri", "value": "http://www.wikidata.org/entity/Q6581097"}, "objectLabel": {"xml:lang": "en", "type": "literal", "value": "male"}, "predicateLabel": {"xml:lang": "en", "type": "literal", "value": "sex or gender"}}, {"subjectLabel": {"xml:lang": "en", "type": "literal", "value": "Vladim\u00edr Nov\u00e1k"}, "object": {"type": "uri", "value": "http://www.wikidata.org/entity/Q3563550"}, "objectLabel": {"xml:lang": "en", "type": "literal", "value": "Faculty of Arts, Charles University in Prague"}, "predicateLabel": {"xml:lang": "en", "type": "literal", "value": "educated at"}}], "Q17516563": [{"subjectLabel": {"xml:lang": "en", "type": "literal", "value": "Josef P\u0161eni\u010dka"}, "object": {"type": "uri", "value": "http://www.wikidata.org/entity/Q5"}, "objectLabel": {"xml:lang": "en", "type": "literal", "value": "human"}, "predicateLabel": {"xml:lang": "en", "type": "literal", "value": "instance of"}}, {"subjectLabel": {"xml:lang": "en", "type": "literal", "value": "Josef P\u0161eni\u010dka"}, "object": {"type": "uri", "value": "http://www.wikidata.org/entity/Q170790"}, "objectLabel": {"xml:lang": "en", "type": "literal", "value": "mathematician"}, "predicateLabel": {"xml:lang": "en", "type": "literal", "value": "occupation"}}, {"subjectLabel": {"xml:lang": "en", "type": "literal", "value": "Josef P\u0161eni\u010dka"}, "object": {"type": "uri", "value": "http://www.wikidata.org/entity/Q6581097"}, "objectLabel": {"xml:lang": "en", "type": "literal", "value": "male"}, "predicateLabel": {"xml:lang": "en", "type": "literal", "value": "sex or gender"}}, {"subjectLabel": {"xml:lang": "en", "type": "literal", "value": "Josef P\u0161eni\u010dka"}, "object": {"type": "uri", "value": "http://www.wikidata.org/entity/Q1282083"}, "objectLabel": {"xml:lang": "en", "type": "literal", "value": "Lhotka u Radnic"}, "predicateLabel": {"xml:lang": "en", "type": "literal", "value": "place of birth"}}, {"subjectLabel": {"xml:lang": "en", "type": "literal", "value": "Josef P\u0161eni\u010dka"}, "object": {"type": "uri", "value": "http://www.wikidata.org/entity/Q753219"}, "objectLabel": {"xml:lang": "en", "type": "literal", "value": "New Town, Prague"}, "predicateLabel": {"xml:lang": "en", "type": "literal", "value": "place of death"}}, {"subjectLabel": {"xml:lang": "en", "type": "literal", "value": "Josef P\u0161eni\u010dka"}, "object": {"type": "uri", "value": "http://www.wikidata.org/entity/Q15730712"}, "objectLabel": {"xml:lang": "en", "type": "literal", "value": "Josef"}, "predicateLabel": {"xml:lang": "en", "type": "literal", "value": "given name"}}], "Q17516548": [{"subjectLabel": {"xml:lang": "en", "type": "literal", "value": "Alexander Josef Bernard"}, "object": {"type": "uri", "value": "http://www.wikidata.org/entity/Q5"}, "objectLabel": {"xml:lang": "en", "type": "literal", "value": "human"}, "predicateLabel": {"xml:lang": "en", "type": "literal", "value": "instance of"}}, {"subjectLabel": {"xml:lang": "en", "type": "literal", "value": "Alexander Josef Bernard"}, "object": {"type": "uri", "value": "http://www.wikidata.org/entity/Q923"}, "objectLabel": {"xml:lang": "en", "type": "literal", "value": "Alexander"}, "predicateLabel": {"xml:lang": "en", "type": "literal", "value": "given name"}}, {"subjectLabel": {"xml:lang": "en", "type": "literal", "value": "Alexander Josef Bernard"}, "object": {"type": "uri", "value": "http://www.wikidata.org/entity/Q18805"}, "objectLabel": {"xml:lang": "en", "type": "literal", "value": "naturalist"}, "predicateLabel": {"xml:lang": "en", "type": "literal", "value": "occupation"}}, {"subjectLabel": {"xml:lang": "en", "type": "literal", "value": "Alexander Josef Bernard"}, "object": {"type": "uri", "value": "http://www.wikidata.org/entity/Q193721"}, "objectLabel": {"xml:lang": "en", "type": "literal", "value": "T\u00e1bor"}, "predicateLabel": {"xml:lang": "en", "type": "literal", "value": "place of death"}}, {"subjectLabel": {"xml:lang": "en", "type": "literal", "value": "Alexander Josef Bernard"}, "object": {"type": "uri", "value": "http://www.wikidata.org/entity/Q333634"}, "objectLabel": {"xml:lang": "en", "type": "literal", "value": "translator"}, "predicateLabel": {"xml:lang": "en", "type": "literal", "value": "occupation"}}, {"subjectLabel": {"xml:lang": "en", "type": "literal", "value": "Alexander Josef Bernard"}, "object": {"type": "uri", "value": "http://www.wikidata.org/entity/Q37226"}, "objectLabel": {"xml:lang": "en", "type": "literal", "value": "teacher"}, "predicateLabel": {"xml:lang": "en", "type": "literal", "value": "occupation"}}, {"subjectLabel": {"xml:lang": "en", "type": "literal", "value": "Alexander Josef Bernard"}, "object": {"type": "uri", "value": "http://www.wikidata.org/entity/Q11134722"}, "objectLabel": {"xml:lang": "en", "type": "literal", "value": "Bernard"}, "predicateLabel": {"xml:lang": "en", "type": "literal", "value": "family name"}}, {"subjectLabel": {"xml:lang": "en", "type": "literal", "value": "Alexander Josef Bernard"}, "object": {"type": "uri", "value": "http://www.wikidata.org/entity/Q99413897"}, "objectLabel": {"xml:lang": "en", "type": "literal", "value": "Medvik"}, "predicateLabel": {"xml:lang": "en", "type": "literal", "value": "described by source"}}, {"subjectLabel": {"xml:lang": "en", "type": "literal", "value": "Alexander Josef Bernard"}, "object": {"type": "uri", "value": "http://www.wikidata.org/entity/Q18882251"}, "objectLabel": {"xml:lang": "en", "type": "literal", "value": "Category:Alexander Josef Bernard"}, "predicateLabel": {"xml:lang": "en", "type": "literal", "value": "topic's main category"}}, {"subjectLabel": {"xml:lang": "en", "type": "literal", "value": "Alexander Josef Bernard"}, "object": {"type": "uri", "value": "http://www.wikidata.org/entity/Q1756917"}, "objectLabel": {"xml:lang": "en", "type": "literal", "value": "Sobotka"}, "predicateLabel": {"xml:lang": "en", "type": "literal", "value": "place of birth"}}, {"subjectLabel": {"xml:lang": "en", "type": "literal", "value": "Alexander Josef Bernard"}, "object": {"type": "uri", "value": "http://www.wikidata.org/entity/Q6581097"}, "objectLabel": {"xml:lang": "en", "type": "literal", "value": "male"}, "predicateLabel": {"xml:lang": "en", "type": "literal", "value": "sex or gender"}}, {"subjectLabel": {"xml:lang": "en", "type": "literal", "value": "Alexander Josef Bernard"}, "object": {"type": "uri", "value": "http://www.wikidata.org/entity/Q67311526"}, "objectLabel": {"xml:lang": "en", "type": "literal", "value": "Obalky knih.cz"}, "predicateLabel": {"xml:lang": "en", "type": "literal", "value": "described by source"}}], "Q17516576": [{"subjectLabel": {"xml:lang": "en", "type": "literal", "value": "Josef Zenker"}, "object": {"type": "uri", "value": "http://www.wikidata.org/entity/Q5"}, "objectLabel": {"xml:lang": "en", "type": "literal", "value": "human"}, "predicateLabel": {"xml:lang": "en", "type": "literal", "value": "instance of"}}, {"subjectLabel": {"xml:lang": "en", "type": "literal", "value": "Josef Zenker"}, "object": {"type": "uri", "value": "http://www.wikidata.org/entity/Q158245"}, "objectLabel": {"xml:lang": "en", "type": "literal", "value": "P\u00edsek"}, "predicateLabel": {"xml:lang": "en", "type": "literal", "value": "place of death"}}, {"subjectLabel": {"xml:lang": "en", "type": "literal", "value": "Josef Zenker"}, "object": {"type": "uri", "value": "http://www.wikidata.org/entity/Q1020874"}, "objectLabel": {"xml:lang": "en", "type": "literal", "value": "P\u0159e\u0161tice"}, "predicateLabel": {"xml:lang": "en", "type": "literal", "value": "place of birth"}}, {"subjectLabel": {"xml:lang": "en", "type": "literal", "value": "Josef Zenker"}, "object": {"type": "uri", "value": "http://www.wikidata.org/entity/Q6581097"}, "objectLabel": {"xml:lang": "en", "type": "literal", "value": "male"}, "predicateLabel": {"xml:lang": "en", "type": "literal", "value": "sex or gender"}}, {"subjectLabel": {"xml:lang": "en", "type": "literal", "value": "Josef Zenker"}, "object": {"type": "uri", "value": "http://www.wikidata.org/entity/Q15730712"}, "objectLabel": {"xml:lang": "en", "type": "literal", "value": "Josef"}, "predicateLabel": {"xml:lang": "en", "type": "literal", "value": "given name"}}, {"subjectLabel": {"xml:lang": "en", "type": "literal", "value": "Josef Zenker"}, "object": {"type": "uri", "value": "http://www.wikidata.org/entity/Q37575710"}, "objectLabel": {"xml:lang": "en", "type": "literal", "value": "Zenker"}, "predicateLabel": {"xml:lang": "en", "type": "literal", "value": "family name"}}, {"subjectLabel": {"xml:lang": "en", "type": "literal", "value": "Josef Zenker"}, "object": {"type": "uri", "value": "http://www.wikidata.org/entity/Q1895303"}, "objectLabel": {"xml:lang": "en", "type": "literal", "value": "forester"}, "predicateLabel": {"xml:lang": "en", "type": "literal", "value": "occupation"}}]}