{"Q1722480": [{"subjectLabel": {"xml:lang": "en", "type": "literal", "value": "Kalliope"}, "object": {"type": "uri", "value": "http://www.wikidata.org/entity/Q64"}, "objectLabel": {"xml:lang": "en", "type": "literal", "value": "Berlin"}, "predicateLabel": {"xml:lang": "en", "type": "literal", "value": "headquarters location"}}, {"subjectLabel": {"xml:lang": "en", "type": "literal", "value": "Kalliope"}, "object": {"type": "uri", "value": "http://www.wikidata.org/entity/Q183"}, "objectLabel": {"xml:lang": "en", "type": "literal", "value": "Germany"}, "predicateLabel": {"xml:lang": "en", "type": "literal", "value": "country"}}, {"subjectLabel": {"xml:lang": "en", "type": "literal", "value": "Kalliope"}, "object": {"type": "uri", "value": "http://www.wikidata.org/entity/Q43229"}, "objectLabel": {"xml:lang": "en", "type": "literal", "value": "organization"}, "predicateLabel": {"xml:lang": "en", "type": "literal", "value": "instance of"}}, {"subjectLabel": {"xml:lang": "en", "type": "literal", "value": "Kalliope"}, "object": {"type": "uri", "value": "http://www.wikidata.org/entity/Q526334"}, "objectLabel": {"xml:lang": "en", "type": "literal", "value": "union catalog"}, "predicateLabel": {"xml:lang": "en", "type": "literal", "value": "instance of"}}, {"subjectLabel": {"xml:lang": "en", "type": "literal", "value": "Kalliope"}, "object": {"type": "uri", "value": "http://www.wikidata.org/entity/P9964"}, "objectLabel": {"xml:lang": "en", "type": "literal", "value": "Kalliope-Verbund (GND) ID"}, "predicateLabel": {"xml:lang": "en", "type": "literal", "value": "Wikidata property"}}, {"subjectLabel": {"xml:lang": "en", "type": "literal", "value": "Kalliope"}, "object": {"type": "uri", "value": "http://www.wikidata.org/entity/Q73357989"}, "objectLabel": {"xml:lang": "en", "type": "literal", "value": "Survey of GLAM open access policy and practice"}, "predicateLabel": {"xml:lang": "en", "type": "literal", "value": "described by source"}}], "Q1704033": [{"subjectLabel": {"xml:lang": "en", "type": "literal", "value": "Oskar Sommer"}, "object": {"type": "uri", "value": "http://www.wikidata.org/entity/Q5"}, "objectLabel": {"xml:lang": "en", "type": "literal", "value": "human"}, "predicateLabel": {"xml:lang": "en", "type": "literal", "value": "instance of"}}, {"subjectLabel": {"xml:lang": "en", "type": "literal", "value": "Oskar Sommer"}, "object": {"type": "uri", "value": "http://www.wikidata.org/entity/Q183"}, "objectLabel": {"xml:lang": "en", "type": "literal", "value": "Germany"}, "predicateLabel": {"xml:lang": "en", "type": "literal", "value": "country of citizenship"}}, {"subjectLabel": {"xml:lang": "en", "type": "literal", "value": "Oskar Sommer"}, "object": {"type": "uri", "value": "http://www.wikidata.org/entity/Q188"}, "objectLabel": {"xml:lang": "en", "type": "literal", "value": "German"}, "predicateLabel": {"xml:lang": "en", "type": "literal", "value": "languages spoken, written or signed"}}, {"subjectLabel": {"xml:lang": "en", "type": "literal", "value": "Oskar Sommer"}, "object": {"type": "uri", "value": "http://www.wikidata.org/entity/Q1794"}, "objectLabel": {"xml:lang": "en", "type": "literal", "value": "Frankfurt"}, "predicateLabel": {"xml:lang": "en", "type": "literal", "value": "place of death"}}, {"subjectLabel": {"xml:lang": "en", "type": "literal", "value": "Oskar Sommer"}, "object": {"type": "uri", "value": "http://www.wikidata.org/entity/Q4122"}, "objectLabel": {"xml:lang": "en", "type": "literal", "value": "Wolfenb\u00fcttel"}, "predicateLabel": {"xml:lang": "en", "type": "literal", "value": "place of birth"}}, {"subjectLabel": {"xml:lang": "en", "type": "literal", "value": "Oskar Sommer"}, "object": {"type": "uri", "value": "http://www.wikidata.org/entity/Q42973"}, "objectLabel": {"xml:lang": "en", "type": "literal", "value": "architect"}, "predicateLabel": {"xml:lang": "en", "type": "literal", "value": "occupation"}}, {"subjectLabel": {"xml:lang": "en", "type": "literal", "value": "Oskar Sommer"}, "object": {"type": "uri", "value": "http://www.wikidata.org/entity/Q1622272"}, "objectLabel": {"xml:lang": "en", "type": "literal", "value": "university teacher"}, "predicateLabel": {"xml:lang": "en", "type": "literal", "value": "occupation"}}, {"subjectLabel": {"xml:lang": "en", "type": "literal", "value": "Oskar Sommer"}, "object": {"type": "uri", "value": "http://www.wikidata.org/entity/Q4428696"}, "objectLabel": {"xml:lang": "en", "type": "literal", "value": "Sommer"}, "predicateLabel": {"xml:lang": "en", "type": "literal", "value": "family name"}}, {"subjectLabel": {"xml:lang": "en", "type": "literal", "value": "Oskar Sommer"}, "object": {"type": "uri", "value": "http://www.wikidata.org/entity/Q875722"}, "objectLabel": {"xml:lang": "en", "type": "literal", "value": "St\u00e4delschule"}, "predicateLabel": {"xml:lang": "en", "type": "literal", "value": "employer"}}, {"subjectLabel": {"xml:lang": "en", "type": "literal", "value": "Oskar Sommer"}, "object": {"type": "uri", "value": "http://www.wikidata.org/entity/Q6581097"}, "objectLabel": {"xml:lang": "en", "type": "literal", "value": "male"}, "predicateLabel": {"xml:lang": "en", "type": "literal", "value": "sex or gender"}}, {"subjectLabel": {"xml:lang": "en", "type": "literal", "value": "Oskar Sommer"}, "object": {"type": "uri", "value": "http://www.wikidata.org/entity/Q18145769"}, "objectLabel": {"xml:lang": "en", "type": "literal", "value": "Oskar"}, "predicateLabel": {"xml:lang": "en", "type": "literal", "value": "given name"}}], "Q2086661": [{"subjectLabel": {"xml:lang": "en", "type": "literal", "value": "Philipp Demandt"}, "object": {"type": "uri", "value": "http://www.wikidata.org/entity/Q5"}, "objectLabel": {"xml:lang": "en", "type": "literal", "value": "human"}, "predicateLabel": {"xml:lang": "en", "type": "literal", "value": "instance of"}}, {"subjectLabel": {"xml:lang": "en", "type": "literal", "value": "Philipp Demandt"}, "object": {"type": "uri", "value": "http://www.wikidata.org/entity/Q183"}, "objectLabel": {"xml:lang": "en", "type": "literal", "value": "Germany"}, "predicateLabel": {"xml:lang": "en", "type": "literal", "value": "country of citizenship"}}, {"subjectLabel": {"xml:lang": "en", "type": "literal", "value": "Philipp Demandt"}, "object": {"type": "uri", "value": "http://www.wikidata.org/entity/Q188"}, "objectLabel": {"xml:lang": "en", "type": "literal", "value": "German"}, "predicateLabel": {"xml:lang": "en", "type": "literal", "value": "languages spoken, written or signed"}}, {"subjectLabel": {"xml:lang": "en", "type": "literal", "value": "Philipp Demandt"}, "object": {"type": "uri", "value": "http://www.wikidata.org/entity/Q3834"}, "objectLabel": {"xml:lang": "en", "type": "literal", "value": "Constance"}, "predicateLabel": {"xml:lang": "en", "type": "literal", "value": "place of birth"}}, {"subjectLabel": {"xml:lang": "en", "type": "literal", "value": "Philipp Demandt"}, "object": {"type": "uri", "value": "http://www.wikidata.org/entity/Q66267"}, "objectLabel": {"xml:lang": "en", "type": "literal", "value": "Alexander Demandt"}, "predicateLabel": {"xml:lang": "en", "type": "literal", "value": "father"}}, {"subjectLabel": {"xml:lang": "en", "type": "literal", "value": "Philipp Demandt"}, "object": {"type": "uri", "value": "http://www.wikidata.org/entity/Q6581097"}, "objectLabel": {"xml:lang": "en", "type": "literal", "value": "male"}, "predicateLabel": {"xml:lang": "en", "type": "literal", "value": "sex or gender"}}, {"subjectLabel": {"xml:lang": "en", "type": "literal", "value": "Philipp Demandt"}, "object": {"type": "uri", "value": "http://www.wikidata.org/entity/Q1792450"}, "objectLabel": {"xml:lang": "en", "type": "literal", "value": "art historian"}, "predicateLabel": {"xml:lang": "en", "type": "literal", "value": "occupation"}}, {"subjectLabel": {"xml:lang": "en", "type": "literal", "value": "Philipp Demandt"}, "object": {"type": "uri", "value": "http://www.wikidata.org/entity/Q163804"}, "objectLabel": {"xml:lang": "en", "type": "literal", "value": "St\u00e4del Museum"}, "predicateLabel": {"xml:lang": "en", "type": "literal", "value": "employer"}}, {"subjectLabel": {"xml:lang": "en", "type": "literal", "value": "Philipp Demandt"}, "object": {"type": "uri", "value": "http://www.wikidata.org/entity/Q18145728"}, "objectLabel": {"xml:lang": "en", "type": "literal", "value": "Philipp"}, "predicateLabel": {"xml:lang": "en", "type": "literal", "value": "given name"}}, {"subjectLabel": {"xml:lang": "en", "type": "literal", "value": "Philipp Demandt"}, "object": {"type": "uri", "value": "http://www.wikidata.org/entity/Q62512663"}, "objectLabel": {"xml:lang": "en", "type": "literal", "value": "Demandt"}, "predicateLabel": {"xml:lang": "en", "type": "literal", "value": "family name"}}, {"subjectLabel": {"xml:lang": "en", "type": "literal", "value": "Philipp Demandt"}, "object": {"type": "uri", "value": "http://www.wikidata.org/entity/Q22132694"}, "objectLabel": {"xml:lang": "en", "type": "literal", "value": "museum director"}, "predicateLabel": {"xml:lang": "en", "type": "literal", "value": "position held"}}], "Q28739368": [{"subjectLabel": {"xml:lang": "en", "type": "literal", "value": "St\u00e4del Museum, Graphische Sammlung, Bibliothek"}, "object": {"type": "uri", "value": "http://www.wikidata.org/entity/Q183"}, "objectLabel": {"xml:lang": "en", "type": "literal", "value": "Germany"}, "predicateLabel": {"xml:lang": "en", "type": "literal", "value": "country"}}, {"subjectLabel": {"xml:lang": "en", "type": "literal", "value": "St\u00e4del Museum, Graphische Sammlung, Bibliothek"}, "object": {"type": "uri", "value": "http://www.wikidata.org/entity/Q1794"}, "objectLabel": {"xml:lang": "en", "type": "literal", "value": "Frankfurt"}, "predicateLabel": {"xml:lang": "en", "type": "literal", "value": "located in the administrative territorial entity"}}, {"subjectLabel": {"xml:lang": "en", "type": "literal", "value": "St\u00e4del Museum, Graphische Sammlung, Bibliothek"}, "object": {"type": "uri", "value": "http://www.wikidata.org/entity/Q13866185"}, "objectLabel": {"xml:lang": "en", "type": "literal", "value": "museum library"}, "predicateLabel": {"xml:lang": "en", "type": "literal", "value": "instance of"}}, {"subjectLabel": {"xml:lang": "en", "type": "literal", "value": "St\u00e4del Museum, Graphische Sammlung, Bibliothek"}, "object": {"type": "uri", "value": "http://www.wikidata.org/entity/Q163804"}, "objectLabel": {"xml:lang": "en", "type": "literal", "value": "St\u00e4del Museum"}, "predicateLabel": {"xml:lang": "en", "type": "literal", "value": "part of"}}, {"subjectLabel": {"xml:lang": "en", "type": "literal", "value": "St\u00e4del Museum, Graphische Sammlung, Bibliothek"}, "object": {"type": "uri", "value": "http://www.wikidata.org/entity/Q21008402"}, "objectLabel": {"xml:lang": "en", "type": "literal", "value": "Hessische BibliotheksInformationsSystem"}, "predicateLabel": {"xml:lang": "en", "type": "literal", "value": "member of"}}], "Q18026219": [{"subjectLabel": {"xml:lang": "en", "type": "literal", "value": "Museum of the year"}, "object": {"type": "uri", "value": "http://www.wikidata.org/entity/Q183"}, "objectLabel": {"xml:lang": "en", "type": "literal", "value": "Germany"}, "predicateLabel": {"xml:lang": "en", "type": "literal", "value": "country"}}, {"subjectLabel": {"xml:lang": "en", "type": "literal", "value": "Museum of the year"}, "object": {"type": "uri", "value": "http://www.wikidata.org/entity/Q618779"}, "objectLabel": {"xml:lang": "en", "type": "literal", "value": "award"}, "predicateLabel": {"xml:lang": "en", "type": "literal", "value": "instance of"}}], "Q2269182": [{"subjectLabel": {"xml:lang": "en", "type": "literal", "value": "Sculpture park of the St\u00e4del Museum"}, "object": {"type": "uri", "value": "http://www.wikidata.org/entity/Q183"}, "objectLabel": {"xml:lang": "en", "type": "literal", "value": "Germany"}, "predicateLabel": {"xml:lang": "en", "type": "literal", "value": "country"}}, {"subjectLabel": {"xml:lang": "en", "type": "literal", "value": "Sculpture park of the St\u00e4del Museum"}, "object": {"type": "uri", "value": "http://www.wikidata.org/entity/Q1794"}, "objectLabel": {"xml:lang": "en", "type": "literal", "value": "Frankfurt"}, "predicateLabel": {"xml:lang": "en", "type": "literal", "value": "located in the administrative territorial entity"}}, {"subjectLabel": {"xml:lang": "en", "type": "literal", "value": "Sculpture park of the St\u00e4del Museum"}, "object": {"type": "uri", "value": "http://www.wikidata.org/entity/Q1759852"}, "objectLabel": {"xml:lang": "en", "type": "literal", "value": "sculpture garden"}, "predicateLabel": {"xml:lang": "en", "type": "literal", "value": "instance of"}}, {"subjectLabel": {"xml:lang": "en", "type": "literal", "value": "Sculpture park of the St\u00e4del Museum"}, "object": {"type": "uri", "value": "http://www.wikidata.org/entity/Q163804"}, "objectLabel": {"xml:lang": "en", "type": "literal", "value": "St\u00e4del Museum"}, "predicateLabel": {"xml:lang": "en", "type": "literal", "value": "part of"}}], "Q28738309": [{"subjectLabel": {"xml:lang": "en", "type": "literal", "value": "St\u00e4del Museum, Bibliothek"}, "object": {"type": "uri", "value": "http://www.wikidata.org/entity/Q183"}, "objectLabel": {"xml:lang": "en", "type": "literal", "value": "Germany"}, "predicateLabel": {"xml:lang": "en", "type": "literal", "value": "country"}}, {"subjectLabel": {"xml:lang": "en", "type": "literal", "value": "St\u00e4del Museum, Bibliothek"}, "object": {"type": "uri", "value": "http://www.wikidata.org/entity/Q13866185"}, "objectLabel": {"xml:lang": "en", "type": "literal", "value": "museum library"}, "predicateLabel": {"xml:lang": "en", "type": "literal", "value": "instance of"}}, {"subjectLabel": {"xml:lang": "en", "type": "literal", "value": "St\u00e4del Museum, Bibliothek"}, "object": {"type": "uri", "value": "http://www.wikidata.org/entity/Q1794"}, "objectLabel": {"xml:lang": "en", "type": "literal", "value": "Frankfurt"}, "predicateLabel": {"xml:lang": "en", "type": "literal", "value": "located in the administrative territorial entity"}}, {"subjectLabel": {"xml:lang": "en", "type": "literal", "value": "St\u00e4del Museum, Bibliothek"}, "object": {"type": "uri", "value": "http://www.wikidata.org/entity/Q109963"}, "objectLabel": {"xml:lang": "en", "type": "literal", "value": "Johann Friedrich St\u00e4del"}, "predicateLabel": {"xml:lang": "en", "type": "literal", "value": "founded by"}}, {"subjectLabel": {"xml:lang": "en", "type": "literal", "value": "St\u00e4del Museum, Bibliothek"}, "object": {"type": "uri", "value": "http://www.wikidata.org/entity/Q163804"}, "objectLabel": {"xml:lang": "en", "type": "literal", "value": "St\u00e4del Museum"}, "predicateLabel": {"xml:lang": "en", "type": "literal", "value": "part of"}}, {"subjectLabel": {"xml:lang": "en", "type": "literal", "value": "St\u00e4del Museum, Bibliothek"}, "object": {"type": "uri", "value": "http://www.wikidata.org/entity/Q21008402"}, "objectLabel": {"xml:lang": "en", "type": "literal", "value": "Hessische BibliotheksInformationsSystem"}, "predicateLabel": {"xml:lang": "en", "type": "literal", "value": "member of"}}], "Q9133050": [{"subjectLabel": {"xml:lang": "en", "type": "literal", "value": "Category:St\u00e4del"}, "object": {"type": "uri", "value": "http://www.wikidata.org/entity/Q163804"}, "objectLabel": {"xml:lang": "en", "type": "literal", "value": "St\u00e4del Museum"}, "predicateLabel": {"xml:lang": "en", "type": "literal", "value": "category's main topic"}}, {"subjectLabel": {"xml:lang": "en", "type": "literal", "value": "Category:St\u00e4del"}, "object": {"type": "uri", "value": "http://www.wikidata.org/entity/Q4167836"}, "objectLabel": {"xml:lang": "en", "type": "literal", "value": "Wikimedia category"}, "predicateLabel": {"xml:lang": "en", "type": "literal", "value": "instance of"}}], "Q11691318": [{"subjectLabel": {"xml:lang": "en", "type": "literal", "value": "cultural heritage monument in Germany"}, "object": {"type": "uri", "value": "http://www.wikidata.org/entity/Q183"}, "objectLabel": {"xml:lang": "en", "type": "literal", "value": "Germany"}, "predicateLabel": {"xml:lang": "en", "type": "literal", "value": "country"}}, {"subjectLabel": {"xml:lang": "en", "type": "literal", "value": "cultural heritage monument in Germany"}, "object": {"type": "uri", "value": "http://www.wikidata.org/entity/Q96212226"}, "objectLabel": {"xml:lang": "en", "type": "literal", "value": "heritage site in Germany"}, "predicateLabel": {"xml:lang": "en", "type": "literal", "value": "subclass of"}}, {"subjectLabel": {"xml:lang": "en", "type": "literal", "value": "cultural heritage monument in Germany"}, "object": {"type": "uri", "value": "http://www.wikidata.org/entity/Q45580643"}, "objectLabel": {"xml:lang": "en", "type": "literal", "value": "national heritage site"}, "predicateLabel": {"xml:lang": "en", "type": "literal", "value": "subclass of"}}, {"subjectLabel": {"xml:lang": "en", "type": "literal", "value": "cultural heritage monument in Germany"}, "object": {"type": "uri", "value": "http://www.wikidata.org/entity/Q811165"}, "objectLabel": {"xml:lang": "en", "type": "literal", "value": "architectural heritage monument"}, "predicateLabel": {"xml:lang": "en", "type": "literal", "value": "subclass of"}}, {"subjectLabel": {"xml:lang": "en", "type": "literal", "value": "cultural heritage monument in Germany"}, "object": {"type": "uri", "value": "http://www.wikidata.org/entity/Q8508991"}, "objectLabel": {"xml:lang": "en", "type": "literal", "value": "Category:Heritage sites in Germany"}, "predicateLabel": {"xml:lang": "en", "type": "literal", "value": "topic's main category"}}], "Q151": [{"subjectLabel": {"xml:lang": "en", "type": "literal", "value": "Wiktionary"}, "object": {"type": "uri", "value": "http://www.wikidata.org/entity/Q180"}, "objectLabel": {"xml:lang": "en", "type": "literal", "value": "Wikimedia Foundation"}, "predicateLabel": {"xml:lang": "en", "type": "literal", "value": "founded by"}}, {"subjectLabel": {"xml:lang": "en", "type": "literal", "value": "Wiktionary"}, "object": {"type": "uri", "value": "http://www.wikidata.org/entity/Q30"}, "objectLabel": {"xml:lang": "en", "type": "literal", "value": "United States of America"}, "predicateLabel": {"xml:lang": "en", "type": "literal", "value": "country of origin"}}, {"subjectLabel": {"xml:lang": "en", "type": "literal", "value": "Wiktionary"}, "object": {"type": "uri", "value": "http://www.wikidata.org/entity/Q180"}, "objectLabel": {"xml:lang": "en", "type": "literal", "value": "Wikimedia Foundation"}, "predicateLabel": {"xml:lang": "en", "type": "literal", "value": "owned by"}}, {"subjectLabel": {"xml:lang": "en", "type": "literal", "value": "Wiktionary"}, "object": {"type": "uri", "value": "http://www.wikidata.org/entity/Q180"}, "objectLabel": {"xml:lang": "en", "type": "literal", "value": "Wikimedia Foundation"}, "predicateLabel": {"xml:lang": "en", "type": "literal", "value": "operator"}}, {"subjectLabel": {"xml:lang": "en", "type": "literal", "value": "Wiktionary"}, "object": {"type": "uri", "value": "http://www.wikidata.org/entity/Q79576"}, "objectLabel": {"xml:lang": "en", "type": "literal", "value": "Google Play"}, "predicateLabel": {"xml:lang": "en", "type": "literal", "value": "distributed by"}}, {"subjectLabel": {"xml:lang": "en", "type": "literal", "value": "Wiktionary"}, "object": {"type": "uri", "value": "http://www.wikidata.org/entity/Q378914"}, "objectLabel": {"xml:lang": "en", "type": "literal", "value": "orthographic dictionary"}, "predicateLabel": {"xml:lang": "en", "type": "literal", "value": "product or material produced or service provided"}}, {"subjectLabel": {"xml:lang": "en", "type": "literal", "value": "Wiktionary"}, "object": {"type": "uri", "value": "http://www.wikidata.org/entity/Q179797"}, "objectLabel": {"xml:lang": "en", "type": "literal", "value": "thesaurus"}, "predicateLabel": {"xml:lang": "en", "type": "literal", "value": "product or material produced or service provided"}}, {"subjectLabel": {"xml:lang": "en", "type": "literal", "value": "Wiktionary"}, "object": {"type": "uri", "value": "http://www.wikidata.org/entity/Q8652"}, "objectLabel": {"xml:lang": "en", "type": "literal", "value": "Miami"}, "predicateLabel": {"xml:lang": "en", "type": "literal", "value": "location"}}, {"subjectLabel": {"xml:lang": "en", "type": "literal", "value": "Wiktionary"}, "object": {"type": "uri", "value": "http://www.wikidata.org/entity/Q31441527"}, "objectLabel": {"xml:lang": "en", "type": "literal", "value": "Tagalog Wiktionary"}, "predicateLabel": {"xml:lang": "en", "type": "literal", "value": "has part(s)"}}, {"subjectLabel": {"xml:lang": "en", "type": "literal", "value": "Wiktionary"}, "object": {"type": "uri", "value": "http://www.wikidata.org/entity/Q22001379"}, "objectLabel": {"xml:lang": "en", "type": "literal", "value": "Armenian Wiktionary"}, "predicateLabel": {"xml:lang": "en", "type": "literal", "value": "has part(s)"}}, {"subjectLabel": {"xml:lang": "en", "type": "literal", "value": "Wiktionary"}, "object": {"type": "uri", "value": "http://www.wikidata.org/entity/Q22001375"}, "objectLabel": {"xml:lang": "en", "type": "literal", "value": "English Wiktionary"}, "predicateLabel": {"xml:lang": "en", "type": "literal", "value": "has part(s)"}}, {"subjectLabel": {"xml:lang": "en", "type": "literal", "value": "Wiktionary"}, "object": {"type": "uri", "value": "http://www.wikidata.org/entity/Q22001378"}, "objectLabel": {"xml:lang": "en", "type": "literal", "value": "Esperanto Wiktionary"}, "predicateLabel": {"xml:lang": "en", "type": "literal", "value": "has part(s)"}}, {"subjectLabel": {"xml:lang": "en", "type": "literal", "value": "Wiktionary"}, "object": {"type": "uri", "value": "http://www.wikidata.org/entity/Q22001376"}, "objectLabel": {"xml:lang": "en", "type": "literal", "value": "Simple English Wiktionary"}, "predicateLabel": {"xml:lang": "en", "type": "literal", "value": "has part(s)"}}, {"subjectLabel": {"xml:lang": "en", "type": "literal", "value": "Wiktionary"}, "object": {"type": "uri", "value": "http://www.wikidata.org/entity/Q28065753"}, "objectLabel": {"xml:lang": "en", "type": "literal", "value": "Portuguese Wiktionary"}, "predicateLabel": {"xml:lang": "en", "type": "literal", "value": "has part(s)"}}, {"subjectLabel": {"xml:lang": "en", "type": "literal", "value": "Wiktionary"}, "object": {"type": "uri", "value": "http://www.wikidata.org/entity/Q22116890"}, "objectLabel": {"xml:lang": "en", "type": "literal", "value": "Russian Wiktionary"}, "predicateLabel": {"xml:lang": "en", "type": "literal", "value": "has part(s)"}}, {"subjectLabel": {"xml:lang": "en", "type": "literal", "value": "Wiktionary"}, "object": {"type": "uri", "value": "http://www.wikidata.org/entity/Q521983"}, "objectLabel": {"xml:lang": "en", "type": "literal", "value": "etymological dictionary"}, "predicateLabel": {"xml:lang": "en", "type": "literal", "value": "product or material produced or service provided"}}, {"subjectLabel": {"xml:lang": "en", "type": "literal", "value": "Wiktionary"}, "object": {"type": "uri", "value": "http://www.wikidata.org/entity/Q3327521"}, "objectLabel": {"xml:lang": "en", "type": "literal", "value": "online dictionary"}, "predicateLabel": {"xml:lang": "en", "type": "literal", "value": "product or material produced or service provided"}}, {"subjectLabel": {"xml:lang": "en", "type": "literal", "value": "Wiktionary"}, "object": {"type": "uri", "value": "http://www.wikidata.org/entity/Q897755"}, "objectLabel": {"xml:lang": "en", "type": "literal", "value": "explanatory dictionary"}, "predicateLabel": {"xml:lang": "en", "type": "literal", "value": "product or material produced or service provided"}}, {"subjectLabel": {"xml:lang": "en", "type": "literal", "value": "Wiktionary"}, "object": {"type": "uri", "value": "http://www.wikidata.org/entity/Q181"}, "objectLabel": {"xml:lang": "en", "type": "literal", "value": "Jimmy Wales"}, "predicateLabel": {"xml:lang": "en", "type": "literal", "value": "author"}}, {"subjectLabel": {"xml:lang": "en", "type": "literal", "value": "Wiktionary"}, "object": {"type": "uri", "value": "http://www.wikidata.org/entity/Q48569283"}, "objectLabel": {"xml:lang": "en", "type": "literal", "value": "Fiji Hindi Wiktionary"}, "predicateLabel": {"xml:lang": "en", "type": "literal", "value": "has part(s)"}}, {"subjectLabel": {"xml:lang": "en", "type": "literal", "value": "Wiktionary"}, "object": {"type": "uri", "value": "http://www.wikidata.org/entity/Q58787175"}, "objectLabel": {"xml:lang": "en", "type": "literal", "value": "Cantonese Wiktionary"}, "predicateLabel": {"xml:lang": "en", "type": "literal", "value": "has part(s)"}}, {"subjectLabel": {"xml:lang": "en", "type": "literal", "value": "Wiktionary"}, "object": {"type": "uri", "value": "http://www.wikidata.org/entity/Q75986893"}, "objectLabel": {"xml:lang": "en", "type": "literal", "value": "Shawiya Wiktionary"}, "predicateLabel": {"xml:lang": "en", "type": "literal", "value": "has part(s)"}}, {"subjectLabel": {"xml:lang": "en", "type": "literal", "value": "Wiktionary"}, "object": {"type": "uri", "value": "http://www.wikidata.org/entity/Q33109323"}, "objectLabel": {"xml:lang": "en", "type": "literal", "value": "Marshallese Wiktionary"}, "predicateLabel": {"xml:lang": "en", "type": "literal", "value": "has part(s)"}}, {"subjectLabel": {"xml:lang": "en", "type": "literal", "value": "Wiktionary"}, "object": {"type": "uri", "value": "http://www.wikidata.org/entity/Q33109318"}, "objectLabel": {"xml:lang": "en", "type": "literal", "value": "Avar Wiktionary"}, "predicateLabel": {"xml:lang": "en", "type": "literal", "value": "has part(s)"}}, {"subjectLabel": {"xml:lang": "en", "type": "literal", "value": "Wiktionary"}, "object": {"type": "uri", "value": "http://www.wikidata.org/entity/Q33109320"}, "objectLabel": {"xml:lang": "en", "type": "literal", "value": "Chamorro Wiktionary"}, "predicateLabel": {"xml:lang": "en", "type": "literal", "value": "has part(s)"}}, {"subjectLabel": {"xml:lang": "en", "type": "literal", "value": "Wiktionary"}, "object": {"type": "uri", "value": "http://www.wikidata.org/entity/Q117463713"}, "objectLabel": {"xml:lang": "en", "type": "literal", "value": "Central Kurdish Wiktionary"}, "predicateLabel": {"xml:lang": "en", "type": "literal", "value": "has part(s)"}}, {"subjectLabel": {"xml:lang": "en", "type": "literal", "value": "Wiktionary"}, "object": {"type": "uri", "value": "http://www.wikidata.org/entity/Q33109322"}, "objectLabel": {"xml:lang": "en", "type": "literal", "value": "Kirundi Wiktionary"}, "predicateLabel": {"xml:lang": "en", "type": "literal", "value": "has part(s)"}}, {"subjectLabel": {"xml:lang": "en", "type": "literal", "value": "Wiktionary"}, "object": {"type": "uri", "value": "http://www.wikidata.org/entity/Q33109317"}, "objectLabel": {"xml:lang": "en", "type": "literal", "value": "Cree Wiktionary"}, "predicateLabel": {"xml:lang": "en", "type": "literal", "value": "has part(s)"}}, {"subjectLabel": {"xml:lang": "en", "type": "literal", "value": "Wiktionary"}, "object": {"type": "uri", "value": "http://www.wikidata.org/entity/Q33109192"}, "objectLabel": {"xml:lang": "en", "type": "literal", "value": "Slovenian Wiktionary"}, "predicateLabel": {"xml:lang": "en", "type": "literal", "value": "has part(s)"}}, {"subjectLabel": {"xml:lang": "en", "type": "literal", "value": "Wiktionary"}, "object": {"type": "uri", "value": "http://www.wikidata.org/entity/Q33109195"}, "objectLabel": {"xml:lang": "en", "type": "literal", "value": "Bosnian Wiktionary"}, "predicateLabel": {"xml:lang": "en", "type": "literal", "value": "has part(s)"}}, {"subjectLabel": {"xml:lang": "en", "type": "literal", "value": "Wiktionary"}, "object": {"type": "uri", "value": "http://www.wikidata.org/entity/Q33109201"}, "objectLabel": {"xml:lang": "en", "type": "literal", "value": "Kazakh Wiktionary"}, "predicateLabel": {"xml:lang": "en", "type": "literal", "value": "has part(s)"}}, {"subjectLabel": {"xml:lang": "en", "type": "literal", "value": "Wiktionary"}, "object": {"type": "uri", "value": "http://www.wikidata.org/entity/Q33109199"}, "objectLabel": {"xml:lang": "en", "type": "literal", "value": "Luxembourgish Wiktionary"}, "predicateLabel": {"xml:lang": "en", "type": "literal", "value": "has part(s)"}}, {"subjectLabel": {"xml:lang": "en", "type": "literal", "value": "Wiktionary"}, "object": {"type": "uri", "value": "http://www.wikidata.org/entity/Q33109202"}, "objectLabel": {"xml:lang": "en", "type": "literal", "value": "Turkmen Wiktionary"}, "predicateLabel": {"xml:lang": "en", "type": "literal", "value": "has part(s)"}}, {"subjectLabel": {"xml:lang": "en", "type": "literal", "value": "Wiktionary"}, "object": {"type": "uri", "value": "http://www.wikidata.org/entity/Q33109193"}, "objectLabel": {"xml:lang": "en", "type": "literal", "value": "Albanian Wiktionary"}, "predicateLabel": {"xml:lang": "en", "type": "literal", "value": "has part(s)"}}, {"subjectLabel": {"xml:lang": "en", "type": "literal", "value": "Wiktionary"}, "object": {"type": "uri", "value": "http://www.wikidata.org/entity/Q33109200"}, "objectLabel": {"xml:lang": "en", "type": "literal", "value": "Sanskrit Wiktionary"}, "predicateLabel": {"xml:lang": "en", "type": "literal", "value": "has part(s)"}}, {"subjectLabel": {"xml:lang": "en", "type": "literal", "value": "Wiktionary"}, "object": {"type": "uri", "value": "http://www.wikidata.org/entity/Q33109203"}, "objectLabel": {"xml:lang": "en", "type": "literal", "value": "Cambodian Wiktionary"}, "predicateLabel": {"xml:lang": "en", "type": "literal", "value": "has part(s)"}}, {"subjectLabel": {"xml:lang": "en", "type": "literal", "value": "Wiktionary"}, "object": {"type": "uri", "value": "http://www.wikidata.org/entity/Q33109190"}, "objectLabel": {"xml:lang": "en", "type": "literal", "value": "Georgian Wiktionary"}, "predicateLabel": {"xml:lang": "en", "type": "literal", "value": "has part(s)"}}, {"subjectLabel": {"xml:lang": "en", "type": "literal", "value": "Wiktionary"}, "object": {"type": "uri", "value": "http://www.wikidata.org/entity/Q33109194"}, "objectLabel": {"xml:lang": "en", "type": "literal", "value": "Low Saxon Wiktionary"}, "predicateLabel": {"xml:lang": "en", "type": "literal", "value": "has part(s)"}}, {"subjectLabel": {"xml:lang": "en", "type": "literal", "value": "Wiktionary"}, "object": {"type": "uri", "value": "http://www.wikidata.org/entity/Q33109197"}, "objectLabel": {"xml:lang": "en", "type": "literal", "value": "Nahuatl Wiktionary"}, "predicateLabel": {"xml:lang": "en", "type": "literal", "value": "has part(s)"}}, {"subjectLabel": {"xml:lang": "en", "type": "literal", "value": "Wiktionary"}, "object": {"type": "uri", "value": "http://www.wikidata.org/entity/Q181"}, "objectLabel": {"xml:lang": "en", "type": "literal", "value": "Jimmy Wales"}, "predicateLabel": {"xml:lang": "en", "type": "literal", "value": "founded by"}}, {"subjectLabel": {"xml:lang": "en", "type": "literal", "value": "Wiktionary"}, "object": {"type": "uri", "value": "http://www.wikidata.org/entity/Q23622"}, "objectLabel": {"xml:lang": "en", "type": "literal", "value": "dictionary"}, "predicateLabel": {"xml:lang": "en", "type": "literal", "value": "instance of"}}, {"subjectLabel": {"xml:lang": "en", "type": "literal", "value": "Wiktionary"}, "object": {"type": "uri", "value": "http://www.wikidata.org/entity/Q14946043"}, "objectLabel": {"xml:lang": "en", "type": "literal", "value": "Creative Commons Attribution-ShareAlike 3.0 Unported"}, "predicateLabel": {"xml:lang": "en", "type": "literal", "value": "copyright license"}}, {"subjectLabel": {"xml:lang": "en", "type": "literal", "value": "Wiktionary"}, "object": {"type": "uri", "value": "http://www.wikidata.org/entity/Q33109227"}, "objectLabel": {"xml:lang": "en", "type": "literal", "value": "Marathi Wiktionary"}, "predicateLabel": {"xml:lang": "en", "type": "literal", "value": "has part(s)"}}, {"subjectLabel": {"xml:lang": "en", "type": "literal", "value": "Wiktionary"}, "object": {"type": "uri", "value": "http://www.wikidata.org/entity/Q33109222"}, "objectLabel": {"xml:lang": "en", "type": "literal", "value": "Old English Wiktionary"}, "predicateLabel": {"xml:lang": "en", "type": "literal", "value": "has part(s)"}}, {"subjectLabel": {"xml:lang": "en", "type": "literal", "value": "Wiktionary"}, "object": {"type": "uri", "value": "http://www.wikidata.org/entity/Q33109224"}, "objectLabel": {"xml:lang": "en", "type": "literal", "value": "Tatar Wiktionary"}, "predicateLabel": {"xml:lang": "en", "type": "literal", "value": "has part(s)"}}, {"subjectLabel": {"xml:lang": "en", "type": "literal", "value": "Wiktionary"}, "object": {"type": "uri", "value": "http://www.wikidata.org/entity/Q33109220"}, "objectLabel": {"xml:lang": "en", "type": "literal", "value": "Venetian Wiktionary"}, "predicateLabel": {"xml:lang": "en", "type": "literal", "value": "has part(s)"}}, {"subjectLabel": {"xml:lang": "en", "type": "literal", "value": "Wiktionary"}, "object": {"type": "uri", "value": "http://www.wikidata.org/entity/Q33109226"}, "objectLabel": {"xml:lang": "en", "type": "literal", "value": "Guarani Wiktionary"}, "predicateLabel": {"xml:lang": "en", "type": "literal", "value": "has part(s)"}}, {"subjectLabel": {"xml:lang": "en", "type": "literal", "value": "Wiktionary"}, "object": {"type": "uri", "value": "http://www.wikidata.org/entity/Q33109225"}, "objectLabel": {"xml:lang": "en", "type": "literal", "value": "Sindhi Wiktionary"}, "predicateLabel": {"xml:lang": "en", "type": "literal", "value": "has part(s)"}}, {"subjectLabel": {"xml:lang": "en", "type": "literal", "value": "Wiktionary"}, "object": {"type": "uri", "value": "http://www.wikidata.org/entity/Q22001389"}, "objectLabel": {"xml:lang": "en", "type": "literal", "value": "Wiktionary language edition"}, "predicateLabel": {"xml:lang": "en", "type": "literal", "value": "has edition or translation"}}, {"subjectLabel": {"xml:lang": "en", "type": "literal", "value": "Wiktionary"}, "object": {"type": "uri", "value": "http://www.wikidata.org/entity/Q1162302"}, "objectLabel": {"xml:lang": "en", "type": "literal", "value": "Hungarian Wiktionary"}, "predicateLabel": {"xml:lang": "en", "type": "literal", "value": "has part(s)"}}, {"subjectLabel": {"xml:lang": "en", "type": "literal", "value": "Wiktionary"}, "object": {"type": "uri", "value": "http://www.wikidata.org/entity/Q22001374"}, "objectLabel": {"xml:lang": "en", "type": "literal", "value": "German Wiktionary"}, "predicateLabel": {"xml:lang": "en", "type": "literal", "value": "has part(s)"}}, {"subjectLabel": {"xml:lang": "en", "type": "literal", "value": "Wiktionary"}, "object": {"type": "uri", "value": "http://www.wikidata.org/entity/Q22001373"}, "objectLabel": {"xml:lang": "en", "type": "literal", "value": "French Wiktionary"}, "predicateLabel": {"xml:lang": "en", "type": "literal", "value": "has part(s)"}}, {"subjectLabel": {"xml:lang": "en", "type": "literal", "value": "Wiktionary"}, "object": {"type": "uri", "value": "http://www.wikidata.org/entity/Q9775986"}, "objectLabel": {"xml:lang": "en", "type": "literal", "value": "Category:Wiktionary"}, "predicateLabel": {"xml:lang": "en", "type": "literal", "value": "topic's main category"}}, {"subjectLabel": {"xml:lang": "en", "type": "literal", "value": "Wiktionary"}, "object": {"type": "uri", "value": "http://www.wikidata.org/entity/Q185"}, "objectLabel": {"xml:lang": "en", "type": "literal", "value": "Larry Sanger"}, "predicateLabel": {"xml:lang": "en", "type": "literal", "value": "founded by"}}, {"subjectLabel": {"xml:lang": "en", "type": "literal", "value": "Wiktionary"}, "object": {"type": "uri", "value": "http://www.wikidata.org/entity/Q33109209"}, "objectLabel": {"xml:lang": "en", "type": "literal", "value": "Upper Sorbian Wiktionary"}, "predicateLabel": {"xml:lang": "en", "type": "literal", "value": "has part(s)"}}, {"subjectLabel": {"xml:lang": "en", "type": "literal", "value": "Wiktionary"}, "object": {"type": "uri", "value": "http://www.wikidata.org/entity/Q33109216"}, "objectLabel": {"xml:lang": "en", "type": "literal", "value": "Urdu Wiktionary"}, "predicateLabel": {"xml:lang": "en", "type": "literal", "value": "has part(s)"}}, {"subjectLabel": {"xml:lang": "en", "type": "literal", "value": "Wiktionary"}, "object": {"type": "uri", "value": "http://www.wikidata.org/entity/Q33109218"}, "objectLabel": {"xml:lang": "en", "type": "literal", "value": "Wolof Wiktionary"}, "predicateLabel": {"xml:lang": "en", "type": "literal", "value": "has part(s)"}}, {"subjectLabel": {"xml:lang": "en", "type": "literal", "value": "Wiktionary"}, "object": {"type": "uri", "value": "http://www.wikidata.org/entity/Q33109205"}, "objectLabel": {"xml:lang": "en", "type": "literal", "value": "Bangla Wiktionary"}, "predicateLabel": {"xml:lang": "en", "type": "literal", "value": "has part(s)"}}, {"subjectLabel": {"xml:lang": "en", "type": "literal", "value": "Wiktionary"}, "object": {"type": "uri", "value": "http://www.wikidata.org/entity/Q33109210"}, "objectLabel": {"xml:lang": "en", "type": "literal", "value": "Belarusian Wiktionary"}, "predicateLabel": {"xml:lang": "en", "type": "literal", "value": "has part(s)"}}, {"subjectLabel": {"xml:lang": "en", "type": "literal", "value": "Wiktionary"}, "object": {"type": "uri", "value": "http://www.wikidata.org/entity/Q33109213"}, "objectLabel": {"xml:lang": "en", "type": "literal", "value": "Malay Wiktionary"}, "predicateLabel": {"xml:lang": "en", "type": "literal", "value": "has part(s)"}}, {"subjectLabel": {"xml:lang": "en", "type": "literal", "value": "Wiktionary"}, "object": {"type": "uri", "value": "http://www.wikidata.org/entity/Q33109208"}, "objectLabel": {"xml:lang": "en", "type": "literal", "value": "Macedonian Wiktionary"}, "predicateLabel": {"xml:lang": "en", "type": "literal", "value": "has part(s)"}}, {"subjectLabel": {"xml:lang": "en", "type": "literal", "value": "Wiktionary"}, "object": {"type": "uri", "value": "http://www.wikidata.org/entity/Q33109207"}, "objectLabel": {"xml:lang": "en", "type": "literal", "value": "Samoan Wiktionary"}, "predicateLabel": {"xml:lang": "en", "type": "literal", "value": "has part(s)"}}, {"subjectLabel": {"xml:lang": "en", "type": "literal", "value": "Wiktionary"}, "object": {"type": "uri", "value": "http://www.wikidata.org/entity/Q33109217"}, "objectLabel": {"xml:lang": "en", "type": "literal", "value": "Aragonese Wiktionary"}, "predicateLabel": {"xml:lang": "en", "type": "literal", "value": "has part(s)"}}, {"subjectLabel": {"xml:lang": "en", "type": "literal", "value": "Wiktionary"}, "object": {"type": "uri", "value": "http://www.wikidata.org/entity/Q33109215"}, "objectLabel": {"xml:lang": "en", "type": "literal", "value": "Irish Wiktionary"}, "predicateLabel": {"xml:lang": "en", "type": "literal", "value": "has part(s)"}}, {"subjectLabel": {"xml:lang": "en", "type": "literal", "value": "Wiktionary"}, "object": {"type": "uri", "value": "http://www.wikidata.org/entity/Q33109212"}, "objectLabel": {"xml:lang": "en", "type": "literal", "value": "Panjabi Wiktionary"}, "predicateLabel": {"xml:lang": "en", "type": "literal", "value": "has part(s)"}}, {"subjectLabel": {"xml:lang": "en", "type": "literal", "value": "Wiktionary"}, "object": {"type": "uri", "value": "http://www.wikidata.org/entity/Q83"}, "objectLabel": {"xml:lang": "en", "type": "literal", "value": "MediaWiki"}, "predicateLabel": {"xml:lang": "en", "type": "literal", "value": "software engine"}}, {"subjectLabel": {"xml:lang": "en", "type": "literal", "value": "Wiktionary"}, "object": {"type": "uri", "value": "http://www.wikidata.org/entity/Q14827288"}, "objectLabel": {"xml:lang": "en", "type": "literal", "value": "Wikimedia Foundation project"}, "predicateLabel": {"xml:lang": "en", "type": "literal", "value": "instance of"}}, {"subjectLabel": {"xml:lang": "en", "type": "literal", "value": "Wiktionary"}, "object": {"type": "uri", "value": "http://www.wikidata.org/entity/Q33109137"}, "objectLabel": {"xml:lang": "en", "type": "literal", "value": "Arabic Wiktionary"}, "predicateLabel": {"xml:lang": "en", "type": "literal", "value": "has part(s)"}}, {"subjectLabel": {"xml:lang": "en", "type": "literal", "value": "Wiktionary"}, "object": {"type": "uri", "value": "http://www.wikidata.org/entity/Q33109131"}, "objectLabel": {"xml:lang": "en", "type": "literal", "value": "Burmese Wiktionary"}, "predicateLabel": {"xml:lang": "en", "type": "literal", "value": "has part(s)"}}, {"subjectLabel": {"xml:lang": "en", "type": "literal", "value": "Wiktionary"}, "object": {"type": "uri", "value": "http://www.wikidata.org/entity/Q33109132"}, "objectLabel": {"xml:lang": "en", "type": "literal", "value": "Oriya Wiktionary"}, "predicateLabel": {"xml:lang": "en", "type": "literal", "value": "has part(s)"}}, {"subjectLabel": {"xml:lang": "en", "type": "literal", "value": "Wiktionary"}, "object": {"type": "uri", "value": "http://www.wikidata.org/entity/Q33109139"}, "objectLabel": {"xml:lang": "en", "type": "literal", "value": "Basque Wiktionary"}, "predicateLabel": {"xml:lang": "en", "type": "literal", "value": "has part(s)"}}, {"subjectLabel": {"xml:lang": "en", "type": "literal", "value": "Wiktionary"}, "object": {"type": "uri", "value": "http://www.wikidata.org/entity/Q33109129"}, "objectLabel": {"xml:lang": "en", "type": "literal", "value": "Uzbek Wiktionary"}, "predicateLabel": {"xml:lang": "en", "type": "literal", "value": "has part(s)"}}, {"subjectLabel": {"xml:lang": "en", "type": "literal", "value": "Wiktionary"}, "object": {"type": "uri", "value": "http://www.wikidata.org/entity/Q33109143"}, "objectLabel": {"xml:lang": "en", "type": "literal", "value": "Galician Wiktionary"}, "predicateLabel": {"xml:lang": "en", "type": "literal", "value": "has part(s)"}}, {"subjectLabel": {"xml:lang": "en", "type": "literal", "value": "Wiktionary"}, "object": {"type": "uri", "value": "http://www.wikidata.org/entity/Q33109130"}, "objectLabel": {"xml:lang": "en", "type": "literal", "value": "Limburgish Wiktionary"}, "predicateLabel": {"xml:lang": "en", "type": "literal", "value": "has part(s)"}}, {"subjectLabel": {"xml:lang": "en", "type": "literal", "value": "Wiktionary"}, "object": {"type": "uri", "value": "http://www.wikidata.org/entity/Q33109144"}, "objectLabel": {"xml:lang": "en", "type": "literal", "value": "Danish Wiktionary"}, "predicateLabel": {"xml:lang": "en", "type": "literal", "value": "has part(s)"}}, {"subjectLabel": {"xml:lang": "en", "type": "literal", "value": "Wiktionary"}, "object": {"type": "uri", "value": "http://www.wikidata.org/entity/Q33109126"}, "objectLabel": {"xml:lang": "en", "type": "literal", "value": "Indonesian Wiktionary"}, "predicateLabel": {"xml:lang": "en", "type": "literal", "value": "has part(s)"}}, {"subjectLabel": {"xml:lang": "en", "type": "literal", "value": "Wiktionary"}, "object": {"type": "uri", "value": "http://www.wikidata.org/entity/Q33109134"}, "objectLabel": {"xml:lang": "en", "type": "literal", "value": "Telugu Wiktionary"}, "predicateLabel": {"xml:lang": "en", "type": "literal", "value": "has part(s)"}}, {"subjectLabel": {"xml:lang": "en", "type": "literal", "value": "Wiktionary"}, "object": {"type": "uri", "value": "http://www.wikidata.org/entity/Q33109128"}, "objectLabel": {"xml:lang": "en", "type": "literal", "value": "Estonian Wiktionary"}, "predicateLabel": {"xml:lang": "en", "type": "literal", "value": "has part(s)"}}, {"subjectLabel": {"xml:lang": "en", "type": "literal", "value": "Wiktionary"}, "object": {"type": "uri", "value": "http://www.wikidata.org/entity/Q33109124"}, "objectLabel": {"xml:lang": "en", "type": "literal", "value": "Malayalam Wiktionary"}, "predicateLabel": {"xml:lang": "en", "type": "literal", "value": "has part(s)"}}, {"subjectLabel": {"xml:lang": "en", "type": "literal", "value": "Wiktionary"}, "object": {"type": "uri", "value": "http://www.wikidata.org/entity/Q33109141"}, "objectLabel": {"xml:lang": "en", "type": "literal", "value": "Azerbaijani Wiktionary"}, "predicateLabel": {"xml:lang": "en", "type": "literal", "value": "has part(s)"}}, {"subjectLabel": {"xml:lang": "en", "type": "literal", "value": "Wiktionary"}, "object": {"type": "uri", "value": "http://www.wikidata.org/entity/Q33109138"}, "objectLabel": {"xml:lang": "en", "type": "literal", "value": "Javanese Wiktionary"}, "predicateLabel": {"xml:lang": "en", "type": "literal", "value": "has part(s)"}}, {"subjectLabel": {"xml:lang": "en", "type": "literal", "value": "Wiktionary"}, "object": {"type": "uri", "value": "http://www.wikidata.org/entity/Q33109136"}, "objectLabel": {"xml:lang": "en", "type": "literal", "value": "Persian Wiktionary"}, "predicateLabel": {"xml:lang": "en", "type": "literal", "value": "has part(s)"}}, {"subjectLabel": {"xml:lang": "en", "type": "literal", "value": "Wiktionary"}, "object": {"type": "uri", "value": "http://www.wikidata.org/entity/Q33109145"}, "objectLabel": {"xml:lang": "en", "type": "literal", "value": "Lao Wiktionary"}, "predicateLabel": {"xml:lang": "en", "type": "literal", "value": "has part(s)"}}, {"subjectLabel": {"xml:lang": "en", "type": "literal", "value": "Wiktionary"}, "object": {"type": "uri", "value": "http://www.wikidata.org/entity/Q33109272"}, "objectLabel": {"xml:lang": "en", "type": "literal", "value": "Inuktitut Wiktionary"}, "predicateLabel": {"xml:lang": "en", "type": "literal", "value": "has part(s)"}}, {"subjectLabel": {"xml:lang": "en", "type": "literal", "value": "Wiktionary"}, "object": {"type": "uri", "value": "http://www.wikidata.org/entity/Q33109265"}, "objectLabel": {"xml:lang": "en", "type": "literal", "value": "Oromo Wiktionary"}, "predicateLabel": {"xml:lang": "en", "type": "literal", "value": "has part(s)"}}, {"subjectLabel": {"xml:lang": "en", "type": "literal", "value": "Wiktionary"}, "object": {"type": "uri", "value": "http://www.wikidata.org/entity/Q33109264"}, "objectLabel": {"xml:lang": "en", "type": "literal", "value": "Nepali Wiktionary"}, "predicateLabel": {"xml:lang": "en", "type": "literal", "value": "has part(s)"}}, {"subjectLabel": {"xml:lang": "en", "type": "literal", "value": "Wiktionary"}, "object": {"type": "uri", "value": "http://www.wikidata.org/entity/Q33109267"}, "objectLabel": {"xml:lang": "en", "type": "literal", "value": "Quechua Wiktionary"}, "predicateLabel": {"xml:lang": "en", "type": "literal", "value": "has part(s)"}}, {"subjectLabel": {"xml:lang": "en", "type": "literal", "value": "Wiktionary"}, "object": {"type": "uri", "value": "http://www.wikidata.org/entity/Q33109282"}, "objectLabel": {"xml:lang": "en", "type": "literal", "value": "Tigrinya Wiktionary"}, "predicateLabel": {"xml:lang": "en", "type": "literal", "value": "has part(s)"}}, {"subjectLabel": {"xml:lang": "en", "type": "literal", "value": "Wiktionary"}, "object": {"type": "uri", "value": "http://www.wikidata.org/entity/Q33109261"}, "objectLabel": {"xml:lang": "en", "type": "literal", "value": "Rwandi Wiktionary"}, "predicateLabel": {"xml:lang": "en", "type": "literal", "value": "has part(s)"}}, {"subjectLabel": {"xml:lang": "en", "type": "literal", "value": "Wiktionary"}, "object": {"type": "uri", "value": "http://www.wikidata.org/entity/Q33109268"}, "objectLabel": {"xml:lang": "en", "type": "literal", "value": "Swati Wiktionary"}, "predicateLabel": {"xml:lang": "en", "type": "literal", "value": "has part(s)"}}, {"subjectLabel": {"xml:lang": "en", "type": "literal", "value": "Wiktionary"}, "object": {"type": "uri", "value": "http://www.wikidata.org/entity/Q33109276"}, "objectLabel": {"xml:lang": "en", "type": "literal", "value": "Zhuang Wiktionary"}, "predicateLabel": {"xml:lang": "en", "type": "literal", "value": "has part(s)"}}, {"subjectLabel": {"xml:lang": "en", "type": "literal", "value": "Wiktionary"}, "object": {"type": "uri", "value": "http://www.wikidata.org/entity/Q33109273"}, "objectLabel": {"xml:lang": "en", "type": "literal", "value": "Amharic Wiktionary"}, "predicateLabel": {"xml:lang": "en", "type": "literal", "value": "has part(s)"}}, {"subjectLabel": {"xml:lang": "en", "type": "literal", "value": "Wiktionary"}, "object": {"type": "uri", "value": "http://www.wikidata.org/entity/Q33109289"}, "objectLabel": {"xml:lang": "en", "type": "literal", "value": "Assamese Wiktionary"}, "predicateLabel": {"xml:lang": "en", "type": "literal", "value": "has part(s)"}}, {"subjectLabel": {"xml:lang": "en", "type": "literal", "value": "Wiktionary"}, "object": {"type": "uri", "value": "http://www.wikidata.org/entity/Q33109275"}, "objectLabel": {"xml:lang": "en", "type": "literal", "value": "Divehi Wiktionary"}, "predicateLabel": {"xml:lang": "en", "type": "literal", "value": "has part(s)"}}, {"subjectLabel": {"xml:lang": "en", "type": "literal", "value": "Wiktionary"}, "object": {"type": "uri", "value": "http://www.wikidata.org/entity/Q33109288"}, "objectLabel": {"xml:lang": "en", "type": "literal", "value": "Kashmiri Wiktionary"}, "predicateLabel": {"xml:lang": "en", "type": "literal", "value": "has part(s)"}}, {"subjectLabel": {"xml:lang": "en", "type": "literal", "value": "Wiktionary"}, "object": {"type": "uri", "value": "http://www.wikidata.org/entity/Q33109269"}, "objectLabel": {"xml:lang": "en", "type": "literal", "value": "Sundanese Wiktionary"}, "predicateLabel": {"xml:lang": "en", "type": "literal", "value": "has part(s)"}}, {"subjectLabel": {"xml:lang": "en", "type": "literal", "value": "Wiktionary"}, "object": {"type": "uri", "value": "http://www.wikidata.org/entity/Q33109283"}, "objectLabel": {"xml:lang": "en", "type": "literal", "value": "Sango Wiktionary"}, "predicateLabel": {"xml:lang": "en", "type": "literal", "value": "has part(s)"}}, {"subjectLabel": {"xml:lang": "en", "type": "literal", "value": "Wiktionary"}, "object": {"type": "uri", "value": "http://www.wikidata.org/entity/Q33109279"}, "objectLabel": {"xml:lang": "en", "type": "literal", "value": "Inupiak Wiktionary"}, "predicateLabel": {"xml:lang": "en", "type": "literal", "value": "has part(s)"}}, {"subjectLabel": {"xml:lang": "en", "type": "literal", "value": "Wiktionary"}, "object": {"type": "uri", "value": "http://www.wikidata.org/entity/Q33109262"}, "objectLabel": {"xml:lang": "en", "type": "literal", "value": "Tsonga Wiktionary"}, "predicateLabel": {"xml:lang": "en", "type": "literal", "value": "has part(s)"}}, {"subjectLabel": {"xml:lang": "en", "type": "literal", "value": "Wiktionary"}, "object": {"type": "uri", "value": "http://www.wikidata.org/entity/Q33109277"}, "objectLabel": {"xml:lang": "en", "type": "literal", "value": "Tok Pisin Wiktionary"}, "predicateLabel": {"xml:lang": "en", "type": "literal", "value": "has part(s)"}}, {"subjectLabel": {"xml:lang": "en", "type": "literal", "value": "Wiktionary"}, "object": {"type": "uri", "value": "http://www.wikidata.org/entity/Q33109280"}, "objectLabel": {"xml:lang": "en", "type": "literal", "value": "Yiddish Wiktionary"}, "predicateLabel": {"xml:lang": "en", "type": "literal", "value": "has part(s)"}}, {"subjectLabel": {"xml:lang": "en", "type": "literal", "value": "Wiktionary"}, "object": {"type": "uri", "value": "http://www.wikidata.org/entity/Q33109271"}, "objectLabel": {"xml:lang": "en", "type": "literal", "value": "Hausa Wiktionary"}, "predicateLabel": {"xml:lang": "en", "type": "literal", "value": "has part(s)"}}, {"subjectLabel": {"xml:lang": "en", "type": "literal", "value": "Wiktionary"}, "object": {"type": "uri", "value": "http://www.wikidata.org/entity/Q33109284"}, "objectLabel": {"xml:lang": "en", "type": "literal", "value": "Setswana Wiktionary"}, "predicateLabel": {"xml:lang": "en", "type": "literal", "value": "has part(s)"}}, {"subjectLabel": {"xml:lang": "en", "type": "literal", "value": "Wiktionary"}, "object": {"type": "uri", "value": "http://www.wikidata.org/entity/Q114323186"}, "objectLabel": {"xml:lang": "en", "type": "literal", "value": "The varying openness of digital open science tools"}, "predicateLabel": {"xml:lang": "en", "type": "literal", "value": "described by source"}}, {"subjectLabel": {"xml:lang": "en", "type": "literal", "value": "Wiktionary"}, "object": {"type": "uri", "value": "http://www.wikidata.org/entity/Q33109316"}, "objectLabel": {"xml:lang": "en", "type": "literal", "value": "Akan Wiktionary"}, "predicateLabel": {"xml:lang": "en", "type": "literal", "value": "has part(s)"}}, {"subjectLabel": {"xml:lang": "en", "type": "literal", "value": "Wiktionary"}, "object": {"type": "uri", "value": "http://www.wikidata.org/entity/Q33109304"}, "objectLabel": {"xml:lang": "en", "type": "literal", "value": "Bislama Wiktionary"}, "predicateLabel": {"xml:lang": "en", "type": "literal", "value": "has part(s)"}}, {"subjectLabel": {"xml:lang": "en", "type": "literal", "value": "Wiktionary"}, "object": {"type": "uri", "value": "http://www.wikidata.org/entity/Q33109297"}, "objectLabel": {"xml:lang": "en", "type": "literal", "value": "Dzongkha Wiktionary"}, "predicateLabel": {"xml:lang": "en", "type": "literal", "value": "has part(s)"}}, {"subjectLabel": {"xml:lang": "en", "type": "literal", "value": "Wiktionary"}, "object": {"type": "uri", "value": "http://www.wikidata.org/entity/Q33109292"}, "objectLabel": {"xml:lang": "en", "type": "literal", "value": "Pali Wiktionary"}, "predicateLabel": {"xml:lang": "en", "type": "literal", "value": "has part(s)"}}, {"subjectLabel": {"xml:lang": "en", "type": "literal", "value": "Wiktionary"}, "object": {"type": "uri", "value": "http://www.wikidata.org/entity/Q33109296"}, "objectLabel": {"xml:lang": "en", "type": "literal", "value": "Shona Wiktionary"}, "predicateLabel": {"xml:lang": "en", "type": "literal", "value": "has part(s)"}}, {"subjectLabel": {"xml:lang": "en", "type": "literal", "value": "Wiktionary"}, "object": {"type": "uri", "value": "http://www.wikidata.org/entity/Q33109293"}, "objectLabel": {"xml:lang": "en", "type": "literal", "value": "Alemannic Wiktionary"}, "predicateLabel": {"xml:lang": "en", "type": "literal", "value": "has part(s)"}}, {"subjectLabel": {"xml:lang": "en", "type": "literal", "value": "Wiktionary"}, "object": {"type": "uri", "value": "http://www.wikidata.org/entity/Q33109309"}, "objectLabel": {"xml:lang": "en", "type": "literal", "value": "Xhosa Wiktionary"}, "predicateLabel": {"xml:lang": "en", "type": "literal", "value": "has part(s)"}}, {"subjectLabel": {"xml:lang": "en", "type": "literal", "value": "Wiktionary"}, "object": {"type": "uri", "value": "http://www.wikidata.org/entity/Q33109298"}, "objectLabel": {"xml:lang": "en", "type": "literal", "value": "Bihari Wiktionary"}, "predicateLabel": {"xml:lang": "en", "type": "literal", "value": "has part(s)"}}, {"subjectLabel": {"xml:lang": "en", "type": "literal", "value": "Wiktionary"}, "object": {"type": "uri", "value": "http://www.wikidata.org/entity/Q33109291"}, "objectLabel": {"xml:lang": "en", "type": "literal", "value": "Moldovan Wiktionary"}, "predicateLabel": {"xml:lang": "en", "type": "literal", "value": "has part(s)"}}, {"subjectLabel": {"xml:lang": "en", "type": "literal", "value": "Wiktionary"}, "object": {"type": "uri", "value": "http://www.wikidata.org/entity/Q33109302"}, "objectLabel": {"xml:lang": "en", "type": "literal", "value": "Tongan Wiktionary"}, "predicateLabel": {"xml:lang": "en", "type": "literal", "value": "has part(s)"}}, {"subjectLabel": {"xml:lang": "en", "type": "literal", "value": "Wiktionary"}, "object": {"type": "uri", "value": "http://www.wikidata.org/entity/Q33109314"}, "objectLabel": {"xml:lang": "en", "type": "literal", "value": "Sardinian Wiktionary"}, "predicateLabel": {"xml:lang": "en", "type": "literal", "value": "has part(s)"}}, {"subjectLabel": {"xml:lang": "en", "type": "literal", "value": "Wiktionary"}, "object": {"type": "uri", "value": "http://www.wikidata.org/entity/Q33109295"}, "objectLabel": {"xml:lang": "en", "type": "literal", "value": "Abkhazian Wiktionary"}, "predicateLabel": {"xml:lang": "en", "type": "literal", "value": "has part(s)"}}, {"subjectLabel": {"xml:lang": "en", "type": "literal", "value": "Wiktionary"}, "object": {"type": "uri", "value": "http://www.wikidata.org/entity/Q33109315"}, "objectLabel": {"xml:lang": "en", "type": "literal", "value": "Bambara Wiktionary"}, "predicateLabel": {"xml:lang": "en", "type": "literal", "value": "has part(s)"}}, {"subjectLabel": {"xml:lang": "en", "type": "literal", "value": "Wiktionary"}, "object": {"type": "uri", "value": "http://www.wikidata.org/entity/Q33109299"}, "objectLabel": {"xml:lang": "en", "type": "literal", "value": "Twi Wiktionary"}, "predicateLabel": {"xml:lang": "en", "type": "literal", "value": "has part(s)"}}, {"subjectLabel": {"xml:lang": "en", "type": "literal", "value": "Wiktionary"}, "object": {"type": "uri", "value": "http://www.wikidata.org/entity/Q33109307"}, "objectLabel": {"xml:lang": "en", "type": "literal", "value": "Tibetan Wiktionary"}, "predicateLabel": {"xml:lang": "en", "type": "literal", "value": "has part(s)"}}, {"subjectLabel": {"xml:lang": "en", "type": "literal", "value": "Wiktionary"}, "object": {"type": "uri", "value": "http://www.wikidata.org/entity/Q33109308"}, "objectLabel": {"xml:lang": "en", "type": "literal", "value": "Raeto Romance Wiktionary"}, "predicateLabel": {"xml:lang": "en", "type": "literal", "value": "has part(s)"}}, {"subjectLabel": {"xml:lang": "en", "type": "literal", "value": "Wiktionary"}, "object": {"type": "uri", "value": "http://www.wikidata.org/entity/Q33109305"}, "objectLabel": {"xml:lang": "en", "type": "literal", "value": "Yoruba Wiktionary"}, "predicateLabel": {"xml:lang": "en", "type": "literal", "value": "has part(s)"}}, {"subjectLabel": {"xml:lang": "en", "type": "literal", "value": "Wiktionary"}, "object": {"type": "uri", "value": "http://www.wikidata.org/entity/Q33109312"}, "objectLabel": {"xml:lang": "en", "type": "literal", "value": "Afar Wiktionary"}, "predicateLabel": {"xml:lang": "en", "type": "literal", "value": "has part(s)"}}, {"subjectLabel": {"xml:lang": "en", "type": "literal", "value": "Wiktionary"}, "object": {"type": "uri", "value": "http://www.wikidata.org/entity/Q33109251"}, "objectLabel": {"xml:lang": "en", "type": "literal", "value": "Lojban Wiktionary"}, "predicateLabel": {"xml:lang": "en", "type": "literal", "value": "has part(s)"}}, {"subjectLabel": {"xml:lang": "en", "type": "literal", "value": "Wiktionary"}, "object": {"type": "uri", "value": "http://www.wikidata.org/entity/Q33109257"}, "objectLabel": {"xml:lang": "en", "type": "literal", "value": "Gujarati Wiktionary"}, "predicateLabel": {"xml:lang": "en", "type": "literal", "value": "has part(s)"}}, {"subjectLabel": {"xml:lang": "en", "type": "literal", "value": "Wiktionary"}, "object": {"type": "uri", "value": "http://www.wikidata.org/entity/Q33109252"}, "objectLabel": {"xml:lang": "en", "type": "literal", "value": "Lingala Wiktionary"}, "predicateLabel": {"xml:lang": "en", "type": "literal", "value": "has part(s)"}}, {"subjectLabel": {"xml:lang": "en", "type": "literal", "value": "Wiktionary"}, "object": {"type": "uri", "value": "http://www.wikidata.org/entity/Q33109253"}, "objectLabel": {"xml:lang": "en", "type": "literal", "value": "Zulu Wiktionary"}, "predicateLabel": {"xml:lang": "en", "type": "literal", "value": "has part(s)"}}, {"subjectLabel": {"xml:lang": "en", "type": "literal", "value": "Wiktionary"}, "object": {"type": "uri", "value": "http://www.wikidata.org/entity/Q33109247"}, "objectLabel": {"xml:lang": "en", "type": "literal", "value": "Greenlandic Wiktionary"}, "predicateLabel": {"xml:lang": "en", "type": "literal", "value": "has part(s)"}}, {"subjectLabel": {"xml:lang": "en", "type": "literal", "value": "Wiktionary"}, "object": {"type": "uri", "value": "http://www.wikidata.org/entity/Q33109256"}, "objectLabel": {"xml:lang": "en", "type": "literal", "value": "Nauruan Wiktionary"}, "predicateLabel": {"xml:lang": "en", "type": "literal", "value": "has part(s)"}}, {"subjectLabel": {"xml:lang": "en", "type": "literal", "value": "Wiktionary"}, "object": {"type": "uri", "value": "http://www.wikidata.org/entity/Q33109259"}, "objectLabel": {"xml:lang": "en", "type": "literal", "value": "Manx Wiktionary"}, "predicateLabel": {"xml:lang": "en", "type": "literal", "value": "has part(s)"}}, {"subjectLabel": {"xml:lang": "en", "type": "literal", "value": "Wiktionary"}, "object": {"type": "uri", "value": "http://www.wikidata.org/entity/Q33109248"}, "objectLabel": {"xml:lang": "en", "type": "literal", "value": "Faroese Wiktionary"}, "predicateLabel": {"xml:lang": "en", "type": "literal", "value": "has part(s)"}}, {"subjectLabel": {"xml:lang": "en", "type": "literal", "value": "Wiktionary"}, "object": {"type": "uri", "value": "http://www.wikidata.org/entity/Q33109260"}, "objectLabel": {"xml:lang": "en", "type": "literal", "value": "Cornish Wiktionary"}, "predicateLabel": {"xml:lang": "en", "type": "literal", "value": "has part(s)"}}, {"subjectLabel": {"xml:lang": "en", "type": "literal", "value": "Wiktionary"}, "object": {"type": "uri", "value": "http://www.wikidata.org/entity/Q33109246"}, "objectLabel": {"xml:lang": "en", "type": "literal", "value": "Maori Wiktionary"}, "predicateLabel": {"xml:lang": "en", "type": "literal", "value": "has part(s)"}}, {"subjectLabel": {"xml:lang": "en", "type": "literal", "value": "Wiktionary"}, "object": {"type": "uri", "value": "http://www.wikidata.org/entity/Q122759350"}, "objectLabel": {"xml:lang": "en", "type": "literal", "value": "user-generated content platform"}, "predicateLabel": {"xml:lang": "en", "type": "literal", "value": "instance of"}}, {"subjectLabel": {"xml:lang": "en", "type": "literal", "value": "Wiktionary"}, "object": {"type": "uri", "value": "http://www.wikidata.org/entity/Q50423863"}, "objectLabel": {"xml:lang": "en", "type": "literal", "value": "copyrighted"}, "predicateLabel": {"xml:lang": "en", "type": "literal", "value": "copyright status"}}, {"subjectLabel": {"xml:lang": "en", "type": "literal", "value": "Wiktionary"}, "object": {"type": "uri", "value": "http://www.wikidata.org/entity/Q55214821"}, "objectLabel": {"xml:lang": "en", "type": "literal", "value": "grammatical dictionary"}, "predicateLabel": {"xml:lang": "en", "type": "literal", "value": "product or material produced or service provided"}}, {"subjectLabel": {"xml:lang": "en", "type": "literal", "value": "Wiktionary"}, "object": {"type": "uri", "value": "http://www.wikidata.org/entity/Q55713039"}, "objectLabel": {"xml:lang": "en", "type": "literal", "value": "multilingual dictionary"}, "predicateLabel": {"xml:lang": "en", "type": "literal", "value": "product or material produced or service provided"}}, {"subjectLabel": {"xml:lang": "en", "type": "literal", "value": "Wiktionary"}, "object": {"type": "uri", "value": "http://www.wikidata.org/entity/Q33109115"}, "objectLabel": {"xml:lang": "en", "type": "literal", "value": "Serbian Wiktionary"}, "predicateLabel": {"xml:lang": "en", "type": "literal", "value": "has part(s)"}}, {"subjectLabel": {"xml:lang": "en", "type": "literal", "value": "Wiktionary"}, "object": {"type": "uri", "value": "http://www.wikidata.org/entity/Q33109116"}, "objectLabel": {"xml:lang": "en", "type": "literal", "value": "Cherokee Wiktionary"}, "predicateLabel": {"xml:lang": "en", "type": "literal", "value": "has part(s)"}}, {"subjectLabel": {"xml:lang": "en", "type": "literal", "value": "Wiktionary"}, "object": {"type": "uri", "value": "http://www.wikidata.org/entity/Q33109108"}, "objectLabel": {"xml:lang": "en", "type": "literal", "value": "Korean Wiktionary"}, "predicateLabel": {"xml:lang": "en", "type": "literal", "value": "has part(s)"}}, {"subjectLabel": {"xml:lang": "en", "type": "literal", "value": "Wiktionary"}, "object": {"type": "uri", "value": "http://www.wikidata.org/entity/Q33109121"}, "objectLabel": {"xml:lang": "en", "type": "literal", "value": "Romanian Wiktionary"}, "predicateLabel": {"xml:lang": "en", "type": "literal", "value": "has part(s)"}}, {"subjectLabel": {"xml:lang": "en", "type": "literal", "value": "Wiktionary"}, "object": {"type": "uri", "value": "http://www.wikidata.org/entity/Q33109105"}, "objectLabel": {"xml:lang": "en", "type": "literal", "value": "Finnish Wiktionary"}, "predicateLabel": {"xml:lang": "en", "type": "literal", "value": "has part(s)"}}, {"subjectLabel": {"xml:lang": "en", "type": "literal", "value": "Wiktionary"}, "object": {"type": "uri", "value": "http://www.wikidata.org/entity/Q33109117"}, "objectLabel": {"xml:lang": "en", "type": "literal", "value": "Hindi Wiktionary"}, "predicateLabel": {"xml:lang": "en", "type": "literal", "value": "has part(s)"}}, {"subjectLabel": {"xml:lang": "en", "type": "literal", "value": "Wiktionary"}, "object": {"type": "uri", "value": "http://www.wikidata.org/entity/Q33109122"}, "objectLabel": {"xml:lang": "en", "type": "literal", "value": "Norwegian (Bokm\u00e5l) Wiktionary"}, "predicateLabel": {"xml:lang": "en", "type": "literal", "value": "has part(s)"}}, {"subjectLabel": {"xml:lang": "en", "type": "literal", "value": "Wiktionary"}, "object": {"type": "uri", "value": "http://www.wikidata.org/entity/Q33109103"}, "objectLabel": {"xml:lang": "en", "type": "literal", "value": "Tamil Wiktionary"}, "predicateLabel": {"xml:lang": "en", "type": "literal", "value": "has part(s)"}}, {"subjectLabel": {"xml:lang": "en", "type": "literal", "value": "Wiktionary"}, "object": {"type": "uri", "value": "http://www.wikidata.org/entity/Q33109114"}, "objectLabel": {"xml:lang": "en", "type": "literal", "value": "Vietnamese Wiktionary"}, "predicateLabel": {"xml:lang": "en", "type": "literal", "value": "has part(s)"}}, {"subjectLabel": {"xml:lang": "en", "type": "literal", "value": "Wiktionary"}, "object": {"type": "uri", "value": "http://www.wikidata.org/entity/Q33109109"}, "objectLabel": {"xml:lang": "en", "type": "literal", "value": "Ido Wiktionary"}, "predicateLabel": {"xml:lang": "en", "type": "literal", "value": "has part(s)"}}, {"subjectLabel": {"xml:lang": "en", "type": "literal", "value": "Wiktionary"}, "object": {"type": "uri", "value": "http://www.wikidata.org/entity/Q33109119"}, "objectLabel": {"xml:lang": "en", "type": "literal", "value": "Japanese Wiktionary"}, "predicateLabel": {"xml:lang": "en", "type": "literal", "value": "has part(s)"}}, {"subjectLabel": {"xml:lang": "en", "type": "literal", "value": "Wiktionary"}, "object": {"type": "uri", "value": "http://www.wikidata.org/entity/Q33109107"}, "objectLabel": {"xml:lang": "en", "type": "literal", "value": "Turkish Wiktionary"}, "predicateLabel": {"xml:lang": "en", "type": "literal", "value": "has part(s)"}}, {"subjectLabel": {"xml:lang": "en", "type": "literal", "value": "Wiktionary"}, "object": {"type": "uri", "value": "http://www.wikidata.org/entity/Q33109111"}, "objectLabel": {"xml:lang": "en", "type": "literal", "value": "Kannada Wiktionary"}, "predicateLabel": {"xml:lang": "en", "type": "literal", "value": "has part(s)"}}, {"subjectLabel": {"xml:lang": "en", "type": "literal", "value": "Wiktionary"}, "object": {"type": "uri", "value": "http://www.wikidata.org/entity/Q33109123"}, "objectLabel": {"xml:lang": "en", "type": "literal", "value": "Thai Wiktionary"}, "predicateLabel": {"xml:lang": "en", "type": "literal", "value": "has part(s)"}}, {"subjectLabel": {"xml:lang": "en", "type": "literal", "value": "Wiktionary"}, "object": {"type": "uri", "value": "http://www.wikidata.org/entity/Q33109110"}, "objectLabel": {"xml:lang": "en", "type": "literal", "value": "Catalan Wiktionary"}, "predicateLabel": {"xml:lang": "en", "type": "literal", "value": "has part(s)"}}, {"subjectLabel": {"xml:lang": "en", "type": "literal", "value": "Wiktionary"}, "object": {"type": "uri", "value": "http://www.wikidata.org/entity/Q33109242"}, "objectLabel": {"xml:lang": "en", "type": "literal", "value": "Interlingua Wiktionary"}, "predicateLabel": {"xml:lang": "en", "type": "literal", "value": "has part(s)"}}, {"subjectLabel": {"xml:lang": "en", "type": "literal", "value": "Wiktionary"}, "object": {"type": "uri", "value": "http://www.wikidata.org/entity/Q33109236"}, "objectLabel": {"xml:lang": "en", "type": "literal", "value": "Maltese Wiktionary"}, "predicateLabel": {"xml:lang": "en", "type": "literal", "value": "has part(s)"}}, {"subjectLabel": {"xml:lang": "en", "type": "literal", "value": "Wiktionary"}, "object": {"type": "uri", "value": "http://www.wikidata.org/entity/Q33109239"}, "objectLabel": {"xml:lang": "en", "type": "literal", "value": "Aromanian Wiktionary"}, "predicateLabel": {"xml:lang": "en", "type": "literal", "value": "has part(s)"}}, {"subjectLabel": {"xml:lang": "en", "type": "literal", "value": "Wiktionary"}, "object": {"type": "uri", "value": "http://www.wikidata.org/entity/Q33109244"}, "objectLabel": {"xml:lang": "en", "type": "literal", "value": "Aymara Wiktionary"}, "predicateLabel": {"xml:lang": "en", "type": "literal", "value": "has part(s)"}}, {"subjectLabel": {"xml:lang": "en", "type": "literal", "value": "Wiktionary"}, "object": {"type": "uri", "value": "http://www.wikidata.org/entity/Q33109230"}, "objectLabel": {"xml:lang": "en", "type": "literal", "value": "Kashubian Wiktionary"}, "predicateLabel": {"xml:lang": "en", "type": "literal", "value": "has part(s)"}}, {"subjectLabel": {"xml:lang": "en", "type": "literal", "value": "Wiktionary"}, "object": {"type": "uri", "value": "http://www.wikidata.org/entity/Q33109243"}, "objectLabel": {"xml:lang": "en", "type": "literal", "value": "Interlingue Wiktionary"}, "predicateLabel": {"xml:lang": "en", "type": "literal", "value": "has part(s)"}}, {"subjectLabel": {"xml:lang": "en", "type": "literal", "value": "Wiktionary"}, "object": {"type": "uri", "value": "http://www.wikidata.org/entity/Q33109232"}, "objectLabel": {"xml:lang": "en", "type": "literal", "value": "Uyghur Wiktionary"}, "predicateLabel": {"xml:lang": "en", "type": "literal", "value": "has part(s)"}}, {"subjectLabel": {"xml:lang": "en", "type": "literal", "value": "Wiktionary"}, "object": {"type": "uri", "value": "http://www.wikidata.org/entity/Q33109240"}, "objectLabel": {"xml:lang": "en", "type": "literal", "value": "Sinhalese Wiktionary"}, "predicateLabel": {"xml:lang": "en", "type": "literal", "value": "has part(s)"}}, {"subjectLabel": {"xml:lang": "en", "type": "literal", "value": "Wiktionary"}, "object": {"type": "uri", "value": "http://www.wikidata.org/entity/Q33109234"}, "objectLabel": {"xml:lang": "en", "type": "literal", "value": "Scottish Gaelic Wiktionary"}, "predicateLabel": {"xml:lang": "en", "type": "literal", "value": "has part(s)"}}, {"subjectLabel": {"xml:lang": "en", "type": "literal", "value": "Wiktionary"}, "object": {"type": "uri", "value": "http://www.wikidata.org/entity/Q33109229"}, "objectLabel": {"xml:lang": "en", "type": "literal", "value": "Somali Wiktionary"}, "predicateLabel": {"xml:lang": "en", "type": "literal", "value": "has part(s)"}}, {"subjectLabel": {"xml:lang": "en", "type": "literal", "value": "Wiktionary"}, "object": {"type": "uri", "value": "http://www.wikidata.org/entity/Q33109237"}, "objectLabel": {"xml:lang": "en", "type": "literal", "value": "Southern Sotho Wiktionary"}, "predicateLabel": {"xml:lang": "en", "type": "literal", "value": "has part(s)"}}, {"subjectLabel": {"xml:lang": "en", "type": "literal", "value": "Wiktionary"}, "object": {"type": "uri", "value": "http://www.wikidata.org/entity/Q15633582"}, "objectLabel": {"xml:lang": "en", "type": "literal", "value": "MediaWiki website"}, "predicateLabel": {"xml:lang": "en", "type": "literal", "value": "instance of"}}, {"subjectLabel": {"xml:lang": "en", "type": "literal", "value": "Wiktionary"}, "object": {"type": "uri", "value": "http://www.wikidata.org/entity/Q5649364"}, "objectLabel": {"xml:lang": "en", "type": "literal", "value": "Template:Wiktionary"}, "predicateLabel": {"xml:lang": "en", "type": "literal", "value": "topic's main template"}}, {"subjectLabel": {"xml:lang": "en", "type": "literal", "value": "Wiktionary"}, "object": {"type": "uri", "value": "http://www.wikidata.org/entity/Q15176445"}, "objectLabel": {"xml:lang": "en", "type": "literal", "value": "Daniel Alston"}, "predicateLabel": {"xml:lang": "en", "type": "literal", "value": "founded by"}}, {"subjectLabel": {"xml:lang": "en", "type": "literal", "value": "Wiktionary"}, "object": {"type": "uri", "value": "http://www.wikidata.org/entity/Q33108861"}, "objectLabel": {"xml:lang": "en", "type": "literal", "value": "Dutch Wiktionary"}, "predicateLabel": {"xml:lang": "en", "type": "literal", "value": "has part(s)"}}, {"subjectLabel": {"xml:lang": "en", "type": "literal", "value": "Wiktionary"}, "object": {"type": "uri", "value": "http://www.wikidata.org/entity/Q33108859"}, "objectLabel": {"xml:lang": "en", "type": "literal", "value": "Serbo-Croatian Wiktionary"}, "predicateLabel": {"xml:lang": "en", "type": "literal", "value": "has part(s)"}}, {"subjectLabel": {"xml:lang": "en", "type": "literal", "value": "Wiktionary"}, "object": {"type": "uri", "value": "http://www.wikidata.org/entity/Q33109102"}, "objectLabel": {"xml:lang": "en", "type": "literal", "value": "Italian Wiktionary"}, "predicateLabel": {"xml:lang": "en", "type": "literal", "value": "has part(s)"}}, {"subjectLabel": {"xml:lang": "en", "type": "literal", "value": "Wiktionary"}, "object": {"type": "uri", "value": "http://www.wikidata.org/entity/Q33108762"}, "objectLabel": {"xml:lang": "en", "type": "literal", "value": "Malagasy Wiktionary"}, "predicateLabel": {"xml:lang": "en", "type": "literal", "value": "has part(s)"}}, {"subjectLabel": {"xml:lang": "en", "type": "literal", "value": "Wiktionary"}, "object": {"type": "uri", "value": "http://www.wikidata.org/entity/Q32946808"}, "objectLabel": {"xml:lang": "en", "type": "literal", "value": "Czech Wiktionary"}, "predicateLabel": {"xml:lang": "en", "type": "literal", "value": "has part(s)"}}, {"subjectLabel": {"xml:lang": "en", "type": "literal", "value": "Wiktionary"}, "object": {"type": "uri", "value": "http://www.wikidata.org/entity/Q33109101"}, "objectLabel": {"xml:lang": "en", "type": "literal", "value": "Greek Wiktionary"}, "predicateLabel": {"xml:lang": "en", "type": "literal", "value": "has part(s)"}}, {"subjectLabel": {"xml:lang": "en", "type": "literal", "value": "Wiktionary"}, "object": {"type": "uri", "value": "http://www.wikidata.org/entity/Q31622179"}, "objectLabel": {"xml:lang": "en", "type": "literal", "value": "Chinese Wiktionary"}, "predicateLabel": {"xml:lang": "en", "type": "literal", "value": "has part(s)"}}, {"subjectLabel": {"xml:lang": "en", "type": "literal", "value": "Wiktionary"}, "object": {"type": "uri", "value": "http://www.wikidata.org/entity/Q33109095"}, "objectLabel": {"xml:lang": "en", "type": "literal", "value": "Swedish Wiktionary"}, "predicateLabel": {"xml:lang": "en", "type": "literal", "value": "has part(s)"}}, {"subjectLabel": {"xml:lang": "en", "type": "literal", "value": "Wiktionary"}, "object": {"type": "uri", "value": "http://www.wikidata.org/entity/Q33109094"}, "objectLabel": {"xml:lang": "en", "type": "literal", "value": "Lithuanian Wiktionary"}, "predicateLabel": {"xml:lang": "en", "type": "literal", "value": "has part(s)"}}, {"subjectLabel": {"xml:lang": "en", "type": "literal", "value": "Wiktionary"}, "object": {"type": "uri", "value": "http://www.wikidata.org/entity/Q33108860"}, "objectLabel": {"xml:lang": "en", "type": "literal", "value": "Spanish Wiktionary"}, "predicateLabel": {"xml:lang": "en", "type": "literal", "value": "has part(s)"}}, {"subjectLabel": {"xml:lang": "en", "type": "literal", "value": "Wiktionary"}, "object": {"type": "uri", "value": "http://www.wikidata.org/entity/Q33109100"}, "objectLabel": {"xml:lang": "en", "type": "literal", "value": "Kurdish Wiktionary"}, "predicateLabel": {"xml:lang": "en", "type": "literal", "value": "has part(s)"}}, {"subjectLabel": {"xml:lang": "en", "type": "literal", "value": "Wiktionary"}, "object": {"type": "uri", "value": "http://www.wikidata.org/entity/Q33109097"}, "objectLabel": {"xml:lang": "en", "type": "literal", "value": "Polish Wiktionary"}, "predicateLabel": {"xml:lang": "en", "type": "literal", "value": "has part(s)"}}, {"subjectLabel": {"xml:lang": "en", "type": "literal", "value": "Wiktionary"}, "object": {"type": "uri", "value": "http://www.wikidata.org/entity/Q33109146"}, "objectLabel": {"xml:lang": "en", "type": "literal", "value": "Breton Wiktionary"}, "predicateLabel": {"xml:lang": "en", "type": "literal", "value": "has part(s)"}}, {"subjectLabel": {"xml:lang": "en", "type": "literal", "value": "Wiktionary"}, "object": {"type": "uri", "value": "http://www.wikidata.org/entity/Q33109163"}, "objectLabel": {"xml:lang": "en", "type": "literal", "value": "Icelandic Wiktionary"}, "predicateLabel": {"xml:lang": "en", "type": "literal", "value": "has part(s)"}}, {"subjectLabel": {"xml:lang": "en", "type": "literal", "value": "Wiktionary"}, "object": {"type": "uri", "value": "http://www.wikidata.org/entity/Q33109172"}, "objectLabel": {"xml:lang": "en", "type": "literal", "value": "Hebrew Wiktionary"}, "predicateLabel": {"xml:lang": "en", "type": "literal", "value": "has part(s)"}}, {"subjectLabel": {"xml:lang": "en", "type": "literal", "value": "Wiktionary"}, "object": {"type": "uri", "value": "http://www.wikidata.org/entity/Q33109160"}, "objectLabel": {"xml:lang": "en", "type": "literal", "value": "Welsh Wiktionary"}, "predicateLabel": {"xml:lang": "en", "type": "literal", "value": "has part(s)"}}, {"subjectLabel": {"xml:lang": "en", "type": "literal", "value": "Wiktionary"}, "object": {"type": "uri", "value": "http://www.wikidata.org/entity/Q33109149"}, "objectLabel": {"xml:lang": "en", "type": "literal", "value": "Ukrainian Wiktionary"}, "predicateLabel": {"xml:lang": "en", "type": "literal", "value": "has part(s)"}}, {"subjectLabel": {"xml:lang": "en", "type": "literal", "value": "Wiktionary"}, "object": {"type": "uri", "value": "http://www.wikidata.org/entity/Q33109161"}, "objectLabel": {"xml:lang": "en", "type": "literal", "value": "Volap\u00fck Wiktionary"}, "predicateLabel": {"xml:lang": "en", "type": "literal", "value": "has part(s)"}}, {"subjectLabel": {"xml:lang": "en", "type": "literal", "value": "Wiktionary"}, "object": {"type": "uri", "value": "http://www.wikidata.org/entity/Q33109153"}, "objectLabel": {"xml:lang": "en", "type": "literal", "value": "Croatian Wiktionary"}, "predicateLabel": {"xml:lang": "en", "type": "literal", "value": "has part(s)"}}, {"subjectLabel": {"xml:lang": "en", "type": "literal", "value": "Wiktionary"}, "object": {"type": "uri", "value": "http://www.wikidata.org/entity/Q33109170"}, "objectLabel": {"xml:lang": "en", "type": "literal", "value": "Latin Wiktionary"}, "predicateLabel": {"xml:lang": "en", "type": "literal", "value": "has part(s)"}}, {"subjectLabel": {"xml:lang": "en", "type": "literal", "value": "Wiktionary"}, "object": {"type": "uri", "value": "http://www.wikidata.org/entity/Q33109162"}, "objectLabel": {"xml:lang": "en", "type": "literal", "value": "Walloon Wiktionary"}, "predicateLabel": {"xml:lang": "en", "type": "literal", "value": "has part(s)"}}, {"subjectLabel": {"xml:lang": "en", "type": "literal", "value": "Wiktionary"}, "object": {"type": "uri", "value": "http://www.wikidata.org/entity/Q33109151"}, "objectLabel": {"xml:lang": "en", "type": "literal", "value": "Occitan Wiktionary"}, "predicateLabel": {"xml:lang": "en", "type": "literal", "value": "has part(s)"}}, {"subjectLabel": {"xml:lang": "en", "type": "literal", "value": "Wiktionary"}, "object": {"type": "uri", "value": "http://www.wikidata.org/entity/Q33109157"}, "objectLabel": {"xml:lang": "en", "type": "literal", "value": "Bulgarian Wiktionary"}, "predicateLabel": {"xml:lang": "en", "type": "literal", "value": "has part(s)"}}, {"subjectLabel": {"xml:lang": "en", "type": "literal", "value": "Wiktionary"}, "object": {"type": "uri", "value": "http://www.wikidata.org/entity/Q33109166"}, "objectLabel": {"xml:lang": "en", "type": "literal", "value": "Min Nan Wiktionary"}, "predicateLabel": {"xml:lang": "en", "type": "literal", "value": "has part(s)"}}, {"subjectLabel": {"xml:lang": "en", "type": "literal", "value": "Wiktionary"}, "object": {"type": "uri", "value": "http://www.wikidata.org/entity/Q33109159"}, "objectLabel": {"xml:lang": "en", "type": "literal", "value": "Pashto Wiktionary"}, "predicateLabel": {"xml:lang": "en", "type": "literal", "value": "has part(s)"}}, {"subjectLabel": {"xml:lang": "en", "type": "literal", "value": "Wiktionary"}, "object": {"type": "uri", "value": "http://www.wikidata.org/entity/Q33109155"}, "objectLabel": {"xml:lang": "en", "type": "literal", "value": "Tajik Wiktionary"}, "predicateLabel": {"xml:lang": "en", "type": "literal", "value": "has part(s)"}}, {"subjectLabel": {"xml:lang": "en", "type": "literal", "value": "Wiktionary"}, "object": {"type": "uri", "value": "http://www.wikidata.org/entity/Q33109154"}, "objectLabel": {"xml:lang": "en", "type": "literal", "value": "Fijian Wiktionary"}, "predicateLabel": {"xml:lang": "en", "type": "literal", "value": "has part(s)"}}, {"subjectLabel": {"xml:lang": "en", "type": "literal", "value": "Wiktionary"}, "object": {"type": "uri", "value": "http://www.wikidata.org/entity/Q33109169"}, "objectLabel": {"xml:lang": "en", "type": "literal", "value": "Sicilian Wiktionary"}, "predicateLabel": {"xml:lang": "en", "type": "literal", "value": "has part(s)"}}, {"subjectLabel": {"xml:lang": "en", "type": "literal", "value": "Wiktionary"}, "object": {"type": "uri", "value": "http://www.wikidata.org/entity/Q33109167"}, "objectLabel": {"xml:lang": "en", "type": "literal", "value": "Slovak Wiktionary"}, "predicateLabel": {"xml:lang": "en", "type": "literal", "value": "has part(s)"}}, {"subjectLabel": {"xml:lang": "en", "type": "literal", "value": "Wiktionary"}, "object": {"type": "uri", "value": "http://www.wikidata.org/entity/Q33109185"}, "objectLabel": {"xml:lang": "en", "type": "literal", "value": "Latvian Wiktionary"}, "predicateLabel": {"xml:lang": "en", "type": "literal", "value": "has part(s)"}}, {"subjectLabel": {"xml:lang": "en", "type": "literal", "value": "Wiktionary"}, "object": {"type": "uri", "value": "http://www.wikidata.org/entity/Q33109174"}, "objectLabel": {"xml:lang": "en", "type": "literal", "value": "Asturian Wiktionary"}, "predicateLabel": {"xml:lang": "en", "type": "literal", "value": "has part(s)"}}, {"subjectLabel": {"xml:lang": "en", "type": "literal", "value": "Wiktionary"}, "object": {"type": "uri", "value": "http://www.wikidata.org/entity/Q33109178"}, "objectLabel": {"xml:lang": "en", "type": "literal", "value": "Swahili Wiktionary"}, "predicateLabel": {"xml:lang": "en", "type": "literal", "value": "has part(s)"}}, {"subjectLabel": {"xml:lang": "en", "type": "literal", "value": "Wiktionary"}, "object": {"type": "uri", "value": "http://www.wikidata.org/entity/Q33109184"}, "objectLabel": {"xml:lang": "en", "type": "literal", "value": "Norwegian (Nynorsk) Wiktionary"}, "predicateLabel": {"xml:lang": "en", "type": "literal", "value": "has part(s)"}}, {"subjectLabel": {"xml:lang": "en", "type": "literal", "value": "Wiktionary"}, "object": {"type": "uri", "value": "http://www.wikidata.org/entity/Q33109186"}, "objectLabel": {"xml:lang": "en", "type": "literal", "value": "Corsican Wiktionary"}, "predicateLabel": {"xml:lang": "en", "type": "literal", "value": "has part(s)"}}, {"subjectLabel": {"xml:lang": "en", "type": "literal", "value": "Wiktionary"}, "object": {"type": "uri", "value": "http://www.wikidata.org/entity/Q33109189"}, "objectLabel": {"xml:lang": "en", "type": "literal", "value": "Mongolian Wiktionary"}, "predicateLabel": {"xml:lang": "en", "type": "literal", "value": "has part(s)"}}, {"subjectLabel": {"xml:lang": "en", "type": "literal", "value": "Wiktionary"}, "object": {"type": "uri", "value": "http://www.wikidata.org/entity/Q33109179"}, "objectLabel": {"xml:lang": "en", "type": "literal", "value": "Kirghiz Wiktionary"}, "predicateLabel": {"xml:lang": "en", "type": "literal", "value": "has part(s)"}}, {"subjectLabel": {"xml:lang": "en", "type": "literal", "value": "Wiktionary"}, "object": {"type": "uri", "value": "http://www.wikidata.org/entity/Q33109187"}, "objectLabel": {"xml:lang": "en", "type": "literal", "value": "Western Panjabi Wiktionary"}, "predicateLabel": {"xml:lang": "en", "type": "literal", "value": "has part(s)"}}, {"subjectLabel": {"xml:lang": "en", "type": "literal", "value": "Wiktionary"}, "object": {"type": "uri", "value": "http://www.wikidata.org/entity/Q33109175"}, "objectLabel": {"xml:lang": "en", "type": "literal", "value": "Afrikaans Wiktionary"}, "predicateLabel": {"xml:lang": "en", "type": "literal", "value": "has part(s)"}}, {"subjectLabel": {"xml:lang": "en", "type": "literal", "value": "Wiktionary"}, "object": {"type": "uri", "value": "http://www.wikidata.org/entity/Q33109182"}, "objectLabel": {"xml:lang": "en", "type": "literal", "value": "West Frisian Wiktionary"}, "predicateLabel": {"xml:lang": "en", "type": "literal", "value": "has part(s)"}}]}