{"Q4346860": [{"subjectLabel": {"xml:lang": "en", "type": "literal", "value": "Adolf Patera"}, "object": {"type": "uri", "value": "http://www.wikidata.org/entity/Q9056"}, "objectLabel": {"xml:lang": "en", "type": "literal", "value": "Czech"}, "predicateLabel": {"xml:lang": "en", "type": "literal", "value": "languages spoken, written or signed"}}, {"subjectLabel": {"xml:lang": "en", "type": "literal", "value": "Adolf Patera"}, "object": {"type": "uri", "value": "http://www.wikidata.org/entity/Q5"}, "objectLabel": {"xml:lang": "en", "type": "literal", "value": "human"}, "predicateLabel": {"xml:lang": "en", "type": "literal", "value": "instance of"}}, {"subjectLabel": {"xml:lang": "en", "type": "literal", "value": "Adolf Patera"}, "object": {"type": "uri", "value": "http://www.wikidata.org/entity/Q28513"}, "objectLabel": {"xml:lang": "en", "type": "literal", "value": "Austria-Hungary"}, "predicateLabel": {"xml:lang": "en", "type": "literal", "value": "country of citizenship"}}, {"subjectLabel": {"xml:lang": "en", "type": "literal", "value": "Adolf Patera"}, "object": {"type": "uri", "value": "http://www.wikidata.org/entity/Q131964"}, "objectLabel": {"xml:lang": "en", "type": "literal", "value": "Austrian Empire"}, "predicateLabel": {"xml:lang": "en", "type": "literal", "value": "country of citizenship"}}, {"subjectLabel": {"xml:lang": "en", "type": "literal", "value": "Adolf Patera"}, "object": {"type": "uri", "value": "http://www.wikidata.org/entity/Q4684142"}, "objectLabel": {"xml:lang": "en", "type": "literal", "value": "Adolf Patera"}, "predicateLabel": {"xml:lang": "en", "type": "literal", "value": "different from"}}, {"subjectLabel": {"xml:lang": "en", "type": "literal", "value": "Adolf Patera"}, "object": {"type": "uri", "value": "http://www.wikidata.org/entity/Q1624461"}, "objectLabel": {"xml:lang": "en", "type": "literal", "value": "Hole\u0161ovice"}, "predicateLabel": {"xml:lang": "en", "type": "literal", "value": "place of death"}}, {"subjectLabel": {"xml:lang": "en", "type": "literal", "value": "Adolf Patera"}, "object": {"type": "uri", "value": "http://www.wikidata.org/entity/Q6581097"}, "objectLabel": {"xml:lang": "en", "type": "literal", "value": "male"}, "predicateLabel": {"xml:lang": "en", "type": "literal", "value": "sex or gender"}}, {"subjectLabel": {"xml:lang": "en", "type": "literal", "value": "Adolf Patera"}, "object": {"type": "uri", "value": "http://www.wikidata.org/entity/Q602358"}, "objectLabel": {"xml:lang": "en", "type": "literal", "value": "Brockhaus and Efron Encyclopedic Dictionary"}, "predicateLabel": {"xml:lang": "en", "type": "literal", "value": "described by source"}}, {"subjectLabel": {"xml:lang": "en", "type": "literal", "value": "Adolf Patera"}, "object": {"type": "uri", "value": "http://www.wikidata.org/entity/Q201788"}, "objectLabel": {"xml:lang": "en", "type": "literal", "value": "historian"}, "predicateLabel": {"xml:lang": "en", "type": "literal", "value": "occupation"}}, {"subjectLabel": {"xml:lang": "en", "type": "literal", "value": "Adolf Patera"}, "object": {"type": "uri", "value": "http://www.wikidata.org/entity/Q13570226"}, "objectLabel": {"xml:lang": "en", "type": "literal", "value": "literary historian"}, "predicateLabel": {"xml:lang": "en", "type": "literal", "value": "occupation"}}, {"subjectLabel": {"xml:lang": "en", "type": "literal", "value": "Adolf Patera"}, "object": {"type": "uri", "value": "http://www.wikidata.org/entity/Q18145837"}, "objectLabel": {"xml:lang": "en", "type": "literal", "value": "Adolf"}, "predicateLabel": {"xml:lang": "en", "type": "literal", "value": "given name"}}, {"subjectLabel": {"xml:lang": "en", "type": "literal", "value": "Adolf Patera"}, "object": {"type": "uri", "value": "http://www.wikidata.org/entity/Q4345832"}, "objectLabel": {"xml:lang": "en", "type": "literal", "value": "Saint Petersburg Academy of Sciences"}, "predicateLabel": {"xml:lang": "en", "type": "literal", "value": "member of"}}, {"subjectLabel": {"xml:lang": "en", "type": "literal", "value": "Adolf Patera"}, "object": {"type": "uri", "value": "http://www.wikidata.org/entity/Q18882250"}, "objectLabel": {"xml:lang": "en", "type": "literal", "value": "Category:Adolf Patera"}, "predicateLabel": {"xml:lang": "en", "type": "literal", "value": "topic's main category"}}, {"subjectLabel": {"xml:lang": "en", "type": "literal", "value": "Adolf Patera"}, "object": {"type": "uri", "value": "http://www.wikidata.org/entity/Q37192357"}, "objectLabel": {"xml:lang": "en", "type": "literal", "value": "Patera"}, "predicateLabel": {"xml:lang": "en", "type": "literal", "value": "family name"}}, {"subjectLabel": {"xml:lang": "en", "type": "literal", "value": "Adolf Patera"}, "object": {"type": "uri", "value": "http://www.wikidata.org/entity/Q117831991"}, "objectLabel": {"xml:lang": "en", "type": "literal", "value": "Lexikon \u010desk\u00e9 literatury. Osobnosti, d\u00edla, instituce"}, "predicateLabel": {"xml:lang": "en", "type": "literal", "value": "described by source"}}, {"subjectLabel": {"xml:lang": "en", "type": "literal", "value": "Adolf Patera"}, "object": {"type": "uri", "value": "http://www.wikidata.org/entity/Q67311526"}, "objectLabel": {"xml:lang": "en", "type": "literal", "value": "Obalky knih.cz"}, "predicateLabel": {"xml:lang": "en", "type": "literal", "value": "described by source"}}, {"subjectLabel": {"xml:lang": "en", "type": "literal", "value": "Adolf Patera"}, "object": {"type": "uri", "value": "http://www.wikidata.org/entity/Q1906392"}, "objectLabel": {"xml:lang": "en", "type": "literal", "value": "Hudlice"}, "predicateLabel": {"xml:lang": "en", "type": "literal", "value": "place of birth"}}], "Q4402033": [{"subjectLabel": {"xml:lang": "en", "type": "literal", "value": "Franti\u0161ek Jaroslav Ryp\u00e1\u010dek"}, "object": {"type": "uri", "value": "http://www.wikidata.org/entity/Q5"}, "objectLabel": {"xml:lang": "en", "type": "literal", "value": "human"}, "predicateLabel": {"xml:lang": "en", "type": "literal", "value": "instance of"}}, {"subjectLabel": {"xml:lang": "en", "type": "literal", "value": "Franti\u0161ek Jaroslav Ryp\u00e1\u010dek"}, "object": {"type": "uri", "value": "http://www.wikidata.org/entity/Q14960"}, "objectLabel": {"xml:lang": "en", "type": "literal", "value": "Brno"}, "predicateLabel": {"xml:lang": "en", "type": "literal", "value": "place of death"}}, {"subjectLabel": {"xml:lang": "en", "type": "literal", "value": "Franti\u0161ek Jaroslav Ryp\u00e1\u010dek"}, "object": {"type": "uri", "value": "http://www.wikidata.org/entity/Q602358"}, "objectLabel": {"xml:lang": "en", "type": "literal", "value": "Brockhaus and Efron Encyclopedic Dictionary"}, "predicateLabel": {"xml:lang": "en", "type": "literal", "value": "described by source"}}, {"subjectLabel": {"xml:lang": "en", "type": "literal", "value": "Franti\u0161ek Jaroslav Ryp\u00e1\u010dek"}, "object": {"type": "uri", "value": "http://www.wikidata.org/entity/Q2041543"}, "objectLabel": {"xml:lang": "en", "type": "literal", "value": "Ott\u016fv slovn\u00edk nau\u010dn\u00fd"}, "predicateLabel": {"xml:lang": "en", "type": "literal", "value": "described by source"}}, {"subjectLabel": {"xml:lang": "en", "type": "literal", "value": "Franti\u0161ek Jaroslav Ryp\u00e1\u010dek"}, "object": {"type": "uri", "value": "http://www.wikidata.org/entity/Q2648973"}, "objectLabel": {"xml:lang": "en", "type": "literal", "value": "Franti\u0161ek"}, "predicateLabel": {"xml:lang": "en", "type": "literal", "value": "given name"}}, {"subjectLabel": {"xml:lang": "en", "type": "literal", "value": "Franti\u0161ek Jaroslav Ryp\u00e1\u010dek"}, "object": {"type": "uri", "value": "http://www.wikidata.org/entity/Q37226"}, "objectLabel": {"xml:lang": "en", "type": "literal", "value": "teacher"}, "predicateLabel": {"xml:lang": "en", "type": "literal", "value": "occupation"}}, {"subjectLabel": {"xml:lang": "en", "type": "literal", "value": "Franti\u0161ek Jaroslav Ryp\u00e1\u010dek"}, "object": {"type": "uri", "value": "http://www.wikidata.org/entity/Q28513"}, "objectLabel": {"xml:lang": "en", "type": "literal", "value": "Austria-Hungary"}, "predicateLabel": {"xml:lang": "en", "type": "literal", "value": "country of citizenship"}}, {"subjectLabel": {"xml:lang": "en", "type": "literal", "value": "Franti\u0161ek Jaroslav Ryp\u00e1\u010dek"}, "object": {"type": "uri", "value": "http://www.wikidata.org/entity/Q9056"}, "objectLabel": {"xml:lang": "en", "type": "literal", "value": "Czech"}, "predicateLabel": {"xml:lang": "en", "type": "literal", "value": "languages spoken, written or signed"}}, {"subjectLabel": {"xml:lang": "en", "type": "literal", "value": "Franti\u0161ek Jaroslav Ryp\u00e1\u010dek"}, "object": {"type": "uri", "value": "http://www.wikidata.org/entity/Q1595570"}, "objectLabel": {"xml:lang": "en", "type": "literal", "value": "local historian"}, "predicateLabel": {"xml:lang": "en", "type": "literal", "value": "occupation"}}, {"subjectLabel": {"xml:lang": "en", "type": "literal", "value": "Franti\u0161ek Jaroslav Ryp\u00e1\u010dek"}, "object": {"type": "uri", "value": "http://www.wikidata.org/entity/Q36180"}, "objectLabel": {"xml:lang": "en", "type": "literal", "value": "writer"}, "predicateLabel": {"xml:lang": "en", "type": "literal", "value": "occupation"}}, {"subjectLabel": {"xml:lang": "en", "type": "literal", "value": "Franti\u0161ek Jaroslav Ryp\u00e1\u010dek"}, "object": {"type": "uri", "value": "http://www.wikidata.org/entity/Q1231865"}, "objectLabel": {"xml:lang": "en", "type": "literal", "value": "pedagogue"}, "predicateLabel": {"xml:lang": "en", "type": "literal", "value": "occupation"}}, {"subjectLabel": {"xml:lang": "en", "type": "literal", "value": "Franti\u0161ek Jaroslav Ryp\u00e1\u010dek"}, "object": {"type": "uri", "value": "http://www.wikidata.org/entity/Q49757"}, "objectLabel": {"xml:lang": "en", "type": "literal", "value": "poet"}, "predicateLabel": {"xml:lang": "en", "type": "literal", "value": "occupation"}}, {"subjectLabel": {"xml:lang": "en", "type": "literal", "value": "Franti\u0161ek Jaroslav Ryp\u00e1\u010dek"}, "object": {"type": "uri", "value": "http://www.wikidata.org/entity/Q6581097"}, "objectLabel": {"xml:lang": "en", "type": "literal", "value": "male"}, "predicateLabel": {"xml:lang": "en", "type": "literal", "value": "sex or gender"}}, {"subjectLabel": {"xml:lang": "en", "type": "literal", "value": "Franti\u0161ek Jaroslav Ryp\u00e1\u010dek"}, "object": {"type": "uri", "value": "http://www.wikidata.org/entity/Q1622773"}, "objectLabel": {"xml:lang": "en", "type": "literal", "value": "Hod\u011bt\u00edn"}, "predicateLabel": {"xml:lang": "en", "type": "literal", "value": "place of birth"}}, {"subjectLabel": {"xml:lang": "en", "type": "literal", "value": "Franti\u0161ek Jaroslav Ryp\u00e1\u010dek"}, "object": {"type": "uri", "value": "http://www.wikidata.org/entity/Q5758653"}, "objectLabel": {"xml:lang": "en", "type": "literal", "value": "high school teacher"}, "predicateLabel": {"xml:lang": "en", "type": "literal", "value": "occupation"}}, {"subjectLabel": {"xml:lang": "en", "type": "literal", "value": "Franti\u0161ek Jaroslav Ryp\u00e1\u010dek"}, "object": {"type": "uri", "value": "http://www.wikidata.org/entity/Q17117047"}, "objectLabel": {"xml:lang": "en", "type": "literal", "value": "Category:Franti\u0161ek Jaroslav Ryp\u00e1\u010dek"}, "predicateLabel": {"xml:lang": "en", "type": "literal", "value": "topic's main category"}}, {"subjectLabel": {"xml:lang": "en", "type": "literal", "value": "Franti\u0161ek Jaroslav Ryp\u00e1\u010dek"}, "object": {"type": "uri", "value": "http://www.wikidata.org/entity/Q117831991"}, "objectLabel": {"xml:lang": "en", "type": "literal", "value": "Lexikon \u010desk\u00e9 literatury. Osobnosti, d\u00edla, instituce"}, "predicateLabel": {"xml:lang": "en", "type": "literal", "value": "described by source"}}, {"subjectLabel": {"xml:lang": "en", "type": "literal", "value": "Franti\u0161ek Jaroslav Ryp\u00e1\u010dek"}, "object": {"type": "uri", "value": "http://www.wikidata.org/entity/Q12024036"}, "objectLabel": {"xml:lang": "en", "type": "literal", "value": "Jaroslav Radimsk\u00fd"}, "predicateLabel": {"xml:lang": "en", "type": "literal", "value": "child"}}, {"subjectLabel": {"xml:lang": "en", "type": "literal", "value": "Franti\u0161ek Jaroslav Ryp\u00e1\u010dek"}, "object": {"type": "uri", "value": "http://www.wikidata.org/entity/Q6497044"}, "objectLabel": {"xml:lang": "en", "type": "literal", "value": "history of literature"}, "predicateLabel": {"xml:lang": "en", "type": "literal", "value": "field of work"}}, {"subjectLabel": {"xml:lang": "en", "type": "literal", "value": "Franti\u0161ek Jaroslav Ryp\u00e1\u010dek"}, "object": {"type": "uri", "value": "http://www.wikidata.org/entity/Q115161045"}, "objectLabel": {"xml:lang": "en", "type": "literal", "value": "Czech poetry"}, "predicateLabel": {"xml:lang": "en", "type": "literal", "value": "field of work"}}, {"subjectLabel": {"xml:lang": "en", "type": "literal", "value": "Franti\u0161ek Jaroslav Ryp\u00e1\u010dek"}, "object": {"type": "uri", "value": "http://www.wikidata.org/entity/Q67311526"}, "objectLabel": {"xml:lang": "en", "type": "literal", "value": "Obalky knih.cz"}, "predicateLabel": {"xml:lang": "en", "type": "literal", "value": "described by source"}}, {"subjectLabel": {"xml:lang": "en", "type": "literal", "value": "Franti\u0161ek Jaroslav Ryp\u00e1\u010dek"}, "object": {"type": "uri", "value": "http://www.wikidata.org/entity/Q11088399"}, "objectLabel": {"xml:lang": "en", "type": "literal", "value": "Brno Central Cemetery"}, "predicateLabel": {"xml:lang": "en", "type": "literal", "value": "place of burial"}}, {"subjectLabel": {"xml:lang": "en", "type": "literal", "value": "Franti\u0161ek Jaroslav Ryp\u00e1\u010dek"}, "object": {"type": "uri", "value": "http://www.wikidata.org/entity/Q13570226"}, "objectLabel": {"xml:lang": "en", "type": "literal", "value": "literary historian"}, "predicateLabel": {"xml:lang": "en", "type": "literal", "value": "occupation"}}, {"subjectLabel": {"xml:lang": "en", "type": "literal", "value": "Franti\u0161ek Jaroslav Ryp\u00e1\u010dek"}, "object": {"type": "uri", "value": "http://www.wikidata.org/entity/Q201788"}, "objectLabel": {"xml:lang": "en", "type": "literal", "value": "historian"}, "predicateLabel": {"xml:lang": "en", "type": "literal", "value": "occupation"}}], "Q1706187": [{"subjectLabel": {"xml:lang": "en", "type": "literal", "value": "Josef \u0160tefan Kub\u00edn"}, "object": {"type": "uri", "value": "http://www.wikidata.org/entity/Q5"}, "objectLabel": {"xml:lang": "en", "type": "literal", "value": "human"}, "predicateLabel": {"xml:lang": "en", "type": "literal", "value": "instance of"}}, {"subjectLabel": {"xml:lang": "en", "type": "literal", "value": "Josef \u0160tefan Kub\u00edn"}, "object": {"type": "uri", "value": "http://www.wikidata.org/entity/Q1085"}, "objectLabel": {"xml:lang": "en", "type": "literal", "value": "Prague"}, "predicateLabel": {"xml:lang": "en", "type": "literal", "value": "place of death"}}, {"subjectLabel": {"xml:lang": "en", "type": "literal", "value": "Josef \u0160tefan Kub\u00edn"}, "object": {"type": "uri", "value": "http://www.wikidata.org/entity/Q37226"}, "objectLabel": {"xml:lang": "en", "type": "literal", "value": "teacher"}, "predicateLabel": {"xml:lang": "en", "type": "literal", "value": "occupation"}}, {"subjectLabel": {"xml:lang": "en", "type": "literal", "value": "Josef \u0160tefan Kub\u00edn"}, "object": {"type": "uri", "value": "http://www.wikidata.org/entity/Q9056"}, "objectLabel": {"xml:lang": "en", "type": "literal", "value": "Czech"}, "predicateLabel": {"xml:lang": "en", "type": "literal", "value": "languages spoken, written or signed"}}, {"subjectLabel": {"xml:lang": "en", "type": "literal", "value": "Josef \u0160tefan Kub\u00edn"}, "object": {"type": "uri", "value": "http://www.wikidata.org/entity/Q117831991"}, "objectLabel": {"xml:lang": "en", "type": "literal", "value": "Lexikon \u010desk\u00e9 literatury. Osobnosti, d\u00edla, instituce"}, "predicateLabel": {"xml:lang": "en", "type": "literal", "value": "described by source"}}, {"subjectLabel": {"xml:lang": "en", "type": "literal", "value": "Josef \u0160tefan Kub\u00edn"}, "object": {"type": "uri", "value": "http://www.wikidata.org/entity/Q67311526"}, "objectLabel": {"xml:lang": "en", "type": "literal", "value": "Obalky knih.cz"}, "predicateLabel": {"xml:lang": "en", "type": "literal", "value": "described by source"}}, {"subjectLabel": {"xml:lang": "en", "type": "literal", "value": "Josef \u0160tefan Kub\u00edn"}, "object": {"type": "uri", "value": "http://www.wikidata.org/entity/Q3243461"}, "objectLabel": {"xml:lang": "en", "type": "literal", "value": "collector"}, "predicateLabel": {"xml:lang": "en", "type": "literal", "value": "occupation"}}, {"subjectLabel": {"xml:lang": "en", "type": "literal", "value": "Josef \u0160tefan Kub\u00edn"}, "object": {"type": "uri", "value": "http://www.wikidata.org/entity/Q15727889"}, "objectLabel": {"xml:lang": "en", "type": "literal", "value": "\u0160tefan"}, "predicateLabel": {"xml:lang": "en", "type": "literal", "value": "given name"}}, {"subjectLabel": {"xml:lang": "en", "type": "literal", "value": "Josef \u0160tefan Kub\u00edn"}, "object": {"type": "uri", "value": "http://www.wikidata.org/entity/Q656603"}, "objectLabel": {"xml:lang": "en", "type": "literal", "value": "Ji\u010d\u00edn"}, "predicateLabel": {"xml:lang": "en", "type": "literal", "value": "place of birth"}}, {"subjectLabel": {"xml:lang": "en", "type": "literal", "value": "Josef \u0160tefan Kub\u00edn"}, "object": {"type": "uri", "value": "http://www.wikidata.org/entity/Q15730712"}, "objectLabel": {"xml:lang": "en", "type": "literal", "value": "Josef"}, "predicateLabel": {"xml:lang": "en", "type": "literal", "value": "given name"}}, {"subjectLabel": {"xml:lang": "en", "type": "literal", "value": "Josef \u0160tefan Kub\u00edn"}, "object": {"type": "uri", "value": "http://www.wikidata.org/entity/Q17121519"}, "objectLabel": {"xml:lang": "en", "type": "literal", "value": "Category:Josef \u0160tefan Kub\u00edn"}, "predicateLabel": {"xml:lang": "en", "type": "literal", "value": "topic's main category"}}, {"subjectLabel": {"xml:lang": "en", "type": "literal", "value": "Josef \u0160tefan Kub\u00edn"}, "object": {"type": "uri", "value": "http://www.wikidata.org/entity/Q6581097"}, "objectLabel": {"xml:lang": "en", "type": "literal", "value": "male"}, "predicateLabel": {"xml:lang": "en", "type": "literal", "value": "sex or gender"}}, {"subjectLabel": {"xml:lang": "en", "type": "literal", "value": "Josef \u0160tefan Kub\u00edn"}, "object": {"type": "uri", "value": "http://www.wikidata.org/entity/Q56886293"}, "objectLabel": {"xml:lang": "en", "type": "literal", "value": "Kub\u00edn"}, "predicateLabel": {"xml:lang": "en", "type": "literal", "value": "family name"}}, {"subjectLabel": {"xml:lang": "en", "type": "literal", "value": "Josef \u0160tefan Kub\u00edn"}, "object": {"type": "uri", "value": "http://www.wikidata.org/entity/Q333634"}, "objectLabel": {"xml:lang": "en", "type": "literal", "value": "translator"}, "predicateLabel": {"xml:lang": "en", "type": "literal", "value": "occupation"}}, {"subjectLabel": {"xml:lang": "en", "type": "literal", "value": "Josef \u0160tefan Kub\u00edn"}, "object": {"type": "uri", "value": "http://www.wikidata.org/entity/Q118967"}, "objectLabel": {"xml:lang": "en", "type": "literal", "value": "Vy\u0161ehrad cemetery"}, "predicateLabel": {"xml:lang": "en", "type": "literal", "value": "place of burial"}}, {"subjectLabel": {"xml:lang": "en", "type": "literal", "value": "Josef \u0160tefan Kub\u00edn"}, "object": {"type": "uri", "value": "http://www.wikidata.org/entity/Q12347522"}, "objectLabel": {"xml:lang": "en", "type": "literal", "value": "ethnographer"}, "predicateLabel": {"xml:lang": "en", "type": "literal", "value": "occupation"}}, {"subjectLabel": {"xml:lang": "en", "type": "literal", "value": "Josef \u0160tefan Kub\u00edn"}, "object": {"type": "uri", "value": "http://www.wikidata.org/entity/Q36180"}, "objectLabel": {"xml:lang": "en", "type": "literal", "value": "writer"}, "predicateLabel": {"xml:lang": "en", "type": "literal", "value": "occupation"}}, {"subjectLabel": {"xml:lang": "en", "type": "literal", "value": "Josef \u0160tefan Kub\u00edn"}, "object": {"type": "uri", "value": "http://www.wikidata.org/entity/Q28513"}, "objectLabel": {"xml:lang": "en", "type": "literal", "value": "Austria-Hungary"}, "predicateLabel": {"xml:lang": "en", "type": "literal", "value": "country of citizenship"}}, {"subjectLabel": {"xml:lang": "en", "type": "literal", "value": "Josef \u0160tefan Kub\u00edn"}, "object": {"type": "uri", "value": "http://www.wikidata.org/entity/Q6970486"}, "objectLabel": {"xml:lang": "en", "type": "literal", "value": "N\u00e1rodn\u00ed um\u011blec"}, "predicateLabel": {"xml:lang": "en", "type": "literal", "value": "award received"}}], "Q1713008": [{"subjectLabel": {"xml:lang": "en", "type": "literal", "value": "Julius Stoklasa"}, "object": {"type": "uri", "value": "http://www.wikidata.org/entity/Q5"}, "objectLabel": {"xml:lang": "en", "type": "literal", "value": "human"}, "predicateLabel": {"xml:lang": "en", "type": "literal", "value": "instance of"}}, {"subjectLabel": {"xml:lang": "en", "type": "literal", "value": "Julius Stoklasa"}, "object": {"type": "uri", "value": "http://www.wikidata.org/entity/Q33946"}, "objectLabel": {"xml:lang": "en", "type": "literal", "value": "Czechoslovakia"}, "predicateLabel": {"xml:lang": "en", "type": "literal", "value": "country of citizenship"}}, {"subjectLabel": {"xml:lang": "en", "type": "literal", "value": "Julius Stoklasa"}, "object": {"type": "uri", "value": "http://www.wikidata.org/entity/Q1085"}, "objectLabel": {"xml:lang": "en", "type": "literal", "value": "Prague"}, "predicateLabel": {"xml:lang": "en", "type": "literal", "value": "place of death"}}, {"subjectLabel": {"xml:lang": "en", "type": "literal", "value": "Julius Stoklasa"}, "object": {"type": "uri", "value": "http://www.wikidata.org/entity/Q722732"}, "objectLabel": {"xml:lang": "en", "type": "literal", "value": "Litomy\u0161l"}, "predicateLabel": {"xml:lang": "en", "type": "literal", "value": "place of birth"}}, {"subjectLabel": {"xml:lang": "en", "type": "literal", "value": "Julius Stoklasa"}, "object": {"type": "uri", "value": "http://www.wikidata.org/entity/Q1102114"}, "objectLabel": {"xml:lang": "en", "type": "literal", "value": "Julius"}, "predicateLabel": {"xml:lang": "en", "type": "literal", "value": "given name"}}, {"subjectLabel": {"xml:lang": "en", "type": "literal", "value": "Julius Stoklasa"}, "object": {"type": "uri", "value": "http://www.wikidata.org/entity/Q1622272"}, "objectLabel": {"xml:lang": "en", "type": "literal", "value": "university teacher"}, "predicateLabel": {"xml:lang": "en", "type": "literal", "value": "occupation"}}, {"subjectLabel": {"xml:lang": "en", "type": "literal", "value": "Julius Stoklasa"}, "object": {"type": "uri", "value": "http://www.wikidata.org/entity/Q593644"}, "objectLabel": {"xml:lang": "en", "type": "literal", "value": "chemist"}, "predicateLabel": {"xml:lang": "en", "type": "literal", "value": "occupation"}}, {"subjectLabel": {"xml:lang": "en", "type": "literal", "value": "Julius Stoklasa"}, "object": {"type": "uri", "value": "http://www.wikidata.org/entity/Q1329478"}, "objectLabel": {"xml:lang": "en", "type": "literal", "value": "Czech Technical University in Prague"}, "predicateLabel": {"xml:lang": "en", "type": "literal", "value": "employer"}}, {"subjectLabel": {"xml:lang": "en", "type": "literal", "value": "Julius Stoklasa"}, "object": {"type": "uri", "value": "http://www.wikidata.org/entity/Q56245185"}, "objectLabel": {"xml:lang": "en", "type": "literal", "value": "Stoklasa"}, "predicateLabel": {"xml:lang": "en", "type": "literal", "value": "family name"}}, {"subjectLabel": {"xml:lang": "en", "type": "literal", "value": "Julius Stoklasa"}, "object": {"type": "uri", "value": "http://www.wikidata.org/entity/Q67311526"}, "objectLabel": {"xml:lang": "en", "type": "literal", "value": "Obalky knih.cz"}, "predicateLabel": {"xml:lang": "en", "type": "literal", "value": "described by source"}}, {"subjectLabel": {"xml:lang": "en", "type": "literal", "value": "Julius Stoklasa"}, "object": {"type": "uri", "value": "http://www.wikidata.org/entity/Q17121408"}, "objectLabel": {"xml:lang": "en", "type": "literal", "value": "Category:Julius Stoklasa"}, "predicateLabel": {"xml:lang": "en", "type": "literal", "value": "topic's main category"}}, {"subjectLabel": {"xml:lang": "en", "type": "literal", "value": "Julius Stoklasa"}, "object": {"type": "uri", "value": "http://www.wikidata.org/entity/Q6581097"}, "objectLabel": {"xml:lang": "en", "type": "literal", "value": "male"}, "predicateLabel": {"xml:lang": "en", "type": "literal", "value": "sex or gender"}}, {"subjectLabel": {"xml:lang": "en", "type": "literal", "value": "Julius Stoklasa"}, "object": {"type": "uri", "value": "http://www.wikidata.org/entity/Q99413897"}, "objectLabel": {"xml:lang": "en", "type": "literal", "value": "Medvik"}, "predicateLabel": {"xml:lang": "en", "type": "literal", "value": "described by source"}}, {"subjectLabel": {"xml:lang": "en", "type": "literal", "value": "Julius Stoklasa"}, "object": {"type": "uri", "value": "http://www.wikidata.org/entity/Q7888586"}, "objectLabel": {"xml:lang": "en", "type": "literal", "value": "chemical engineer"}, "predicateLabel": {"xml:lang": "en", "type": "literal", "value": "occupation"}}], "Q1705960": [{"subjectLabel": {"xml:lang": "en", "type": "literal", "value": "Josef V\u00e1clav Sl\u00e1dek"}, "object": {"type": "uri", "value": "http://www.wikidata.org/entity/Q5"}, "objectLabel": {"xml:lang": "en", "type": "literal", "value": "human"}, "predicateLabel": {"xml:lang": "en", "type": "literal", "value": "instance of"}}, {"subjectLabel": {"xml:lang": "en", "type": "literal", "value": "Josef V\u00e1clav Sl\u00e1dek"}, "object": {"type": "uri", "value": "http://www.wikidata.org/entity/Q7553"}, "objectLabel": {"xml:lang": "en", "type": "literal", "value": "translation"}, "predicateLabel": {"xml:lang": "en", "type": "literal", "value": "field of work"}}, {"subjectLabel": {"xml:lang": "en", "type": "literal", "value": "Josef V\u00e1clav Sl\u00e1dek"}, "object": {"type": "uri", "value": "http://www.wikidata.org/entity/Q1321"}, "objectLabel": {"xml:lang": "en", "type": "literal", "value": "Spanish"}, "predicateLabel": {"xml:lang": "en", "type": "literal", "value": "languages spoken, written or signed"}}, {"subjectLabel": {"xml:lang": "en", "type": "literal", "value": "Josef V\u00e1clav Sl\u00e1dek"}, "object": {"type": "uri", "value": "http://www.wikidata.org/entity/Q809"}, "objectLabel": {"xml:lang": "en", "type": "literal", "value": "Polish"}, "predicateLabel": {"xml:lang": "en", "type": "literal", "value": "languages spoken, written or signed"}}, {"subjectLabel": {"xml:lang": "en", "type": "literal", "value": "Josef V\u00e1clav Sl\u00e1dek"}, "object": {"type": "uri", "value": "http://www.wikidata.org/entity/Q482"}, "objectLabel": {"xml:lang": "en", "type": "literal", "value": "poetry"}, "predicateLabel": {"xml:lang": "en", "type": "literal", "value": "field of work"}}, {"subjectLabel": {"xml:lang": "en", "type": "literal", "value": "Josef V\u00e1clav Sl\u00e1dek"}, "object": {"type": "uri", "value": "http://www.wikidata.org/entity/Q1860"}, "objectLabel": {"xml:lang": "en", "type": "literal", "value": "English"}, "predicateLabel": {"xml:lang": "en", "type": "literal", "value": "languages spoken, written or signed"}}, {"subjectLabel": {"xml:lang": "en", "type": "literal", "value": "Josef V\u00e1clav Sl\u00e1dek"}, "object": {"type": "uri", "value": "http://www.wikidata.org/entity/Q11030"}, "objectLabel": {"xml:lang": "en", "type": "literal", "value": "journalism"}, "predicateLabel": {"xml:lang": "en", "type": "literal", "value": "field of work"}}, {"subjectLabel": {"xml:lang": "en", "type": "literal", "value": "Josef V\u00e1clav Sl\u00e1dek"}, "object": {"type": "uri", "value": "http://www.wikidata.org/entity/Q7922"}, "objectLabel": {"xml:lang": "en", "type": "literal", "value": "pedagogy"}, "predicateLabel": {"xml:lang": "en", "type": "literal", "value": "field of work"}}, {"subjectLabel": {"xml:lang": "en", "type": "literal", "value": "Josef V\u00e1clav Sl\u00e1dek"}, "object": {"type": "uri", "value": "http://www.wikidata.org/entity/Q8242"}, "objectLabel": {"xml:lang": "en", "type": "literal", "value": "literature"}, "predicateLabel": {"xml:lang": "en", "type": "literal", "value": "field of work"}}, {"subjectLabel": {"xml:lang": "en", "type": "literal", "value": "Josef V\u00e1clav Sl\u00e1dek"}, "object": {"type": "uri", "value": "http://www.wikidata.org/entity/Q9056"}, "objectLabel": {"xml:lang": "en", "type": "literal", "value": "Czech"}, "predicateLabel": {"xml:lang": "en", "type": "literal", "value": "native language"}}, {"subjectLabel": {"xml:lang": "en", "type": "literal", "value": "Josef V\u00e1clav Sl\u00e1dek"}, "object": {"type": "uri", "value": "http://www.wikidata.org/entity/Q1860"}, "objectLabel": {"xml:lang": "en", "type": "literal", "value": "English"}, "predicateLabel": {"xml:lang": "en", "type": "literal", "value": "writing language"}}, {"subjectLabel": {"xml:lang": "en", "type": "literal", "value": "Josef V\u00e1clav Sl\u00e1dek"}, "object": {"type": "uri", "value": "http://www.wikidata.org/entity/Q9056"}, "objectLabel": {"xml:lang": "en", "type": "literal", "value": "Czech"}, "predicateLabel": {"xml:lang": "en", "type": "literal", "value": "languages spoken, written or signed"}}, {"subjectLabel": {"xml:lang": "en", "type": "literal", "value": "Josef V\u00e1clav Sl\u00e1dek"}, "object": {"type": "uri", "value": "http://www.wikidata.org/entity/Q9027"}, "objectLabel": {"xml:lang": "en", "type": "literal", "value": "Swedish"}, "predicateLabel": {"xml:lang": "en", "type": "literal", "value": "languages spoken, written or signed"}}, {"subjectLabel": {"xml:lang": "en", "type": "literal", "value": "Josef V\u00e1clav Sl\u00e1dek"}, "object": {"type": "uri", "value": "http://www.wikidata.org/entity/Q15730712"}, "objectLabel": {"xml:lang": "en", "type": "literal", "value": "Josef"}, "predicateLabel": {"xml:lang": "en", "type": "literal", "value": "given name"}}, {"subjectLabel": {"xml:lang": "en", "type": "literal", "value": "Josef V\u00e1clav Sl\u00e1dek"}, "object": {"type": "uri", "value": "http://www.wikidata.org/entity/Q33231"}, "objectLabel": {"xml:lang": "en", "type": "literal", "value": "photographer"}, "predicateLabel": {"xml:lang": "en", "type": "literal", "value": "occupation"}}, {"subjectLabel": {"xml:lang": "en", "type": "literal", "value": "Josef V\u00e1clav Sl\u00e1dek"}, "object": {"type": "uri", "value": "http://www.wikidata.org/entity/Q12049440"}, "objectLabel": {"xml:lang": "en", "type": "literal", "value": "Riegr\u016fv slovn\u00edk nau\u010dn\u00fd"}, "predicateLabel": {"xml:lang": "en", "type": "literal", "value": "described by source"}}, {"subjectLabel": {"xml:lang": "en", "type": "literal", "value": "Josef V\u00e1clav Sl\u00e1dek"}, "object": {"type": "uri", "value": "http://www.wikidata.org/entity/Q678259"}, "objectLabel": {"xml:lang": "en", "type": "literal", "value": "Nordisk familjebok"}, "predicateLabel": {"xml:lang": "en", "type": "literal", "value": "described by source"}}, {"subjectLabel": {"xml:lang": "en", "type": "literal", "value": "Josef V\u00e1clav Sl\u00e1dek"}, "object": {"type": "uri", "value": "http://www.wikidata.org/entity/Q9035"}, "objectLabel": {"xml:lang": "en", "type": "literal", "value": "Danish"}, "predicateLabel": {"xml:lang": "en", "type": "literal", "value": "languages spoken, written or signed"}}, {"subjectLabel": {"xml:lang": "en", "type": "literal", "value": "Josef V\u00e1clav Sl\u00e1dek"}, "object": {"type": "uri", "value": "http://www.wikidata.org/entity/Q9067"}, "objectLabel": {"xml:lang": "en", "type": "literal", "value": "Hungarian"}, "predicateLabel": {"xml:lang": "en", "type": "literal", "value": "languages spoken, written or signed"}}, {"subjectLabel": {"xml:lang": "en", "type": "literal", "value": "Josef V\u00e1clav Sl\u00e1dek"}, "object": {"type": "uri", "value": "http://www.wikidata.org/entity/Q31519"}, "objectLabel": {"xml:lang": "en", "type": "literal", "value": "Charles University"}, "predicateLabel": {"xml:lang": "en", "type": "literal", "value": "educated at"}}, {"subjectLabel": {"xml:lang": "en", "type": "literal", "value": "Josef V\u00e1clav Sl\u00e1dek"}, "object": {"type": "uri", "value": "http://www.wikidata.org/entity/Q36180"}, "objectLabel": {"xml:lang": "en", "type": "literal", "value": "writer"}, "predicateLabel": {"xml:lang": "en", "type": "literal", "value": "occupation"}}, {"subjectLabel": {"xml:lang": "en", "type": "literal", "value": "Josef V\u00e1clav Sl\u00e1dek"}, "object": {"type": "uri", "value": "http://www.wikidata.org/entity/Q49757"}, "objectLabel": {"xml:lang": "en", "type": "literal", "value": "poet"}, "predicateLabel": {"xml:lang": "en", "type": "literal", "value": "occupation"}}, {"subjectLabel": {"xml:lang": "en", "type": "literal", "value": "Josef V\u00e1clav Sl\u00e1dek"}, "object": {"type": "uri", "value": "http://www.wikidata.org/entity/Q131964"}, "objectLabel": {"xml:lang": "en", "type": "literal", "value": "Austrian Empire"}, "predicateLabel": {"xml:lang": "en", "type": "literal", "value": "country of citizenship"}}, {"subjectLabel": {"xml:lang": "en", "type": "literal", "value": "Josef V\u00e1clav Sl\u00e1dek"}, "object": {"type": "uri", "value": "http://www.wikidata.org/entity/Q602358"}, "objectLabel": {"xml:lang": "en", "type": "literal", "value": "Brockhaus and Efron Encyclopedic Dictionary"}, "predicateLabel": {"xml:lang": "en", "type": "literal", "value": "described by source"}}, {"subjectLabel": {"xml:lang": "en", "type": "literal", "value": "Josef V\u00e1clav Sl\u00e1dek"}, "object": {"type": "uri", "value": "http://www.wikidata.org/entity/Q665807"}, "objectLabel": {"xml:lang": "en", "type": "literal", "value": "Biographisches Lexikon des Kaiserthums Oesterreich"}, "predicateLabel": {"xml:lang": "en", "type": "literal", "value": "described by source"}}, {"subjectLabel": {"xml:lang": "en", "type": "literal", "value": "Josef V\u00e1clav Sl\u00e1dek"}, "object": {"type": "uri", "value": "http://www.wikidata.org/entity/Q168234"}, "objectLabel": {"xml:lang": "en", "type": "literal", "value": "Zbiroh"}, "predicateLabel": {"xml:lang": "en", "type": "literal", "value": "place of death"}}, {"subjectLabel": {"xml:lang": "en", "type": "literal", "value": "Josef V\u00e1clav Sl\u00e1dek"}, "object": {"type": "uri", "value": "http://www.wikidata.org/entity/Q168234"}, "objectLabel": {"xml:lang": "en", "type": "literal", "value": "Zbiroh"}, "predicateLabel": {"xml:lang": "en", "type": "literal", "value": "place of birth"}}, {"subjectLabel": {"xml:lang": "en", "type": "literal", "value": "Josef V\u00e1clav Sl\u00e1dek"}, "object": {"type": "uri", "value": "http://www.wikidata.org/entity/Q21449911"}, "objectLabel": {"xml:lang": "en", "type": "literal", "value": "Sl\u00e1dek"}, "predicateLabel": {"xml:lang": "en", "type": "literal", "value": "family name"}}, {"subjectLabel": {"xml:lang": "en", "type": "literal", "value": "Josef V\u00e1clav Sl\u00e1dek"}, "object": {"type": "uri", "value": "http://www.wikidata.org/entity/Q17116749"}, "objectLabel": {"xml:lang": "en", "type": "literal", "value": "Category:Josef V\u00e1clav Sl\u00e1dek"}, "predicateLabel": {"xml:lang": "en", "type": "literal", "value": "topic's main category"}}, {"subjectLabel": {"xml:lang": "en", "type": "literal", "value": "Josef V\u00e1clav Sl\u00e1dek"}, "object": {"type": "uri", "value": "http://www.wikidata.org/entity/Q67311526"}, "objectLabel": {"xml:lang": "en", "type": "literal", "value": "Obalky knih.cz"}, "predicateLabel": {"xml:lang": "en", "type": "literal", "value": "described by source"}}, {"subjectLabel": {"xml:lang": "en", "type": "literal", "value": "Josef V\u00e1clav Sl\u00e1dek"}, "object": {"type": "uri", "value": "http://www.wikidata.org/entity/Q194105"}, "objectLabel": {"xml:lang": "en", "type": "literal", "value": "editing"}, "predicateLabel": {"xml:lang": "en", "type": "literal", "value": "field of work"}}, {"subjectLabel": {"xml:lang": "en", "type": "literal", "value": "Josef V\u00e1clav Sl\u00e1dek"}, "object": {"type": "uri", "value": "http://www.wikidata.org/entity/Q51728886"}, "objectLabel": {"xml:lang": "en", "type": "literal", "value": "Bo\u017eena Fridov\u00e1"}, "predicateLabel": {"xml:lang": "en", "type": "literal", "value": "relative"}}, {"subjectLabel": {"xml:lang": "en", "type": "literal", "value": "Josef V\u00e1clav Sl\u00e1dek"}, "object": {"type": "uri", "value": "http://www.wikidata.org/entity/Q37226"}, "objectLabel": {"xml:lang": "en", "type": "literal", "value": "teacher"}, "predicateLabel": {"xml:lang": "en", "type": "literal", "value": "occupation"}}, {"subjectLabel": {"xml:lang": "en", "type": "literal", "value": "Josef V\u00e1clav Sl\u00e1dek"}, "object": {"type": "uri", "value": "http://www.wikidata.org/entity/Q117831991"}, "objectLabel": {"xml:lang": "en", "type": "literal", "value": "Lexikon \u010desk\u00e9 literatury. Osobnosti, d\u00edla, instituce"}, "predicateLabel": {"xml:lang": "en", "type": "literal", "value": "described by source"}}, {"subjectLabel": {"xml:lang": "en", "type": "literal", "value": "Josef V\u00e1clav Sl\u00e1dek"}, "object": {"type": "uri", "value": "http://www.wikidata.org/entity/Q108764506"}, "objectLabel": {"xml:lang": "en", "type": "literal", "value": "History of Everyday Life Database"}, "predicateLabel": {"xml:lang": "en", "type": "literal", "value": "described by source"}}, {"subjectLabel": {"xml:lang": "en", "type": "literal", "value": "Josef V\u00e1clav Sl\u00e1dek"}, "object": {"type": "uri", "value": "http://www.wikidata.org/entity/Q876864"}, "objectLabel": {"xml:lang": "en", "type": "literal", "value": "editing staff"}, "predicateLabel": {"xml:lang": "en", "type": "literal", "value": "occupation"}}, {"subjectLabel": {"xml:lang": "en", "type": "literal", "value": "Josef V\u00e1clav Sl\u00e1dek"}, "object": {"type": "uri", "value": "http://www.wikidata.org/entity/Q1231865"}, "objectLabel": {"xml:lang": "en", "type": "literal", "value": "pedagogue"}, "predicateLabel": {"xml:lang": "en", "type": "literal", "value": "occupation"}}, {"subjectLabel": {"xml:lang": "en", "type": "literal", "value": "Josef V\u00e1clav Sl\u00e1dek"}, "object": {"type": "uri", "value": "http://www.wikidata.org/entity/Q71887839"}, "objectLabel": {"xml:lang": "en", "type": "literal", "value": "copyrights on works have expired"}, "predicateLabel": {"xml:lang": "en", "type": "literal", "value": "copyright status as a creator"}}, {"subjectLabel": {"xml:lang": "en", "type": "literal", "value": "Josef V\u00e1clav Sl\u00e1dek"}, "object": {"type": "uri", "value": "http://www.wikidata.org/entity/Q18341652"}, "objectLabel": {"xml:lang": "en", "type": "literal", "value": "V\u00e1clav Sl\u00e1dek"}, "predicateLabel": {"xml:lang": "en", "type": "literal", "value": "sibling"}}, {"subjectLabel": {"xml:lang": "en", "type": "literal", "value": "Josef V\u00e1clav Sl\u00e1dek"}, "object": {"type": "uri", "value": "http://www.wikidata.org/entity/Q333634"}, "objectLabel": {"xml:lang": "en", "type": "literal", "value": "translator"}, "predicateLabel": {"xml:lang": "en", "type": "literal", "value": "occupation"}}, {"subjectLabel": {"xml:lang": "en", "type": "literal", "value": "Josef V\u00e1clav Sl\u00e1dek"}, "object": {"type": "uri", "value": "http://www.wikidata.org/entity/Q1930187"}, "objectLabel": {"xml:lang": "en", "type": "literal", "value": "journalist"}, "predicateLabel": {"xml:lang": "en", "type": "literal", "value": "occupation"}}, {"subjectLabel": {"xml:lang": "en", "type": "literal", "value": "Josef V\u00e1clav Sl\u00e1dek"}, "object": {"type": "uri", "value": "http://www.wikidata.org/entity/Q4263842"}, "objectLabel": {"xml:lang": "en", "type": "literal", "value": "literary critic"}, "predicateLabel": {"xml:lang": "en", "type": "literal", "value": "occupation"}}, {"subjectLabel": {"xml:lang": "en", "type": "literal", "value": "Josef V\u00e1clav Sl\u00e1dek"}, "object": {"type": "uri", "value": "http://www.wikidata.org/entity/Q6051619"}, "objectLabel": {"xml:lang": "en", "type": "literal", "value": "opinion journalist"}, "predicateLabel": {"xml:lang": "en", "type": "literal", "value": "occupation"}}, {"subjectLabel": {"xml:lang": "en", "type": "literal", "value": "Josef V\u00e1clav Sl\u00e1dek"}, "object": {"type": "uri", "value": "http://www.wikidata.org/entity/Q3562646"}, "objectLabel": {"xml:lang": "en", "type": "literal", "value": "Slav\u00edn"}, "predicateLabel": {"xml:lang": "en", "type": "literal", "value": "place of burial"}}, {"subjectLabel": {"xml:lang": "en", "type": "literal", "value": "Josef V\u00e1clav Sl\u00e1dek"}, "object": {"type": "uri", "value": "http://www.wikidata.org/entity/Q6581097"}, "objectLabel": {"xml:lang": "en", "type": "literal", "value": "male"}, "predicateLabel": {"xml:lang": "en", "type": "literal", "value": "sex or gender"}}], "Q1960487": [{"subjectLabel": {"xml:lang": "en", "type": "literal", "value": "Edvard Jel\u00ednek"}, "object": {"type": "uri", "value": "http://www.wikidata.org/entity/Q18702986"}, "objectLabel": {"xml:lang": "en", "type": "literal", "value": "National Museum Library"}, "predicateLabel": {"xml:lang": "en", "type": "literal", "value": "personal library at"}}, {"subjectLabel": {"xml:lang": "en", "type": "literal", "value": "Edvard Jel\u00ednek"}, "object": {"type": "uri", "value": "http://www.wikidata.org/entity/Q5"}, "objectLabel": {"xml:lang": "en", "type": "literal", "value": "human"}, "predicateLabel": {"xml:lang": "en", "type": "literal", "value": "instance of"}}, {"subjectLabel": {"xml:lang": "en", "type": "literal", "value": "Edvard Jel\u00ednek"}, "object": {"type": "uri", "value": "http://www.wikidata.org/entity/Q1085"}, "objectLabel": {"xml:lang": "en", "type": "literal", "value": "Prague"}, "predicateLabel": {"xml:lang": "en", "type": "literal", "value": "place of birth"}}, {"subjectLabel": {"xml:lang": "en", "type": "literal", "value": "Edvard Jel\u00ednek"}, "object": {"type": "uri", "value": "http://www.wikidata.org/entity/Q9056"}, "objectLabel": {"xml:lang": "en", "type": "literal", "value": "Czech"}, "predicateLabel": {"xml:lang": "en", "type": "literal", "value": "languages spoken, written or signed"}}, {"subjectLabel": {"xml:lang": "en", "type": "literal", "value": "Edvard Jel\u00ednek"}, "object": {"type": "uri", "value": "http://www.wikidata.org/entity/Q36180"}, "objectLabel": {"xml:lang": "en", "type": "literal", "value": "writer"}, "predicateLabel": {"xml:lang": "en", "type": "literal", "value": "occupation"}}, {"subjectLabel": {"xml:lang": "en", "type": "literal", "value": "Edvard Jel\u00ednek"}, "object": {"type": "uri", "value": "http://www.wikidata.org/entity/Q333634"}, "objectLabel": {"xml:lang": "en", "type": "literal", "value": "translator"}, "predicateLabel": {"xml:lang": "en", "type": "literal", "value": "occupation"}}, {"subjectLabel": {"xml:lang": "en", "type": "literal", "value": "Edvard Jel\u00ednek"}, "object": {"type": "uri", "value": "http://www.wikidata.org/entity/Q602358"}, "objectLabel": {"xml:lang": "en", "type": "literal", "value": "Brockhaus and Efron Encyclopedic Dictionary"}, "predicateLabel": {"xml:lang": "en", "type": "literal", "value": "described by source"}}, {"subjectLabel": {"xml:lang": "en", "type": "literal", "value": "Edvard Jel\u00ednek"}, "object": {"type": "uri", "value": "http://www.wikidata.org/entity/Q17120099"}, "objectLabel": {"xml:lang": "en", "type": "literal", "value": "Category:Edvard Jel\u00ednek"}, "predicateLabel": {"xml:lang": "en", "type": "literal", "value": "topic's main category"}}, {"subjectLabel": {"xml:lang": "en", "type": "literal", "value": "Edvard Jel\u00ednek"}, "object": {"type": "uri", "value": "http://www.wikidata.org/entity/Q18130926"}, "objectLabel": {"xml:lang": "en", "type": "literal", "value": "Edvard"}, "predicateLabel": {"xml:lang": "en", "type": "literal", "value": "given name"}}, {"subjectLabel": {"xml:lang": "en", "type": "literal", "value": "Edvard Jel\u00ednek"}, "object": {"type": "uri", "value": "http://www.wikidata.org/entity/Q748211"}, "objectLabel": {"xml:lang": "en", "type": "literal", "value": "Old Town"}, "predicateLabel": {"xml:lang": "en", "type": "literal", "value": "place of death"}}, {"subjectLabel": {"xml:lang": "en", "type": "literal", "value": "Edvard Jel\u00ednek"}, "object": {"type": "uri", "value": "http://www.wikidata.org/entity/Q118967"}, "objectLabel": {"xml:lang": "en", "type": "literal", "value": "Vy\u0161ehrad cemetery"}, "predicateLabel": {"xml:lang": "en", "type": "literal", "value": "place of burial"}}, {"subjectLabel": {"xml:lang": "en", "type": "literal", "value": "Edvard Jel\u00ednek"}, "object": {"type": "uri", "value": "http://www.wikidata.org/entity/Q6581097"}, "objectLabel": {"xml:lang": "en", "type": "literal", "value": "male"}, "predicateLabel": {"xml:lang": "en", "type": "literal", "value": "sex or gender"}}, {"subjectLabel": {"xml:lang": "en", "type": "literal", "value": "Edvard Jel\u00ednek"}, "object": {"type": "uri", "value": "http://www.wikidata.org/entity/Q48337126"}, "objectLabel": {"xml:lang": "en", "type": "literal", "value": "Jel\u00ednek"}, "predicateLabel": {"xml:lang": "en", "type": "literal", "value": "family name"}}, {"subjectLabel": {"xml:lang": "en", "type": "literal", "value": "Edvard Jel\u00ednek"}, "object": {"type": "uri", "value": "http://www.wikidata.org/entity/Q67311526"}, "objectLabel": {"xml:lang": "en", "type": "literal", "value": "Obalky knih.cz"}, "predicateLabel": {"xml:lang": "en", "type": "literal", "value": "described by source"}}, {"subjectLabel": {"xml:lang": "en", "type": "literal", "value": "Edvard Jel\u00ednek"}, "object": {"type": "uri", "value": "http://www.wikidata.org/entity/Q117831991"}, "objectLabel": {"xml:lang": "en", "type": "literal", "value": "Lexikon \u010desk\u00e9 literatury. Osobnosti, d\u00edla, instituce"}, "predicateLabel": {"xml:lang": "en", "type": "literal", "value": "described by source"}}], "Q1729162": [{"subjectLabel": {"xml:lang": "en", "type": "literal", "value": "Karel Kadlec"}, "object": {"type": "uri", "value": "http://www.wikidata.org/entity/Q96939010"}, "objectLabel": {"xml:lang": "en", "type": "literal", "value": "Almanach \u010deskoslovensk\u00fdch pr\u00e1vn\u00edk\u016f"}, "predicateLabel": {"xml:lang": "en", "type": "literal", "value": "described by source"}}, {"subjectLabel": {"xml:lang": "en", "type": "literal", "value": "Karel Kadlec"}, "object": {"type": "uri", "value": "http://www.wikidata.org/entity/Q67311526"}, "objectLabel": {"xml:lang": "en", "type": "literal", "value": "Obalky knih.cz"}, "predicateLabel": {"xml:lang": "en", "type": "literal", "value": "described by source"}}, {"subjectLabel": {"xml:lang": "en", "type": "literal", "value": "Karel Kadlec"}, "object": {"type": "uri", "value": "http://www.wikidata.org/entity/Q5"}, "objectLabel": {"xml:lang": "en", "type": "literal", "value": "human"}, "predicateLabel": {"xml:lang": "en", "type": "literal", "value": "instance of"}}, {"subjectLabel": {"xml:lang": "en", "type": "literal", "value": "Karel Kadlec"}, "object": {"type": "uri", "value": "http://www.wikidata.org/entity/Q9056"}, "objectLabel": {"xml:lang": "en", "type": "literal", "value": "Czech"}, "predicateLabel": {"xml:lang": "en", "type": "literal", "value": "languages spoken, written or signed"}}, {"subjectLabel": {"xml:lang": "en", "type": "literal", "value": "Karel Kadlec"}, "object": {"type": "uri", "value": "http://www.wikidata.org/entity/Q28513"}, "objectLabel": {"xml:lang": "en", "type": "literal", "value": "Austria-Hungary"}, "predicateLabel": {"xml:lang": "en", "type": "literal", "value": "country of citizenship"}}, {"subjectLabel": {"xml:lang": "en", "type": "literal", "value": "Karel Kadlec"}, "object": {"type": "uri", "value": "http://www.wikidata.org/entity/Q33946"}, "objectLabel": {"xml:lang": "en", "type": "literal", "value": "Czechoslovakia"}, "predicateLabel": {"xml:lang": "en", "type": "literal", "value": "country of citizenship"}}, {"subjectLabel": {"xml:lang": "en", "type": "literal", "value": "Karel Kadlec"}, "object": {"type": "uri", "value": "http://www.wikidata.org/entity/Q36180"}, "objectLabel": {"xml:lang": "en", "type": "literal", "value": "writer"}, "predicateLabel": {"xml:lang": "en", "type": "literal", "value": "occupation"}}, {"subjectLabel": {"xml:lang": "en", "type": "literal", "value": "Karel Kadlec"}, "object": {"type": "uri", "value": "http://www.wikidata.org/entity/Q333634"}, "objectLabel": {"xml:lang": "en", "type": "literal", "value": "translator"}, "predicateLabel": {"xml:lang": "en", "type": "literal", "value": "occupation"}}, {"subjectLabel": {"xml:lang": "en", "type": "literal", "value": "Karel Kadlec"}, "object": {"type": "uri", "value": "http://www.wikidata.org/entity/Q37226"}, "objectLabel": {"xml:lang": "en", "type": "literal", "value": "teacher"}, "predicateLabel": {"xml:lang": "en", "type": "literal", "value": "occupation"}}, {"subjectLabel": {"xml:lang": "en", "type": "literal", "value": "Karel Kadlec"}, "object": {"type": "uri", "value": "http://www.wikidata.org/entity/Q602358"}, "objectLabel": {"xml:lang": "en", "type": "literal", "value": "Brockhaus and Efron Encyclopedic Dictionary"}, "predicateLabel": {"xml:lang": "en", "type": "literal", "value": "described by source"}}, {"subjectLabel": {"xml:lang": "en", "type": "literal", "value": "Karel Kadlec"}, "object": {"type": "uri", "value": "http://www.wikidata.org/entity/Q672337"}, "objectLabel": {"xml:lang": "en", "type": "literal", "value": "P\u0159eho\u0159ov"}, "predicateLabel": {"xml:lang": "en", "type": "literal", "value": "place of birth"}}, {"subjectLabel": {"xml:lang": "en", "type": "literal", "value": "Karel Kadlec"}, "object": {"type": "uri", "value": "http://www.wikidata.org/entity/Q1622272"}, "objectLabel": {"xml:lang": "en", "type": "literal", "value": "university teacher"}, "predicateLabel": {"xml:lang": "en", "type": "literal", "value": "occupation"}}, {"subjectLabel": {"xml:lang": "en", "type": "literal", "value": "Karel Kadlec"}, "object": {"type": "uri", "value": "http://www.wikidata.org/entity/Q31519"}, "objectLabel": {"xml:lang": "en", "type": "literal", "value": "Charles University"}, "predicateLabel": {"xml:lang": "en", "type": "literal", "value": "employer"}}, {"subjectLabel": {"xml:lang": "en", "type": "literal", "value": "Karel Kadlec"}, "object": {"type": "uri", "value": "http://www.wikidata.org/entity/Q1231865"}, "objectLabel": {"xml:lang": "en", "type": "literal", "value": "pedagogue"}, "predicateLabel": {"xml:lang": "en", "type": "literal", "value": "occupation"}}, {"subjectLabel": {"xml:lang": "en", "type": "literal", "value": "Karel Kadlec"}, "object": {"type": "uri", "value": "http://www.wikidata.org/entity/Q83172"}, "objectLabel": {"xml:lang": "en", "type": "literal", "value": "Russian Academy of Sciences"}, "predicateLabel": {"xml:lang": "en", "type": "literal", "value": "member of"}}, {"subjectLabel": {"xml:lang": "en", "type": "literal", "value": "Karel Kadlec"}, "object": {"type": "uri", "value": "http://www.wikidata.org/entity/Q901677"}, "objectLabel": {"xml:lang": "en", "type": "literal", "value": "Romanian Academy"}, "predicateLabel": {"xml:lang": "en", "type": "literal", "value": "member of"}}, {"subjectLabel": {"xml:lang": "en", "type": "literal", "value": "Karel Kadlec"}, "object": {"type": "uri", "value": "http://www.wikidata.org/entity/Q1648961"}, "objectLabel": {"xml:lang": "en", "type": "literal", "value": "Czech Academy of Science and Art"}, "predicateLabel": {"xml:lang": "en", "type": "literal", "value": "member of"}}, {"subjectLabel": {"xml:lang": "en", "type": "literal", "value": "Karel Kadlec"}, "object": {"type": "uri", "value": "http://www.wikidata.org/entity/Q662985"}, "objectLabel": {"xml:lang": "en", "type": "literal", "value": "Vinohrady"}, "predicateLabel": {"xml:lang": "en", "type": "literal", "value": "place of death"}}, {"subjectLabel": {"xml:lang": "en", "type": "literal", "value": "Karel Kadlec"}, "object": {"type": "uri", "value": "http://www.wikidata.org/entity/Q6581097"}, "objectLabel": {"xml:lang": "en", "type": "literal", "value": "male"}, "predicateLabel": {"xml:lang": "en", "type": "literal", "value": "sex or gender"}}, {"subjectLabel": {"xml:lang": "en", "type": "literal", "value": "Karel Kadlec"}, "object": {"type": "uri", "value": "http://www.wikidata.org/entity/Q201788"}, "objectLabel": {"xml:lang": "en", "type": "literal", "value": "historian"}, "predicateLabel": {"xml:lang": "en", "type": "literal", "value": "occupation"}}, {"subjectLabel": {"xml:lang": "en", "type": "literal", "value": "Karel Kadlec"}, "object": {"type": "uri", "value": "http://www.wikidata.org/entity/Q1132636"}, "objectLabel": {"xml:lang": "en", "type": "literal", "value": "Serbian Academy of Sciences and Arts"}, "predicateLabel": {"xml:lang": "en", "type": "literal", "value": "member of"}}, {"subjectLabel": {"xml:lang": "en", "type": "literal", "value": "Karel Kadlec"}, "object": {"type": "uri", "value": "http://www.wikidata.org/entity/Q15731850"}, "objectLabel": {"xml:lang": "en", "type": "literal", "value": "Karel"}, "predicateLabel": {"xml:lang": "en", "type": "literal", "value": "given name"}}, {"subjectLabel": {"xml:lang": "en", "type": "literal", "value": "Karel Kadlec"}, "object": {"type": "uri", "value": "http://www.wikidata.org/entity/Q12047389"}, "objectLabel": {"xml:lang": "en", "type": "literal", "value": "Faculty of Law, Charles University in Prague"}, "predicateLabel": {"xml:lang": "en", "type": "literal", "value": "educated at"}}, {"subjectLabel": {"xml:lang": "en", "type": "literal", "value": "Karel Kadlec"}, "object": {"type": "uri", "value": "http://www.wikidata.org/entity/Q2135538"}, "objectLabel": {"xml:lang": "en", "type": "literal", "value": "legal historian"}, "predicateLabel": {"xml:lang": "en", "type": "literal", "value": "occupation"}}, {"subjectLabel": {"xml:lang": "en", "type": "literal", "value": "Karel Kadlec"}, "object": {"type": "uri", "value": "http://www.wikidata.org/entity/Q17120934"}, "objectLabel": {"xml:lang": "en", "type": "literal", "value": "Category:Karel Kadlec (jurist)"}, "predicateLabel": {"xml:lang": "en", "type": "literal", "value": "topic's main category"}}, {"subjectLabel": {"xml:lang": "en", "type": "literal", "value": "Karel Kadlec"}, "object": {"type": "uri", "value": "http://www.wikidata.org/entity/Q21452152"}, "objectLabel": {"xml:lang": "en", "type": "literal", "value": "Kadlec"}, "predicateLabel": {"xml:lang": "en", "type": "literal", "value": "family name"}}], "Q2060862": [{"subjectLabel": {"xml:lang": "en", "type": "literal", "value": "Otakar Zich"}, "object": {"type": "uri", "value": "http://www.wikidata.org/entity/Q5"}, "objectLabel": {"xml:lang": "en", "type": "literal", "value": "human"}, "predicateLabel": {"xml:lang": "en", "type": "literal", "value": "instance of"}}, {"subjectLabel": {"xml:lang": "en", "type": "literal", "value": "Otakar Zich"}, "object": {"type": "uri", "value": "http://www.wikidata.org/entity/Q9056"}, "objectLabel": {"xml:lang": "en", "type": "literal", "value": "Czech"}, "predicateLabel": {"xml:lang": "en", "type": "literal", "value": "languages spoken, written or signed"}}, {"subjectLabel": {"xml:lang": "en", "type": "literal", "value": "Otakar Zich"}, "object": {"type": "uri", "value": "http://www.wikidata.org/entity/Q638"}, "objectLabel": {"xml:lang": "en", "type": "literal", "value": "music"}, "predicateLabel": {"xml:lang": "en", "type": "literal", "value": "field of work"}}, {"subjectLabel": {"xml:lang": "en", "type": "literal", "value": "Otakar Zich"}, "object": {"type": "uri", "value": "http://www.wikidata.org/entity/Q1344"}, "objectLabel": {"xml:lang": "en", "type": "literal", "value": "opera"}, "predicateLabel": {"xml:lang": "en", "type": "literal", "value": "genre"}}, {"subjectLabel": {"xml:lang": "en", "type": "literal", "value": "Otakar Zich"}, "object": {"type": "uri", "value": "http://www.wikidata.org/entity/Q35986"}, "objectLabel": {"xml:lang": "en", "type": "literal", "value": "aesthetics"}, "predicateLabel": {"xml:lang": "en", "type": "literal", "value": "field of work"}}, {"subjectLabel": {"xml:lang": "en", "type": "literal", "value": "Otakar Zich"}, "object": {"type": "uri", "value": "http://www.wikidata.org/entity/Q54459780"}, "objectLabel": {"xml:lang": "en", "type": "literal", "value": "Antologie z oper"}, "predicateLabel": {"xml:lang": "en", "type": "literal", "value": "described by source"}}, {"subjectLabel": {"xml:lang": "en", "type": "literal", "value": "Otakar Zich"}, "object": {"type": "uri", "value": "http://www.wikidata.org/entity/Q108764506"}, "objectLabel": {"xml:lang": "en", "type": "literal", "value": "History of Everyday Life Database"}, "predicateLabel": {"xml:lang": "en", "type": "literal", "value": "described by source"}}, {"subjectLabel": {"xml:lang": "en", "type": "literal", "value": "Otakar Zich"}, "object": {"type": "uri", "value": "http://www.wikidata.org/entity/Q67311526"}, "objectLabel": {"xml:lang": "en", "type": "literal", "value": "Obalky knih.cz"}, "predicateLabel": {"xml:lang": "en", "type": "literal", "value": "described by source"}}, {"subjectLabel": {"xml:lang": "en", "type": "literal", "value": "Otakar Zich"}, "object": {"type": "uri", "value": "http://www.wikidata.org/entity/Q117831991"}, "objectLabel": {"xml:lang": "en", "type": "literal", "value": "Lexikon \u010desk\u00e9 literatury. Osobnosti, d\u00edla, instituce"}, "predicateLabel": {"xml:lang": "en", "type": "literal", "value": "described by source"}}, {"subjectLabel": {"xml:lang": "en", "type": "literal", "value": "Otakar Zich"}, "object": {"type": "uri", "value": "http://www.wikidata.org/entity/Q36180"}, "objectLabel": {"xml:lang": "en", "type": "literal", "value": "writer"}, "predicateLabel": {"xml:lang": "en", "type": "literal", "value": "occupation"}}, {"subjectLabel": {"xml:lang": "en", "type": "literal", "value": "Otakar Zich"}, "object": {"type": "uri", "value": "http://www.wikidata.org/entity/Q164204"}, "objectLabel": {"xml:lang": "en", "type": "literal", "value": "musicology"}, "predicateLabel": {"xml:lang": "en", "type": "literal", "value": "field of work"}}, {"subjectLabel": {"xml:lang": "en", "type": "literal", "value": "Otakar Zich"}, "object": {"type": "uri", "value": "http://www.wikidata.org/entity/Q37201912"}, "objectLabel": {"xml:lang": "en", "type": "literal", "value": "Zich"}, "predicateLabel": {"xml:lang": "en", "type": "literal", "value": "family name"}}, {"subjectLabel": {"xml:lang": "en", "type": "literal", "value": "Otakar Zich"}, "object": {"type": "uri", "value": "http://www.wikidata.org/entity/Q36834"}, "objectLabel": {"xml:lang": "en", "type": "literal", "value": "composer"}, "predicateLabel": {"xml:lang": "en", "type": "literal", "value": "occupation"}}, {"subjectLabel": {"xml:lang": "en", "type": "literal", "value": "Otakar Zich"}, "object": {"type": "uri", "value": "http://www.wikidata.org/entity/Q12015993"}, "objectLabel": {"xml:lang": "en", "type": "literal", "value": "Otakar"}, "predicateLabel": {"xml:lang": "en", "type": "literal", "value": "given name"}}, {"subjectLabel": {"xml:lang": "en", "type": "literal", "value": "Otakar Zich"}, "object": {"type": "uri", "value": "http://www.wikidata.org/entity/Q9730"}, "objectLabel": {"xml:lang": "en", "type": "literal", "value": "classical music"}, "predicateLabel": {"xml:lang": "en", "type": "literal", "value": "genre"}}, {"subjectLabel": {"xml:lang": "en", "type": "literal", "value": "Otakar Zich"}, "object": {"type": "uri", "value": "http://www.wikidata.org/entity/Q29947909"}, "objectLabel": {"xml:lang": "en", "type": "literal", "value": "Otakar Zich"}, "predicateLabel": {"xml:lang": "en", "type": "literal", "value": "child"}}, {"subjectLabel": {"xml:lang": "en", "type": "literal", "value": "Otakar Zich"}, "object": {"type": "uri", "value": "http://www.wikidata.org/entity/Q17121423"}, "objectLabel": {"xml:lang": "en", "type": "literal", "value": "Category:Otakar Zich"}, "predicateLabel": {"xml:lang": "en", "type": "literal", "value": "topic's main category"}}, {"subjectLabel": {"xml:lang": "en", "type": "literal", "value": "Otakar Zich"}, "object": {"type": "uri", "value": "http://www.wikidata.org/entity/Q214917"}, "objectLabel": {"xml:lang": "en", "type": "literal", "value": "playwright"}, "predicateLabel": {"xml:lang": "en", "type": "literal", "value": "occupation"}}, {"subjectLabel": {"xml:lang": "en", "type": "literal", "value": "Otakar Zich"}, "object": {"type": "uri", "value": "http://www.wikidata.org/entity/Q33946"}, "objectLabel": {"xml:lang": "en", "type": "literal", "value": "Czechoslovakia"}, "predicateLabel": {"xml:lang": "en", "type": "literal", "value": "country of citizenship"}}, {"subjectLabel": {"xml:lang": "en", "type": "literal", "value": "Otakar Zich"}, "object": {"type": "uri", "value": "http://www.wikidata.org/entity/Q7058609"}, "objectLabel": {"xml:lang": "en", "type": "literal", "value": "Vinohrady Cemetery"}, "predicateLabel": {"xml:lang": "en", "type": "literal", "value": "place of burial"}}, {"subjectLabel": {"xml:lang": "en", "type": "literal", "value": "Otakar Zich"}, "object": {"type": "uri", "value": "http://www.wikidata.org/entity/Q21550346"}, "objectLabel": {"xml:lang": "en", "type": "literal", "value": "aesthetician"}, "predicateLabel": {"xml:lang": "en", "type": "literal", "value": "occupation"}}, {"subjectLabel": {"xml:lang": "en", "type": "literal", "value": "Otakar Zich"}, "object": {"type": "uri", "value": "http://www.wikidata.org/entity/Q1955326"}, "objectLabel": {"xml:lang": "en", "type": "literal", "value": "aesthetics of music"}, "predicateLabel": {"xml:lang": "en", "type": "literal", "value": "field of work"}}, {"subjectLabel": {"xml:lang": "en", "type": "literal", "value": "Otakar Zich"}, "object": {"type": "uri", "value": "http://www.wikidata.org/entity/Q6581097"}, "objectLabel": {"xml:lang": "en", "type": "literal", "value": "male"}, "predicateLabel": {"xml:lang": "en", "type": "literal", "value": "sex or gender"}}, {"subjectLabel": {"xml:lang": "en", "type": "literal", "value": "Otakar Zich"}, "object": {"type": "uri", "value": "http://www.wikidata.org/entity/Q37226"}, "objectLabel": {"xml:lang": "en", "type": "literal", "value": "teacher"}, "predicateLabel": {"xml:lang": "en", "type": "literal", "value": "occupation"}}, {"subjectLabel": {"xml:lang": "en", "type": "literal", "value": "Otakar Zich"}, "object": {"type": "uri", "value": "http://www.wikidata.org/entity/Q12043345"}, "objectLabel": {"xml:lang": "en", "type": "literal", "value": "Oub\u011bnice"}, "predicateLabel": {"xml:lang": "en", "type": "literal", "value": "place of death"}}, {"subjectLabel": {"xml:lang": "en", "type": "literal", "value": "Otakar Zich"}, "object": {"type": "uri", "value": "http://www.wikidata.org/entity/Q1350157"}, "objectLabel": {"xml:lang": "en", "type": "literal", "value": "music critic"}, "predicateLabel": {"xml:lang": "en", "type": "literal", "value": "occupation"}}, {"subjectLabel": {"xml:lang": "en", "type": "literal", "value": "Otakar Zich"}, "object": {"type": "uri", "value": "http://www.wikidata.org/entity/Q3563550"}, "objectLabel": {"xml:lang": "en", "type": "literal", "value": "Faculty of Arts, Charles University in Prague"}, "predicateLabel": {"xml:lang": "en", "type": "literal", "value": "educated at"}}, {"subjectLabel": {"xml:lang": "en", "type": "literal", "value": "Otakar Zich"}, "object": {"type": "uri", "value": "http://www.wikidata.org/entity/Q20021265"}, "objectLabel": {"xml:lang": "en", "type": "literal", "value": "doctor of philosophy"}, "predicateLabel": {"xml:lang": "en", "type": "literal", "value": "academic degree"}}, {"subjectLabel": {"xml:lang": "en", "type": "literal", "value": "Otakar Zich"}, "object": {"type": "uri", "value": "http://www.wikidata.org/entity/Q1622272"}, "objectLabel": {"xml:lang": "en", "type": "literal", "value": "university teacher"}, "predicateLabel": {"xml:lang": "en", "type": "literal", "value": "occupation"}}, {"subjectLabel": {"xml:lang": "en", "type": "literal", "value": "Otakar Zich"}, "object": {"type": "uri", "value": "http://www.wikidata.org/entity/Q14915627"}, "objectLabel": {"xml:lang": "en", "type": "literal", "value": "musicologist"}, "predicateLabel": {"xml:lang": "en", "type": "literal", "value": "occupation"}}, {"subjectLabel": {"xml:lang": "en", "type": "literal", "value": "Otakar Zich"}, "object": {"type": "uri", "value": "http://www.wikidata.org/entity/Q1861138"}, "objectLabel": {"xml:lang": "en", "type": "literal", "value": "M\u011bstec Kr\u00e1lov\u00e9"}, "predicateLabel": {"xml:lang": "en", "type": "literal", "value": "place of birth"}}], "Q4832689": [{"subjectLabel": {"xml:lang": "en", "type": "literal", "value": "Sob\u011bslav Pinkas"}, "object": {"type": "uri", "value": "http://www.wikidata.org/entity/Q5"}, "objectLabel": {"xml:lang": "en", "type": "literal", "value": "human"}, "predicateLabel": {"xml:lang": "en", "type": "literal", "value": "instance of"}}, {"subjectLabel": {"xml:lang": "en", "type": "literal", "value": "Sob\u011bslav Pinkas"}, "object": {"type": "uri", "value": "http://www.wikidata.org/entity/Q1085"}, "objectLabel": {"xml:lang": "en", "type": "literal", "value": "Prague"}, "predicateLabel": {"xml:lang": "en", "type": "literal", "value": "place of birth"}}, {"subjectLabel": {"xml:lang": "en", "type": "literal", "value": "Sob\u011bslav Pinkas"}, "object": {"type": "uri", "value": "http://www.wikidata.org/entity/Q90"}, "objectLabel": {"xml:lang": "en", "type": "literal", "value": "Paris"}, "predicateLabel": {"xml:lang": "en", "type": "literal", "value": "work location"}}, {"subjectLabel": {"xml:lang": "en", "type": "literal", "value": "Sob\u011bslav Pinkas"}, "object": {"type": "uri", "value": "http://www.wikidata.org/entity/Q150"}, "objectLabel": {"xml:lang": "en", "type": "literal", "value": "French"}, "predicateLabel": {"xml:lang": "en", "type": "literal", "value": "languages spoken, written or signed"}}, {"subjectLabel": {"xml:lang": "en", "type": "literal", "value": "Sob\u011bslav Pinkas"}, "object": {"type": "uri", "value": "http://www.wikidata.org/entity/Q9056"}, "objectLabel": {"xml:lang": "en", "type": "literal", "value": "Czech"}, "predicateLabel": {"xml:lang": "en", "type": "literal", "value": "languages spoken, written or signed"}}, {"subjectLabel": {"xml:lang": "en", "type": "literal", "value": "Sob\u011bslav Pinkas"}, "object": {"type": "uri", "value": "http://www.wikidata.org/entity/Q6581097"}, "objectLabel": {"xml:lang": "en", "type": "literal", "value": "male"}, "predicateLabel": {"xml:lang": "en", "type": "literal", "value": "sex or gender"}}, {"subjectLabel": {"xml:lang": "en", "type": "literal", "value": "Sob\u011bslav Pinkas"}, "object": {"type": "uri", "value": "http://www.wikidata.org/entity/Q753289"}, "objectLabel": {"xml:lang": "en", "type": "literal", "value": "Mal\u00e1 Strana"}, "predicateLabel": {"xml:lang": "en", "type": "literal", "value": "place of death"}}, {"subjectLabel": {"xml:lang": "en", "type": "literal", "value": "Sob\u011bslav Pinkas"}, "object": {"type": "uri", "value": "http://www.wikidata.org/entity/Q1028181"}, "objectLabel": {"xml:lang": "en", "type": "literal", "value": "painter"}, "predicateLabel": {"xml:lang": "en", "type": "literal", "value": "occupation"}}, {"subjectLabel": {"xml:lang": "en", "type": "literal", "value": "Sob\u011bslav Pinkas"}, "object": {"type": "uri", "value": "http://www.wikidata.org/entity/Q414009"}, "objectLabel": {"xml:lang": "en", "type": "literal", "value": "Academy of Fine Arts, Prague"}, "predicateLabel": {"xml:lang": "en", "type": "literal", "value": "educated at"}}, {"subjectLabel": {"xml:lang": "en", "type": "literal", "value": "Sob\u011bslav Pinkas"}, "object": {"type": "uri", "value": "http://www.wikidata.org/entity/Q134307"}, "objectLabel": {"xml:lang": "en", "type": "literal", "value": "portrait"}, "predicateLabel": {"xml:lang": "en", "type": "literal", "value": "genre"}}, {"subjectLabel": {"xml:lang": "en", "type": "literal", "value": "Sob\u011bslav Pinkas"}, "object": {"type": "uri", "value": "http://www.wikidata.org/entity/Q163700"}, "objectLabel": {"xml:lang": "en", "type": "literal", "value": "Legion of Honour"}, "predicateLabel": {"xml:lang": "en", "type": "literal", "value": "award received"}}, {"subjectLabel": {"xml:lang": "en", "type": "literal", "value": "Sob\u011bslav Pinkas"}, "object": {"type": "uri", "value": "http://www.wikidata.org/entity/Q17120669"}, "objectLabel": {"xml:lang": "en", "type": "literal", "value": "Category:Sob\u011bslav Pinkas"}, "predicateLabel": {"xml:lang": "en", "type": "literal", "value": "topic's main category"}}, {"subjectLabel": {"xml:lang": "en", "type": "literal", "value": "Sob\u011bslav Pinkas"}, "object": {"type": "uri", "value": "http://www.wikidata.org/entity/Q12032579"}, "objectLabel": {"xml:lang": "en", "type": "literal", "value": "Ladislav Pinkas"}, "predicateLabel": {"xml:lang": "en", "type": "literal", "value": "child"}}, {"subjectLabel": {"xml:lang": "en", "type": "literal", "value": "Sob\u011bslav Pinkas"}, "object": {"type": "uri", "value": "http://www.wikidata.org/entity/Q56118102"}, "objectLabel": {"xml:lang": "en", "type": "literal", "value": "Ji\u0159ina Voskovcov\u00e1"}, "predicateLabel": {"xml:lang": "en", "type": "literal", "value": "child"}}, {"subjectLabel": {"xml:lang": "en", "type": "literal", "value": "Sob\u011bslav Pinkas"}, "object": {"type": "uri", "value": "http://www.wikidata.org/entity/Q14184155"}, "objectLabel": {"xml:lang": "en", "type": "literal", "value": "Adolf Maria Pinkas"}, "predicateLabel": {"xml:lang": "en", "type": "literal", "value": "father"}}, {"subjectLabel": {"xml:lang": "en", "type": "literal", "value": "Sob\u011bslav Pinkas"}, "object": {"type": "uri", "value": "http://www.wikidata.org/entity/Q16874867"}, "objectLabel": {"xml:lang": "en", "type": "literal", "value": "Pinkas"}, "predicateLabel": {"xml:lang": "en", "type": "literal", "value": "family name"}}, {"subjectLabel": {"xml:lang": "en", "type": "literal", "value": "Sob\u011bslav Pinkas"}, "object": {"type": "uri", "value": "http://www.wikidata.org/entity/Q96939010"}, "objectLabel": {"xml:lang": "en", "type": "literal", "value": "Almanach \u010deskoslovensk\u00fdch pr\u00e1vn\u00edk\u016f"}, "predicateLabel": {"xml:lang": "en", "type": "literal", "value": "described by source"}}, {"subjectLabel": {"xml:lang": "en", "type": "literal", "value": "Sob\u011bslav Pinkas"}, "object": {"type": "uri", "value": "http://www.wikidata.org/entity/Q67311526"}, "objectLabel": {"xml:lang": "en", "type": "literal", "value": "Obalky knih.cz"}, "predicateLabel": {"xml:lang": "en", "type": "literal", "value": "described by source"}}, {"subjectLabel": {"xml:lang": "en", "type": "literal", "value": "Sob\u011bslav Pinkas"}, "object": {"type": "uri", "value": "http://www.wikidata.org/entity/Q2838169"}, "objectLabel": {"xml:lang": "en", "type": "literal", "value": "Alliance fran\u00e7aise in Slovakia and in Czechia"}, "predicateLabel": {"xml:lang": "en", "type": "literal", "value": "member of"}}, {"subjectLabel": {"xml:lang": "en", "type": "literal", "value": "Sob\u011bslav Pinkas"}, "object": {"type": "uri", "value": "http://www.wikidata.org/entity/Q95104804"}, "objectLabel": {"xml:lang": "en", "type": "literal", "value": "Sob\u011bslav"}, "predicateLabel": {"xml:lang": "en", "type": "literal", "value": "given name"}}, {"subjectLabel": {"xml:lang": "en", "type": "literal", "value": "Sob\u011bslav Pinkas"}, "object": {"type": "uri", "value": "http://www.wikidata.org/entity/Q3658608"}, "objectLabel": {"xml:lang": "en", "type": "literal", "value": "caricaturist"}, "predicateLabel": {"xml:lang": "en", "type": "literal", "value": "occupation"}}, {"subjectLabel": {"xml:lang": "en", "type": "literal", "value": "Sob\u011bslav Pinkas"}, "object": {"type": "uri", "value": "http://www.wikidata.org/entity/Q960873"}, "objectLabel": {"xml:lang": "en", "type": "literal", "value": "George Voskovec"}, "predicateLabel": {"xml:lang": "en", "type": "literal", "value": "relative"}}, {"subjectLabel": {"xml:lang": "en", "type": "literal", "value": "Sob\u011bslav Pinkas"}, "object": {"type": "uri", "value": "http://www.wikidata.org/entity/Q71887839"}, "objectLabel": {"xml:lang": "en", "type": "literal", "value": "copyrights on works have expired"}, "predicateLabel": {"xml:lang": "en", "type": "literal", "value": "copyright status as a creator"}}, {"subjectLabel": {"xml:lang": "en", "type": "literal", "value": "Sob\u011bslav Pinkas"}, "object": {"type": "uri", "value": "http://www.wikidata.org/entity/Q2041543"}, "objectLabel": {"xml:lang": "en", "type": "literal", "value": "Ott\u016fv slovn\u00edk nau\u010dn\u00fd"}, "predicateLabel": {"xml:lang": "en", "type": "literal", "value": "described by source"}}, {"subjectLabel": {"xml:lang": "en", "type": "literal", "value": "Sob\u011bslav Pinkas"}, "object": {"type": "uri", "value": "http://www.wikidata.org/entity/Q1419555"}, "objectLabel": {"xml:lang": "en", "type": "literal", "value": "National Gallery Prague"}, "predicateLabel": {"xml:lang": "en", "type": "literal", "value": "has works in the collection"}}], "Q5369037": [{"subjectLabel": {"xml:lang": "en", "type": "literal", "value": "Emanuel Chv\u00e1la"}, "object": {"type": "uri", "value": "http://www.wikidata.org/entity/Q5"}, "objectLabel": {"xml:lang": "en", "type": "literal", "value": "human"}, "predicateLabel": {"xml:lang": "en", "type": "literal", "value": "instance of"}}, {"subjectLabel": {"xml:lang": "en", "type": "literal", "value": "Emanuel Chv\u00e1la"}, "object": {"type": "uri", "value": "http://www.wikidata.org/entity/Q1085"}, "objectLabel": {"xml:lang": "en", "type": "literal", "value": "Prague"}, "predicateLabel": {"xml:lang": "en", "type": "literal", "value": "place of birth"}}, {"subjectLabel": {"xml:lang": "en", "type": "literal", "value": "Emanuel Chv\u00e1la"}, "object": {"type": "uri", "value": "http://www.wikidata.org/entity/Q4926740"}, "objectLabel": {"xml:lang": "en", "type": "literal", "value": "Emanuel"}, "predicateLabel": {"xml:lang": "en", "type": "literal", "value": "given name"}}, {"subjectLabel": {"xml:lang": "en", "type": "literal", "value": "Emanuel Chv\u00e1la"}, "object": {"type": "uri", "value": "http://www.wikidata.org/entity/Q2041543"}, "objectLabel": {"xml:lang": "en", "type": "literal", "value": "Ott\u016fv slovn\u00edk nau\u010dn\u00fd"}, "predicateLabel": {"xml:lang": "en", "type": "literal", "value": "described by source"}}, {"subjectLabel": {"xml:lang": "en", "type": "literal", "value": "Emanuel Chv\u00e1la"}, "object": {"type": "uri", "value": "http://www.wikidata.org/entity/Q67311526"}, "objectLabel": {"xml:lang": "en", "type": "literal", "value": "Obalky knih.cz"}, "predicateLabel": {"xml:lang": "en", "type": "literal", "value": "described by source"}}, {"subjectLabel": {"xml:lang": "en", "type": "literal", "value": "Emanuel Chv\u00e1la"}, "object": {"type": "uri", "value": "http://www.wikidata.org/entity/Q1344"}, "objectLabel": {"xml:lang": "en", "type": "literal", "value": "opera"}, "predicateLabel": {"xml:lang": "en", "type": "literal", "value": "genre"}}, {"subjectLabel": {"xml:lang": "en", "type": "literal", "value": "Emanuel Chv\u00e1la"}, "object": {"type": "uri", "value": "http://www.wikidata.org/entity/Q9730"}, "objectLabel": {"xml:lang": "en", "type": "literal", "value": "classical music"}, "predicateLabel": {"xml:lang": "en", "type": "literal", "value": "genre"}}, {"subjectLabel": {"xml:lang": "en", "type": "literal", "value": "Emanuel Chv\u00e1la"}, "object": {"type": "uri", "value": "http://www.wikidata.org/entity/Q36834"}, "objectLabel": {"xml:lang": "en", "type": "literal", "value": "composer"}, "predicateLabel": {"xml:lang": "en", "type": "literal", "value": "occupation"}}, {"subjectLabel": {"xml:lang": "en", "type": "literal", "value": "Emanuel Chv\u00e1la"}, "object": {"type": "uri", "value": "http://www.wikidata.org/entity/Q33946"}, "objectLabel": {"xml:lang": "en", "type": "literal", "value": "Czechoslovakia"}, "predicateLabel": {"xml:lang": "en", "type": "literal", "value": "country of citizenship"}}, {"subjectLabel": {"xml:lang": "en", "type": "literal", "value": "Emanuel Chv\u00e1la"}, "object": {"type": "uri", "value": "http://www.wikidata.org/entity/Q50308930"}, "objectLabel": {"xml:lang": "en", "type": "literal", "value": "Chv\u00e1la"}, "predicateLabel": {"xml:lang": "en", "type": "literal", "value": "family name"}}, {"subjectLabel": {"xml:lang": "en", "type": "literal", "value": "Emanuel Chv\u00e1la"}, "object": {"type": "uri", "value": "http://www.wikidata.org/entity/Q18341655"}, "objectLabel": {"xml:lang": "en", "type": "literal", "value": "Category:Emanuel Chv\u00e1la"}, "predicateLabel": {"xml:lang": "en", "type": "literal", "value": "topic's main category"}}, {"subjectLabel": {"xml:lang": "en", "type": "literal", "value": "Emanuel Chv\u00e1la"}, "object": {"type": "uri", "value": "http://www.wikidata.org/entity/Q54459780"}, "objectLabel": {"xml:lang": "en", "type": "literal", "value": "Antologie z oper"}, "predicateLabel": {"xml:lang": "en", "type": "literal", "value": "described by source"}}, {"subjectLabel": {"xml:lang": "en", "type": "literal", "value": "Emanuel Chv\u00e1la"}, "object": {"type": "uri", "value": "http://www.wikidata.org/entity/Q753219"}, "objectLabel": {"xml:lang": "en", "type": "literal", "value": "New Town, Prague"}, "predicateLabel": {"xml:lang": "en", "type": "literal", "value": "place of death"}}, {"subjectLabel": {"xml:lang": "en", "type": "literal", "value": "Emanuel Chv\u00e1la"}, "object": {"type": "uri", "value": "http://www.wikidata.org/entity/Q6581097"}, "objectLabel": {"xml:lang": "en", "type": "literal", "value": "male"}, "predicateLabel": {"xml:lang": "en", "type": "literal", "value": "sex or gender"}}, {"subjectLabel": {"xml:lang": "en", "type": "literal", "value": "Emanuel Chv\u00e1la"}, "object": {"type": "uri", "value": "http://www.wikidata.org/entity/Q1350157"}, "objectLabel": {"xml:lang": "en", "type": "literal", "value": "music critic"}, "predicateLabel": {"xml:lang": "en", "type": "literal", "value": "occupation"}}, {"subjectLabel": {"xml:lang": "en", "type": "literal", "value": "Emanuel Chv\u00e1la"}, "object": {"type": "uri", "value": "http://www.wikidata.org/entity/Q6051619"}, "objectLabel": {"xml:lang": "en", "type": "literal", "value": "opinion journalist"}, "predicateLabel": {"xml:lang": "en", "type": "literal", "value": "occupation"}}, {"subjectLabel": {"xml:lang": "en", "type": "literal", "value": "Emanuel Chv\u00e1la"}, "object": {"type": "uri", "value": "http://www.wikidata.org/entity/Q6430706"}, "objectLabel": {"xml:lang": "en", "type": "literal", "value": "critic"}, "predicateLabel": {"xml:lang": "en", "type": "literal", "value": "occupation"}}]}