{"Q8694407": [{"subjectLabel": {"xml:lang": "en", "type": "literal", "value": "Category:Historic maps of Switzerland"}, "object": {"type": "uri", "value": "http://www.wikidata.org/entity/Q39"}, "objectLabel": {"xml:lang": "en", "type": "literal", "value": "Switzerland"}, "predicateLabel": {"xml:lang": "en", "type": "literal", "value": "category combines topics"}}, {"subjectLabel": {"xml:lang": "en", "type": "literal", "value": "Category:Historic maps of Switzerland"}, "object": {"type": "uri", "value": "http://www.wikidata.org/entity/Q441903"}, "objectLabel": {"xml:lang": "en", "type": "literal", "value": "antique map"}, "predicateLabel": {"xml:lang": "en", "type": "literal", "value": "category combines topics"}}, {"subjectLabel": {"xml:lang": "en", "type": "literal", "value": "Category:Historic maps of Switzerland"}, "object": {"type": "uri", "value": "http://www.wikidata.org/entity/Q4167836"}, "objectLabel": {"xml:lang": "en", "type": "literal", "value": "Wikimedia category"}, "predicateLabel": {"xml:lang": "en", "type": "literal", "value": "instance of"}}], "Q688599": [{"subjectLabel": {"xml:lang": "en", "type": "literal", "value": "demographics of Switzerland"}, "object": {"type": "uri", "value": "http://www.wikidata.org/entity/Q39"}, "objectLabel": {"xml:lang": "en", "type": "literal", "value": "Switzerland"}, "predicateLabel": {"xml:lang": "en", "type": "literal", "value": "country"}}, {"subjectLabel": {"xml:lang": "en", "type": "literal", "value": "demographics of Switzerland"}, "object": {"type": "uri", "value": "http://www.wikidata.org/entity/Q39"}, "objectLabel": {"xml:lang": "en", "type": "literal", "value": "Switzerland"}, "predicateLabel": {"xml:lang": "en", "type": "literal", "value": "location"}}, {"subjectLabel": {"xml:lang": "en", "type": "literal", "value": "demographics of Switzerland"}, "object": {"type": "uri", "value": "http://www.wikidata.org/entity/Q62944360"}, "objectLabel": {"xml:lang": "en", "type": "literal", "value": "country population"}, "predicateLabel": {"xml:lang": "en", "type": "literal", "value": "instance of"}}, {"subjectLabel": {"xml:lang": "en", "type": "literal", "value": "demographics of Switzerland"}, "object": {"type": "uri", "value": "http://www.wikidata.org/entity/Q23983664"}, "objectLabel": {"xml:lang": "en", "type": "literal", "value": "demographics of country or region"}, "predicateLabel": {"xml:lang": "en", "type": "literal", "value": "instance of"}}, {"subjectLabel": {"xml:lang": "en", "type": "literal", "value": "demographics of Switzerland"}, "object": {"type": "uri", "value": "http://www.wikidata.org/entity/Q1067887"}, "objectLabel": {"xml:lang": "en", "type": "literal", "value": "demographics of Europe"}, "predicateLabel": {"xml:lang": "en", "type": "literal", "value": "subclass of"}}, {"subjectLabel": {"xml:lang": "en", "type": "literal", "value": "demographics of Switzerland"}, "object": {"type": "uri", "value": "http://www.wikidata.org/entity/Q8373099"}, "objectLabel": {"xml:lang": "en", "type": "literal", "value": "Category:Demographics of Switzerland"}, "predicateLabel": {"xml:lang": "en", "type": "literal", "value": "topic's main category"}}], "Q63430264": [{"subjectLabel": {"xml:lang": "en", "type": "literal", "value": "opendata.swiss"}, "object": {"type": "uri", "value": "http://www.wikidata.org/entity/Q39"}, "objectLabel": {"xml:lang": "en", "type": "literal", "value": "Switzerland"}, "predicateLabel": {"xml:lang": "en", "type": "literal", "value": "main subject"}}, {"subjectLabel": {"xml:lang": "en", "type": "literal", "value": "opendata.swiss"}, "object": {"type": "uri", "value": "http://www.wikidata.org/entity/Q39"}, "objectLabel": {"xml:lang": "en", "type": "literal", "value": "Switzerland"}, "predicateLabel": {"xml:lang": "en", "type": "literal", "value": "located in the administrative territorial entity"}}, {"subjectLabel": {"xml:lang": "en", "type": "literal", "value": "opendata.swiss"}, "object": {"type": "uri", "value": "http://www.wikidata.org/entity/Q39"}, "objectLabel": {"xml:lang": "en", "type": "literal", "value": "Switzerland"}, "predicateLabel": {"xml:lang": "en", "type": "literal", "value": "country"}}, {"subjectLabel": {"xml:lang": "en", "type": "literal", "value": "opendata.swiss"}, "object": {"type": "uri", "value": "http://www.wikidata.org/entity/Q1860"}, "objectLabel": {"xml:lang": "en", "type": "literal", "value": "English"}, "predicateLabel": {"xml:lang": "en", "type": "literal", "value": "language of work or name"}}, {"subjectLabel": {"xml:lang": "en", "type": "literal", "value": "opendata.swiss"}, "object": {"type": "uri", "value": "http://www.wikidata.org/entity/Q150"}, "objectLabel": {"xml:lang": "en", "type": "literal", "value": "French"}, "predicateLabel": {"xml:lang": "en", "type": "literal", "value": "language of work or name"}}, {"subjectLabel": {"xml:lang": "en", "type": "literal", "value": "opendata.swiss"}, "object": {"type": "uri", "value": "http://www.wikidata.org/entity/Q39"}, "objectLabel": {"xml:lang": "en", "type": "literal", "value": "Switzerland"}, "predicateLabel": {"xml:lang": "en", "type": "literal", "value": "applies to jurisdiction"}}, {"subjectLabel": {"xml:lang": "en", "type": "literal", "value": "opendata.swiss"}, "object": {"type": "uri", "value": "http://www.wikidata.org/entity/Q652"}, "objectLabel": {"xml:lang": "en", "type": "literal", "value": "Italian"}, "predicateLabel": {"xml:lang": "en", "type": "literal", "value": "language of work or name"}}, {"subjectLabel": {"xml:lang": "en", "type": "literal", "value": "opendata.swiss"}, "object": {"type": "uri", "value": "http://www.wikidata.org/entity/Q188"}, "objectLabel": {"xml:lang": "en", "type": "literal", "value": "German"}, "predicateLabel": {"xml:lang": "en", "type": "literal", "value": "language of work or name"}}, {"subjectLabel": {"xml:lang": "en", "type": "literal", "value": "opendata.swiss"}, "object": {"type": "uri", "value": "http://www.wikidata.org/entity/Q977484"}, "objectLabel": {"xml:lang": "en", "type": "literal", "value": "CKAN"}, "predicateLabel": {"xml:lang": "en", "type": "literal", "value": "software engine"}}, {"subjectLabel": {"xml:lang": "en", "type": "literal", "value": "opendata.swiss"}, "object": {"type": "uri", "value": "http://www.wikidata.org/entity/Q2352616"}, "objectLabel": {"xml:lang": "en", "type": "literal", "value": "catalogue"}, "predicateLabel": {"xml:lang": "en", "type": "literal", "value": "instance of"}}, {"subjectLabel": {"xml:lang": "en", "type": "literal", "value": "opendata.swiss"}, "object": {"type": "uri", "value": "http://www.wikidata.org/entity/Q27031827"}, "objectLabel": {"xml:lang": "en", "type": "literal", "value": "open data portal"}, "predicateLabel": {"xml:lang": "en", "type": "literal", "value": "instance of"}}], "Q170156": [{"subjectLabel": {"xml:lang": "en", "type": "literal", "value": "confederation"}, "object": {"type": "uri", "value": "http://www.wikidata.org/entity/Q4394526"}, "objectLabel": {"xml:lang": "en", "type": "literal", "value": "international law"}, "predicateLabel": {"xml:lang": "en", "type": "literal", "value": "part of"}}, {"subjectLabel": {"xml:lang": "en", "type": "literal", "value": "confederation"}, "object": {"type": "uri", "value": "http://www.wikidata.org/entity/Q22676603"}, "objectLabel": {"xml:lang": "en", "type": "literal", "value": "federal system"}, "predicateLabel": {"xml:lang": "en", "type": "literal", "value": "subclass of"}}, {"subjectLabel": {"xml:lang": "en", "type": "literal", "value": "confederation"}, "object": {"type": "uri", "value": "http://www.wikidata.org/entity/Q484652"}, "objectLabel": {"xml:lang": "en", "type": "literal", "value": "international organization"}, "predicateLabel": {"xml:lang": "en", "type": "literal", "value": "subclass of"}}, {"subjectLabel": {"xml:lang": "en", "type": "literal", "value": "confederation"}, "object": {"type": "uri", "value": "http://www.wikidata.org/entity/Q39"}, "objectLabel": {"xml:lang": "en", "type": "literal", "value": "Switzerland"}, "predicateLabel": {"xml:lang": "en", "type": "literal", "value": "has part(s)"}}, {"subjectLabel": {"xml:lang": "en", "type": "literal", "value": "confederation"}, "object": {"type": "uri", "value": "http://www.wikidata.org/entity/Q458"}, "objectLabel": {"xml:lang": "en", "type": "literal", "value": "European Union"}, "predicateLabel": {"xml:lang": "en", "type": "literal", "value": "has part(s)"}}, {"subjectLabel": {"xml:lang": "en", "type": "literal", "value": "confederation"}, "object": {"type": "uri", "value": "http://www.wikidata.org/entity/Q43702"}, "objectLabel": {"xml:lang": "en", "type": "literal", "value": "federation"}, "predicateLabel": {"xml:lang": "en", "type": "literal", "value": "different from"}}, {"subjectLabel": {"xml:lang": "en", "type": "literal", "value": "confederation"}, "object": {"type": "uri", "value": "http://www.wikidata.org/entity/Q6173448"}, "objectLabel": {"xml:lang": "en", "type": "literal", "value": "Wikipedia:Vital articles/Level/4"}, "predicateLabel": {"xml:lang": "en", "type": "literal", "value": "on focus list of Wikimedia project"}}, {"subjectLabel": {"xml:lang": "en", "type": "literal", "value": "confederation"}, "object": {"type": "uri", "value": "http://www.wikidata.org/entity/Q81931"}, "objectLabel": {"xml:lang": "en", "type": "literal", "value": "Confederate States"}, "predicateLabel": {"xml:lang": "en", "type": "literal", "value": "has part(s)"}}, {"subjectLabel": {"xml:lang": "en", "type": "literal", "value": "confederation"}, "object": {"type": "uri", "value": "http://www.wikidata.org/entity/Q9594788"}, "objectLabel": {"xml:lang": "en", "type": "literal", "value": "Category:Confederations"}, "predicateLabel": {"xml:lang": "en", "type": "literal", "value": "topic's main category"}}, {"subjectLabel": {"xml:lang": "en", "type": "literal", "value": "confederation"}, "object": {"type": "uri", "value": "http://www.wikidata.org/entity/Q867541"}, "objectLabel": {"xml:lang": "en", "type": "literal", "value": "Encyclop\u00e6dia Britannica 11th edition"}, "predicateLabel": {"xml:lang": "en", "type": "literal", "value": "described by source"}}, {"subjectLabel": {"xml:lang": "en", "type": "literal", "value": "confederation"}, "object": {"type": "uri", "value": "http://www.wikidata.org/entity/Q124737632"}, "objectLabel": {"xml:lang": "en", "type": "literal", "value": "Armenian Soviet Encyclopedia, vol. 5"}, "predicateLabel": {"xml:lang": "en", "type": "literal", "value": "described by source"}}], "Q20577158": [{"subjectLabel": {"xml:lang": "en", "type": "literal", "value": ".swiss"}, "object": {"type": "uri", "value": "http://www.wikidata.org/entity/Q14296"}, "objectLabel": {"xml:lang": "en", "type": "literal", "value": "top-level domain"}, "predicateLabel": {"xml:lang": "en", "type": "literal", "value": "instance of"}}], "Q39676": [{"subjectLabel": {"xml:lang": "en", "type": "literal", "value": ".ch"}, "object": {"type": "uri", "value": "http://www.wikidata.org/entity/Q159292"}, "objectLabel": {"xml:lang": "en", "type": "literal", "value": ".ch"}, "predicateLabel": {"xml:lang": "en", "type": "literal", "value": "different from"}}, {"subjectLabel": {"xml:lang": "en", "type": "literal", "value": ".ch"}, "object": {"type": "uri", "value": "http://www.wikidata.org/entity/Q42032"}, "objectLabel": {"xml:lang": "en", "type": "literal", "value": "country code top-level domain"}, "predicateLabel": {"xml:lang": "en", "type": "literal", "value": "instance of"}}, {"subjectLabel": {"xml:lang": "en", "type": "literal", "value": ".ch"}, "object": {"type": "uri", "value": "http://www.wikidata.org/entity/Q683229"}, "objectLabel": {"xml:lang": "en", "type": "literal", "value": "SWITCH Information Technology Services"}, "predicateLabel": {"xml:lang": "en", "type": "literal", "value": "maintained by"}}, {"subjectLabel": {"xml:lang": "en", "type": "literal", "value": ".ch"}, "object": {"type": "uri", "value": "http://www.wikidata.org/entity/Q683229"}, "objectLabel": {"xml:lang": "en", "type": "literal", "value": "SWITCH Information Technology Services"}, "predicateLabel": {"xml:lang": "en", "type": "literal", "value": "sponsor"}}, {"subjectLabel": {"xml:lang": "en", "type": "literal", "value": ".ch"}, "object": {"type": "uri", "value": "http://www.wikidata.org/entity/Q39"}, "objectLabel": {"xml:lang": "en", "type": "literal", "value": "Switzerland"}, "predicateLabel": {"xml:lang": "en", "type": "literal", "value": "country"}}], "Q182536": [{"subjectLabel": {"xml:lang": "en", "type": "literal", "value": "Swiss Psalm"}, "object": {"type": "uri", "value": "http://www.wikidata.org/entity/Q39"}, "objectLabel": {"xml:lang": "en", "type": "literal", "value": "Switzerland"}, "predicateLabel": {"xml:lang": "en", "type": "literal", "value": "country"}}, {"subjectLabel": {"xml:lang": "en", "type": "literal", "value": "Swiss Psalm"}, "object": {"type": "uri", "value": "http://www.wikidata.org/entity/Q23691"}, "objectLabel": {"xml:lang": "en", "type": "literal", "value": "national anthem"}, "predicateLabel": {"xml:lang": "en", "type": "literal", "value": "instance of"}}, {"subjectLabel": {"xml:lang": "en", "type": "literal", "value": "Swiss Psalm"}, "object": {"type": "uri", "value": "http://www.wikidata.org/entity/Q667651"}, "objectLabel": {"xml:lang": "en", "type": "literal", "value": "Alberich Zwyssig"}, "predicateLabel": {"xml:lang": "en", "type": "literal", "value": "composer"}}, {"subjectLabel": {"xml:lang": "en", "type": "literal", "value": "Swiss Psalm"}, "object": {"type": "uri", "value": "http://www.wikidata.org/entity/Q1819309"}, "objectLabel": {"xml:lang": "en", "type": "literal", "value": "Leonhard Widmer"}, "predicateLabel": {"xml:lang": "en", "type": "literal", "value": "lyrics by"}}, {"subjectLabel": {"xml:lang": "en", "type": "literal", "value": "Swiss Psalm"}, "object": {"type": "uri", "value": "http://www.wikidata.org/entity/Q795134"}, "objectLabel": {"xml:lang": "en", "type": "literal", "value": "B-flat major"}, "predicateLabel": {"xml:lang": "en", "type": "literal", "value": "tonality"}}], "Q123480": [{"subjectLabel": {"xml:lang": "en", "type": "literal", "value": "landlocked country"}, "object": {"type": "uri", "value": "http://www.wikidata.org/entity/Q6256"}, "objectLabel": {"xml:lang": "en", "type": "literal", "value": "country"}, "predicateLabel": {"xml:lang": "en", "type": "literal", "value": "subclass of"}}, {"subjectLabel": {"xml:lang": "en", "type": "literal", "value": "landlocked country"}, "object": {"type": "uri", "value": "http://www.wikidata.org/entity/Q7275"}, "objectLabel": {"xml:lang": "en", "type": "literal", "value": "state"}, "predicateLabel": {"xml:lang": "en", "type": "literal", "value": "subclass of"}}, {"subjectLabel": {"xml:lang": "en", "type": "literal", "value": "landlocked country"}, "object": {"type": "uri", "value": "http://www.wikidata.org/entity/Q112099"}, "objectLabel": {"xml:lang": "en", "type": "literal", "value": "island country"}, "predicateLabel": {"xml:lang": "en", "type": "literal", "value": "opposite of"}}, {"subjectLabel": {"xml:lang": "en", "type": "literal", "value": "landlocked country"}, "object": {"type": "uri", "value": "http://www.wikidata.org/entity/Q6942510"}, "objectLabel": {"xml:lang": "en", "type": "literal", "value": "Category:Landlocked countries"}, "predicateLabel": {"xml:lang": "en", "type": "literal", "value": "topic's main category"}}], "Q25344": [{"subjectLabel": {"xml:lang": "en", "type": "literal", "value": "Swiss franc"}, "object": {"type": "uri", "value": "http://www.wikidata.org/entity/Q347"}, "objectLabel": {"xml:lang": "en", "type": "literal", "value": "Liechtenstein"}, "predicateLabel": {"xml:lang": "en", "type": "literal", "value": "country"}}, {"subjectLabel": {"xml:lang": "en", "type": "literal", "value": "Swiss franc"}, "object": {"type": "uri", "value": "http://www.wikidata.org/entity/Q39"}, "objectLabel": {"xml:lang": "en", "type": "literal", "value": "Switzerland"}, "predicateLabel": {"xml:lang": "en", "type": "literal", "value": "country"}}, {"subjectLabel": {"xml:lang": "en", "type": "literal", "value": "Swiss franc"}, "object": {"type": "uri", "value": "http://www.wikidata.org/entity/Q8142"}, "objectLabel": {"xml:lang": "en", "type": "literal", "value": "currency"}, "predicateLabel": {"xml:lang": "en", "type": "literal", "value": "instance of"}}, {"subjectLabel": {"xml:lang": "en", "type": "literal", "value": "Swiss franc"}, "object": {"type": "uri", "value": "http://www.wikidata.org/entity/Q39"}, "objectLabel": {"xml:lang": "en", "type": "literal", "value": "Switzerland"}, "predicateLabel": {"xml:lang": "en", "type": "literal", "value": "applies to jurisdiction"}}, {"subjectLabel": {"xml:lang": "en", "type": "literal", "value": "Swiss franc"}, "object": {"type": "uri", "value": "http://www.wikidata.org/entity/Q1403377"}, "objectLabel": {"xml:lang": "en", "type": "literal", "value": "franc"}, "predicateLabel": {"xml:lang": "en", "type": "literal", "value": "instance of"}}, {"subjectLabel": {"xml:lang": "en", "type": "literal", "value": "Swiss franc"}, "object": {"type": "uri", "value": "http://www.wikidata.org/entity/Q597394"}, "objectLabel": {"xml:lang": "en", "type": "literal", "value": "Swiss National Bank"}, "predicateLabel": {"xml:lang": "en", "type": "literal", "value": "central bank/issuer"}}, {"subjectLabel": {"xml:lang": "en", "type": "literal", "value": "Swiss franc"}, "object": {"type": "uri", "value": "http://www.wikidata.org/entity/Q248526"}, "objectLabel": {"xml:lang": "en", "type": "literal", "value": "Z\u00fcrich thaler"}, "predicateLabel": {"xml:lang": "en", "type": "literal", "value": "replaces"}}, {"subjectLabel": {"xml:lang": "en", "type": "literal", "value": "Swiss franc"}, "object": {"type": "uri", "value": "http://www.wikidata.org/entity/Q107192610"}, "objectLabel": {"xml:lang": "en", "type": "literal", "value": "Category:Money of Switzerland"}, "predicateLabel": {"xml:lang": "en", "type": "literal", "value": "topic's main category"}}, {"subjectLabel": {"xml:lang": "en", "type": "literal", "value": "Swiss franc"}, "object": {"type": "uri", "value": "http://www.wikidata.org/entity/Q20078554"}, "objectLabel": {"xml:lang": "en", "type": "literal", "value": "Great Soviet Encyclopedia (1926\u20131947)"}, "predicateLabel": {"xml:lang": "en", "type": "literal", "value": "described by source"}}], "Q512187": [{"subjectLabel": {"xml:lang": "en", "type": "literal", "value": "federal republic"}, "object": {"type": "uri", "value": "http://www.wikidata.org/entity/Q43702"}, "objectLabel": {"xml:lang": "en", "type": "literal", "value": "federation"}, "predicateLabel": {"xml:lang": "en", "type": "literal", "value": "subclass of"}}, {"subjectLabel": {"xml:lang": "en", "type": "literal", "value": "federal republic"}, "object": {"type": "uri", "value": "http://www.wikidata.org/entity/Q7270"}, "objectLabel": {"xml:lang": "en", "type": "literal", "value": "republic"}, "predicateLabel": {"xml:lang": "en", "type": "literal", "value": "subclass of"}}, {"subjectLabel": {"xml:lang": "en", "type": "literal", "value": "federal republic"}, "object": {"type": "uri", "value": "http://www.wikidata.org/entity/Q5440547"}, "objectLabel": {"xml:lang": "en", "type": "literal", "value": "federal parliamentary republic"}, "predicateLabel": {"xml:lang": "en", "type": "literal", "value": "has part(s)"}}, {"subjectLabel": {"xml:lang": "en", "type": "literal", "value": "federal republic"}, "object": {"type": "uri", "value": "http://www.wikidata.org/entity/Q1307214"}, "objectLabel": {"xml:lang": "en", "type": "literal", "value": "form of government"}, "predicateLabel": {"xml:lang": "en", "type": "literal", "value": "instance of"}}]}