{"Q19958368": [{"subjectLabel": {"xml:lang": "en", "type": "literal", "value": "culture of an area"}, "object": {"type": "uri", "value": "http://www.wikidata.org/entity/P17"}, "objectLabel": {"xml:lang": "en", "type": "literal", "value": "country"}, "predicateLabel": {"xml:lang": "en", "type": "literal", "value": "properties for this type"}}, {"subjectLabel": {"xml:lang": "en", "type": "literal", "value": "culture of an area"}, "object": {"type": "uri", "value": "http://www.wikidata.org/entity/P276"}, "objectLabel": {"xml:lang": "en", "type": "literal", "value": "location"}, "predicateLabel": {"xml:lang": "en", "type": "literal", "value": "properties for this type"}}, {"subjectLabel": {"xml:lang": "en", "type": "literal", "value": "culture of an area"}, "object": {"type": "uri", "value": "http://www.wikidata.org/entity/P30"}, "objectLabel": {"xml:lang": "en", "type": "literal", "value": "continent"}, "predicateLabel": {"xml:lang": "en", "type": "literal", "value": "properties for this type"}}, {"subjectLabel": {"xml:lang": "en", "type": "literal", "value": "culture of an area"}, "object": {"type": "uri", "value": "http://www.wikidata.org/entity/P1269"}, "objectLabel": {"xml:lang": "en", "type": "literal", "value": "facet of"}, "predicateLabel": {"xml:lang": "en", "type": "literal", "value": "properties for this type"}}, {"subjectLabel": {"xml:lang": "en", "type": "literal", "value": "culture of an area"}, "object": {"type": "uri", "value": "http://www.wikidata.org/entity/Q19478619"}, "objectLabel": {"xml:lang": "en", "type": "literal", "value": "metaclass"}, "predicateLabel": {"xml:lang": "en", "type": "literal", "value": "instance of"}}, {"subjectLabel": {"xml:lang": "en", "type": "literal", "value": "culture of an area"}, "object": {"type": "uri", "value": "http://www.wikidata.org/entity/Q11042"}, "objectLabel": {"xml:lang": "en", "type": "literal", "value": "culture"}, "predicateLabel": {"xml:lang": "en", "type": "literal", "value": "is metaclass for"}}, {"subjectLabel": {"xml:lang": "en", "type": "literal", "value": "culture of an area"}, "object": {"type": "uri", "value": "http://www.wikidata.org/entity/Q113673152"}, "objectLabel": {"xml:lang": "en", "type": "literal", "value": "Template:Infobox culture of an area"}, "predicateLabel": {"xml:lang": "en", "type": "literal", "value": "topic's main template"}}, {"subjectLabel": {"xml:lang": "en", "type": "literal", "value": "culture of an area"}, "object": {"type": "uri", "value": "http://www.wikidata.org/entity/Q74817647"}, "objectLabel": {"xml:lang": "en", "type": "literal", "value": "aspect in a geographic region"}, "predicateLabel": {"xml:lang": "en", "type": "literal", "value": "subclass of"}}, {"subjectLabel": {"xml:lang": "en", "type": "literal", "value": "culture of an area"}, "object": {"type": "uri", "value": "http://www.wikidata.org/entity/Q168891"}, "objectLabel": {"xml:lang": "en", "type": "literal", "value": "cultural geography"}, "predicateLabel": {"xml:lang": "en", "type": "literal", "value": "facet of"}}, {"subjectLabel": {"xml:lang": "en", "type": "literal", "value": "culture of an area"}, "object": {"type": "uri", "value": "http://www.wikidata.org/entity/Q10262325"}, "objectLabel": {"xml:lang": "en", "type": "literal", "value": "local culture"}, "predicateLabel": {"xml:lang": "en", "type": "literal", "value": "said to be the same as"}}], "Q13152690": [{"subjectLabel": {"xml:lang": "en", "type": "literal", "value": "culture of the Earth"}, "object": {"type": "uri", "value": "http://www.wikidata.org/entity/Q2"}, "objectLabel": {"xml:lang": "en", "type": "literal", "value": "Earth"}, "predicateLabel": {"xml:lang": "en", "type": "literal", "value": "location"}}, {"subjectLabel": {"xml:lang": "en", "type": "literal", "value": "culture of the Earth"}, "object": {"type": "uri", "value": "http://www.wikidata.org/entity/Q2"}, "objectLabel": {"xml:lang": "en", "type": "literal", "value": "Earth"}, "predicateLabel": {"xml:lang": "en", "type": "literal", "value": "facet of"}}, {"subjectLabel": {"xml:lang": "en", "type": "literal", "value": "culture of the Earth"}, "object": {"type": "uri", "value": "http://www.wikidata.org/entity/Q11042"}, "objectLabel": {"xml:lang": "en", "type": "literal", "value": "culture"}, "predicateLabel": {"xml:lang": "en", "type": "literal", "value": "subclass of"}}, {"subjectLabel": {"xml:lang": "en", "type": "literal", "value": "culture of the Earth"}, "object": {"type": "uri", "value": "http://www.wikidata.org/entity/Q19958368"}, "objectLabel": {"xml:lang": "en", "type": "literal", "value": "culture of an area"}, "predicateLabel": {"xml:lang": "en", "type": "literal", "value": "instance of"}}], "Q7151915": [{"subjectLabel": {"xml:lang": "en", "type": "literal", "value": "Category:Ancient Roman culture"}, "object": {"type": "uri", "value": "http://www.wikidata.org/entity/Q4167836"}, "objectLabel": {"xml:lang": "en", "type": "literal", "value": "Wikimedia category"}, "predicateLabel": {"xml:lang": "en", "type": "literal", "value": "instance of"}}, {"subjectLabel": {"xml:lang": "en", "type": "literal", "value": "Category:Ancient Roman culture"}, "object": {"type": "uri", "value": "http://www.wikidata.org/entity/Q11042"}, "objectLabel": {"xml:lang": "en", "type": "literal", "value": "culture"}, "predicateLabel": {"xml:lang": "en", "type": "literal", "value": "category combines topics"}}, {"subjectLabel": {"xml:lang": "en", "type": "literal", "value": "Category:Ancient Roman culture"}, "object": {"type": "uri", "value": "http://www.wikidata.org/entity/Q1200427"}, "objectLabel": {"xml:lang": "en", "type": "literal", "value": "culture of ancient Rome"}, "predicateLabel": {"xml:lang": "en", "type": "literal", "value": "category's main topic"}}], "Q465299": [{"subjectLabel": {"xml:lang": "en", "type": "literal", "value": "archaeological culture"}, "object": {"type": "uri", "value": "http://www.wikidata.org/entity/Q6173448"}, "objectLabel": {"xml:lang": "en", "type": "literal", "value": "Wikipedia:Vital articles/Level/4"}, "predicateLabel": {"xml:lang": "en", "type": "literal", "value": "on focus list of Wikimedia project"}}, {"subjectLabel": {"xml:lang": "en", "type": "literal", "value": "archaeological culture"}, "object": {"type": "uri", "value": "http://www.wikidata.org/entity/Q151885"}, "objectLabel": {"xml:lang": "en", "type": "literal", "value": "concept"}, "predicateLabel": {"xml:lang": "en", "type": "literal", "value": "subclass of"}}, {"subjectLabel": {"xml:lang": "en", "type": "literal", "value": "archaeological culture"}, "object": {"type": "uri", "value": "http://www.wikidata.org/entity/Q11042"}, "objectLabel": {"xml:lang": "en", "type": "literal", "value": "culture"}, "predicateLabel": {"xml:lang": "en", "type": "literal", "value": "subclass of"}}, {"subjectLabel": {"xml:lang": "en", "type": "literal", "value": "archaeological culture"}, "object": {"type": "uri", "value": "http://www.wikidata.org/entity/Q8809105"}, "objectLabel": {"xml:lang": "en", "type": "literal", "value": "Category:Archaeological cultures"}, "predicateLabel": {"xml:lang": "en", "type": "literal", "value": "topic's main category"}}, {"subjectLabel": {"xml:lang": "en", "type": "literal", "value": "archaeological culture"}, "object": {"type": "uri", "value": "http://www.wikidata.org/entity/Q123625363"}, "objectLabel": {"xml:lang": "en", "type": "literal", "value": "Armenian Soviet Encyclopedia, vol. 7"}, "predicateLabel": {"xml:lang": "en", "type": "literal", "value": "described by source"}}, {"subjectLabel": {"xml:lang": "en", "type": "literal", "value": "archaeological culture"}, "object": {"type": "uri", "value": "http://www.wikidata.org/entity/Q13469152"}, "objectLabel": {"xml:lang": "en", "type": "literal", "value": "Template:Infobox archaeological culture"}, "predicateLabel": {"xml:lang": "en", "type": "literal", "value": "topic's main template"}}, {"subjectLabel": {"xml:lang": "en", "type": "literal", "value": "archaeological culture"}, "object": {"type": "uri", "value": "http://www.wikidata.org/entity/Q12155088"}, "objectLabel": {"xml:lang": "en", "type": "literal", "value": "list of archaeological cultures"}, "predicateLabel": {"xml:lang": "en", "type": "literal", "value": "has list"}}], "Q15284": [{"subjectLabel": {"xml:lang": "en", "type": "literal", "value": "municipality"}, "object": {"type": "uri", "value": "http://www.wikidata.org/entity/Q123705"}, "objectLabel": {"xml:lang": "en", "type": "literal", "value": "neighborhood"}, "predicateLabel": {"xml:lang": "en", "type": "literal", "value": "has part(s)"}}, {"subjectLabel": {"xml:lang": "en", "type": "literal", "value": "municipality"}, "object": {"type": "uri", "value": "http://www.wikidata.org/entity/Q56681885"}, "objectLabel": {"xml:lang": "en", "type": "literal", "value": "Gemeinde (theology)"}, "predicateLabel": {"xml:lang": "en", "type": "literal", "value": "different from"}}, {"subjectLabel": {"xml:lang": "en", "type": "literal", "value": "municipality"}, "object": {"type": "uri", "value": "http://www.wikidata.org/entity/Q9305769"}, "objectLabel": {"xml:lang": "en", "type": "literal", "value": "municipal government"}, "predicateLabel": {"xml:lang": "en", "type": "literal", "value": "different from"}}, {"subjectLabel": {"xml:lang": "en", "type": "literal", "value": "municipality"}, "object": {"type": "uri", "value": "http://www.wikidata.org/entity/Q486972"}, "objectLabel": {"xml:lang": "en", "type": "literal", "value": "human settlement"}, "predicateLabel": {"xml:lang": "en", "type": "literal", "value": "subclass of"}}, {"subjectLabel": {"xml:lang": "en", "type": "literal", "value": "municipality"}, "object": {"type": "uri", "value": "http://www.wikidata.org/entity/Q572975"}, "objectLabel": {"xml:lang": "en", "type": "literal", "value": "op\u0161tina"}, "predicateLabel": {"xml:lang": "en", "type": "literal", "value": "said to be the same as"}}, {"subjectLabel": {"xml:lang": "en", "type": "literal", "value": "municipality"}, "object": {"type": "uri", "value": "http://www.wikidata.org/entity/Q2659904"}, "objectLabel": {"xml:lang": "en", "type": "literal", "value": "government organization"}, "predicateLabel": {"xml:lang": "en", "type": "literal", "value": "subclass of"}}, {"subjectLabel": {"xml:lang": "en", "type": "literal", "value": "municipality"}, "object": {"type": "uri", "value": "http://www.wikidata.org/entity/Q2183520"}, "objectLabel": {"xml:lang": "en", "type": "literal", "value": "obec"}, "predicateLabel": {"xml:lang": "en", "type": "literal", "value": "said to be the same as"}}, {"subjectLabel": {"xml:lang": "en", "type": "literal", "value": "municipality"}, "object": {"type": "uri", "value": "http://www.wikidata.org/entity/Q1633408"}, "objectLabel": {"xml:lang": "en", "type": "literal", "value": "concelho"}, "predicateLabel": {"xml:lang": "en", "type": "literal", "value": "said to be the same as"}}, {"subjectLabel": {"xml:lang": "en", "type": "literal", "value": "municipality"}, "object": {"type": "uri", "value": "http://www.wikidata.org/entity/Q102496"}, "objectLabel": {"xml:lang": "en", "type": "literal", "value": "parish"}, "predicateLabel": {"xml:lang": "en", "type": "literal", "value": "said to be the same as"}}, {"subjectLabel": {"xml:lang": "en", "type": "literal", "value": "municipality"}, "object": {"type": "uri", "value": "http://www.wikidata.org/entity/Q3266850"}, "objectLabel": {"xml:lang": "en", "type": "literal", "value": "commune"}, "predicateLabel": {"xml:lang": "en", "type": "literal", "value": "said to be the same as"}}, {"subjectLabel": {"xml:lang": "en", "type": "literal", "value": "municipality"}, "object": {"type": "uri", "value": "http://www.wikidata.org/entity/Q6173448"}, "objectLabel": {"xml:lang": "en", "type": "literal", "value": "Wikipedia:Vital articles/Level/4"}, "predicateLabel": {"xml:lang": "en", "type": "literal", "value": "on focus list of Wikimedia project"}}, {"subjectLabel": {"xml:lang": "en", "type": "literal", "value": "municipality"}, "object": {"type": "uri", "value": "http://www.wikidata.org/entity/Q5497514"}, "objectLabel": {"xml:lang": "en", "type": "literal", "value": "WikiProject Cities"}, "predicateLabel": {"xml:lang": "en", "type": "literal", "value": "maintained by WikiProject"}}, {"subjectLabel": {"xml:lang": "en", "type": "literal", "value": "municipality"}, "object": {"type": "uri", "value": "http://www.wikidata.org/entity/Q3299260"}, "objectLabel": {"xml:lang": "en", "type": "literal", "value": "local government area"}, "predicateLabel": {"xml:lang": "en", "type": "literal", "value": "said to be the same as"}}, {"subjectLabel": {"xml:lang": "en", "type": "literal", "value": "municipality"}, "object": {"type": "uri", "value": "http://www.wikidata.org/entity/Q6501447"}, "objectLabel": {"xml:lang": "en", "type": "literal", "value": "local government"}, "predicateLabel": {"xml:lang": "en", "type": "literal", "value": "said to be the same as"}}, {"subjectLabel": {"xml:lang": "en", "type": "literal", "value": "municipality"}, "object": {"type": "uri", "value": "http://www.wikidata.org/entity/Q15617994"}, "objectLabel": {"xml:lang": "en", "type": "literal", "value": "designation for an administrative territorial entity"}, "predicateLabel": {"xml:lang": "en", "type": "literal", "value": "instance of"}}, {"subjectLabel": {"xml:lang": "en", "type": "literal", "value": "municipality"}, "object": {"type": "uri", "value": "http://www.wikidata.org/entity/Q867541"}, "objectLabel": {"xml:lang": "en", "type": "literal", "value": "Encyclop\u00e6dia Britannica 11th edition"}, "predicateLabel": {"xml:lang": "en", "type": "literal", "value": "described by source"}}, {"subjectLabel": {"xml:lang": "en", "type": "literal", "value": "municipality"}, "object": {"type": "uri", "value": "http://www.wikidata.org/entity/Q20078554"}, "objectLabel": {"xml:lang": "en", "type": "literal", "value": "Great Soviet Encyclopedia (1926\u20131947)"}, "predicateLabel": {"xml:lang": "en", "type": "literal", "value": "described by source"}}, {"subjectLabel": {"xml:lang": "en", "type": "literal", "value": "municipality"}, "object": {"type": "uri", "value": "http://www.wikidata.org/entity/Q16082057"}, "objectLabel": {"xml:lang": "en", "type": "literal", "value": "The New Student's Reference Work"}, "predicateLabel": {"xml:lang": "en", "type": "literal", "value": "described by source"}}, {"subjectLabel": {"xml:lang": "en", "type": "literal", "value": "municipality"}, "object": {"type": "uri", "value": "http://www.wikidata.org/entity/P12280"}, "objectLabel": {"xml:lang": "en", "type": "literal", "value": "Walk Score ID"}, "predicateLabel": {"xml:lang": "en", "type": "literal", "value": "properties for this type"}}, {"subjectLabel": {"xml:lang": "en", "type": "literal", "value": "municipality"}, "object": {"type": "uri", "value": "http://www.wikidata.org/entity/Q1048835"}, "objectLabel": {"xml:lang": "en", "type": "literal", "value": "political territorial entity"}, "predicateLabel": {"xml:lang": "en", "type": "literal", "value": "subclass of"}}, {"subjectLabel": {"xml:lang": "en", "type": "literal", "value": "municipality"}, "object": {"type": "uri", "value": "http://www.wikidata.org/entity/Q610237"}, "objectLabel": {"xml:lang": "en", "type": "literal", "value": "special-purpose district of the United States"}, "predicateLabel": {"xml:lang": "en", "type": "literal", "value": "different from"}}, {"subjectLabel": {"xml:lang": "en", "type": "literal", "value": "municipality"}, "object": {"type": "uri", "value": "http://www.wikidata.org/entity/Q6511271"}, "objectLabel": {"xml:lang": "en", "type": "literal", "value": "Category:Municipalities"}, "predicateLabel": {"xml:lang": "en", "type": "literal", "value": "topic's main category"}}], "Q13221722": [{"subjectLabel": {"xml:lang": "en", "type": "literal", "value": "third-level administrative division"}, "object": {"type": "uri", "value": "http://www.wikidata.org/entity/Q1799794"}, "objectLabel": {"xml:lang": "en", "type": "literal", "value": "administrative territorial entity of a specific level"}, "predicateLabel": {"xml:lang": "en", "type": "literal", "value": "subclass of"}}, {"subjectLabel": {"xml:lang": "en", "type": "literal", "value": "third-level administrative division"}, "object": {"type": "uri", "value": "http://www.wikidata.org/entity/Q6412772"}, "objectLabel": {"xml:lang": "en", "type": "literal", "value": "Category:Third-level administrative divisions by country"}, "predicateLabel": {"xml:lang": "en", "type": "literal", "value": "topic's main category"}}, {"subjectLabel": {"xml:lang": "en", "type": "literal", "value": "third-level administrative division"}, "object": {"type": "uri", "value": "http://www.wikidata.org/entity/Q13220204"}, "objectLabel": {"xml:lang": "en", "type": "literal", "value": "second-level administrative division"}, "predicateLabel": {"xml:lang": "en", "type": "literal", "value": "next higher rank"}}, {"subjectLabel": {"xml:lang": "en", "type": "literal", "value": "third-level administrative division"}, "object": {"type": "uri", "value": "http://www.wikidata.org/entity/Q14757767"}, "objectLabel": {"xml:lang": "en", "type": "literal", "value": "fourth-level administrative division"}, "predicateLabel": {"xml:lang": "en", "type": "literal", "value": "next lower rank"}}], "Q15089": [{"subjectLabel": {"xml:lang": "en", "type": "literal", "value": "province of Italy"}, "object": {"type": "uri", "value": "http://www.wikidata.org/entity/Q38"}, "objectLabel": {"xml:lang": "en", "type": "literal", "value": "Italy"}, "predicateLabel": {"xml:lang": "en", "type": "literal", "value": "country"}}, {"subjectLabel": {"xml:lang": "en", "type": "literal", "value": "province of Italy"}, "object": {"type": "uri", "value": "http://www.wikidata.org/entity/Q16110"}, "objectLabel": {"xml:lang": "en", "type": "literal", "value": "region of Italy"}, "predicateLabel": {"xml:lang": "en", "type": "literal", "value": "part of"}}, {"subjectLabel": {"xml:lang": "en", "type": "literal", "value": "province of Italy"}, "object": {"type": "uri", "value": "http://www.wikidata.org/entity/Q16110"}, "objectLabel": {"xml:lang": "en", "type": "literal", "value": "region of Italy"}, "predicateLabel": {"xml:lang": "en", "type": "literal", "value": "next higher rank"}}, {"subjectLabel": {"xml:lang": "en", "type": "literal", "value": "province of Italy"}, "object": {"type": "uri", "value": "http://www.wikidata.org/entity/Q2824645"}, "objectLabel": {"xml:lang": "en", "type": "literal", "value": "administrative territorial entity of Italy"}, "predicateLabel": {"xml:lang": "en", "type": "literal", "value": "subclass of"}}, {"subjectLabel": {"xml:lang": "en", "type": "literal", "value": "province of Italy"}, "object": {"type": "uri", "value": "http://www.wikidata.org/entity/Q1048835"}, "objectLabel": {"xml:lang": "en", "type": "literal", "value": "political territorial entity"}, "predicateLabel": {"xml:lang": "en", "type": "literal", "value": "subclass of"}}, {"subjectLabel": {"xml:lang": "en", "type": "literal", "value": "province of Italy"}, "object": {"type": "uri", "value": "http://www.wikidata.org/entity/Q747074"}, "objectLabel": {"xml:lang": "en", "type": "literal", "value": "commune of Italy"}, "predicateLabel": {"xml:lang": "en", "type": "literal", "value": "next lower rank"}}, {"subjectLabel": {"xml:lang": "en", "type": "literal", "value": "province of Italy"}, "object": {"type": "uri", "value": "http://www.wikidata.org/entity/Q41773366"}, "objectLabel": {"xml:lang": "en", "type": "literal", "value": "NUTS 3 statistical territorial entity"}, "predicateLabel": {"xml:lang": "en", "type": "literal", "value": "subclass of"}}, {"subjectLabel": {"xml:lang": "en", "type": "literal", "value": "province of Italy"}, "object": {"type": "uri", "value": "http://www.wikidata.org/entity/Q13220204"}, "objectLabel": {"xml:lang": "en", "type": "literal", "value": "second-level administrative division"}, "predicateLabel": {"xml:lang": "en", "type": "literal", "value": "subclass of"}}, {"subjectLabel": {"xml:lang": "en", "type": "literal", "value": "province of Italy"}, "object": {"type": "uri", "value": "http://www.wikidata.org/entity/Q8978273"}, "objectLabel": {"xml:lang": "en", "type": "literal", "value": "Category:Provinces of Italy"}, "predicateLabel": {"xml:lang": "en", "type": "literal", "value": "topic's main category"}}, {"subjectLabel": {"xml:lang": "en", "type": "literal", "value": "province of Italy"}, "object": {"type": "uri", "value": "http://www.wikidata.org/entity/Q12244504"}, "objectLabel": {"xml:lang": "en", "type": "literal", "value": "list of provinces of Italy"}, "predicateLabel": {"xml:lang": "en", "type": "literal", "value": "has list"}}], "Q111226221": [{"subjectLabel": {"xml:lang": "en", "type": "literal", "value": "Category:Views from populated places in Italy"}, "object": {"type": "uri", "value": "http://www.wikidata.org/entity/Q2075301"}, "objectLabel": {"xml:lang": "en", "type": "literal", "value": "view"}, "predicateLabel": {"xml:lang": "en", "type": "literal", "value": "category combines topics"}}, {"subjectLabel": {"xml:lang": "en", "type": "literal", "value": "Category:Views from populated places in Italy"}, "object": {"type": "uri", "value": "http://www.wikidata.org/entity/Q747074"}, "objectLabel": {"xml:lang": "en", "type": "literal", "value": "commune of Italy"}, "predicateLabel": {"xml:lang": "en", "type": "literal", "value": "category combines topics"}}, {"subjectLabel": {"xml:lang": "en", "type": "literal", "value": "Category:Views from populated places in Italy"}, "object": {"type": "uri", "value": "http://www.wikidata.org/entity/Q4167836"}, "objectLabel": {"xml:lang": "en", "type": "literal", "value": "Wikimedia category"}, "predicateLabel": {"xml:lang": "en", "type": "literal", "value": "instance of"}}], "Q2824645": [{"subjectLabel": {"xml:lang": "en", "type": "literal", "value": "administrative territorial entity of Italy"}, "object": {"type": "uri", "value": "http://www.wikidata.org/entity/Q38"}, "objectLabel": {"xml:lang": "en", "type": "literal", "value": "Italy"}, "predicateLabel": {"xml:lang": "en", "type": "literal", "value": "country"}}, {"subjectLabel": {"xml:lang": "en", "type": "literal", "value": "administrative territorial entity of Italy"}, "object": {"type": "uri", "value": "http://www.wikidata.org/entity/Q6769660"}, "objectLabel": {"xml:lang": "en", "type": "literal", "value": "Category:Subdivisions of Italy"}, "predicateLabel": {"xml:lang": "en", "type": "literal", "value": "topic's main category"}}, {"subjectLabel": {"xml:lang": "en", "type": "literal", "value": "administrative territorial entity of Italy"}, "object": {"type": "uri", "value": "http://www.wikidata.org/entity/Q12076836"}, "objectLabel": {"xml:lang": "en", "type": "literal", "value": "administrative territorial entity of a single country"}, "predicateLabel": {"xml:lang": "en", "type": "literal", "value": "subclass of"}}], "Q5627389": [{"subjectLabel": {"xml:lang": "en", "type": "literal", "value": "Template:Infobox Italian comune"}, "object": {"type": "uri", "value": "http://www.wikidata.org/entity/Q19887878"}, "objectLabel": {"xml:lang": "en", "type": "literal", "value": "Wikimedia infobox template"}, "predicateLabel": {"xml:lang": "en", "type": "literal", "value": "instance of"}}, {"subjectLabel": {"xml:lang": "en", "type": "literal", "value": "Template:Infobox Italian comune"}, "object": {"type": "uri", "value": "http://www.wikidata.org/entity/Q747074"}, "objectLabel": {"xml:lang": "en", "type": "literal", "value": "commune of Italy"}, "predicateLabel": {"xml:lang": "en", "type": "literal", "value": "template has topic"}}]}