{"Q912887": [{"subjectLabel": {"xml:lang": "en", "type": "literal", "value": "Cambridge University Press"}, "object": {"type": "uri", "value": "http://www.wikidata.org/entity/Q145"}, "objectLabel": {"xml:lang": "en", "type": "literal", "value": "United Kingdom"}, "predicateLabel": {"xml:lang": "en", "type": "literal", "value": "country"}}, {"subjectLabel": {"xml:lang": "en", "type": "literal", "value": "Cambridge University Press"}, "object": {"type": "uri", "value": "http://www.wikidata.org/entity/Q350"}, "objectLabel": {"xml:lang": "en", "type": "literal", "value": "Cambridge"}, "predicateLabel": {"xml:lang": "en", "type": "literal", "value": "headquarters location"}}, {"subjectLabel": {"xml:lang": "en", "type": "literal", "value": "Cambridge University Press"}, "object": {"type": "uri", "value": "http://www.wikidata.org/entity/Q350"}, "objectLabel": {"xml:lang": "en", "type": "literal", "value": "Cambridge"}, "predicateLabel": {"xml:lang": "en", "type": "literal", "value": "location of formation"}}, {"subjectLabel": {"xml:lang": "en", "type": "literal", "value": "Cambridge University Press"}, "object": {"type": "uri", "value": "http://www.wikidata.org/entity/Q35794"}, "objectLabel": {"xml:lang": "en", "type": "literal", "value": "University of Cambridge"}, "predicateLabel": {"xml:lang": "en", "type": "literal", "value": "parent organization"}}, {"subjectLabel": {"xml:lang": "en", "type": "literal", "value": "Cambridge University Press"}, "object": {"type": "uri", "value": "http://www.wikidata.org/entity/Q38370"}, "objectLabel": {"xml:lang": "en", "type": "literal", "value": "Henry VIII of England"}, "predicateLabel": {"xml:lang": "en", "type": "literal", "value": "founded by"}}, {"subjectLabel": {"xml:lang": "en", "type": "literal", "value": "Cambridge University Press"}, "object": {"type": "uri", "value": "http://www.wikidata.org/entity/Q479716"}, "objectLabel": {"xml:lang": "en", "type": "literal", "value": "university press"}, "predicateLabel": {"xml:lang": "en", "type": "literal", "value": "instance of"}}, {"subjectLabel": {"xml:lang": "en", "type": "literal", "value": "Cambridge University Press"}, "object": {"type": "uri", "value": "http://www.wikidata.org/entity/Q1320047"}, "objectLabel": {"xml:lang": "en", "type": "literal", "value": "book publisher"}, "predicateLabel": {"xml:lang": "en", "type": "literal", "value": "instance of"}}, {"subjectLabel": {"xml:lang": "en", "type": "literal", "value": "Cambridge University Press"}, "object": {"type": "uri", "value": "http://www.wikidata.org/entity/Q116784147"}, "objectLabel": {"xml:lang": "en", "type": "literal", "value": "OA Switchboard"}, "predicateLabel": {"xml:lang": "en", "type": "literal", "value": "participant in"}}, {"subjectLabel": {"xml:lang": "en", "type": "literal", "value": "Cambridge University Press"}, "object": {"type": "uri", "value": "http://www.wikidata.org/entity/Q1860"}, "objectLabel": {"xml:lang": "en", "type": "literal", "value": "English"}, "predicateLabel": {"xml:lang": "en", "type": "literal", "value": "language used"}}, {"subjectLabel": {"xml:lang": "en", "type": "literal", "value": "Cambridge University Press"}, "object": {"type": "uri", "value": "http://www.wikidata.org/entity/Q1700481"}, "objectLabel": {"xml:lang": "en", "type": "literal", "value": "Minneapolis Institute of Art"}, "predicateLabel": {"xml:lang": "en", "type": "literal", "value": "has works in the collection"}}, {"subjectLabel": {"xml:lang": "en", "type": "literal", "value": "Cambridge University Press"}, "object": {"type": "uri", "value": "http://www.wikidata.org/entity/Q117222928"}, "objectLabel": {"xml:lang": "en", "type": "literal", "value": "Wikidata: WikiProject Academic Publisher"}, "predicateLabel": {"xml:lang": "en", "type": "literal", "value": "on focus list of Wikimedia project"}}, {"subjectLabel": {"xml:lang": "en", "type": "literal", "value": "Cambridge University Press"}, "object": {"type": "uri", "value": "http://www.wikidata.org/entity/Q45400320"}, "objectLabel": {"xml:lang": "en", "type": "literal", "value": "open-access publisher"}, "predicateLabel": {"xml:lang": "en", "type": "literal", "value": "instance of"}}, {"subjectLabel": {"xml:lang": "en", "type": "literal", "value": "Cambridge University Press"}, "object": {"type": "uri", "value": "http://www.wikidata.org/entity/Q114853062"}, "objectLabel": {"xml:lang": "en", "type": "literal", "value": "academic publisher"}, "predicateLabel": {"xml:lang": "en", "type": "literal", "value": "instance of"}}, {"subjectLabel": {"xml:lang": "en", "type": "literal", "value": "Cambridge University Press"}, "object": {"type": "uri", "value": "http://www.wikidata.org/entity/Q5153090"}, "objectLabel": {"xml:lang": "en", "type": "literal", "value": "Committee on Publication Ethics"}, "predicateLabel": {"xml:lang": "en", "type": "literal", "value": "member of"}}, {"subjectLabel": {"xml:lang": "en", "type": "literal", "value": "Cambridge University Press"}, "object": {"type": "uri", "value": "http://www.wikidata.org/entity/Q4809622"}, "objectLabel": {"xml:lang": "en", "type": "literal", "value": "Association of American University Presses"}, "predicateLabel": {"xml:lang": "en", "type": "literal", "value": "member of"}}, {"subjectLabel": {"xml:lang": "en", "type": "literal", "value": "Cambridge University Press"}, "object": {"type": "uri", "value": "http://www.wikidata.org/entity/Q4809891"}, "objectLabel": {"xml:lang": "en", "type": "literal", "value": "Association of Learned and Professional Society Publishers"}, "predicateLabel": {"xml:lang": "en", "type": "literal", "value": "member of"}}, {"subjectLabel": {"xml:lang": "en", "type": "literal", "value": "Cambridge University Press"}, "object": {"type": "uri", "value": "http://www.wikidata.org/entity/Q4390865"}, "objectLabel": {"xml:lang": "en", "type": "literal", "value": "Open Access Scholarly Publishers Association"}, "predicateLabel": {"xml:lang": "en", "type": "literal", "value": "member of"}}, {"subjectLabel": {"xml:lang": "en", "type": "literal", "value": "Cambridge University Press"}, "object": {"type": "uri", "value": "http://www.wikidata.org/entity/Q113958940"}, "objectLabel": {"xml:lang": "en", "type": "literal", "value": "Publishers Association"}, "predicateLabel": {"xml:lang": "en", "type": "literal", "value": "member of"}}, {"subjectLabel": {"xml:lang": "en", "type": "literal", "value": "Cambridge University Press"}, "object": {"type": "uri", "value": "http://www.wikidata.org/entity/Q6048595"}, "objectLabel": {"xml:lang": "en", "type": "literal", "value": "International Association of Scientific, Technical, and Medical Publishers"}, "predicateLabel": {"xml:lang": "en", "type": "literal", "value": "member of"}}, {"subjectLabel": {"xml:lang": "en", "type": "literal", "value": "Cambridge University Press"}, "object": {"type": "uri", "value": "http://www.wikidata.org/entity/Q108872504"}, "objectLabel": {"xml:lang": "en", "type": "literal", "value": "Dryad"}, "predicateLabel": {"xml:lang": "en", "type": "literal", "value": "member of"}}, {"subjectLabel": {"xml:lang": "en", "type": "literal", "value": "Cambridge University Press"}, "object": {"type": "uri", "value": "http://www.wikidata.org/entity/Q114713457"}, "objectLabel": {"xml:lang": "en", "type": "literal", "value": "Grotius Publications Ltd."}, "predicateLabel": {"xml:lang": "en", "type": "literal", "value": "has subsidiary"}}, {"subjectLabel": {"xml:lang": "en", "type": "literal", "value": "Cambridge University Press"}, "object": {"type": "uri", "value": "http://www.wikidata.org/entity/Q114713483"}, "objectLabel": {"xml:lang": "en", "type": "literal", "value": "Greenwich Medical Media Ltd."}, "predicateLabel": {"xml:lang": "en", "type": "literal", "value": "has subsidiary"}}, {"subjectLabel": {"xml:lang": "en", "type": "literal", "value": "Cambridge University Press"}, "object": {"type": "uri", "value": "http://www.wikidata.org/entity/Q8336832"}, "objectLabel": {"xml:lang": "en", "type": "literal", "value": "Category:Cambridge University Press"}, "predicateLabel": {"xml:lang": "en", "type": "literal", "value": "topic's main category"}}, {"subjectLabel": {"xml:lang": "en", "type": "literal", "value": "Cambridge University Press"}, "object": {"type": "uri", "value": "http://www.wikidata.org/entity/Q70627785"}, "objectLabel": {"xml:lang": "en", "type": "literal", "value": "The University Press"}, "predicateLabel": {"xml:lang": "en", "type": "literal", "value": "different from"}}], "Q84246840": [{"subjectLabel": {"xml:lang": "en", "type": "literal", "value": "Encyclop\u00e6dia Britannica Tenth Edition"}, "object": {"type": "uri", "value": "http://www.wikidata.org/entity/Q19652"}, "objectLabel": {"xml:lang": "en", "type": "literal", "value": "public domain"}, "predicateLabel": {"xml:lang": "en", "type": "literal", "value": "copyright status"}}, {"subjectLabel": {"xml:lang": "en", "type": "literal", "value": "Encyclop\u00e6dia Britannica Tenth Edition"}, "object": {"type": "uri", "value": "http://www.wikidata.org/entity/Q455"}, "objectLabel": {"xml:lang": "en", "type": "literal", "value": "Encyclop\u00e6dia Britannica"}, "predicateLabel": {"xml:lang": "en", "type": "literal", "value": "edition or translation of"}}, {"subjectLabel": {"xml:lang": "en", "type": "literal", "value": "Encyclop\u00e6dia Britannica Tenth Edition"}, "object": {"type": "uri", "value": "http://www.wikidata.org/entity/Q20096917"}, "objectLabel": {"xml:lang": "en", "type": "literal", "value": "Encyclop\u00e6dia Britannica Ninth Edition"}, "predicateLabel": {"xml:lang": "en", "type": "literal", "value": "follows"}}, {"subjectLabel": {"xml:lang": "en", "type": "literal", "value": "Encyclop\u00e6dia Britannica Tenth Edition"}, "object": {"type": "uri", "value": "http://www.wikidata.org/entity/Q3331189"}, "objectLabel": {"xml:lang": "en", "type": "literal", "value": "version, edition or translation"}, "predicateLabel": {"xml:lang": "en", "type": "literal", "value": "instance of"}}, {"subjectLabel": {"xml:lang": "en", "type": "literal", "value": "Encyclop\u00e6dia Britannica Tenth Edition"}, "object": {"type": "uri", "value": "http://www.wikidata.org/entity/Q867541"}, "objectLabel": {"xml:lang": "en", "type": "literal", "value": "Encyclop\u00e6dia Britannica 11th edition"}, "predicateLabel": {"xml:lang": "en", "type": "literal", "value": "followed by"}}, {"subjectLabel": {"xml:lang": "en", "type": "literal", "value": "Encyclop\u00e6dia Britannica Tenth Edition"}, "object": {"type": "uri", "value": "http://www.wikidata.org/entity/Q1238720"}, "objectLabel": {"xml:lang": "en", "type": "literal", "value": "volume"}, "predicateLabel": {"xml:lang": "en", "type": "literal", "value": "has part(s) of the class"}}], "Q5607942": [{"subjectLabel": {"xml:lang": "en", "type": "literal", "value": "Hugh Chisholm"}, "object": {"type": "uri", "value": "http://www.wikidata.org/entity/Q5"}, "objectLabel": {"xml:lang": "en", "type": "literal", "value": "human"}, "predicateLabel": {"xml:lang": "en", "type": "literal", "value": "instance of"}}, {"subjectLabel": {"xml:lang": "en", "type": "literal", "value": "Hugh Chisholm"}, "object": {"type": "uri", "value": "http://www.wikidata.org/entity/Q84"}, "objectLabel": {"xml:lang": "en", "type": "literal", "value": "London"}, "predicateLabel": {"xml:lang": "en", "type": "literal", "value": "place of birth"}}, {"subjectLabel": {"xml:lang": "en", "type": "literal", "value": "Hugh Chisholm"}, "object": {"type": "uri", "value": "http://www.wikidata.org/entity/Q1860"}, "objectLabel": {"xml:lang": "en", "type": "literal", "value": "English"}, "predicateLabel": {"xml:lang": "en", "type": "literal", "value": "languages spoken, written or signed"}}, {"subjectLabel": {"xml:lang": "en", "type": "literal", "value": "Hugh Chisholm"}, "object": {"type": "uri", "value": "http://www.wikidata.org/entity/Q1860"}, "objectLabel": {"xml:lang": "en", "type": "literal", "value": "English"}, "predicateLabel": {"xml:lang": "en", "type": "literal", "value": "writing language"}}, {"subjectLabel": {"xml:lang": "en", "type": "literal", "value": "Hugh Chisholm"}, "object": {"type": "uri", "value": "http://www.wikidata.org/entity/Q84"}, "objectLabel": {"xml:lang": "en", "type": "literal", "value": "London"}, "predicateLabel": {"xml:lang": "en", "type": "literal", "value": "place of death"}}, {"subjectLabel": {"xml:lang": "en", "type": "literal", "value": "Hugh Chisholm"}, "object": {"type": "uri", "value": "http://www.wikidata.org/entity/Q174193"}, "objectLabel": {"xml:lang": "en", "type": "literal", "value": "United Kingdom of Great Britain and Ireland"}, "predicateLabel": {"xml:lang": "en", "type": "literal", "value": "country of citizenship"}}, {"subjectLabel": {"xml:lang": "en", "type": "literal", "value": "Hugh Chisholm"}, "object": {"type": "uri", "value": "http://www.wikidata.org/entity/Q745967"}, "objectLabel": {"xml:lang": "en", "type": "literal", "value": "Christ Church"}, "predicateLabel": {"xml:lang": "en", "type": "literal", "value": "educated at"}}, {"subjectLabel": {"xml:lang": "en", "type": "literal", "value": "Hugh Chisholm"}, "object": {"type": "uri", "value": "http://www.wikidata.org/entity/Q839387"}, "objectLabel": {"xml:lang": "en", "type": "literal", "value": "Hugh"}, "predicateLabel": {"xml:lang": "en", "type": "literal", "value": "given name"}}, {"subjectLabel": {"xml:lang": "en", "type": "literal", "value": "Hugh Chisholm"}, "object": {"type": "uri", "value": "http://www.wikidata.org/entity/Q867541"}, "objectLabel": {"xml:lang": "en", "type": "literal", "value": "Encyclop\u00e6dia Britannica 11th edition"}, "predicateLabel": {"xml:lang": "en", "type": "literal", "value": "contributed to creative work"}}, {"subjectLabel": {"xml:lang": "en", "type": "literal", "value": "Hugh Chisholm"}, "object": {"type": "uri", "value": "http://www.wikidata.org/entity/Q6581097"}, "objectLabel": {"xml:lang": "en", "type": "literal", "value": "male"}, "predicateLabel": {"xml:lang": "en", "type": "literal", "value": "sex or gender"}}, {"subjectLabel": {"xml:lang": "en", "type": "literal", "value": "Hugh Chisholm"}, "object": {"type": "uri", "value": "http://www.wikidata.org/entity/Q1930187"}, "objectLabel": {"xml:lang": "en", "type": "literal", "value": "journalist"}, "predicateLabel": {"xml:lang": "en", "type": "literal", "value": "occupation"}}, {"subjectLabel": {"xml:lang": "en", "type": "literal", "value": "Hugh Chisholm"}, "object": {"type": "uri", "value": "http://www.wikidata.org/entity/Q16245763"}, "objectLabel": {"xml:lang": "en", "type": "literal", "value": "Chisholm"}, "predicateLabel": {"xml:lang": "en", "type": "literal", "value": "family name"}}, {"subjectLabel": {"xml:lang": "en", "type": "literal", "value": "Hugh Chisholm"}, "object": {"type": "uri", "value": "http://www.wikidata.org/entity/Q15987490"}, "objectLabel": {"xml:lang": "en", "type": "literal", "value": "1922 Encyclop\u00e6dia Britannica"}, "predicateLabel": {"xml:lang": "en", "type": "literal", "value": "described by source"}}, {"subjectLabel": {"xml:lang": "en", "type": "literal", "value": "Hugh Chisholm"}, "object": {"type": "uri", "value": "http://www.wikidata.org/entity/Q19036877"}, "objectLabel": {"xml:lang": "en", "type": "literal", "value": "Alumni Oxonienses: the Members of the University of Oxford, 1715\u20131886"}, "predicateLabel": {"xml:lang": "en", "type": "literal", "value": "described by source"}}], "Q15987490": [{"subjectLabel": {"xml:lang": "en", "type": "literal", "value": "1922 Encyclop\u00e6dia Britannica"}, "object": {"type": "uri", "value": "http://www.wikidata.org/entity/Q60"}, "objectLabel": {"xml:lang": "en", "type": "literal", "value": "New York City"}, "predicateLabel": {"xml:lang": "en", "type": "literal", "value": "place of publication"}}, {"subjectLabel": {"xml:lang": "en", "type": "literal", "value": "1922 Encyclop\u00e6dia Britannica"}, "object": {"type": "uri", "value": "http://www.wikidata.org/entity/Q84"}, "objectLabel": {"xml:lang": "en", "type": "literal", "value": "London"}, "predicateLabel": {"xml:lang": "en", "type": "literal", "value": "place of publication"}}, {"subjectLabel": {"xml:lang": "en", "type": "literal", "value": "1922 Encyclop\u00e6dia Britannica"}, "object": {"type": "uri", "value": "http://www.wikidata.org/entity/Q455"}, "objectLabel": {"xml:lang": "en", "type": "literal", "value": "Encyclop\u00e6dia Britannica"}, "predicateLabel": {"xml:lang": "en", "type": "literal", "value": "edition or translation of"}}, {"subjectLabel": {"xml:lang": "en", "type": "literal", "value": "1922 Encyclop\u00e6dia Britannica"}, "object": {"type": "uri", "value": "http://www.wikidata.org/entity/Q1860"}, "objectLabel": {"xml:lang": "en", "type": "literal", "value": "English"}, "predicateLabel": {"xml:lang": "en", "type": "literal", "value": "language of work or name"}}, {"subjectLabel": {"xml:lang": "en", "type": "literal", "value": "1922 Encyclop\u00e6dia Britannica"}, "object": {"type": "uri", "value": "http://www.wikidata.org/entity/Q19652"}, "objectLabel": {"xml:lang": "en", "type": "literal", "value": "public domain"}, "predicateLabel": {"xml:lang": "en", "type": "literal", "value": "copyright status"}}, {"subjectLabel": {"xml:lang": "en", "type": "literal", "value": "1922 Encyclop\u00e6dia Britannica"}, "object": {"type": "uri", "value": "http://www.wikidata.org/entity/Q867541"}, "objectLabel": {"xml:lang": "en", "type": "literal", "value": "Encyclop\u00e6dia Britannica 11th edition"}, "predicateLabel": {"xml:lang": "en", "type": "literal", "value": "follows"}}, {"subjectLabel": {"xml:lang": "en", "type": "literal", "value": "1922 Encyclop\u00e6dia Britannica"}, "object": {"type": "uri", "value": "http://www.wikidata.org/entity/Q84248963"}, "objectLabel": {"xml:lang": "en", "type": "literal", "value": "Encyclop\u00e6dia Britannica Thirteenth Edition"}, "predicateLabel": {"xml:lang": "en", "type": "literal", "value": "followed by"}}, {"subjectLabel": {"xml:lang": "en", "type": "literal", "value": "1922 Encyclop\u00e6dia Britannica"}, "object": {"type": "uri", "value": "http://www.wikidata.org/entity/Q3331189"}, "objectLabel": {"xml:lang": "en", "type": "literal", "value": "version, edition or translation"}, "predicateLabel": {"xml:lang": "en", "type": "literal", "value": "instance of"}}, {"subjectLabel": {"xml:lang": "en", "type": "literal", "value": "1922 Encyclop\u00e6dia Britannica"}, "object": {"type": "uri", "value": "http://www.wikidata.org/entity/Q38176440"}, "objectLabel": {"xml:lang": "en", "type": "literal", "value": "The Encyclop\u00e6dia Britannica. Volume XXX, 1922"}, "predicateLabel": {"xml:lang": "en", "type": "literal", "value": "has part(s)"}}, {"subjectLabel": {"xml:lang": "en", "type": "literal", "value": "1922 Encyclop\u00e6dia Britannica"}, "object": {"type": "uri", "value": "http://www.wikidata.org/entity/Q38178929"}, "objectLabel": {"xml:lang": "en", "type": "literal", "value": "The Encyclop\u00e6dia Britannica. Volume XXXI, 1922"}, "predicateLabel": {"xml:lang": "en", "type": "literal", "value": "has part(s)"}}, {"subjectLabel": {"xml:lang": "en", "type": "literal", "value": "1922 Encyclop\u00e6dia Britannica"}, "object": {"type": "uri", "value": "http://www.wikidata.org/entity/Q38179097"}, "objectLabel": {"xml:lang": "en", "type": "literal", "value": "The Enciclop\u00e6dia Britannica. Volume XXXII, 1922"}, "predicateLabel": {"xml:lang": "en", "type": "literal", "value": "has part(s)"}}], "Q15625009": [{"subjectLabel": {"xml:lang": "en", "type": "literal", "value": "Category:1911 Encyclop\u00e6dia Britannica"}, "object": {"type": "uri", "value": "http://www.wikidata.org/entity/Q4167836"}, "objectLabel": {"xml:lang": "en", "type": "literal", "value": "Wikimedia category"}, "predicateLabel": {"xml:lang": "en", "type": "literal", "value": "instance of"}}, {"subjectLabel": {"xml:lang": "en", "type": "literal", "value": "Category:1911 Encyclop\u00e6dia Britannica"}, "object": {"type": "uri", "value": "http://www.wikidata.org/entity/Q867541"}, "objectLabel": {"xml:lang": "en", "type": "literal", "value": "Encyclop\u00e6dia Britannica 11th edition"}, "predicateLabel": {"xml:lang": "en", "type": "literal", "value": "category's main topic"}}], "Q23892914": [{"subjectLabel": {"xml:lang": "en", "type": "literal", "value": "Brockhaus and Efron Encyclopedic Dictionary. Volume XI\u0430, 1894"}, "object": {"type": "uri", "value": "http://www.wikidata.org/entity/Q656"}, "objectLabel": {"xml:lang": "en", "type": "literal", "value": "Saint Petersburg"}, "predicateLabel": {"xml:lang": "en", "type": "literal", "value": "place of publication"}}, {"subjectLabel": {"xml:lang": "en", "type": "literal", "value": "Brockhaus and Efron Encyclopedic Dictionary. Volume XI\u0430, 1894"}, "object": {"type": "uri", "value": "http://www.wikidata.org/entity/Q19652"}, "objectLabel": {"xml:lang": "en", "type": "literal", "value": "public domain"}, "predicateLabel": {"xml:lang": "en", "type": "literal", "value": "copyright status"}}, {"subjectLabel": {"xml:lang": "en", "type": "literal", "value": "Brockhaus and Efron Encyclopedic Dictionary. Volume XI\u0430, 1894"}, "object": {"type": "uri", "value": "http://www.wikidata.org/entity/Q602358"}, "objectLabel": {"xml:lang": "en", "type": "literal", "value": "Brockhaus and Efron Encyclopedic Dictionary"}, "predicateLabel": {"xml:lang": "en", "type": "literal", "value": "part of"}}, {"subjectLabel": {"xml:lang": "en", "type": "literal", "value": "Brockhaus and Efron Encyclopedic Dictionary. Volume XI\u0430, 1894"}, "object": {"type": "uri", "value": "http://www.wikidata.org/entity/Q19908137"}, "objectLabel": {"xml:lang": "en", "type": "literal", "value": "Brockhaus\u2013Efron"}, "predicateLabel": {"xml:lang": "en", "type": "literal", "value": "publisher"}}, {"subjectLabel": {"xml:lang": "en", "type": "literal", "value": "Brockhaus and Efron Encyclopedic Dictionary. Volume XI\u0430, 1894"}, "object": {"type": "uri", "value": "http://www.wikidata.org/entity/Q3331189"}, "objectLabel": {"xml:lang": "en", "type": "literal", "value": "version, edition or translation"}, "predicateLabel": {"xml:lang": "en", "type": "literal", "value": "instance of"}}], "Q23892913": [{"subjectLabel": {"xml:lang": "en", "type": "literal", "value": "Brockhaus and Efron Encyclopedic Dictionary. Volume XI, 1893"}, "object": {"type": "uri", "value": "http://www.wikidata.org/entity/Q656"}, "objectLabel": {"xml:lang": "en", "type": "literal", "value": "Saint Petersburg"}, "predicateLabel": {"xml:lang": "en", "type": "literal", "value": "place of publication"}}, {"subjectLabel": {"xml:lang": "en", "type": "literal", "value": "Brockhaus and Efron Encyclopedic Dictionary. Volume XI, 1893"}, "object": {"type": "uri", "value": "http://www.wikidata.org/entity/Q19652"}, "objectLabel": {"xml:lang": "en", "type": "literal", "value": "public domain"}, "predicateLabel": {"xml:lang": "en", "type": "literal", "value": "copyright status"}}, {"subjectLabel": {"xml:lang": "en", "type": "literal", "value": "Brockhaus and Efron Encyclopedic Dictionary. Volume XI, 1893"}, "object": {"type": "uri", "value": "http://www.wikidata.org/entity/Q602358"}, "objectLabel": {"xml:lang": "en", "type": "literal", "value": "Brockhaus and Efron Encyclopedic Dictionary"}, "predicateLabel": {"xml:lang": "en", "type": "literal", "value": "part of"}}, {"subjectLabel": {"xml:lang": "en", "type": "literal", "value": "Brockhaus and Efron Encyclopedic Dictionary. Volume XI, 1893"}, "object": {"type": "uri", "value": "http://www.wikidata.org/entity/Q19908137"}, "objectLabel": {"xml:lang": "en", "type": "literal", "value": "Brockhaus\u2013Efron"}, "predicateLabel": {"xml:lang": "en", "type": "literal", "value": "publisher"}}, {"subjectLabel": {"xml:lang": "en", "type": "literal", "value": "Brockhaus and Efron Encyclopedic Dictionary. Volume XI, 1893"}, "object": {"type": "uri", "value": "http://www.wikidata.org/entity/Q3331189"}, "objectLabel": {"xml:lang": "en", "type": "literal", "value": "version, edition or translation"}, "predicateLabel": {"xml:lang": "en", "type": "literal", "value": "instance of"}}], "Q23892915": [{"subjectLabel": {"xml:lang": "en", "type": "literal", "value": "Brockhaus and Efron Encyclopedic Dictionary. Volume XII, 1894"}, "object": {"type": "uri", "value": "http://www.wikidata.org/entity/Q19652"}, "objectLabel": {"xml:lang": "en", "type": "literal", "value": "public domain"}, "predicateLabel": {"xml:lang": "en", "type": "literal", "value": "copyright status"}}, {"subjectLabel": {"xml:lang": "en", "type": "literal", "value": "Brockhaus and Efron Encyclopedic Dictionary. Volume XII, 1894"}, "object": {"type": "uri", "value": "http://www.wikidata.org/entity/Q602358"}, "objectLabel": {"xml:lang": "en", "type": "literal", "value": "Brockhaus and Efron Encyclopedic Dictionary"}, "predicateLabel": {"xml:lang": "en", "type": "literal", "value": "part of"}}, {"subjectLabel": {"xml:lang": "en", "type": "literal", "value": "Brockhaus and Efron Encyclopedic Dictionary. Volume XII, 1894"}, "object": {"type": "uri", "value": "http://www.wikidata.org/entity/Q656"}, "objectLabel": {"xml:lang": "en", "type": "literal", "value": "Saint Petersburg"}, "predicateLabel": {"xml:lang": "en", "type": "literal", "value": "place of publication"}}, {"subjectLabel": {"xml:lang": "en", "type": "literal", "value": "Brockhaus and Efron Encyclopedic Dictionary. Volume XII, 1894"}, "object": {"type": "uri", "value": "http://www.wikidata.org/entity/Q19908137"}, "objectLabel": {"xml:lang": "en", "type": "literal", "value": "Brockhaus\u2013Efron"}, "predicateLabel": {"xml:lang": "en", "type": "literal", "value": "publisher"}}, {"subjectLabel": {"xml:lang": "en", "type": "literal", "value": "Brockhaus and Efron Encyclopedic Dictionary. Volume XII, 1894"}, "object": {"type": "uri", "value": "http://www.wikidata.org/entity/Q3331189"}, "objectLabel": {"xml:lang": "en", "type": "literal", "value": "version, edition or translation"}, "predicateLabel": {"xml:lang": "en", "type": "literal", "value": "instance of"}}], "Q23892912": [{"subjectLabel": {"xml:lang": "en", "type": "literal", "value": "Brockhaus and Efron Encyclopedic Dictionary. Volume X\u0430, 1893"}, "object": {"type": "uri", "value": "http://www.wikidata.org/entity/Q19652"}, "objectLabel": {"xml:lang": "en", "type": "literal", "value": "public domain"}, "predicateLabel": {"xml:lang": "en", "type": "literal", "value": "copyright status"}}, {"subjectLabel": {"xml:lang": "en", "type": "literal", "value": "Brockhaus and Efron Encyclopedic Dictionary. Volume X\u0430, 1893"}, "object": {"type": "uri", "value": "http://www.wikidata.org/entity/Q656"}, "objectLabel": {"xml:lang": "en", "type": "literal", "value": "Saint Petersburg"}, "predicateLabel": {"xml:lang": "en", "type": "literal", "value": "place of publication"}}, {"subjectLabel": {"xml:lang": "en", "type": "literal", "value": "Brockhaus and Efron Encyclopedic Dictionary. Volume X\u0430, 1893"}, "object": {"type": "uri", "value": "http://www.wikidata.org/entity/Q3331189"}, "objectLabel": {"xml:lang": "en", "type": "literal", "value": "version, edition or translation"}, "predicateLabel": {"xml:lang": "en", "type": "literal", "value": "instance of"}}, {"subjectLabel": {"xml:lang": "en", "type": "literal", "value": "Brockhaus and Efron Encyclopedic Dictionary. Volume X\u0430, 1893"}, "object": {"type": "uri", "value": "http://www.wikidata.org/entity/Q602358"}, "objectLabel": {"xml:lang": "en", "type": "literal", "value": "Brockhaus and Efron Encyclopedic Dictionary"}, "predicateLabel": {"xml:lang": "en", "type": "literal", "value": "part of"}}, {"subjectLabel": {"xml:lang": "en", "type": "literal", "value": "Brockhaus and Efron Encyclopedic Dictionary. Volume X\u0430, 1893"}, "object": {"type": "uri", "value": "http://www.wikidata.org/entity/Q19908137"}, "objectLabel": {"xml:lang": "en", "type": "literal", "value": "Brockhaus\u2013Efron"}, "predicateLabel": {"xml:lang": "en", "type": "literal", "value": "publisher"}}], "Q23892911": [{"subjectLabel": {"xml:lang": "en", "type": "literal", "value": "Brockhaus and Efron Encyclopedic Dictionary. Volume X, 1893"}, "object": {"type": "uri", "value": "http://www.wikidata.org/entity/Q656"}, "objectLabel": {"xml:lang": "en", "type": "literal", "value": "Saint Petersburg"}, "predicateLabel": {"xml:lang": "en", "type": "literal", "value": "place of publication"}}, {"subjectLabel": {"xml:lang": "en", "type": "literal", "value": "Brockhaus and Efron Encyclopedic Dictionary. Volume X, 1893"}, "object": {"type": "uri", "value": "http://www.wikidata.org/entity/Q19652"}, "objectLabel": {"xml:lang": "en", "type": "literal", "value": "public domain"}, "predicateLabel": {"xml:lang": "en", "type": "literal", "value": "copyright status"}}, {"subjectLabel": {"xml:lang": "en", "type": "literal", "value": "Brockhaus and Efron Encyclopedic Dictionary. Volume X, 1893"}, "object": {"type": "uri", "value": "http://www.wikidata.org/entity/Q3331189"}, "objectLabel": {"xml:lang": "en", "type": "literal", "value": "version, edition or translation"}, "predicateLabel": {"xml:lang": "en", "type": "literal", "value": "instance of"}}, {"subjectLabel": {"xml:lang": "en", "type": "literal", "value": "Brockhaus and Efron Encyclopedic Dictionary. Volume X, 1893"}, "object": {"type": "uri", "value": "http://www.wikidata.org/entity/Q602358"}, "objectLabel": {"xml:lang": "en", "type": "literal", "value": "Brockhaus and Efron Encyclopedic Dictionary"}, "predicateLabel": {"xml:lang": "en", "type": "literal", "value": "part of"}}, {"subjectLabel": {"xml:lang": "en", "type": "literal", "value": "Brockhaus and Efron Encyclopedic Dictionary. Volume X, 1893"}, "object": {"type": "uri", "value": "http://www.wikidata.org/entity/Q19908137"}, "objectLabel": {"xml:lang": "en", "type": "literal", "value": "Brockhaus\u2013Efron"}, "predicateLabel": {"xml:lang": "en", "type": "literal", "value": "publisher"}}]}