{"Q22923920": [{"subjectLabel": {"xml:lang": "en", "type": "literal", "value": "territorial collectivity of France with special status"}, "object": {"type": "uri", "value": "http://www.wikidata.org/entity/Q142"}, "objectLabel": {"xml:lang": "en", "type": "literal", "value": "France"}, "predicateLabel": {"xml:lang": "en", "type": "literal", "value": "country"}}, {"subjectLabel": {"xml:lang": "en", "type": "literal", "value": "territorial collectivity of France with special status"}, "object": {"type": "uri", "value": "http://www.wikidata.org/entity/Q583865"}, "objectLabel": {"xml:lang": "en", "type": "literal", "value": "territorial collectivity of France"}, "predicateLabel": {"xml:lang": "en", "type": "literal", "value": "subclass of"}}], "Q209549": [{"subjectLabel": {"xml:lang": "en", "type": "literal", "value": "2nd arrondissement of Paris"}, "object": {"type": "uri", "value": "http://www.wikidata.org/entity/Q163948"}, "objectLabel": {"xml:lang": "en", "type": "literal", "value": "10th arrondissement of Paris"}, "predicateLabel": {"xml:lang": "en", "type": "literal", "value": "shares border with"}}, {"subjectLabel": {"xml:lang": "en", "type": "literal", "value": "2nd arrondissement of Paris"}, "object": {"type": "uri", "value": "http://www.wikidata.org/entity/Q161741"}, "objectLabel": {"xml:lang": "en", "type": "literal", "value": "1st arrondissement of Paris"}, "predicateLabel": {"xml:lang": "en", "type": "literal", "value": "shares border with"}}, {"subjectLabel": {"xml:lang": "en", "type": "literal", "value": "2nd arrondissement of Paris"}, "object": {"type": "uri", "value": "http://www.wikidata.org/entity/Q3158369"}, "objectLabel": {"xml:lang": "en", "type": "literal", "value": "Jacques Boutault"}, "predicateLabel": {"xml:lang": "en", "type": "literal", "value": "head of government"}}, {"subjectLabel": {"xml:lang": "en", "type": "literal", "value": "2nd arrondissement of Paris"}, "object": {"type": "uri", "value": "http://www.wikidata.org/entity/Q223140"}, "objectLabel": {"xml:lang": "en", "type": "literal", "value": "3rd arrondissement of Paris"}, "predicateLabel": {"xml:lang": "en", "type": "literal", "value": "shares border with"}}, {"subjectLabel": {"xml:lang": "en", "type": "literal", "value": "2nd arrondissement of Paris"}, "object": {"type": "uri", "value": "http://www.wikidata.org/entity/Q230127"}, "objectLabel": {"xml:lang": "en", "type": "literal", "value": "4th arrondissement of Paris"}, "predicateLabel": {"xml:lang": "en", "type": "literal", "value": "shares border with"}}, {"subjectLabel": {"xml:lang": "en", "type": "literal", "value": "2nd arrondissement of Paris"}, "object": {"type": "uri", "value": "http://www.wikidata.org/entity/Q142"}, "objectLabel": {"xml:lang": "en", "type": "literal", "value": "France"}, "predicateLabel": {"xml:lang": "en", "type": "literal", "value": "country"}}, {"subjectLabel": {"xml:lang": "en", "type": "literal", "value": "2nd arrondissement of Paris"}, "object": {"type": "uri", "value": "http://www.wikidata.org/entity/Q702842"}, "objectLabel": {"xml:lang": "en", "type": "literal", "value": "municipal arrondissement"}, "predicateLabel": {"xml:lang": "en", "type": "literal", "value": "instance of"}}, {"subjectLabel": {"xml:lang": "en", "type": "literal", "value": "2nd arrondissement of Paris"}, "object": {"type": "uri", "value": "http://www.wikidata.org/entity/Q275118"}, "objectLabel": {"xml:lang": "en", "type": "literal", "value": "9th arrondissement of Paris"}, "predicateLabel": {"xml:lang": "en", "type": "literal", "value": "shares border with"}}, {"subjectLabel": {"xml:lang": "en", "type": "literal", "value": "2nd arrondissement of Paris"}, "object": {"type": "uri", "value": "http://www.wikidata.org/entity/Q96746729"}, "objectLabel": {"xml:lang": "en", "type": "literal", "value": "Paris Centre"}, "predicateLabel": {"xml:lang": "en", "type": "literal", "value": "located in the administrative territorial entity"}}, {"subjectLabel": {"xml:lang": "en", "type": "literal", "value": "2nd arrondissement of Paris"}, "object": {"type": "uri", "value": "http://www.wikidata.org/entity/Q10212557"}, "objectLabel": {"xml:lang": "en", "type": "literal", "value": "Category:Films shot in the 2nd arrondissement of Paris"}, "predicateLabel": {"xml:lang": "en", "type": "literal", "value": "category for films shot at this location"}}, {"subjectLabel": {"xml:lang": "en", "type": "literal", "value": "2nd arrondissement of Paris"}, "object": {"type": "uri", "value": "http://www.wikidata.org/entity/Q2845750"}, "objectLabel": {"xml:lang": "en", "type": "literal", "value": "former 1st arrondissement of Paris"}, "predicateLabel": {"xml:lang": "en", "type": "literal", "value": "replaces"}}, {"subjectLabel": {"xml:lang": "en", "type": "literal", "value": "2nd arrondissement of Paris"}, "object": {"type": "uri", "value": "http://www.wikidata.org/entity/Q2845756"}, "objectLabel": {"xml:lang": "en", "type": "literal", "value": "former 5th arrondissement of Paris"}, "predicateLabel": {"xml:lang": "en", "type": "literal", "value": "replaces"}}, {"subjectLabel": {"xml:lang": "en", "type": "literal", "value": "2nd arrondissement of Paris"}, "object": {"type": "uri", "value": "http://www.wikidata.org/entity/Q2845754"}, "objectLabel": {"xml:lang": "en", "type": "literal", "value": "former 3rd arrondissement of Paris"}, "predicateLabel": {"xml:lang": "en", "type": "literal", "value": "replaces"}}, {"subjectLabel": {"xml:lang": "en", "type": "literal", "value": "2nd arrondissement of Paris"}, "object": {"type": "uri", "value": "http://www.wikidata.org/entity/Q2845753"}, "objectLabel": {"xml:lang": "en", "type": "literal", "value": "former 2nd arrondissement of Paris"}, "predicateLabel": {"xml:lang": "en", "type": "literal", "value": "replaces"}}, {"subjectLabel": {"xml:lang": "en", "type": "literal", "value": "2nd arrondissement of Paris"}, "object": {"type": "uri", "value": "http://www.wikidata.org/entity/Q3413062"}, "objectLabel": {"xml:lang": "en", "type": "literal", "value": "Gaillon"}, "predicateLabel": {"xml:lang": "en", "type": "literal", "value": "contains the administrative territorial entity"}}, {"subjectLabel": {"xml:lang": "en", "type": "literal", "value": "2nd arrondissement of Paris"}, "object": {"type": "uri", "value": "http://www.wikidata.org/entity/Q3413149"}, "objectLabel": {"xml:lang": "en", "type": "literal", "value": "Quartier Vivienne"}, "predicateLabel": {"xml:lang": "en", "type": "literal", "value": "contains the administrative territorial entity"}}, {"subjectLabel": {"xml:lang": "en", "type": "literal", "value": "2nd arrondissement of Paris"}, "object": {"type": "uri", "value": "http://www.wikidata.org/entity/Q4286337"}, "objectLabel": {"xml:lang": "en", "type": "literal", "value": "city district"}, "predicateLabel": {"xml:lang": "en", "type": "literal", "value": "instance of"}}, {"subjectLabel": {"xml:lang": "en", "type": "literal", "value": "2nd arrondissement of Paris"}, "object": {"type": "uri", "value": "http://www.wikidata.org/entity/Q84048689"}, "objectLabel": {"xml:lang": "en", "type": "literal", "value": "Category:Maps of Paris 2e arrondissement"}, "predicateLabel": {"xml:lang": "en", "type": "literal", "value": "category for maps"}}, {"subjectLabel": {"xml:lang": "en", "type": "literal", "value": "2nd arrondissement of Paris"}, "object": {"type": "uri", "value": "http://www.wikidata.org/entity/Q3413277"}, "objectLabel": {"xml:lang": "en", "type": "literal", "value": "Mail"}, "predicateLabel": {"xml:lang": "en", "type": "literal", "value": "contains the administrative territorial entity"}}, {"subjectLabel": {"xml:lang": "en", "type": "literal", "value": "2nd arrondissement of Paris"}, "object": {"type": "uri", "value": "http://www.wikidata.org/entity/Q3413158"}, "objectLabel": {"xml:lang": "en", "type": "literal", "value": "Bonne-Nouvelle"}, "predicateLabel": {"xml:lang": "en", "type": "literal", "value": "contains the administrative territorial entity"}}, {"subjectLabel": {"xml:lang": "en", "type": "literal", "value": "2nd arrondissement of Paris"}, "object": {"type": "uri", "value": "http://www.wikidata.org/entity/Q7470119"}, "objectLabel": {"xml:lang": "en", "type": "literal", "value": "Category:2nd arrondissement of Paris"}, "predicateLabel": {"xml:lang": "en", "type": "literal", "value": "topic's main category"}}], "Q210720": [{"subjectLabel": {"xml:lang": "en", "type": "literal", "value": "20th arrondissement of Paris"}, "object": {"type": "uri", "value": "http://www.wikidata.org/entity/Q142"}, "objectLabel": {"xml:lang": "en", "type": "literal", "value": "France"}, "predicateLabel": {"xml:lang": "en", "type": "literal", "value": "country"}}, {"subjectLabel": {"xml:lang": "en", "type": "literal", "value": "20th arrondissement of Paris"}, "object": {"type": "uri", "value": "http://www.wikidata.org/entity/Q90"}, "objectLabel": {"xml:lang": "en", "type": "literal", "value": "Paris"}, "predicateLabel": {"xml:lang": "en", "type": "literal", "value": "located in the administrative territorial entity"}}, {"subjectLabel": {"xml:lang": "en", "type": "literal", "value": "20th arrondissement of Paris"}, "object": {"type": "uri", "value": "http://www.wikidata.org/entity/Q728591"}, "objectLabel": {"xml:lang": "en", "type": "literal", "value": "Charonne"}, "predicateLabel": {"xml:lang": "en", "type": "literal", "value": "contains the administrative territorial entity"}}, {"subjectLabel": {"xml:lang": "en", "type": "literal", "value": "20th arrondissement of Paris"}, "object": {"type": "uri", "value": "http://www.wikidata.org/entity/Q815949"}, "objectLabel": {"xml:lang": "en", "type": "literal", "value": "Belleville"}, "predicateLabel": {"xml:lang": "en", "type": "literal", "value": "contains the administrative territorial entity"}}, {"subjectLabel": {"xml:lang": "en", "type": "literal", "value": "20th arrondissement of Paris"}, "object": {"type": "uri", "value": "http://www.wikidata.org/entity/Q163948"}, "objectLabel": {"xml:lang": "en", "type": "literal", "value": "10th arrondissement of Paris"}, "predicateLabel": {"xml:lang": "en", "type": "literal", "value": "shares border with"}}, {"subjectLabel": {"xml:lang": "en", "type": "literal", "value": "20th arrondissement of Paris"}, "object": {"type": "uri", "value": "http://www.wikidata.org/entity/Q208943"}, "objectLabel": {"xml:lang": "en", "type": "literal", "value": "Bagnolet"}, "predicateLabel": {"xml:lang": "en", "type": "literal", "value": "replaces"}}, {"subjectLabel": {"xml:lang": "en", "type": "literal", "value": "20th arrondissement of Paris"}, "object": {"type": "uri", "value": "http://www.wikidata.org/entity/Q3413107"}, "objectLabel": {"xml:lang": "en", "type": "literal", "value": "Quartier Saint-Fargeau"}, "predicateLabel": {"xml:lang": "en", "type": "literal", "value": "contains the administrative territorial entity"}}, {"subjectLabel": {"xml:lang": "en", "type": "literal", "value": "20th arrondissement of Paris"}, "object": {"type": "uri", "value": "http://www.wikidata.org/entity/Q3413289"}, "objectLabel": {"xml:lang": "en", "type": "literal", "value": "Quartier du P\u00e8re-Lachaise"}, "predicateLabel": {"xml:lang": "en", "type": "literal", "value": "contains the administrative territorial entity"}}, {"subjectLabel": {"xml:lang": "en", "type": "literal", "value": "20th arrondissement of Paris"}, "object": {"type": "uri", "value": "http://www.wikidata.org/entity/Q1440685"}, "objectLabel": {"xml:lang": "en", "type": "literal", "value": "Belleville"}, "predicateLabel": {"xml:lang": "en", "type": "literal", "value": "replaces"}}, {"subjectLabel": {"xml:lang": "en", "type": "literal", "value": "20th arrondissement of Paris"}, "object": {"type": "uri", "value": "http://www.wikidata.org/entity/Q204622"}, "objectLabel": {"xml:lang": "en", "type": "literal", "value": "19th arrondissement of Paris"}, "predicateLabel": {"xml:lang": "en", "type": "literal", "value": "shares border with"}}, {"subjectLabel": {"xml:lang": "en", "type": "literal", "value": "20th arrondissement of Paris"}, "object": {"type": "uri", "value": "http://www.wikidata.org/entity/Q8206174"}, "objectLabel": {"xml:lang": "en", "type": "literal", "value": "Category:20th arrondissement of Paris"}, "predicateLabel": {"xml:lang": "en", "type": "literal", "value": "topic's main category"}}, {"subjectLabel": {"xml:lang": "en", "type": "literal", "value": "20th arrondissement of Paris"}, "object": {"type": "uri", "value": "http://www.wikidata.org/entity/Q18199435"}, "objectLabel": {"xml:lang": "en", "type": "literal", "value": "Charonne"}, "predicateLabel": {"xml:lang": "en", "type": "literal", "value": "replaces"}}, {"subjectLabel": {"xml:lang": "en", "type": "literal", "value": "20th arrondissement of Paris"}, "object": {"type": "uri", "value": "http://www.wikidata.org/entity/Q3090359"}, "objectLabel": {"xml:lang": "en", "type": "literal", "value": "Fr\u00e9d\u00e9rique Calandra"}, "predicateLabel": {"xml:lang": "en", "type": "literal", "value": "head of government"}}, {"subjectLabel": {"xml:lang": "en", "type": "literal", "value": "20th arrondissement of Paris"}, "object": {"type": "uri", "value": "http://www.wikidata.org/entity/Q702842"}, "objectLabel": {"xml:lang": "en", "type": "literal", "value": "municipal arrondissement"}, "predicateLabel": {"xml:lang": "en", "type": "literal", "value": "instance of"}}, {"subjectLabel": {"xml:lang": "en", "type": "literal", "value": "20th arrondissement of Paris"}, "object": {"type": "uri", "value": "http://www.wikidata.org/entity/Q171689"}, "objectLabel": {"xml:lang": "en", "type": "literal", "value": "12th arrondissement of Paris"}, "predicateLabel": {"xml:lang": "en", "type": "literal", "value": "shares border with"}}, {"subjectLabel": {"xml:lang": "en", "type": "literal", "value": "20th arrondissement of Paris"}, "object": {"type": "uri", "value": "http://www.wikidata.org/entity/Q169293"}, "objectLabel": {"xml:lang": "en", "type": "literal", "value": "11th arrondissement of Paris"}, "predicateLabel": {"xml:lang": "en", "type": "literal", "value": "shares border with"}}, {"subjectLabel": {"xml:lang": "en", "type": "literal", "value": "20th arrondissement of Paris"}, "object": {"type": "uri", "value": "http://www.wikidata.org/entity/Q10212477"}, "objectLabel": {"xml:lang": "en", "type": "literal", "value": "Category:Films shot in the 20th arrondissement of Paris"}, "predicateLabel": {"xml:lang": "en", "type": "literal", "value": "category for films shot at this location"}}, {"subjectLabel": {"xml:lang": "en", "type": "literal", "value": "20th arrondissement of Paris"}, "object": {"type": "uri", "value": "http://www.wikidata.org/entity/Q84064037"}, "objectLabel": {"xml:lang": "en", "type": "literal", "value": "Category:Maps of Paris 20e arrondissement"}, "predicateLabel": {"xml:lang": "en", "type": "literal", "value": "category for maps"}}], "Q193877": [{"subjectLabel": {"xml:lang": "en", "type": "literal", "value": "Ivry-sur-Seine"}, "object": {"type": "uri", "value": "http://www.wikidata.org/entity/Q105687036"}, "objectLabel": {"xml:lang": "en", "type": "literal", "value": "r\u00e9seau de chaleur urbain CPCU"}, "predicateLabel": {"xml:lang": "en", "type": "literal", "value": "district heating grid"}}, {"subjectLabel": {"xml:lang": "en", "type": "literal", "value": "Ivry-sur-Seine"}, "object": {"type": "uri", "value": "http://www.wikidata.org/entity/Q90"}, "objectLabel": {"xml:lang": "en", "type": "literal", "value": "Paris"}, "predicateLabel": {"xml:lang": "en", "type": "literal", "value": "shares border with"}}, {"subjectLabel": {"xml:lang": "en", "type": "literal", "value": "Ivry-sur-Seine"}, "object": {"type": "uri", "value": "http://www.wikidata.org/entity/Q6655"}, "objectLabel": {"xml:lang": "en", "type": "literal", "value": "UTC+01:00"}, "predicateLabel": {"xml:lang": "en", "type": "literal", "value": "located in time zone"}}, {"subjectLabel": {"xml:lang": "en", "type": "literal", "value": "Ivry-sur-Seine"}, "object": {"type": "uri", "value": "http://www.wikidata.org/entity/Q1471"}, "objectLabel": {"xml:lang": "en", "type": "literal", "value": "Seine"}, "predicateLabel": {"xml:lang": "en", "type": "literal", "value": "located in or next to body of water"}}, {"subjectLabel": {"xml:lang": "en", "type": "literal", "value": "Ivry-sur-Seine"}, "object": {"type": "uri", "value": "http://www.wikidata.org/entity/Q6723"}, "objectLabel": {"xml:lang": "en", "type": "literal", "value": "UTC+02:00"}, "predicateLabel": {"xml:lang": "en", "type": "literal", "value": "located in time zone"}}, {"subjectLabel": {"xml:lang": "en", "type": "literal", "value": "Ivry-sur-Seine"}, "object": {"type": "uri", "value": "http://www.wikidata.org/entity/Q72248"}, "objectLabel": {"xml:lang": "en", "type": "literal", "value": "Vitry-sur-Seine"}, "predicateLabel": {"xml:lang": "en", "type": "literal", "value": "shares border with"}}, {"subjectLabel": {"xml:lang": "en", "type": "literal", "value": "Ivry-sur-Seine"}, "object": {"type": "uri", "value": "http://www.wikidata.org/entity/Q1471"}, "objectLabel": {"xml:lang": "en", "type": "literal", "value": "Seine"}, "predicateLabel": {"xml:lang": "en", "type": "literal", "value": "named after"}}, {"subjectLabel": {"xml:lang": "en", "type": "literal", "value": "Ivry-sur-Seine"}, "object": {"type": "uri", "value": "http://www.wikidata.org/entity/Q41983"}, "objectLabel": {"xml:lang": "en", "type": "literal", "value": "Marne"}, "predicateLabel": {"xml:lang": "en", "type": "literal", "value": "located in or next to body of water"}}, {"subjectLabel": {"xml:lang": "en", "type": "literal", "value": "Ivry-sur-Seine"}, "object": {"type": "uri", "value": "http://www.wikidata.org/entity/Q867541"}, "objectLabel": {"xml:lang": "en", "type": "literal", "value": "Encyclop\u00e6dia Britannica 11th edition"}, "predicateLabel": {"xml:lang": "en", "type": "literal", "value": "described by source"}}, {"subjectLabel": {"xml:lang": "en", "type": "literal", "value": "Ivry-sur-Seine"}, "object": {"type": "uri", "value": "http://www.wikidata.org/entity/Q175129"}, "objectLabel": {"xml:lang": "en", "type": "literal", "value": "13th arrondissement of Paris"}, "predicateLabel": {"xml:lang": "en", "type": "literal", "value": "replaced by"}}, {"subjectLabel": {"xml:lang": "en", "type": "literal", "value": "Ivry-sur-Seine"}, "object": {"type": "uri", "value": "http://www.wikidata.org/entity/Q3931"}, "objectLabel": {"xml:lang": "en", "type": "literal", "value": "Brandenburg an der Havel"}, "predicateLabel": {"xml:lang": "en", "type": "literal", "value": "twinned administrative body"}}, {"subjectLabel": {"xml:lang": "en", "type": "literal", "value": "Ivry-sur-Seine"}, "object": {"type": "uri", "value": "http://www.wikidata.org/entity/Q328510"}, "objectLabel": {"xml:lang": "en", "type": "literal", "value": "Tindouf"}, "predicateLabel": {"xml:lang": "en", "type": "literal", "value": "twinned administrative body"}}, {"subjectLabel": {"xml:lang": "en", "type": "literal", "value": "Ivry-sur-Seine"}, "object": {"type": "uri", "value": "http://www.wikidata.org/entity/Q484170"}, "objectLabel": {"xml:lang": "en", "type": "literal", "value": "commune of France"}, "predicateLabel": {"xml:lang": "en", "type": "literal", "value": "instance of"}}, {"subjectLabel": {"xml:lang": "en", "type": "literal", "value": "Ivry-sur-Seine"}, "object": {"type": "uri", "value": "http://www.wikidata.org/entity/Q701072"}, "objectLabel": {"xml:lang": "en", "type": "literal", "value": "arrondissement of Cr\u00e9teil"}, "predicateLabel": {"xml:lang": "en", "type": "literal", "value": "located in the administrative territorial entity"}}, {"subjectLabel": {"xml:lang": "en", "type": "literal", "value": "Ivry-sur-Seine"}, "object": {"type": "uri", "value": "http://www.wikidata.org/entity/Q128466"}, "objectLabel": {"xml:lang": "en", "type": "literal", "value": "Villejuif"}, "predicateLabel": {"xml:lang": "en", "type": "literal", "value": "shares border with"}}, {"subjectLabel": {"xml:lang": "en", "type": "literal", "value": "Ivry-sur-Seine"}, "object": {"type": "uri", "value": "http://www.wikidata.org/entity/Q3026276"}, "objectLabel": {"xml:lang": "en", "type": "literal", "value": "Dianguird\u00e9"}, "predicateLabel": {"xml:lang": "en", "type": "literal", "value": "twinned administrative body"}}, {"subjectLabel": {"xml:lang": "en", "type": "literal", "value": "Ivry-sur-Seine"}, "object": {"type": "uri", "value": "http://www.wikidata.org/entity/Q3648399"}, "objectLabel": {"xml:lang": "en", "type": "literal", "value": "La Lisa"}, "predicateLabel": {"xml:lang": "en", "type": "literal", "value": "twinned administrative body"}}, {"subjectLabel": {"xml:lang": "en", "type": "literal", "value": "Ivry-sur-Seine"}, "object": {"type": "uri", "value": "http://www.wikidata.org/entity/Q6192257"}, "objectLabel": {"xml:lang": "en", "type": "literal", "value": "Jifna"}, "predicateLabel": {"xml:lang": "en", "type": "literal", "value": "twinned administrative body"}}, {"subjectLabel": {"xml:lang": "en", "type": "literal", "value": "Ivry-sur-Seine"}, "object": {"type": "uri", "value": "http://www.wikidata.org/entity/Q1142326"}, "objectLabel": {"xml:lang": "en", "type": "literal", "value": "Seine"}, "predicateLabel": {"xml:lang": "en", "type": "literal", "value": "located in the administrative territorial entity"}}, {"subjectLabel": {"xml:lang": "en", "type": "literal", "value": "Ivry-sur-Seine"}, "object": {"type": "uri", "value": "http://www.wikidata.org/entity/Q701604"}, "objectLabel": {"xml:lang": "en", "type": "literal", "value": "arrondissement of l'Ha\u00ff-les-Roses"}, "predicateLabel": {"xml:lang": "en", "type": "literal", "value": "located in the administrative territorial entity"}}, {"subjectLabel": {"xml:lang": "en", "type": "literal", "value": "Ivry-sur-Seine"}, "object": {"type": "uri", "value": "http://www.wikidata.org/entity/Q8978341"}, "objectLabel": {"xml:lang": "en", "type": "literal", "value": "Category:Ivry-sur-Seine"}, "predicateLabel": {"xml:lang": "en", "type": "literal", "value": "topic's main category"}}, {"subjectLabel": {"xml:lang": "en", "type": "literal", "value": "Ivry-sur-Seine"}, "object": {"type": "uri", "value": "http://www.wikidata.org/entity/Q2919628"}, "objectLabel": {"xml:lang": "en", "type": "literal", "value": "Jalazone"}, "predicateLabel": {"xml:lang": "en", "type": "literal", "value": "twinned administrative body"}}, {"subjectLabel": {"xml:lang": "en", "type": "literal", "value": "Ivry-sur-Seine"}, "object": {"type": "uri", "value": "http://www.wikidata.org/entity/Q16532200"}, "objectLabel": {"xml:lang": "en", "type": "literal", "value": "Bercy"}, "predicateLabel": {"xml:lang": "en", "type": "literal", "value": "shares border with"}}, {"subjectLabel": {"xml:lang": "en", "type": "literal", "value": "Ivry-sur-Seine"}, "object": {"type": "uri", "value": "http://www.wikidata.org/entity/Q15149909"}, "objectLabel": {"xml:lang": "en", "type": "literal", "value": "former 12th arrondissement of Paris"}, "predicateLabel": {"xml:lang": "en", "type": "literal", "value": "shares border with"}}, {"subjectLabel": {"xml:lang": "en", "type": "literal", "value": "Ivry-sur-Seine"}, "object": {"type": "uri", "value": "http://www.wikidata.org/entity/Q12788"}, "objectLabel": {"xml:lang": "en", "type": "literal", "value": "Val-de-Marne"}, "predicateLabel": {"xml:lang": "en", "type": "literal", "value": "located in the administrative territorial entity"}}, {"subjectLabel": {"xml:lang": "en", "type": "literal", "value": "Ivry-sur-Seine"}, "object": {"type": "uri", "value": "http://www.wikidata.org/entity/Q142"}, "objectLabel": {"xml:lang": "en", "type": "literal", "value": "France"}, "predicateLabel": {"xml:lang": "en", "type": "literal", "value": "country"}}, {"subjectLabel": {"xml:lang": "en", "type": "literal", "value": "Ivry-sur-Seine"}, "object": {"type": "uri", "value": "http://www.wikidata.org/entity/Q233909"}, "objectLabel": {"xml:lang": "en", "type": "literal", "value": "Alfortville"}, "predicateLabel": {"xml:lang": "en", "type": "literal", "value": "shares border with"}}, {"subjectLabel": {"xml:lang": "en", "type": "literal", "value": "Ivry-sur-Seine"}, "object": {"type": "uri", "value": "http://www.wikidata.org/entity/Q866339"}, "objectLabel": {"xml:lang": "en", "type": "literal", "value": "Bishop Auckland"}, "predicateLabel": {"xml:lang": "en", "type": "literal", "value": "twinned administrative body"}}, {"subjectLabel": {"xml:lang": "en", "type": "literal", "value": "Ivry-sur-Seine"}, "object": {"type": "uri", "value": "http://www.wikidata.org/entity/Q1082222"}, "objectLabel": {"xml:lang": "en", "type": "literal", "value": "Paris unit\u00e9 urbaine"}, "predicateLabel": {"xml:lang": "en", "type": "literal", "value": "located in statistical territorial entity"}}, {"subjectLabel": {"xml:lang": "en", "type": "literal", "value": "Ivry-sur-Seine"}, "object": {"type": "uri", "value": "http://www.wikidata.org/entity/Q8737441"}, "objectLabel": {"xml:lang": "en", "type": "literal", "value": "Category:People from Ivry-sur-Seine"}, "predicateLabel": {"xml:lang": "en", "type": "literal", "value": "category of associated people"}}, {"subjectLabel": {"xml:lang": "en", "type": "literal", "value": "Ivry-sur-Seine"}, "object": {"type": "uri", "value": "http://www.wikidata.org/entity/Q135104"}, "objectLabel": {"xml:lang": "en", "type": "literal", "value": "Le Kremlin-Bic\u00eatre"}, "predicateLabel": {"xml:lang": "en", "type": "literal", "value": "shares border with"}}, {"subjectLabel": {"xml:lang": "en", "type": "literal", "value": "Ivry-sur-Seine"}, "object": {"type": "uri", "value": "http://www.wikidata.org/entity/Q62087552"}, "objectLabel": {"xml:lang": "en", "type": "literal", "value": "Mayor of Ivry-sur-Seine"}, "predicateLabel": {"xml:lang": "en", "type": "literal", "value": "office held by head of government"}}, {"subjectLabel": {"xml:lang": "en", "type": "literal", "value": "Ivry-sur-Seine"}, "object": {"type": "uri", "value": "http://www.wikidata.org/entity/Q212793"}, "objectLabel": {"xml:lang": "en", "type": "literal", "value": "Charenton-le-Pont"}, "predicateLabel": {"xml:lang": "en", "type": "literal", "value": "shares border with"}}, {"subjectLabel": {"xml:lang": "en", "type": "literal", "value": "Ivry-sur-Seine"}, "object": {"type": "uri", "value": "http://www.wikidata.org/entity/Q62078136"}, "objectLabel": {"xml:lang": "en", "type": "literal", "value": "Philippe Bouyssou"}, "predicateLabel": {"xml:lang": "en", "type": "literal", "value": "head of government"}}, {"subjectLabel": {"xml:lang": "en", "type": "literal", "value": "Ivry-sur-Seine"}, "object": {"type": "uri", "value": "http://www.wikidata.org/entity/Q16665915"}, "objectLabel": {"xml:lang": "en", "type": "literal", "value": "Grand Paris"}, "predicateLabel": {"xml:lang": "en", "type": "literal", "value": "located in the administrative territorial entity"}}, {"subjectLabel": {"xml:lang": "en", "type": "literal", "value": "Ivry-sur-Seine"}, "object": {"type": "uri", "value": "http://www.wikidata.org/entity/Q19945104"}, "objectLabel": {"xml:lang": "en", "type": "literal", "value": "canton of Ivry-sur-Seine"}, "predicateLabel": {"xml:lang": "en", "type": "literal", "value": "capital of"}}, {"subjectLabel": {"xml:lang": "en", "type": "literal", "value": "Ivry-sur-Seine"}, "object": {"type": "uri", "value": "http://www.wikidata.org/entity/Q9225168"}, "objectLabel": {"xml:lang": "en", "type": "literal", "value": "Category:Births in Ivry-sur-Seine"}, "predicateLabel": {"xml:lang": "en", "type": "literal", "value": "category for people born here"}}, {"subjectLabel": {"xml:lang": "en", "type": "literal", "value": "Ivry-sur-Seine"}, "object": {"type": "uri", "value": "http://www.wikidata.org/entity/Q84024120"}, "objectLabel": {"xml:lang": "en", "type": "literal", "value": "Category:Maps of Ivry-sur-Seine"}, "predicateLabel": {"xml:lang": "en", "type": "literal", "value": "category for maps"}}, {"subjectLabel": {"xml:lang": "en", "type": "literal", "value": "Ivry-sur-Seine"}, "object": {"type": "uri", "value": "http://www.wikidata.org/entity/Q19945104"}, "objectLabel": {"xml:lang": "en", "type": "literal", "value": "canton of Ivry-sur-Seine"}, "predicateLabel": {"xml:lang": "en", "type": "literal", "value": "associated electoral district"}}, {"subjectLabel": {"xml:lang": "en", "type": "literal", "value": "Ivry-sur-Seine"}, "object": {"type": "uri", "value": "http://www.wikidata.org/entity/Q9218675"}, "objectLabel": {"xml:lang": "en", "type": "literal", "value": "Category:Deaths in Ivry-sur-Seine"}, "predicateLabel": {"xml:lang": "en", "type": "literal", "value": "category for people who died here"}}], "Q234743": [{"subjectLabel": {"xml:lang": "en", "type": "literal", "value": "Puteaux"}, "object": {"type": "uri", "value": "http://www.wikidata.org/entity/Q90"}, "objectLabel": {"xml:lang": "en", "type": "literal", "value": "Paris"}, "predicateLabel": {"xml:lang": "en", "type": "literal", "value": "shares border with"}}, {"subjectLabel": {"xml:lang": "en", "type": "literal", "value": "Puteaux"}, "object": {"type": "uri", "value": "http://www.wikidata.org/entity/Q6655"}, "objectLabel": {"xml:lang": "en", "type": "literal", "value": "UTC+01:00"}, "predicateLabel": {"xml:lang": "en", "type": "literal", "value": "located in time zone"}}, {"subjectLabel": {"xml:lang": "en", "type": "literal", "value": "Puteaux"}, "object": {"type": "uri", "value": "http://www.wikidata.org/entity/Q6723"}, "objectLabel": {"xml:lang": "en", "type": "literal", "value": "UTC+02:00"}, "predicateLabel": {"xml:lang": "en", "type": "literal", "value": "located in time zone"}}, {"subjectLabel": {"xml:lang": "en", "type": "literal", "value": "Puteaux"}, "object": {"type": "uri", "value": "http://www.wikidata.org/entity/Q142"}, "objectLabel": {"xml:lang": "en", "type": "literal", "value": "France"}, "predicateLabel": {"xml:lang": "en", "type": "literal", "value": "country"}}, {"subjectLabel": {"xml:lang": "en", "type": "literal", "value": "Puteaux"}, "object": {"type": "uri", "value": "http://www.wikidata.org/entity/Q3042"}, "objectLabel": {"xml:lang": "en", "type": "literal", "value": "Offenbach am Main"}, "predicateLabel": {"xml:lang": "en", "type": "literal", "value": "twinned administrative body"}}, {"subjectLabel": {"xml:lang": "en", "type": "literal", "value": "Puteaux"}, "object": {"type": "uri", "value": "http://www.wikidata.org/entity/Q3181656"}, "objectLabel": {"xml:lang": "en", "type": "literal", "value": "The Nuttall Encyclop\u00e6dia"}, "predicateLabel": {"xml:lang": "en", "type": "literal", "value": "described by source"}}, {"subjectLabel": {"xml:lang": "en", "type": "literal", "value": "Puteaux"}, "object": {"type": "uri", "value": "http://www.wikidata.org/entity/Q4532138"}, "objectLabel": {"xml:lang": "en", "type": "literal", "value": "Granat Encyclopedic Dictionary"}, "predicateLabel": {"xml:lang": "en", "type": "literal", "value": "described by source"}}, {"subjectLabel": {"xml:lang": "en", "type": "literal", "value": "Puteaux"}, "object": {"type": "uri", "value": "http://www.wikidata.org/entity/Q1524995"}, "objectLabel": {"xml:lang": "en", "type": "literal", "value": "canton of Puteaux"}, "predicateLabel": {"xml:lang": "en", "type": "literal", "value": "capital of"}}, {"subjectLabel": {"xml:lang": "en", "type": "literal", "value": "Puteaux"}, "object": {"type": "uri", "value": "http://www.wikidata.org/entity/Q823306"}, "objectLabel": {"xml:lang": "en", "type": "literal", "value": "Concours des villes et villages fleuris"}, "predicateLabel": {"xml:lang": "en", "type": "literal", "value": "member of"}}, {"subjectLabel": {"xml:lang": "en", "type": "literal", "value": "Puteaux"}, "object": {"type": "uri", "value": "http://www.wikidata.org/entity/Q867541"}, "objectLabel": {"xml:lang": "en", "type": "literal", "value": "Encyclop\u00e6dia Britannica 11th edition"}, "predicateLabel": {"xml:lang": "en", "type": "literal", "value": "described by source"}}, {"subjectLabel": {"xml:lang": "en", "type": "literal", "value": "Puteaux"}, "object": {"type": "uri", "value": "http://www.wikidata.org/entity/Q19047539"}, "objectLabel": {"xml:lang": "en", "type": "literal", "value": "Collier's New Encyclopedia, 1921"}, "predicateLabel": {"xml:lang": "en", "type": "literal", "value": "described by source"}}, {"subjectLabel": {"xml:lang": "en", "type": "literal", "value": "Puteaux"}, "object": {"type": "uri", "value": "http://www.wikidata.org/entity/Q19219752"}, "objectLabel": {"xml:lang": "en", "type": "literal", "value": "Meyers Konversations-Lexikon, 4th edition (1885\u20131890)"}, "predicateLabel": {"xml:lang": "en", "type": "literal", "value": "described by source"}}, {"subjectLabel": {"xml:lang": "en", "type": "literal", "value": "Puteaux"}, "object": {"type": "uri", "value": "http://www.wikidata.org/entity/Q1082222"}, "objectLabel": {"xml:lang": "en", "type": "literal", "value": "Paris unit\u00e9 urbaine"}, "predicateLabel": {"xml:lang": "en", "type": "literal", "value": "located in statistical territorial entity"}}, {"subjectLabel": {"xml:lang": "en", "type": "literal", "value": "Puteaux"}, "object": {"type": "uri", "value": "http://www.wikidata.org/entity/Q1471"}, "objectLabel": {"xml:lang": "en", "type": "literal", "value": "Seine"}, "predicateLabel": {"xml:lang": "en", "type": "literal", "value": "located in or next to body of water"}}, {"subjectLabel": {"xml:lang": "en", "type": "literal", "value": "Puteaux"}, "object": {"type": "uri", "value": "http://www.wikidata.org/entity/Q19945006"}, "objectLabel": {"xml:lang": "en", "type": "literal", "value": "canton of Courbevoie-2"}, "predicateLabel": {"xml:lang": "en", "type": "literal", "value": "associated electoral district"}}, {"subjectLabel": {"xml:lang": "en", "type": "literal", "value": "Puteaux"}, "object": {"type": "uri", "value": "http://www.wikidata.org/entity/Q61958678"}, "objectLabel": {"xml:lang": "en", "type": "literal", "value": "Mayor of Puteaux"}, "predicateLabel": {"xml:lang": "en", "type": "literal", "value": "office held by head of government"}}, {"subjectLabel": {"xml:lang": "en", "type": "literal", "value": "Puteaux"}, "object": {"type": "uri", "value": "http://www.wikidata.org/entity/Q12543"}, "objectLabel": {"xml:lang": "en", "type": "literal", "value": "Hauts-de-Seine"}, "predicateLabel": {"xml:lang": "en", "type": "literal", "value": "located in the administrative territorial entity"}}, {"subjectLabel": {"xml:lang": "en", "type": "literal", "value": "Puteaux"}, "object": {"type": "uri", "value": "http://www.wikidata.org/entity/Q64160189"}, "objectLabel": {"xml:lang": "en", "type": "literal", "value": "archives municipales de Puteaux"}, "predicateLabel": {"xml:lang": "en", "type": "literal", "value": "archives at"}}, {"subjectLabel": {"xml:lang": "en", "type": "literal", "value": "Puteaux"}, "object": {"type": "uri", "value": "http://www.wikidata.org/entity/Q189236"}, "objectLabel": {"xml:lang": "en", "type": "literal", "value": "Velletri"}, "predicateLabel": {"xml:lang": "en", "type": "literal", "value": "twinned administrative body"}}, {"subjectLabel": {"xml:lang": "en", "type": "literal", "value": "Puteaux"}, "object": {"type": "uri", "value": "http://www.wikidata.org/entity/Q8069442"}, "objectLabel": {"xml:lang": "en", "type": "literal", "value": "Category:Births in Puteaux"}, "predicateLabel": {"xml:lang": "en", "type": "literal", "value": "category for people born here"}}, {"subjectLabel": {"xml:lang": "en", "type": "literal", "value": "Puteaux"}, "object": {"type": "uri", "value": "http://www.wikidata.org/entity/Q16010"}, "objectLabel": {"xml:lang": "en", "type": "literal", "value": "Esch-sur-Alzette"}, "predicateLabel": {"xml:lang": "en", "type": "literal", "value": "twinned administrative body"}}, {"subjectLabel": {"xml:lang": "en", "type": "literal", "value": "Puteaux"}, "object": {"type": "uri", "value": "http://www.wikidata.org/entity/Q16665915"}, "objectLabel": {"xml:lang": "en", "type": "literal", "value": "Grand Paris"}, "predicateLabel": {"xml:lang": "en", "type": "literal", "value": "located in the administrative territorial entity"}}, {"subjectLabel": {"xml:lang": "en", "type": "literal", "value": "Puteaux"}, "object": {"type": "uri", "value": "http://www.wikidata.org/entity/Q84082661"}, "objectLabel": {"xml:lang": "en", "type": "literal", "value": "Category:Maps of Puteaux"}, "predicateLabel": {"xml:lang": "en", "type": "literal", "value": "category for maps"}}, {"subjectLabel": {"xml:lang": "en", "type": "literal", "value": "Puteaux"}, "object": {"type": "uri", "value": "http://www.wikidata.org/entity/Q193929"}, "objectLabel": {"xml:lang": "en", "type": "literal", "value": "Suresnes"}, "predicateLabel": {"xml:lang": "en", "type": "literal", "value": "shares border with"}}, {"subjectLabel": {"xml:lang": "en", "type": "literal", "value": "Puteaux"}, "object": {"type": "uri", "value": "http://www.wikidata.org/entity/Q83247"}, "objectLabel": {"xml:lang": "en", "type": "literal", "value": "Braga"}, "predicateLabel": {"xml:lang": "en", "type": "literal", "value": "twinned administrative body"}}, {"subjectLabel": {"xml:lang": "en", "type": "literal", "value": "Puteaux"}, "object": {"type": "uri", "value": "http://www.wikidata.org/entity/Q9092692"}, "objectLabel": {"xml:lang": "en", "type": "literal", "value": "Category:Puteaux"}, "predicateLabel": {"xml:lang": "en", "type": "literal", "value": "topic's main category"}}, {"subjectLabel": {"xml:lang": "en", "type": "literal", "value": "Puteaux"}, "object": {"type": "uri", "value": "http://www.wikidata.org/entity/Q170507"}, "objectLabel": {"xml:lang": "en", "type": "literal", "value": "Nanterre"}, "predicateLabel": {"xml:lang": "en", "type": "literal", "value": "shares border with"}}, {"subjectLabel": {"xml:lang": "en", "type": "literal", "value": "Puteaux"}, "object": {"type": "uri", "value": "http://www.wikidata.org/entity/Q371696"}, "objectLabel": {"xml:lang": "en", "type": "literal", "value": "Jo\u00eblle Ceccaldi-Raynaud"}, "predicateLabel": {"xml:lang": "en", "type": "literal", "value": "head of government"}}, {"subjectLabel": {"xml:lang": "en", "type": "literal", "value": "Puteaux"}, "object": {"type": "uri", "value": "http://www.wikidata.org/entity/Q484170"}, "objectLabel": {"xml:lang": "en", "type": "literal", "value": "commune of France"}, "predicateLabel": {"xml:lang": "en", "type": "literal", "value": "instance of"}}, {"subjectLabel": {"xml:lang": "en", "type": "literal", "value": "Puteaux"}, "object": {"type": "uri", "value": "http://www.wikidata.org/entity/Q48958"}, "objectLabel": {"xml:lang": "en", "type": "literal", "value": "Neuilly-sur-Seine"}, "predicateLabel": {"xml:lang": "en", "type": "literal", "value": "shares border with"}}, {"subjectLabel": {"xml:lang": "en", "type": "literal", "value": "Puteaux"}, "object": {"type": "uri", "value": "http://www.wikidata.org/entity/Q385728"}, "objectLabel": {"xml:lang": "en", "type": "literal", "value": "arrondissement of Nanterre"}, "predicateLabel": {"xml:lang": "en", "type": "literal", "value": "located in the administrative territorial entity"}}, {"subjectLabel": {"xml:lang": "en", "type": "literal", "value": "Puteaux"}, "object": {"type": "uri", "value": "http://www.wikidata.org/entity/Q9219587"}, "objectLabel": {"xml:lang": "en", "type": "literal", "value": "Category:Deaths in Puteaux"}, "predicateLabel": {"xml:lang": "en", "type": "literal", "value": "category for people who died here"}}, {"subjectLabel": {"xml:lang": "en", "type": "literal", "value": "Puteaux"}, "object": {"type": "uri", "value": "http://www.wikidata.org/entity/Q10205824"}, "objectLabel": {"xml:lang": "en", "type": "literal", "value": "Category:People from Puteaux"}, "predicateLabel": {"xml:lang": "en", "type": "literal", "value": "category of associated people"}}, {"subjectLabel": {"xml:lang": "en", "type": "literal", "value": "Puteaux"}, "object": {"type": "uri", "value": "http://www.wikidata.org/entity/Q1142326"}, "objectLabel": {"xml:lang": "en", "type": "literal", "value": "Seine"}, "predicateLabel": {"xml:lang": "en", "type": "literal", "value": "located in the administrative territorial entity"}}, {"subjectLabel": {"xml:lang": "en", "type": "literal", "value": "Puteaux"}, "object": {"type": "uri", "value": "http://www.wikidata.org/entity/Q189419"}, "objectLabel": {"xml:lang": "en", "type": "literal", "value": "Zemun"}, "predicateLabel": {"xml:lang": "en", "type": "literal", "value": "twinned administrative body"}}, {"subjectLabel": {"xml:lang": "en", "type": "literal", "value": "Puteaux"}, "object": {"type": "uri", "value": "http://www.wikidata.org/entity/Q277965"}, "objectLabel": {"xml:lang": "en", "type": "literal", "value": "M\u00f6dling"}, "predicateLabel": {"xml:lang": "en", "type": "literal", "value": "twinned administrative body"}}, {"subjectLabel": {"xml:lang": "en", "type": "literal", "value": "Puteaux"}, "object": {"type": "uri", "value": "http://www.wikidata.org/entity/Q16090013"}, "objectLabel": {"xml:lang": "en", "type": "literal", "value": "Putot"}, "predicateLabel": {"xml:lang": "en", "type": "literal", "value": "different from"}}, {"subjectLabel": {"xml:lang": "en", "type": "literal", "value": "Puteaux"}, "object": {"type": "uri", "value": "http://www.wikidata.org/entity/Q924849"}, "objectLabel": {"xml:lang": "en", "type": "literal", "value": "Gan-Yavne"}, "predicateLabel": {"xml:lang": "en", "type": "literal", "value": "twinned administrative body"}}, {"subjectLabel": {"xml:lang": "en", "type": "literal", "value": "Puteaux"}, "object": {"type": "uri", "value": "http://www.wikidata.org/entity/Q189715"}, "objectLabel": {"xml:lang": "en", "type": "literal", "value": "Courbevoie"}, "predicateLabel": {"xml:lang": "en", "type": "literal", "value": "shares border with"}}], "Q193899": [{"subjectLabel": {"xml:lang": "en", "type": "literal", "value": "Fontenay-sous-Bois"}, "object": {"type": "uri", "value": "http://www.wikidata.org/entity/Q90"}, "objectLabel": {"xml:lang": "en", "type": "literal", "value": "Paris"}, "predicateLabel": {"xml:lang": "en", "type": "literal", "value": "shares border with"}}, {"subjectLabel": {"xml:lang": "en", "type": "literal", "value": "Fontenay-sous-Bois"}, "object": {"type": "uri", "value": "http://www.wikidata.org/entity/Q6655"}, "objectLabel": {"xml:lang": "en", "type": "literal", "value": "UTC+01:00"}, "predicateLabel": {"xml:lang": "en", "type": "literal", "value": "located in time zone"}}, {"subjectLabel": {"xml:lang": "en", "type": "literal", "value": "Fontenay-sous-Bois"}, "object": {"type": "uri", "value": "http://www.wikidata.org/entity/Q6723"}, "objectLabel": {"xml:lang": "en", "type": "literal", "value": "UTC+02:00"}, "predicateLabel": {"xml:lang": "en", "type": "literal", "value": "located in time zone"}}, {"subjectLabel": {"xml:lang": "en", "type": "literal", "value": "Fontenay-sous-Bois"}, "object": {"type": "uri", "value": "http://www.wikidata.org/entity/Q64026717"}, "objectLabel": {"xml:lang": "en", "type": "literal", "value": "archives municipales de Fontenay-sous-Bois"}, "predicateLabel": {"xml:lang": "en", "type": "literal", "value": "archives at"}}, {"subjectLabel": {"xml:lang": "en", "type": "literal", "value": "Fontenay-sous-Bois"}, "object": {"type": "uri", "value": "http://www.wikidata.org/entity/Q12788"}, "objectLabel": {"xml:lang": "en", "type": "literal", "value": "Val-de-Marne"}, "predicateLabel": {"xml:lang": "en", "type": "literal", "value": "located in the administrative territorial entity"}}, {"subjectLabel": {"xml:lang": "en", "type": "literal", "value": "Fontenay-sous-Bois"}, "object": {"type": "uri", "value": "http://www.wikidata.org/entity/Q62084669"}, "objectLabel": {"xml:lang": "en", "type": "literal", "value": "Mayor of Fontenay-sous-Bois"}, "predicateLabel": {"xml:lang": "en", "type": "literal", "value": "office held by head of government"}}, {"subjectLabel": {"xml:lang": "en", "type": "literal", "value": "Fontenay-sous-Bois"}, "object": {"type": "uri", "value": "http://www.wikidata.org/entity/Q32411638"}, "objectLabel": {"xml:lang": "en", "type": "literal", "value": "Category:People of Fontenay-sous-Bois"}, "predicateLabel": {"xml:lang": "en", "type": "literal", "value": "category of associated people"}}, {"subjectLabel": {"xml:lang": "en", "type": "literal", "value": "Fontenay-sous-Bois"}, "object": {"type": "uri", "value": "http://www.wikidata.org/entity/Q193370"}, "objectLabel": {"xml:lang": "en", "type": "literal", "value": "Montreuil"}, "predicateLabel": {"xml:lang": "en", "type": "literal", "value": "shares border with"}}, {"subjectLabel": {"xml:lang": "en", "type": "literal", "value": "Fontenay-sous-Bois"}, "object": {"type": "uri", "value": "http://www.wikidata.org/entity/Q193819"}, "objectLabel": {"xml:lang": "en", "type": "literal", "value": "Vincennes"}, "predicateLabel": {"xml:lang": "en", "type": "literal", "value": "shares border with"}}, {"subjectLabel": {"xml:lang": "en", "type": "literal", "value": "Fontenay-sous-Bois"}, "object": {"type": "uri", "value": "http://www.wikidata.org/entity/Q192859"}, "objectLabel": {"xml:lang": "en", "type": "literal", "value": "Etterbeek"}, "predicateLabel": {"xml:lang": "en", "type": "literal", "value": "twinned administrative body"}}, {"subjectLabel": {"xml:lang": "en", "type": "literal", "value": "Fontenay-sous-Bois"}, "object": {"type": "uri", "value": "http://www.wikidata.org/entity/Q102576"}, "objectLabel": {"xml:lang": "en", "type": "literal", "value": "Borgonovo Val Tidone"}, "predicateLabel": {"xml:lang": "en", "type": "literal", "value": "twinned administrative body"}}, {"subjectLabel": {"xml:lang": "en", "type": "literal", "value": "Fontenay-sous-Bois"}, "object": {"type": "uri", "value": "http://www.wikidata.org/entity/Q84080963"}, "objectLabel": {"xml:lang": "en", "type": "literal", "value": "Category:Maps of Fontenay-sous-Bois"}, "predicateLabel": {"xml:lang": "en", "type": "literal", "value": "category for maps"}}, {"subjectLabel": {"xml:lang": "en", "type": "literal", "value": "Fontenay-sous-Bois"}, "object": {"type": "uri", "value": "http://www.wikidata.org/entity/Q823306"}, "objectLabel": {"xml:lang": "en", "type": "literal", "value": "Concours des villes et villages fleuris"}, "predicateLabel": {"xml:lang": "en", "type": "literal", "value": "member of"}}, {"subjectLabel": {"xml:lang": "en", "type": "literal", "value": "Fontenay-sous-Bois"}, "object": {"type": "uri", "value": "http://www.wikidata.org/entity/Q9161986"}, "objectLabel": {"xml:lang": "en", "type": "literal", "value": "Category:Fontenay-sous-Bois"}, "predicateLabel": {"xml:lang": "en", "type": "literal", "value": "topic's main category"}}, {"subjectLabel": {"xml:lang": "en", "type": "literal", "value": "Fontenay-sous-Bois"}, "object": {"type": "uri", "value": "http://www.wikidata.org/entity/Q212274"}, "objectLabel": {"xml:lang": "en", "type": "literal", "value": "Nogent-sur-Marne"}, "predicateLabel": {"xml:lang": "en", "type": "literal", "value": "shares border with"}}, {"subjectLabel": {"xml:lang": "en", "type": "literal", "value": "Fontenay-sous-Bois"}, "object": {"type": "uri", "value": "http://www.wikidata.org/entity/Q142"}, "objectLabel": {"xml:lang": "en", "type": "literal", "value": "France"}, "predicateLabel": {"xml:lang": "en", "type": "literal", "value": "country"}}, {"subjectLabel": {"xml:lang": "en", "type": "literal", "value": "Fontenay-sous-Bois"}, "object": {"type": "uri", "value": "http://www.wikidata.org/entity/Q289852"}, "objectLabel": {"xml:lang": "en", "type": "literal", "value": "Marinha Grande"}, "predicateLabel": {"xml:lang": "en", "type": "literal", "value": "twinned administrative body"}}, {"subjectLabel": {"xml:lang": "en", "type": "literal", "value": "Fontenay-sous-Bois"}, "object": {"type": "uri", "value": "http://www.wikidata.org/entity/Q9224722"}, "objectLabel": {"xml:lang": "en", "type": "literal", "value": "Category:Births in Fontenay-sous-Bois"}, "predicateLabel": {"xml:lang": "en", "type": "literal", "value": "category for people born here"}}, {"subjectLabel": {"xml:lang": "en", "type": "literal", "value": "Fontenay-sous-Bois"}, "object": {"type": "uri", "value": "http://www.wikidata.org/entity/Q19945046"}, "objectLabel": {"xml:lang": "en", "type": "literal", "value": "canton of Fontenay-sous-Bois"}, "predicateLabel": {"xml:lang": "en", "type": "literal", "value": "capital of"}}, {"subjectLabel": {"xml:lang": "en", "type": "literal", "value": "Fontenay-sous-Bois"}, "object": {"type": "uri", "value": "http://www.wikidata.org/entity/Q275547"}, "objectLabel": {"xml:lang": "en", "type": "literal", "value": "Rosny-sous-Bois"}, "predicateLabel": {"xml:lang": "en", "type": "literal", "value": "shares border with"}}, {"subjectLabel": {"xml:lang": "en", "type": "literal", "value": "Fontenay-sous-Bois"}, "object": {"type": "uri", "value": "http://www.wikidata.org/entity/Q484170"}, "objectLabel": {"xml:lang": "en", "type": "literal", "value": "commune of France"}, "predicateLabel": {"xml:lang": "en", "type": "literal", "value": "instance of"}}, {"subjectLabel": {"xml:lang": "en", "type": "literal", "value": "Fontenay-sous-Bois"}, "object": {"type": "uri", "value": "http://www.wikidata.org/entity/Q841026"}, "objectLabel": {"xml:lang": "en", "type": "literal", "value": "Brovary"}, "predicateLabel": {"xml:lang": "en", "type": "literal", "value": "twinned administrative body"}}, {"subjectLabel": {"xml:lang": "en", "type": "literal", "value": "Fontenay-sous-Bois"}, "object": {"type": "uri", "value": "http://www.wikidata.org/entity/Q868798"}, "objectLabel": {"xml:lang": "en", "type": "literal", "value": "Trucy"}, "predicateLabel": {"xml:lang": "en", "type": "literal", "value": "twinned administrative body"}}, {"subjectLabel": {"xml:lang": "en", "type": "literal", "value": "Fontenay-sous-Bois"}, "object": {"type": "uri", "value": "http://www.wikidata.org/entity/Q19945046"}, "objectLabel": {"xml:lang": "en", "type": "literal", "value": "canton of Fontenay-sous-Bois"}, "predicateLabel": {"xml:lang": "en", "type": "literal", "value": "associated electoral district"}}, {"subjectLabel": {"xml:lang": "en", "type": "literal", "value": "Fontenay-sous-Bois"}, "object": {"type": "uri", "value": "http://www.wikidata.org/entity/Q7978594"}, "objectLabel": {"xml:lang": "en", "type": "literal", "value": "Category:Burials in Fontenay-sous-Bois"}, "predicateLabel": {"xml:lang": "en", "type": "literal", "value": "category of people buried here"}}, {"subjectLabel": {"xml:lang": "en", "type": "literal", "value": "Fontenay-sous-Bois"}, "object": {"type": "uri", "value": "http://www.wikidata.org/entity/Q652833"}, "objectLabel": {"xml:lang": "en", "type": "literal", "value": "arrondissement of Nogent-sur-Marne"}, "predicateLabel": {"xml:lang": "en", "type": "literal", "value": "located in the administrative territorial entity"}}, {"subjectLabel": {"xml:lang": "en", "type": "literal", "value": "Fontenay-sous-Bois"}, "object": {"type": "uri", "value": "http://www.wikidata.org/entity/Q990408"}, "objectLabel": {"xml:lang": "en", "type": "literal", "value": "Le Perreux-sur-Marne"}, "predicateLabel": {"xml:lang": "en", "type": "literal", "value": "shares border with"}}, {"subjectLabel": {"xml:lang": "en", "type": "literal", "value": "Fontenay-sous-Bois"}, "object": {"type": "uri", "value": "http://www.wikidata.org/entity/Q685597"}, "objectLabel": {"xml:lang": "en", "type": "literal", "value": "Neuilly-Plaisance"}, "predicateLabel": {"xml:lang": "en", "type": "literal", "value": "shares border with"}}, {"subjectLabel": {"xml:lang": "en", "type": "literal", "value": "Fontenay-sous-Bois"}, "object": {"type": "uri", "value": "http://www.wikidata.org/entity/Q659533"}, "objectLabel": {"xml:lang": "en", "type": "literal", "value": "Wittenheim"}, "predicateLabel": {"xml:lang": "en", "type": "literal", "value": "twinned administrative body"}}, {"subjectLabel": {"xml:lang": "en", "type": "literal", "value": "Fontenay-sous-Bois"}, "object": {"type": "uri", "value": "http://www.wikidata.org/entity/Q1142326"}, "objectLabel": {"xml:lang": "en", "type": "literal", "value": "Seine"}, "predicateLabel": {"xml:lang": "en", "type": "literal", "value": "located in the administrative territorial entity"}}, {"subjectLabel": {"xml:lang": "en", "type": "literal", "value": "Fontenay-sous-Bois"}, "object": {"type": "uri", "value": "http://www.wikidata.org/entity/Q3100527"}, "objectLabel": {"xml:lang": "en", "type": "literal", "value": "Koungheul"}, "predicateLabel": {"xml:lang": "en", "type": "literal", "value": "twinned administrative body"}}, {"subjectLabel": {"xml:lang": "en", "type": "literal", "value": "Fontenay-sous-Bois"}, "object": {"type": "uri", "value": "http://www.wikidata.org/entity/Q16665915"}, "objectLabel": {"xml:lang": "en", "type": "literal", "value": "Grand Paris"}, "predicateLabel": {"xml:lang": "en", "type": "literal", "value": "located in the administrative territorial entity"}}, {"subjectLabel": {"xml:lang": "en", "type": "literal", "value": "Fontenay-sous-Bois"}, "object": {"type": "uri", "value": "http://www.wikidata.org/entity/Q9218381"}, "objectLabel": {"xml:lang": "en", "type": "literal", "value": "Category:Deaths in Fontenay-sous-Bois"}, "predicateLabel": {"xml:lang": "en", "type": "literal", "value": "category for people who died here"}}, {"subjectLabel": {"xml:lang": "en", "type": "literal", "value": "Fontenay-sous-Bois"}, "object": {"type": "uri", "value": "http://www.wikidata.org/entity/Q1082222"}, "objectLabel": {"xml:lang": "en", "type": "literal", "value": "Paris unit\u00e9 urbaine"}, "predicateLabel": {"xml:lang": "en", "type": "literal", "value": "located in statistical territorial entity"}}, {"subjectLabel": {"xml:lang": "en", "type": "literal", "value": "Fontenay-sous-Bois"}, "object": {"type": "uri", "value": "http://www.wikidata.org/entity/Q62078132"}, "objectLabel": {"xml:lang": "en", "type": "literal", "value": "Jean-Philippe Gautrais"}, "predicateLabel": {"xml:lang": "en", "type": "literal", "value": "head of government"}}], "Q275118": [{"subjectLabel": {"xml:lang": "en", "type": "literal", "value": "9th arrondissement of Paris"}, "object": {"type": "uri", "value": "http://www.wikidata.org/entity/Q90"}, "objectLabel": {"xml:lang": "en", "type": "literal", "value": "Paris"}, "predicateLabel": {"xml:lang": "en", "type": "literal", "value": "located in the administrative territorial entity"}}, {"subjectLabel": {"xml:lang": "en", "type": "literal", "value": "9th arrondissement of Paris"}, "object": {"type": "uri", "value": "http://www.wikidata.org/entity/Q161741"}, "objectLabel": {"xml:lang": "en", "type": "literal", "value": "1st arrondissement of Paris"}, "predicateLabel": {"xml:lang": "en", "type": "literal", "value": "shares border with"}}, {"subjectLabel": {"xml:lang": "en", "type": "literal", "value": "9th arrondissement of Paris"}, "object": {"type": "uri", "value": "http://www.wikidata.org/entity/Q270230"}, "objectLabel": {"xml:lang": "en", "type": "literal", "value": "8th arrondissement of Paris"}, "predicateLabel": {"xml:lang": "en", "type": "literal", "value": "shares border with"}}, {"subjectLabel": {"xml:lang": "en", "type": "literal", "value": "9th arrondissement of Paris"}, "object": {"type": "uri", "value": "http://www.wikidata.org/entity/Q209549"}, "objectLabel": {"xml:lang": "en", "type": "literal", "value": "2nd arrondissement of Paris"}, "predicateLabel": {"xml:lang": "en", "type": "literal", "value": "shares border with"}}, {"subjectLabel": {"xml:lang": "en", "type": "literal", "value": "9th arrondissement of Paris"}, "object": {"type": "uri", "value": "http://www.wikidata.org/entity/Q142"}, "objectLabel": {"xml:lang": "en", "type": "literal", "value": "France"}, "predicateLabel": {"xml:lang": "en", "type": "literal", "value": "country"}}, {"subjectLabel": {"xml:lang": "en", "type": "literal", "value": "9th arrondissement of Paris"}, "object": {"type": "uri", "value": "http://www.wikidata.org/entity/Q84109947"}, "objectLabel": {"xml:lang": "en", "type": "literal", "value": "Category:Maps of Paris 9e arrondissement"}, "predicateLabel": {"xml:lang": "en", "type": "literal", "value": "category for maps"}}, {"subjectLabel": {"xml:lang": "en", "type": "literal", "value": "9th arrondissement of Paris"}, "object": {"type": "uri", "value": "http://www.wikidata.org/entity/Q163948"}, "objectLabel": {"xml:lang": "en", "type": "literal", "value": "10th arrondissement of Paris"}, "predicateLabel": {"xml:lang": "en", "type": "literal", "value": "shares border with"}}, {"subjectLabel": {"xml:lang": "en", "type": "literal", "value": "9th arrondissement of Paris"}, "object": {"type": "uri", "value": "http://www.wikidata.org/entity/Q200126"}, "objectLabel": {"xml:lang": "en", "type": "literal", "value": "18th arrondissement of Paris"}, "predicateLabel": {"xml:lang": "en", "type": "literal", "value": "shares border with"}}, {"subjectLabel": {"xml:lang": "en", "type": "literal", "value": "9th arrondissement of Paris"}, "object": {"type": "uri", "value": "http://www.wikidata.org/entity/Q197297"}, "objectLabel": {"xml:lang": "en", "type": "literal", "value": "17th arrondissement of Paris"}, "predicateLabel": {"xml:lang": "en", "type": "literal", "value": "shares border with"}}, {"subjectLabel": {"xml:lang": "en", "type": "literal", "value": "9th arrondissement of Paris"}, "object": {"type": "uri", "value": "http://www.wikidata.org/entity/Q702842"}, "objectLabel": {"xml:lang": "en", "type": "literal", "value": "municipal arrondissement"}, "predicateLabel": {"xml:lang": "en", "type": "literal", "value": "instance of"}}, {"subjectLabel": {"xml:lang": "en", "type": "literal", "value": "9th arrondissement of Paris"}, "object": {"type": "uri", "value": "http://www.wikidata.org/entity/Q3413176"}, "objectLabel": {"xml:lang": "en", "type": "literal", "value": "Quartier de Rochechouart"}, "predicateLabel": {"xml:lang": "en", "type": "literal", "value": "contains the administrative territorial entity"}}, {"subjectLabel": {"xml:lang": "en", "type": "literal", "value": "9th arrondissement of Paris"}, "object": {"type": "uri", "value": "http://www.wikidata.org/entity/Q3413189"}, "objectLabel": {"xml:lang": "en", "type": "literal", "value": "Quartier de la Chauss\u00e9e-d'Antin"}, "predicateLabel": {"xml:lang": "en", "type": "literal", "value": "contains the administrative territorial entity"}}, {"subjectLabel": {"xml:lang": "en", "type": "literal", "value": "9th arrondissement of Paris"}, "object": {"type": "uri", "value": "http://www.wikidata.org/entity/Q3413272"}, "objectLabel": {"xml:lang": "en", "type": "literal", "value": "Faubourg-Montmartre"}, "predicateLabel": {"xml:lang": "en", "type": "literal", "value": "contains the administrative territorial entity"}}, {"subjectLabel": {"xml:lang": "en", "type": "literal", "value": "9th arrondissement of Paris"}, "object": {"type": "uri", "value": "http://www.wikidata.org/entity/Q2845753"}, "objectLabel": {"xml:lang": "en", "type": "literal", "value": "former 2nd arrondissement of Paris"}, "predicateLabel": {"xml:lang": "en", "type": "literal", "value": "replaces"}}, {"subjectLabel": {"xml:lang": "en", "type": "literal", "value": "9th arrondissement of Paris"}, "object": {"type": "uri", "value": "http://www.wikidata.org/entity/Q2845750"}, "objectLabel": {"xml:lang": "en", "type": "literal", "value": "former 1st arrondissement of Paris"}, "predicateLabel": {"xml:lang": "en", "type": "literal", "value": "replaces"}}, {"subjectLabel": {"xml:lang": "en", "type": "literal", "value": "9th arrondissement of Paris"}, "object": {"type": "uri", "value": "http://www.wikidata.org/entity/Q2845754"}, "objectLabel": {"xml:lang": "en", "type": "literal", "value": "former 3rd arrondissement of Paris"}, "predicateLabel": {"xml:lang": "en", "type": "literal", "value": "replaces"}}, {"subjectLabel": {"xml:lang": "en", "type": "literal", "value": "9th arrondissement of Paris"}, "object": {"type": "uri", "value": "http://www.wikidata.org/entity/Q18385017"}, "objectLabel": {"xml:lang": "en", "type": "literal", "value": "Delphine B\u00fcrkli"}, "predicateLabel": {"xml:lang": "en", "type": "literal", "value": "head of government"}}, {"subjectLabel": {"xml:lang": "en", "type": "literal", "value": "9th arrondissement of Paris"}, "object": {"type": "uri", "value": "http://www.wikidata.org/entity/Q3413110"}, "objectLabel": {"xml:lang": "en", "type": "literal", "value": "Quartier Saint-Georges"}, "predicateLabel": {"xml:lang": "en", "type": "literal", "value": "contains the administrative territorial entity"}}, {"subjectLabel": {"xml:lang": "en", "type": "literal", "value": "9th arrondissement of Paris"}, "object": {"type": "uri", "value": "http://www.wikidata.org/entity/Q7470044"}, "objectLabel": {"xml:lang": "en", "type": "literal", "value": "Category:9th arrondissement of Paris"}, "predicateLabel": {"xml:lang": "en", "type": "literal", "value": "topic's main category"}}, {"subjectLabel": {"xml:lang": "en", "type": "literal", "value": "9th arrondissement of Paris"}, "object": {"type": "uri", "value": "http://www.wikidata.org/entity/Q10212687"}, "objectLabel": {"xml:lang": "en", "type": "literal", "value": "Category:Films shot in the 9th arrondissement of Paris"}, "predicateLabel": {"xml:lang": "en", "type": "literal", "value": "category for films shot at this location"}}], "Q609134": [{"subjectLabel": {"xml:lang": "en", "type": "literal", "value": "Joinville-le-Pont"}, "object": {"type": "uri", "value": "http://www.wikidata.org/entity/Q193313"}, "objectLabel": {"xml:lang": "en", "type": "literal", "value": "Saint-Maur-des-Foss\u00e9s"}, "predicateLabel": {"xml:lang": "en", "type": "literal", "value": "replaces"}}, {"subjectLabel": {"xml:lang": "en", "type": "literal", "value": "Joinville-le-Pont"}, "object": {"type": "uri", "value": "http://www.wikidata.org/entity/Q156819"}, "objectLabel": {"xml:lang": "en", "type": "literal", "value": "Joinville"}, "predicateLabel": {"xml:lang": "en", "type": "literal", "value": "different from"}}, {"subjectLabel": {"xml:lang": "en", "type": "literal", "value": "Joinville-le-Pont"}, "object": {"type": "uri", "value": "http://www.wikidata.org/entity/Q3117"}, "objectLabel": {"xml:lang": "en", "type": "literal", "value": "Bergisch Gladbach"}, "predicateLabel": {"xml:lang": "en", "type": "literal", "value": "twinned administrative body"}}, {"subjectLabel": {"xml:lang": "en", "type": "literal", "value": "Joinville-le-Pont"}, "object": {"type": "uri", "value": "http://www.wikidata.org/entity/Q12788"}, "objectLabel": {"xml:lang": "en", "type": "literal", "value": "Val-de-Marne"}, "predicateLabel": {"xml:lang": "en", "type": "literal", "value": "located in the administrative territorial entity"}}, {"subjectLabel": {"xml:lang": "en", "type": "literal", "value": "Joinville-le-Pont"}, "object": {"type": "uri", "value": "http://www.wikidata.org/entity/Q142"}, "objectLabel": {"xml:lang": "en", "type": "literal", "value": "France"}, "predicateLabel": {"xml:lang": "en", "type": "literal", "value": "country"}}, {"subjectLabel": {"xml:lang": "en", "type": "literal", "value": "Joinville-le-Pont"}, "object": {"type": "uri", "value": "http://www.wikidata.org/entity/Q823306"}, "objectLabel": {"xml:lang": "en", "type": "literal", "value": "Concours des villes et villages fleuris"}, "predicateLabel": {"xml:lang": "en", "type": "literal", "value": "member of"}}, {"subjectLabel": {"xml:lang": "en", "type": "literal", "value": "Joinville-le-Pont"}, "object": {"type": "uri", "value": "http://www.wikidata.org/entity/Q14475982"}, "objectLabel": {"xml:lang": "en", "type": "literal", "value": "Category:Joinville-le-Pont"}, "predicateLabel": {"xml:lang": "en", "type": "literal", "value": "topic's main category"}}, {"subjectLabel": {"xml:lang": "en", "type": "literal", "value": "Joinville-le-Pont"}, "object": {"type": "uri", "value": "http://www.wikidata.org/entity/Q90"}, "objectLabel": {"xml:lang": "en", "type": "literal", "value": "Paris"}, "predicateLabel": {"xml:lang": "en", "type": "literal", "value": "shares border with"}}, {"subjectLabel": {"xml:lang": "en", "type": "literal", "value": "Joinville-le-Pont"}, "object": {"type": "uri", "value": "http://www.wikidata.org/entity/Q193313"}, "objectLabel": {"xml:lang": "en", "type": "literal", "value": "Saint-Maur-des-Foss\u00e9s"}, "predicateLabel": {"xml:lang": "en", "type": "literal", "value": "shares border with"}}, {"subjectLabel": {"xml:lang": "en", "type": "literal", "value": "Joinville-le-Pont"}, "object": {"type": "uri", "value": "http://www.wikidata.org/entity/Q192378"}, "objectLabel": {"xml:lang": "en", "type": "literal", "value": "Champigny-sur-Marne"}, "predicateLabel": {"xml:lang": "en", "type": "literal", "value": "shares border with"}}, {"subjectLabel": {"xml:lang": "en", "type": "literal", "value": "Joinville-le-Pont"}, "object": {"type": "uri", "value": "http://www.wikidata.org/entity/Q212274"}, "objectLabel": {"xml:lang": "en", "type": "literal", "value": "Nogent-sur-Marne"}, "predicateLabel": {"xml:lang": "en", "type": "literal", "value": "shares border with"}}, {"subjectLabel": {"xml:lang": "en", "type": "literal", "value": "Joinville-le-Pont"}, "object": {"type": "uri", "value": "http://www.wikidata.org/entity/Q274327"}, "objectLabel": {"xml:lang": "en", "type": "literal", "value": "Saint-Maurice"}, "predicateLabel": {"xml:lang": "en", "type": "literal", "value": "shares border with"}}, {"subjectLabel": {"xml:lang": "en", "type": "literal", "value": "Joinville-le-Pont"}, "object": {"type": "uri", "value": "http://www.wikidata.org/entity/Q62585478"}, "objectLabel": {"xml:lang": "en", "type": "literal", "value": "Mayor of Joinville-le-Pont"}, "predicateLabel": {"xml:lang": "en", "type": "literal", "value": "office held by head of government"}}, {"subjectLabel": {"xml:lang": "en", "type": "literal", "value": "Joinville-le-Pont"}, "object": {"type": "uri", "value": "http://www.wikidata.org/entity/Q9687659"}, "objectLabel": {"xml:lang": "en", "type": "literal", "value": "Category:Deaths in Joinville-le-Pont"}, "predicateLabel": {"xml:lang": "en", "type": "literal", "value": "category for people who died here"}}, {"subjectLabel": {"xml:lang": "en", "type": "literal", "value": "Joinville-le-Pont"}, "object": {"type": "uri", "value": "http://www.wikidata.org/entity/Q26240891"}, "objectLabel": {"xml:lang": "en", "type": "literal", "value": "Category:People of Joinville-le-Pont"}, "predicateLabel": {"xml:lang": "en", "type": "literal", "value": "category of associated people"}}, {"subjectLabel": {"xml:lang": "en", "type": "literal", "value": "Joinville-le-Pont"}, "object": {"type": "uri", "value": "http://www.wikidata.org/entity/Q84032283"}, "objectLabel": {"xml:lang": "en", "type": "literal", "value": "Category:Maps of Joinville-le-Pont"}, "predicateLabel": {"xml:lang": "en", "type": "literal", "value": "category for maps"}}, {"subjectLabel": {"xml:lang": "en", "type": "literal", "value": "Joinville-le-Pont"}, "object": {"type": "uri", "value": "http://www.wikidata.org/entity/Q18664738"}, "objectLabel": {"xml:lang": "en", "type": "literal", "value": "Category:Births in Joinville-le-Pont"}, "predicateLabel": {"xml:lang": "en", "type": "literal", "value": "category for people born here"}}, {"subjectLabel": {"xml:lang": "en", "type": "literal", "value": "Joinville-le-Pont"}, "object": {"type": "uri", "value": "http://www.wikidata.org/entity/Q817418"}, "objectLabel": {"xml:lang": "en", "type": "literal", "value": "Joinville"}, "predicateLabel": {"xml:lang": "en", "type": "literal", "value": "different from"}}, {"subjectLabel": {"xml:lang": "en", "type": "literal", "value": "Joinville-le-Pont"}, "object": {"type": "uri", "value": "http://www.wikidata.org/entity/Q1516139"}, "objectLabel": {"xml:lang": "en", "type": "literal", "value": "canton of Charenton-le-Pont"}, "predicateLabel": {"xml:lang": "en", "type": "literal", "value": "associated electoral district"}}, {"subjectLabel": {"xml:lang": "en", "type": "literal", "value": "Joinville-le-Pont"}, "object": {"type": "uri", "value": "http://www.wikidata.org/entity/Q1082222"}, "objectLabel": {"xml:lang": "en", "type": "literal", "value": "Paris unit\u00e9 urbaine"}, "predicateLabel": {"xml:lang": "en", "type": "literal", "value": "located in statistical territorial entity"}}, {"subjectLabel": {"xml:lang": "en", "type": "literal", "value": "Joinville-le-Pont"}, "object": {"type": "uri", "value": "http://www.wikidata.org/entity/Q208314"}, "objectLabel": {"xml:lang": "en", "type": "literal", "value": "Maisons-Alfort"}, "predicateLabel": {"xml:lang": "en", "type": "literal", "value": "shares border with"}}, {"subjectLabel": {"xml:lang": "en", "type": "literal", "value": "Joinville-le-Pont"}, "object": {"type": "uri", "value": "http://www.wikidata.org/entity/Q1519357"}, "objectLabel": {"xml:lang": "en", "type": "literal", "value": "canton of Joinville-le-Pont"}, "predicateLabel": {"xml:lang": "en", "type": "literal", "value": "capital of"}}, {"subjectLabel": {"xml:lang": "en", "type": "literal", "value": "Joinville-le-Pont"}, "object": {"type": "uri", "value": "http://www.wikidata.org/entity/Q979470"}, "objectLabel": {"xml:lang": "en", "type": "literal", "value": "Seine-et-Oise"}, "predicateLabel": {"xml:lang": "en", "type": "literal", "value": "located in the administrative territorial entity"}}, {"subjectLabel": {"xml:lang": "en", "type": "literal", "value": "Joinville-le-Pont"}, "object": {"type": "uri", "value": "http://www.wikidata.org/entity/Q1142326"}, "objectLabel": {"xml:lang": "en", "type": "literal", "value": "Seine"}, "predicateLabel": {"xml:lang": "en", "type": "literal", "value": "located in the administrative territorial entity"}}, {"subjectLabel": {"xml:lang": "en", "type": "literal", "value": "Joinville-le-Pont"}, "object": {"type": "uri", "value": "http://www.wikidata.org/entity/Q652833"}, "objectLabel": {"xml:lang": "en", "type": "literal", "value": "arrondissement of Nogent-sur-Marne"}, "predicateLabel": {"xml:lang": "en", "type": "literal", "value": "located in the administrative territorial entity"}}, {"subjectLabel": {"xml:lang": "en", "type": "literal", "value": "Joinville-le-Pont"}, "object": {"type": "uri", "value": "http://www.wikidata.org/entity/Q484170"}, "objectLabel": {"xml:lang": "en", "type": "literal", "value": "commune of France"}, "predicateLabel": {"xml:lang": "en", "type": "literal", "value": "instance of"}}, {"subjectLabel": {"xml:lang": "en", "type": "literal", "value": "Joinville-le-Pont"}, "object": {"type": "uri", "value": "http://www.wikidata.org/entity/Q41983"}, "objectLabel": {"xml:lang": "en", "type": "literal", "value": "Marne"}, "predicateLabel": {"xml:lang": "en", "type": "literal", "value": "located in or next to body of water"}}, {"subjectLabel": {"xml:lang": "en", "type": "literal", "value": "Joinville-le-Pont"}, "object": {"type": "uri", "value": "http://www.wikidata.org/entity/Q16665915"}, "objectLabel": {"xml:lang": "en", "type": "literal", "value": "Grand Paris"}, "predicateLabel": {"xml:lang": "en", "type": "literal", "value": "located in the administrative territorial entity"}}, {"subjectLabel": {"xml:lang": "en", "type": "literal", "value": "Joinville-le-Pont"}, "object": {"type": "uri", "value": "http://www.wikidata.org/entity/Q3350983"}, "objectLabel": {"xml:lang": "en", "type": "literal", "value": "Olivier Dosne"}, "predicateLabel": {"xml:lang": "en", "type": "literal", "value": "head of government"}}], "Q640102": [{"subjectLabel": {"xml:lang": "en", "type": "literal", "value": "Gentilly"}, "object": {"type": "uri", "value": "http://www.wikidata.org/entity/Q142"}, "objectLabel": {"xml:lang": "en", "type": "literal", "value": "France"}, "predicateLabel": {"xml:lang": "en", "type": "literal", "value": "country"}}, {"subjectLabel": {"xml:lang": "en", "type": "literal", "value": "Gentilly"}, "object": {"type": "uri", "value": "http://www.wikidata.org/entity/Q90"}, "objectLabel": {"xml:lang": "en", "type": "literal", "value": "Paris"}, "predicateLabel": {"xml:lang": "en", "type": "literal", "value": "shares border with"}}, {"subjectLabel": {"xml:lang": "en", "type": "literal", "value": "Gentilly"}, "object": {"type": "uri", "value": "http://www.wikidata.org/entity/Q135104"}, "objectLabel": {"xml:lang": "en", "type": "literal", "value": "Le Kremlin-Bic\u00eatre"}, "predicateLabel": {"xml:lang": "en", "type": "literal", "value": "shares border with"}}, {"subjectLabel": {"xml:lang": "en", "type": "literal", "value": "Gentilly"}, "object": {"type": "uri", "value": "http://www.wikidata.org/entity/Q175129"}, "objectLabel": {"xml:lang": "en", "type": "literal", "value": "13th arrondissement of Paris"}, "predicateLabel": {"xml:lang": "en", "type": "literal", "value": "replaced by"}}, {"subjectLabel": {"xml:lang": "en", "type": "literal", "value": "Gentilly"}, "object": {"type": "uri", "value": "http://www.wikidata.org/entity/Q187153"}, "objectLabel": {"xml:lang": "en", "type": "literal", "value": "14th arrondissement of Paris"}, "predicateLabel": {"xml:lang": "en", "type": "literal", "value": "replaced by"}}, {"subjectLabel": {"xml:lang": "en", "type": "literal", "value": "Gentilly"}, "object": {"type": "uri", "value": "http://www.wikidata.org/entity/Q135104"}, "objectLabel": {"xml:lang": "en", "type": "literal", "value": "Le Kremlin-Bic\u00eatre"}, "predicateLabel": {"xml:lang": "en", "type": "literal", "value": "replaced by"}}, {"subjectLabel": {"xml:lang": "en", "type": "literal", "value": "Gentilly"}, "object": {"type": "uri", "value": "http://www.wikidata.org/entity/Q12788"}, "objectLabel": {"xml:lang": "en", "type": "literal", "value": "Val-de-Marne"}, "predicateLabel": {"xml:lang": "en", "type": "literal", "value": "located in the administrative territorial entity"}}, {"subjectLabel": {"xml:lang": "en", "type": "literal", "value": "Gentilly"}, "object": {"type": "uri", "value": "http://www.wikidata.org/entity/Q9224848"}, "objectLabel": {"xml:lang": "en", "type": "literal", "value": "Category:Births in Gentilly"}, "predicateLabel": {"xml:lang": "en", "type": "literal", "value": "category for people born here"}}, {"subjectLabel": {"xml:lang": "en", "type": "literal", "value": "Gentilly"}, "object": {"type": "uri", "value": "http://www.wikidata.org/entity/Q467132"}, "objectLabel": {"xml:lang": "en", "type": "literal", "value": "Arcueil"}, "predicateLabel": {"xml:lang": "en", "type": "literal", "value": "shares border with"}}, {"subjectLabel": {"xml:lang": "en", "type": "literal", "value": "Gentilly"}, "object": {"type": "uri", "value": "http://www.wikidata.org/entity/Q241021"}, "objectLabel": {"xml:lang": "en", "type": "literal", "value": "Montrouge"}, "predicateLabel": {"xml:lang": "en", "type": "literal", "value": "shares border with"}}, {"subjectLabel": {"xml:lang": "en", "type": "literal", "value": "Gentilly"}, "object": {"type": "uri", "value": "http://www.wikidata.org/entity/Q84034284"}, "objectLabel": {"xml:lang": "en", "type": "literal", "value": "Category:Maps of Gentilly"}, "predicateLabel": {"xml:lang": "en", "type": "literal", "value": "category for maps"}}, {"subjectLabel": {"xml:lang": "en", "type": "literal", "value": "Gentilly"}, "object": {"type": "uri", "value": "http://www.wikidata.org/entity/Q29949010"}, "objectLabel": {"xml:lang": "en", "type": "literal", "value": "Category:Deaths in Gentilly"}, "predicateLabel": {"xml:lang": "en", "type": "literal", "value": "category for people who died here"}}, {"subjectLabel": {"xml:lang": "en", "type": "literal", "value": "Gentilly"}, "object": {"type": "uri", "value": "http://www.wikidata.org/entity/Q14819"}, "objectLabel": {"xml:lang": "en", "type": "literal", "value": "Freiberg"}, "predicateLabel": {"xml:lang": "en", "type": "literal", "value": "twinned administrative body"}}, {"subjectLabel": {"xml:lang": "en", "type": "literal", "value": "Gentilly"}, "object": {"type": "uri", "value": "http://www.wikidata.org/entity/Q484170"}, "objectLabel": {"xml:lang": "en", "type": "literal", "value": "commune of France"}, "predicateLabel": {"xml:lang": "en", "type": "literal", "value": "instance of"}}, {"subjectLabel": {"xml:lang": "en", "type": "literal", "value": "Gentilly"}, "object": {"type": "uri", "value": "http://www.wikidata.org/entity/Q1142326"}, "objectLabel": {"xml:lang": "en", "type": "literal", "value": "Seine"}, "predicateLabel": {"xml:lang": "en", "type": "literal", "value": "located in the administrative territorial entity"}}, {"subjectLabel": {"xml:lang": "en", "type": "literal", "value": "Gentilly"}, "object": {"type": "uri", "value": "http://www.wikidata.org/entity/Q701604"}, "objectLabel": {"xml:lang": "en", "type": "literal", "value": "arrondissement of l'Ha\u00ff-les-Roses"}, "predicateLabel": {"xml:lang": "en", "type": "literal", "value": "located in the administrative territorial entity"}}, {"subjectLabel": {"xml:lang": "en", "type": "literal", "value": "Gentilly"}, "object": {"type": "uri", "value": "http://www.wikidata.org/entity/Q1082222"}, "objectLabel": {"xml:lang": "en", "type": "literal", "value": "Paris unit\u00e9 urbaine"}, "predicateLabel": {"xml:lang": "en", "type": "literal", "value": "located in statistical territorial entity"}}, {"subjectLabel": {"xml:lang": "en", "type": "literal", "value": "Gentilly"}, "object": {"type": "uri", "value": "http://www.wikidata.org/entity/Q1704210"}, "objectLabel": {"xml:lang": "en", "type": "literal", "value": "canton of Le Kremlin-Bic\u00eatre"}, "predicateLabel": {"xml:lang": "en", "type": "literal", "value": "associated electoral district"}}, {"subjectLabel": {"xml:lang": "en", "type": "literal", "value": "Gentilly"}, "object": {"type": "uri", "value": "http://www.wikidata.org/entity/Q15149909"}, "objectLabel": {"xml:lang": "en", "type": "literal", "value": "former 12th arrondissement of Paris"}, "predicateLabel": {"xml:lang": "en", "type": "literal", "value": "shares border with"}}, {"subjectLabel": {"xml:lang": "en", "type": "literal", "value": "Gentilly"}, "object": {"type": "uri", "value": "http://www.wikidata.org/entity/Q62078134"}, "objectLabel": {"xml:lang": "en", "type": "literal", "value": "Patricia Tordjman"}, "predicateLabel": {"xml:lang": "en", "type": "literal", "value": "head of government"}}, {"subjectLabel": {"xml:lang": "en", "type": "literal", "value": "Gentilly"}, "object": {"type": "uri", "value": "http://www.wikidata.org/entity/Q602358"}, "objectLabel": {"xml:lang": "en", "type": "literal", "value": "Brockhaus and Efron Encyclopedic Dictionary"}, "predicateLabel": {"xml:lang": "en", "type": "literal", "value": "described by source"}}, {"subjectLabel": {"xml:lang": "en", "type": "literal", "value": "Gentilly"}, "object": {"type": "uri", "value": "http://www.wikidata.org/entity/Q16665915"}, "objectLabel": {"xml:lang": "en", "type": "literal", "value": "Grand Paris"}, "predicateLabel": {"xml:lang": "en", "type": "literal", "value": "located in the administrative territorial entity"}}, {"subjectLabel": {"xml:lang": "en", "type": "literal", "value": "Gentilly"}, "object": {"type": "uri", "value": "http://www.wikidata.org/entity/Q823306"}, "objectLabel": {"xml:lang": "en", "type": "literal", "value": "Concours des villes et villages fleuris"}, "predicateLabel": {"xml:lang": "en", "type": "literal", "value": "member of"}}, {"subjectLabel": {"xml:lang": "en", "type": "literal", "value": "Gentilly"}, "object": {"type": "uri", "value": "http://www.wikidata.org/entity/Q64160363"}, "objectLabel": {"xml:lang": "en", "type": "literal", "value": "archives municipales de Gentilly"}, "predicateLabel": {"xml:lang": "en", "type": "literal", "value": "archives at"}}, {"subjectLabel": {"xml:lang": "en", "type": "literal", "value": "Gentilly"}, "object": {"type": "uri", "value": "http://www.wikidata.org/entity/Q62584097"}, "objectLabel": {"xml:lang": "en", "type": "literal", "value": "Mayor of Gentilly"}, "predicateLabel": {"xml:lang": "en", "type": "literal", "value": "office held by head of government"}}, {"subjectLabel": {"xml:lang": "en", "type": "literal", "value": "Gentilly"}, "object": {"type": "uri", "value": "http://www.wikidata.org/entity/Q9171188"}, "objectLabel": {"xml:lang": "en", "type": "literal", "value": "Category:Gentilly"}, "predicateLabel": {"xml:lang": "en", "type": "literal", "value": "topic's main category"}}, {"subjectLabel": {"xml:lang": "en", "type": "literal", "value": "Gentilly"}, "object": {"type": "uri", "value": "http://www.wikidata.org/entity/Q3181656"}, "objectLabel": {"xml:lang": "en", "type": "literal", "value": "The Nuttall Encyclop\u00e6dia"}, "predicateLabel": {"xml:lang": "en", "type": "literal", "value": "described by source"}}], "Q193929": [{"subjectLabel": {"xml:lang": "en", "type": "literal", "value": "Suresnes"}, "object": {"type": "uri", "value": "http://www.wikidata.org/entity/Q90"}, "objectLabel": {"xml:lang": "en", "type": "literal", "value": "Paris"}, "predicateLabel": {"xml:lang": "en", "type": "literal", "value": "shares border with"}}, {"subjectLabel": {"xml:lang": "en", "type": "literal", "value": "Suresnes"}, "object": {"type": "uri", "value": "http://www.wikidata.org/entity/Q6655"}, "objectLabel": {"xml:lang": "en", "type": "literal", "value": "UTC+01:00"}, "predicateLabel": {"xml:lang": "en", "type": "literal", "value": "located in time zone"}}, {"subjectLabel": {"xml:lang": "en", "type": "literal", "value": "Suresnes"}, "object": {"type": "uri", "value": "http://www.wikidata.org/entity/Q6723"}, "objectLabel": {"xml:lang": "en", "type": "literal", "value": "UTC+02:00"}, "predicateLabel": {"xml:lang": "en", "type": "literal", "value": "located in time zone"}}, {"subjectLabel": {"xml:lang": "en", "type": "literal", "value": "Suresnes"}, "object": {"type": "uri", "value": "http://www.wikidata.org/entity/Q142"}, "objectLabel": {"xml:lang": "en", "type": "literal", "value": "France"}, "predicateLabel": {"xml:lang": "en", "type": "literal", "value": "country"}}, {"subjectLabel": {"xml:lang": "en", "type": "literal", "value": "Suresnes"}, "object": {"type": "uri", "value": "http://www.wikidata.org/entity/Q823306"}, "objectLabel": {"xml:lang": "en", "type": "literal", "value": "Concours des villes et villages fleuris"}, "predicateLabel": {"xml:lang": "en", "type": "literal", "value": "member of"}}, {"subjectLabel": {"xml:lang": "en", "type": "literal", "value": "Suresnes"}, "object": {"type": "uri", "value": "http://www.wikidata.org/entity/Q1082222"}, "objectLabel": {"xml:lang": "en", "type": "literal", "value": "Paris unit\u00e9 urbaine"}, "predicateLabel": {"xml:lang": "en", "type": "literal", "value": "located in statistical territorial entity"}}, {"subjectLabel": {"xml:lang": "en", "type": "literal", "value": "Suresnes"}, "object": {"type": "uri", "value": "http://www.wikidata.org/entity/Q1029706"}, "objectLabel": {"xml:lang": "en", "type": "literal", "value": "New International Encyclopedia"}, "predicateLabel": {"xml:lang": "en", "type": "literal", "value": "described by source"}}, {"subjectLabel": {"xml:lang": "en", "type": "literal", "value": "Suresnes"}, "object": {"type": "uri", "value": "http://www.wikidata.org/entity/Q1525016"}, "objectLabel": {"xml:lang": "en", "type": "literal", "value": "canton of Suresnes"}, "predicateLabel": {"xml:lang": "en", "type": "literal", "value": "capital of"}}, {"subjectLabel": {"xml:lang": "en", "type": "literal", "value": "Suresnes"}, "object": {"type": "uri", "value": "http://www.wikidata.org/entity/Q9134040"}, "objectLabel": {"xml:lang": "en", "type": "literal", "value": "Category:Suresnes"}, "predicateLabel": {"xml:lang": "en", "type": "literal", "value": "topic's main category"}}, {"subjectLabel": {"xml:lang": "en", "type": "literal", "value": "Suresnes"}, "object": {"type": "uri", "value": "http://www.wikidata.org/entity/Q192213"}, "objectLabel": {"xml:lang": "en", "type": "literal", "value": "Holon"}, "predicateLabel": {"xml:lang": "en", "type": "literal", "value": "twinned administrative body"}}, {"subjectLabel": {"xml:lang": "en", "type": "literal", "value": "Suresnes"}, "object": {"type": "uri", "value": "http://www.wikidata.org/entity/Q4532138"}, "objectLabel": {"xml:lang": "en", "type": "literal", "value": "Granat Encyclopedic Dictionary"}, "predicateLabel": {"xml:lang": "en", "type": "literal", "value": "described by source"}}, {"subjectLabel": {"xml:lang": "en", "type": "literal", "value": "Suresnes"}, "object": {"type": "uri", "value": "http://www.wikidata.org/entity/Q1471"}, "objectLabel": {"xml:lang": "en", "type": "literal", "value": "Seine"}, "predicateLabel": {"xml:lang": "en", "type": "literal", "value": "located in or next to body of water"}}, {"subjectLabel": {"xml:lang": "en", "type": "literal", "value": "Suresnes"}, "object": {"type": "uri", "value": "http://www.wikidata.org/entity/Q3033"}, "objectLabel": {"xml:lang": "en", "type": "literal", "value": "G\u00f6ttingen"}, "predicateLabel": {"xml:lang": "en", "type": "literal", "value": "twinned administrative body"}}, {"subjectLabel": {"xml:lang": "en", "type": "literal", "value": "Suresnes"}, "object": {"type": "uri", "value": "http://www.wikidata.org/entity/Q55480"}, "objectLabel": {"xml:lang": "en", "type": "literal", "value": "Colmenar Viejo"}, "predicateLabel": {"xml:lang": "en", "type": "literal", "value": "twinned administrative body"}}, {"subjectLabel": {"xml:lang": "en", "type": "literal", "value": "Suresnes"}, "object": {"type": "uri", "value": "http://www.wikidata.org/entity/Q9220080"}, "objectLabel": {"xml:lang": "en", "type": "literal", "value": "Category:Deaths in Suresnes"}, "predicateLabel": {"xml:lang": "en", "type": "literal", "value": "category for people who died here"}}, {"subjectLabel": {"xml:lang": "en", "type": "literal", "value": "Suresnes"}, "object": {"type": "uri", "value": "http://www.wikidata.org/entity/Q16751394"}, "objectLabel": {"xml:lang": "en", "type": "literal", "value": "Category:Births in Suresnes"}, "predicateLabel": {"xml:lang": "en", "type": "literal", "value": "category for people born here"}}, {"subjectLabel": {"xml:lang": "en", "type": "literal", "value": "Suresnes"}, "object": {"type": "uri", "value": "http://www.wikidata.org/entity/Q8074569"}, "objectLabel": {"xml:lang": "en", "type": "literal", "value": "Category:People from Suresnes"}, "predicateLabel": {"xml:lang": "en", "type": "literal", "value": "category of associated people"}}, {"subjectLabel": {"xml:lang": "en", "type": "literal", "value": "Suresnes"}, "object": {"type": "uri", "value": "http://www.wikidata.org/entity/Q385728"}, "objectLabel": {"xml:lang": "en", "type": "literal", "value": "arrondissement of Nanterre"}, "predicateLabel": {"xml:lang": "en", "type": "literal", "value": "located in the administrative territorial entity"}}, {"subjectLabel": {"xml:lang": "en", "type": "literal", "value": "Suresnes"}, "object": {"type": "uri", "value": "http://www.wikidata.org/entity/Q205679"}, "objectLabel": {"xml:lang": "en", "type": "literal", "value": "London Borough of Hackney"}, "predicateLabel": {"xml:lang": "en", "type": "literal", "value": "twinned administrative body"}}, {"subjectLabel": {"xml:lang": "en", "type": "literal", "value": "Suresnes"}, "object": {"type": "uri", "value": "http://www.wikidata.org/entity/Q19945175"}, "objectLabel": {"xml:lang": "en", "type": "literal", "value": "canton of Nanterre-2"}, "predicateLabel": {"xml:lang": "en", "type": "literal", "value": "associated electoral district"}}, {"subjectLabel": {"xml:lang": "en", "type": "literal", "value": "Suresnes"}, "object": {"type": "uri", "value": "http://www.wikidata.org/entity/Q12543"}, "objectLabel": {"xml:lang": "en", "type": "literal", "value": "Hauts-de-Seine"}, "predicateLabel": {"xml:lang": "en", "type": "literal", "value": "located in the administrative territorial entity"}}, {"subjectLabel": {"xml:lang": "en", "type": "literal", "value": "Suresnes"}, "object": {"type": "uri", "value": "http://www.wikidata.org/entity/Q167394"}, "objectLabel": {"xml:lang": "en", "type": "literal", "value": "Kragujevac"}, "predicateLabel": {"xml:lang": "en", "type": "literal", "value": "twinned administrative body"}}, {"subjectLabel": {"xml:lang": "en", "type": "literal", "value": "Suresnes"}, "object": {"type": "uri", "value": "http://www.wikidata.org/entity/Q483522"}, "objectLabel": {"xml:lang": "en", "type": "literal", "value": "Villach"}, "predicateLabel": {"xml:lang": "en", "type": "literal", "value": "twinned administrative body"}}, {"subjectLabel": {"xml:lang": "en", "type": "literal", "value": "Suresnes"}, "object": {"type": "uri", "value": "http://www.wikidata.org/entity/Q193920"}, "objectLabel": {"xml:lang": "en", "type": "literal", "value": "Rueil-Malmaison"}, "predicateLabel": {"xml:lang": "en", "type": "literal", "value": "shares border with"}}, {"subjectLabel": {"xml:lang": "en", "type": "literal", "value": "Suresnes"}, "object": {"type": "uri", "value": "http://www.wikidata.org/entity/Q165380"}, "objectLabel": {"xml:lang": "en", "type": "literal", "value": "Hann. M\u00fcnden"}, "predicateLabel": {"xml:lang": "en", "type": "literal", "value": "twinned administrative body"}}, {"subjectLabel": {"xml:lang": "en", "type": "literal", "value": "Suresnes"}, "object": {"type": "uri", "value": "http://www.wikidata.org/entity/Q234743"}, "objectLabel": {"xml:lang": "en", "type": "literal", "value": "Puteaux"}, "predicateLabel": {"xml:lang": "en", "type": "literal", "value": "shares border with"}}, {"subjectLabel": {"xml:lang": "en", "type": "literal", "value": "Suresnes"}, "object": {"type": "uri", "value": "http://www.wikidata.org/entity/Q170507"}, "objectLabel": {"xml:lang": "en", "type": "literal", "value": "Nanterre"}, "predicateLabel": {"xml:lang": "en", "type": "literal", "value": "shares border with"}}, {"subjectLabel": {"xml:lang": "en", "type": "literal", "value": "Suresnes"}, "object": {"type": "uri", "value": "http://www.wikidata.org/entity/Q1142326"}, "objectLabel": {"xml:lang": "en", "type": "literal", "value": "Seine"}, "predicateLabel": {"xml:lang": "en", "type": "literal", "value": "located in the administrative territorial entity"}}, {"subjectLabel": {"xml:lang": "en", "type": "literal", "value": "Suresnes"}, "object": {"type": "uri", "value": "http://www.wikidata.org/entity/Q484170"}, "objectLabel": {"xml:lang": "en", "type": "literal", "value": "commune of France"}, "predicateLabel": {"xml:lang": "en", "type": "literal", "value": "instance of"}}, {"subjectLabel": {"xml:lang": "en", "type": "literal", "value": "Suresnes"}, "object": {"type": "uri", "value": "http://www.wikidata.org/entity/Q185114"}, "objectLabel": {"xml:lang": "en", "type": "literal", "value": "Targovishte"}, "predicateLabel": {"xml:lang": "en", "type": "literal", "value": "twinned administrative body"}}, {"subjectLabel": {"xml:lang": "en", "type": "literal", "value": "Suresnes"}, "object": {"type": "uri", "value": "http://www.wikidata.org/entity/Q16665915"}, "objectLabel": {"xml:lang": "en", "type": "literal", "value": "Grand Paris"}, "predicateLabel": {"xml:lang": "en", "type": "literal", "value": "located in the administrative territorial entity"}}, {"subjectLabel": {"xml:lang": "en", "type": "literal", "value": "Suresnes"}, "object": {"type": "uri", "value": "http://www.wikidata.org/entity/Q189153"}, "objectLabel": {"xml:lang": "en", "type": "literal", "value": "Saint-Cloud"}, "predicateLabel": {"xml:lang": "en", "type": "literal", "value": "shares border with"}}, {"subjectLabel": {"xml:lang": "en", "type": "literal", "value": "Suresnes"}, "object": {"type": "uri", "value": "http://www.wikidata.org/entity/Q33111521"}, "objectLabel": {"xml:lang": "en", "type": "literal", "value": "Guillaume Boudy"}, "predicateLabel": {"xml:lang": "en", "type": "literal", "value": "head of government"}}, {"subjectLabel": {"xml:lang": "en", "type": "literal", "value": "Suresnes"}, "object": {"type": "uri", "value": "http://www.wikidata.org/entity/Q123023082"}, "objectLabel": {"xml:lang": "en", "type": "literal", "value": "archives municipales de Suresnes"}, "predicateLabel": {"xml:lang": "en", "type": "literal", "value": "archives at"}}, {"subjectLabel": {"xml:lang": "en", "type": "literal", "value": "Suresnes"}, "object": {"type": "uri", "value": "http://www.wikidata.org/entity/Q62585856"}, "objectLabel": {"xml:lang": "en", "type": "literal", "value": "Mayor of Suresnes"}, "predicateLabel": {"xml:lang": "en", "type": "literal", "value": "office held by head of government"}}, {"subjectLabel": {"xml:lang": "en", "type": "literal", "value": "Suresnes"}, "object": {"type": "uri", "value": "http://www.wikidata.org/entity/Q84030010"}, "objectLabel": {"xml:lang": "en", "type": "literal", "value": "Category:Maps of Suresnes"}, "predicateLabel": {"xml:lang": "en", "type": "literal", "value": "category for maps"}}]}