{"Q26139861": [{"subjectLabel": {"xml:lang": "en", "type": "literal", "value": "Template:Prado database"}, "object": {"type": "uri", "value": "http://www.wikidata.org/entity/Q11266439"}, "objectLabel": {"xml:lang": "en", "type": "literal", "value": "Wikimedia template"}, "predicateLabel": {"xml:lang": "en", "type": "literal", "value": "instance of"}}, {"subjectLabel": {"xml:lang": "en", "type": "literal", "value": "Template:Prado database"}, "object": {"type": "uri", "value": "http://www.wikidata.org/entity/P8905"}, "objectLabel": {"xml:lang": "en", "type": "literal", "value": "Museo del Prado artwork ID"}, "predicateLabel": {"xml:lang": "en", "type": "literal", "value": "related property"}}, {"subjectLabel": {"xml:lang": "en", "type": "literal", "value": "Template:Prado database"}, "object": {"type": "uri", "value": "http://www.wikidata.org/entity/Q160112"}, "objectLabel": {"xml:lang": "en", "type": "literal", "value": "Museo del Prado"}, "predicateLabel": {"xml:lang": "en", "type": "literal", "value": "template has topic"}}], "Q21282379": [{"subjectLabel": {"xml:lang": "en", "type": "literal", "value": "Monday to Saturday"}, "object": {"type": "uri", "value": "http://www.wikidata.org/entity/Q105"}, "objectLabel": {"xml:lang": "en", "type": "literal", "value": "Monday"}, "predicateLabel": {"xml:lang": "en", "type": "literal", "value": "has part(s)"}}, {"subjectLabel": {"xml:lang": "en", "type": "literal", "value": "Monday to Saturday"}, "object": {"type": "uri", "value": "http://www.wikidata.org/entity/Q127"}, "objectLabel": {"xml:lang": "en", "type": "literal", "value": "Tuesday"}, "predicateLabel": {"xml:lang": "en", "type": "literal", "value": "has part(s)"}}, {"subjectLabel": {"xml:lang": "en", "type": "literal", "value": "Monday to Saturday"}, "object": {"type": "uri", "value": "http://www.wikidata.org/entity/Q128"}, "objectLabel": {"xml:lang": "en", "type": "literal", "value": "Wednesday"}, "predicateLabel": {"xml:lang": "en", "type": "literal", "value": "has part(s)"}}, {"subjectLabel": {"xml:lang": "en", "type": "literal", "value": "Monday to Saturday"}, "object": {"type": "uri", "value": "http://www.wikidata.org/entity/Q129"}, "objectLabel": {"xml:lang": "en", "type": "literal", "value": "Thursday"}, "predicateLabel": {"xml:lang": "en", "type": "literal", "value": "has part(s)"}}, {"subjectLabel": {"xml:lang": "en", "type": "literal", "value": "Monday to Saturday"}, "object": {"type": "uri", "value": "http://www.wikidata.org/entity/Q130"}, "objectLabel": {"xml:lang": "en", "type": "literal", "value": "Friday"}, "predicateLabel": {"xml:lang": "en", "type": "literal", "value": "has part(s)"}}, {"subjectLabel": {"xml:lang": "en", "type": "literal", "value": "Monday to Saturday"}, "object": {"type": "uri", "value": "http://www.wikidata.org/entity/Q131"}, "objectLabel": {"xml:lang": "en", "type": "literal", "value": "Saturday"}, "predicateLabel": {"xml:lang": "en", "type": "literal", "value": "has part(s)"}}, {"subjectLabel": {"xml:lang": "en", "type": "literal", "value": "Monday to Saturday"}, "object": {"type": "uri", "value": "http://www.wikidata.org/entity/Q99731370"}, "objectLabel": {"xml:lang": "en", "type": "literal", "value": "range of days of the week"}, "predicateLabel": {"xml:lang": "en", "type": "literal", "value": "instance of"}}], "Q116170766": [{"subjectLabel": {"xml:lang": "en", "type": "literal", "value": "Madrid city"}, "object": {"type": "uri", "value": "http://www.wikidata.org/entity/Q3957"}, "objectLabel": {"xml:lang": "en", "type": "literal", "value": "town"}, "predicateLabel": {"xml:lang": "en", "type": "literal", "value": "instance of"}}, {"subjectLabel": {"xml:lang": "en", "type": "literal", "value": "Madrid city"}, "object": {"type": "uri", "value": "http://www.wikidata.org/entity/Q29"}, "objectLabel": {"xml:lang": "en", "type": "literal", "value": "Spain"}, "predicateLabel": {"xml:lang": "en", "type": "literal", "value": "country"}}, {"subjectLabel": {"xml:lang": "en", "type": "literal", "value": "Madrid city"}, "object": {"type": "uri", "value": "http://www.wikidata.org/entity/Q46"}, "objectLabel": {"xml:lang": "en", "type": "literal", "value": "Europe"}, "predicateLabel": {"xml:lang": "en", "type": "literal", "value": "continent"}}, {"subjectLabel": {"xml:lang": "en", "type": "literal", "value": "Madrid city"}, "object": {"type": "uri", "value": "http://www.wikidata.org/entity/Q1200957"}, "objectLabel": {"xml:lang": "en", "type": "literal", "value": "tourist destination"}, "predicateLabel": {"xml:lang": "en", "type": "literal", "value": "instance of"}}, {"subjectLabel": {"xml:lang": "en", "type": "literal", "value": "Madrid city"}, "object": {"type": "uri", "value": "http://www.wikidata.org/entity/Q1549591"}, "objectLabel": {"xml:lang": "en", "type": "literal", "value": "big city"}, "predicateLabel": {"xml:lang": "en", "type": "literal", "value": "instance of"}}, {"subjectLabel": {"xml:lang": "en", "type": "literal", "value": "Madrid city"}, "object": {"type": "uri", "value": "http://www.wikidata.org/entity/Q515"}, "objectLabel": {"xml:lang": "en", "type": "literal", "value": "city"}, "predicateLabel": {"xml:lang": "en", "type": "literal", "value": "instance of"}}, {"subjectLabel": {"xml:lang": "en", "type": "literal", "value": "Madrid city"}, "object": {"type": "uri", "value": "http://www.wikidata.org/entity/Q1637706"}, "objectLabel": {"xml:lang": "en", "type": "literal", "value": "million city"}, "predicateLabel": {"xml:lang": "en", "type": "literal", "value": "instance of"}}, {"subjectLabel": {"xml:lang": "en", "type": "literal", "value": "Madrid city"}, "object": {"type": "uri", "value": "http://www.wikidata.org/entity/Q5756"}, "objectLabel": {"xml:lang": "en", "type": "literal", "value": "Community of Madrid"}, "predicateLabel": {"xml:lang": "en", "type": "literal", "value": "located in the administrative territorial entity"}}, {"subjectLabel": {"xml:lang": "en", "type": "literal", "value": "Madrid city"}, "object": {"type": "uri", "value": "http://www.wikidata.org/entity/Q51929311"}, "objectLabel": {"xml:lang": "en", "type": "literal", "value": "largest city"}, "predicateLabel": {"xml:lang": "en", "type": "literal", "value": "instance of"}}, {"subjectLabel": {"xml:lang": "en", "type": "literal", "value": "Madrid city"}, "object": {"type": "uri", "value": "http://www.wikidata.org/entity/Q15303838"}, "objectLabel": {"xml:lang": "en", "type": "literal", "value": "municipality seat"}, "predicateLabel": {"xml:lang": "en", "type": "literal", "value": "instance of"}}, {"subjectLabel": {"xml:lang": "en", "type": "literal", "value": "Madrid city"}, "object": {"type": "uri", "value": "http://www.wikidata.org/entity/Q11939023"}, "objectLabel": {"xml:lang": "en", "type": "literal", "value": "n\u00facleo de poblaci\u00f3n"}, "predicateLabel": {"xml:lang": "en", "type": "literal", "value": "instance of"}}, {"subjectLabel": {"xml:lang": "en", "type": "literal", "value": "Madrid city"}, "object": {"type": "uri", "value": "http://www.wikidata.org/entity/Q200250"}, "objectLabel": {"xml:lang": "en", "type": "literal", "value": "metropolis"}, "predicateLabel": {"xml:lang": "en", "type": "literal", "value": "instance of"}}, {"subjectLabel": {"xml:lang": "en", "type": "literal", "value": "Madrid city"}, "object": {"type": "uri", "value": "http://www.wikidata.org/entity/Q2807"}, "objectLabel": {"xml:lang": "en", "type": "literal", "value": "Madrid"}, "predicateLabel": {"xml:lang": "en", "type": "literal", "value": "located in the administrative territorial entity"}}, {"subjectLabel": {"xml:lang": "en", "type": "literal", "value": "Madrid city"}, "object": {"type": "uri", "value": "http://www.wikidata.org/entity/Q121289819"}, "objectLabel": {"xml:lang": "en", "type": "literal", "value": "municipality capital (Spain)"}, "predicateLabel": {"xml:lang": "en", "type": "literal", "value": "instance of"}}, {"subjectLabel": {"xml:lang": "en", "type": "literal", "value": "Madrid city"}, "object": {"type": "uri", "value": "http://www.wikidata.org/entity/Q486972"}, "objectLabel": {"xml:lang": "en", "type": "literal", "value": "human settlement"}, "predicateLabel": {"xml:lang": "en", "type": "literal", "value": "instance of"}}, {"subjectLabel": {"xml:lang": "en", "type": "literal", "value": "Madrid city"}, "object": {"type": "uri", "value": "http://www.wikidata.org/entity/Q2807"}, "objectLabel": {"xml:lang": "en", "type": "literal", "value": "Madrid"}, "predicateLabel": {"xml:lang": "en", "type": "literal", "value": "capital of"}}, {"subjectLabel": {"xml:lang": "en", "type": "literal", "value": "Madrid city"}, "object": {"type": "uri", "value": "http://www.wikidata.org/entity/Q111805205"}, "objectLabel": {"xml:lang": "en", "type": "literal", "value": "Villa y corte"}, "predicateLabel": {"xml:lang": "en", "type": "literal", "value": "part of"}}, {"subjectLabel": {"xml:lang": "en", "type": "literal", "value": "Madrid city"}, "object": {"type": "uri", "value": "http://www.wikidata.org/entity/Q261490"}, "objectLabel": {"xml:lang": "en", "type": "literal", "value": "Roman Catholic Archdiocese of Madrid"}, "predicateLabel": {"xml:lang": "en", "type": "literal", "value": "diocese"}}, {"subjectLabel": {"xml:lang": "en", "type": "literal", "value": "Madrid city"}, "object": {"type": "uri", "value": "http://www.wikidata.org/entity/Q24091095"}, "objectLabel": {"xml:lang": "en", "type": "literal", "value": "Villa title"}, "predicateLabel": {"xml:lang": "en", "type": "literal", "value": "award received"}}, {"subjectLabel": {"xml:lang": "en", "type": "literal", "value": "Madrid city"}, "object": {"type": "uri", "value": "http://www.wikidata.org/entity/Q116232341"}, "objectLabel": {"xml:lang": "en", "type": "literal", "value": "Ma\u0177r\u012b\u1e6d"}, "predicateLabel": {"xml:lang": "en", "type": "literal", "value": "replaces"}}, {"subjectLabel": {"xml:lang": "en", "type": "literal", "value": "Madrid city"}, "object": {"type": "uri", "value": "http://www.wikidata.org/entity/Q2884006"}, "objectLabel": {"xml:lang": "en", "type": "literal", "value": "capital of Madrid"}, "predicateLabel": {"xml:lang": "en", "type": "literal", "value": "has characteristic"}}, {"subjectLabel": {"xml:lang": "en", "type": "literal", "value": "Madrid city"}, "object": {"type": "uri", "value": "http://www.wikidata.org/entity/Q116232341"}, "objectLabel": {"xml:lang": "en", "type": "literal", "value": "Ma\u0177r\u012b\u1e6d"}, "predicateLabel": {"xml:lang": "en", "type": "literal", "value": "partially coincident with"}}, {"subjectLabel": {"xml:lang": "en", "type": "literal", "value": "Madrid city"}, "object": {"type": "uri", "value": "http://www.wikidata.org/entity/Q3136758"}, "objectLabel": {"xml:lang": "en", "type": "literal", "value": "history of Madrid"}, "predicateLabel": {"xml:lang": "en", "type": "literal", "value": "history of topic"}}], "Q23712": [{"subjectLabel": {"xml:lang": "en", "type": "literal", "value": "Bien de Inter\u00e9s Cultural"}, "object": {"type": "uri", "value": "http://www.wikidata.org/entity/Q29"}, "objectLabel": {"xml:lang": "en", "type": "literal", "value": "Spain"}, "predicateLabel": {"xml:lang": "en", "type": "literal", "value": "country"}}, {"subjectLabel": {"xml:lang": "en", "type": "literal", "value": "Bien de Inter\u00e9s Cultural"}, "object": {"type": "uri", "value": "http://www.wikidata.org/entity/Q29"}, "objectLabel": {"xml:lang": "en", "type": "literal", "value": "Spain"}, "predicateLabel": {"xml:lang": "en", "type": "literal", "value": "applies to jurisdiction"}}, {"subjectLabel": {"xml:lang": "en", "type": "literal", "value": "Bien de Inter\u00e9s Cultural"}, "object": {"type": "uri", "value": "http://www.wikidata.org/entity/Q358"}, "objectLabel": {"xml:lang": "en", "type": "literal", "value": "heritage site"}, "predicateLabel": {"xml:lang": "en", "type": "literal", "value": "subclass of"}}, {"subjectLabel": {"xml:lang": "en", "type": "literal", "value": "Bien de Inter\u00e9s Cultural"}, "object": {"type": "uri", "value": "http://www.wikidata.org/entity/Q914856"}, "objectLabel": {"xml:lang": "en", "type": "literal", "value": "historic preservation"}, "predicateLabel": {"xml:lang": "en", "type": "literal", "value": "instance of"}}, {"subjectLabel": {"xml:lang": "en", "type": "literal", "value": "Bien de Inter\u00e9s Cultural"}, "object": {"type": "uri", "value": "http://www.wikidata.org/entity/Q112973459"}, "objectLabel": {"xml:lang": "en", "type": "literal", "value": "Law 16/1985, of June 25th, on the Spanish Historical Heritage"}, "predicateLabel": {"xml:lang": "en", "type": "literal", "value": "described by source"}}, {"subjectLabel": {"xml:lang": "en", "type": "literal", "value": "Bien de Inter\u00e9s Cultural"}, "object": {"type": "uri", "value": "http://www.wikidata.org/entity/Q48892005"}, "objectLabel": {"xml:lang": "en", "type": "literal", "value": "Historical Site (Spain)"}, "predicateLabel": {"xml:lang": "en", "type": "literal", "value": "has part(s)"}}, {"subjectLabel": {"xml:lang": "en", "type": "literal", "value": "Bien de Inter\u00e9s Cultural"}, "object": {"type": "uri", "value": "http://www.wikidata.org/entity/Q5962346"}, "objectLabel": {"xml:lang": "en", "type": "literal", "value": "classification scheme"}, "predicateLabel": {"xml:lang": "en", "type": "literal", "value": "instance of"}}, {"subjectLabel": {"xml:lang": "en", "type": "literal", "value": "Bien de Inter\u00e9s Cultural"}, "object": {"type": "uri", "value": "http://www.wikidata.org/entity/P808"}, "objectLabel": {"xml:lang": "en", "type": "literal", "value": "Asset of cultural interest code"}, "predicateLabel": {"xml:lang": "en", "type": "literal", "value": "Wikidata property"}}, {"subjectLabel": {"xml:lang": "en", "type": "literal", "value": "Bien de Inter\u00e9s Cultural"}, "object": {"type": "uri", "value": "http://www.wikidata.org/entity/Q2065736"}, "objectLabel": {"xml:lang": "en", "type": "literal", "value": "cultural property"}, "predicateLabel": {"xml:lang": "en", "type": "literal", "value": "subclass of"}}, {"subjectLabel": {"xml:lang": "en", "type": "literal", "value": "Bien de Inter\u00e9s Cultural"}, "object": {"type": "uri", "value": "http://www.wikidata.org/entity/Q3816953"}, "objectLabel": {"xml:lang": "en", "type": "literal", "value": "patrimonio hist\u00f3rico espa\u00f1ol"}, "predicateLabel": {"xml:lang": "en", "type": "literal", "value": "subclass of"}}, {"subjectLabel": {"xml:lang": "en", "type": "literal", "value": "Bien de Inter\u00e9s Cultural"}, "object": {"type": "uri", "value": "http://www.wikidata.org/entity/Q3816953"}, "objectLabel": {"xml:lang": "en", "type": "literal", "value": "patrimonio hist\u00f3rico espa\u00f1ol"}, "predicateLabel": {"xml:lang": "en", "type": "literal", "value": "part of"}}, {"subjectLabel": {"xml:lang": "en", "type": "literal", "value": "Bien de Inter\u00e9s Cultural"}, "object": {"type": "uri", "value": "http://www.wikidata.org/entity/Q3317612"}, "objectLabel": {"xml:lang": "en", "type": "literal", "value": "Historical Emsemble (Spain)"}, "predicateLabel": {"xml:lang": "en", "type": "literal", "value": "has part(s)"}}, {"subjectLabel": {"xml:lang": "en", "type": "literal", "value": "Bien de Inter\u00e9s Cultural"}, "object": {"type": "uri", "value": "http://www.wikidata.org/entity/Q30634609"}, "objectLabel": {"xml:lang": "en", "type": "literal", "value": "heritage designation"}, "predicateLabel": {"xml:lang": "en", "type": "literal", "value": "instance of"}}, {"subjectLabel": {"xml:lang": "en", "type": "literal", "value": "Bien de Inter\u00e9s Cultural"}, "object": {"type": "uri", "value": "http://www.wikidata.org/entity/Q3113895"}, "objectLabel": {"xml:lang": "en", "type": "literal", "value": "Ministry of Culture"}, "predicateLabel": {"xml:lang": "en", "type": "literal", "value": "operator"}}, {"subjectLabel": {"xml:lang": "en", "type": "literal", "value": "Bien de Inter\u00e9s Cultural"}, "object": {"type": "uri", "value": "http://www.wikidata.org/entity/Q45580643"}, "objectLabel": {"xml:lang": "en", "type": "literal", "value": "national heritage site"}, "predicateLabel": {"xml:lang": "en", "type": "literal", "value": "subclass of"}}, {"subjectLabel": {"xml:lang": "en", "type": "literal", "value": "Bien de Inter\u00e9s Cultural"}, "object": {"type": "uri", "value": "http://www.wikidata.org/entity/Q907116"}, "objectLabel": {"xml:lang": "en", "type": "literal", "value": "Monument (Spain)"}, "predicateLabel": {"xml:lang": "en", "type": "literal", "value": "has part(s)"}}, {"subjectLabel": {"xml:lang": "en", "type": "literal", "value": "Bien de Inter\u00e9s Cultural"}, "object": {"type": "uri", "value": "http://www.wikidata.org/entity/Q14946335"}, "objectLabel": {"xml:lang": "en", "type": "literal", "value": "Historic Garden (Spain)"}, "predicateLabel": {"xml:lang": "en", "type": "literal", "value": "has part(s)"}}, {"subjectLabel": {"xml:lang": "en", "type": "literal", "value": "Bien de Inter\u00e9s Cultural"}, "object": {"type": "uri", "value": "http://www.wikidata.org/entity/Q8299369"}, "objectLabel": {"xml:lang": "en", "type": "literal", "value": "Category:Bienes de Inter\u00e9s Cultural"}, "predicateLabel": {"xml:lang": "en", "type": "literal", "value": "topic's main category"}}, {"subjectLabel": {"xml:lang": "en", "type": "literal", "value": "Bien de Inter\u00e9s Cultural"}, "object": {"type": "uri", "value": "http://www.wikidata.org/entity/Q29438396"}, "objectLabel": {"xml:lang": "en", "type": "literal", "value": "Monumento Hist\u00f3rico-Art\u00edstico"}, "predicateLabel": {"xml:lang": "en", "type": "literal", "value": "replaces"}}, {"subjectLabel": {"xml:lang": "en", "type": "literal", "value": "Bien de Inter\u00e9s Cultural"}, "object": {"type": "uri", "value": "http://www.wikidata.org/entity/Q26906598"}, "objectLabel": {"xml:lang": "en", "type": "literal", "value": "asset of heritage interest in Madrid"}, "predicateLabel": {"xml:lang": "en", "type": "literal", "value": "different from"}}], "P8905": [{"subjectLabel": {"xml:lang": "en", "type": "literal", "value": "Museo del Prado artwork ID"}, "object": {"type": "uri", "value": "http://www.wikidata.org/entity/Q29"}, "objectLabel": {"xml:lang": "en", "type": "literal", "value": "Spain"}, "predicateLabel": {"xml:lang": "en", "type": "literal", "value": "country"}}, {"subjectLabel": {"xml:lang": "en", "type": "literal", "value": "Museo del Prado artwork ID"}, "object": {"type": "uri", "value": "http://www.wikidata.org/entity/Q21502410"}, "objectLabel": {"xml:lang": "en", "type": "literal", "value": "distinct-values constraint"}, "predicateLabel": {"xml:lang": "en", "type": "literal", "value": "property constraint"}}, {"subjectLabel": {"xml:lang": "en", "type": "literal", "value": "Museo del Prado artwork ID"}, "object": {"type": "uri", "value": "http://www.wikidata.org/entity/Q21502404"}, "objectLabel": {"xml:lang": "en", "type": "literal", "value": "format constraint"}, "predicateLabel": {"xml:lang": "en", "type": "literal", "value": "property constraint"}}, {"subjectLabel": {"xml:lang": "en", "type": "literal", "value": "Museo del Prado artwork ID"}, "object": {"type": "uri", "value": "http://www.wikidata.org/entity/Q21503247"}, "objectLabel": {"xml:lang": "en", "type": "literal", "value": "item-requires-statement constraint"}, "predicateLabel": {"xml:lang": "en", "type": "literal", "value": "property constraint"}}, {"subjectLabel": {"xml:lang": "en", "type": "literal", "value": "Museo del Prado artwork ID"}, "object": {"type": "uri", "value": "http://www.wikidata.org/entity/Q52004125"}, "objectLabel": {"xml:lang": "en", "type": "literal", "value": "allowed-entity-types constraint"}, "predicateLabel": {"xml:lang": "en", "type": "literal", "value": "property constraint"}}, {"subjectLabel": {"xml:lang": "en", "type": "literal", "value": "Museo del Prado artwork ID"}, "object": {"type": "uri", "value": "http://www.wikidata.org/entity/Q53869507"}, "objectLabel": {"xml:lang": "en", "type": "literal", "value": "property scope constraint"}, "predicateLabel": {"xml:lang": "en", "type": "literal", "value": "property constraint"}}, {"subjectLabel": {"xml:lang": "en", "type": "literal", "value": "Museo del Prado artwork ID"}, "object": {"type": "uri", "value": "http://www.wikidata.org/entity/P5321"}, "objectLabel": {"xml:lang": "en", "type": "literal", "value": "Museo del Prado artist ID"}, "predicateLabel": {"xml:lang": "en", "type": "literal", "value": "related property"}}, {"subjectLabel": {"xml:lang": "en", "type": "literal", "value": "Museo del Prado artwork ID"}, "object": {"type": "uri", "value": "http://www.wikidata.org/entity/Q44847669"}, "objectLabel": {"xml:lang": "en", "type": "literal", "value": "Wikidata property to identify artworks"}, "predicateLabel": {"xml:lang": "en", "type": "literal", "value": "instance of"}}, {"subjectLabel": {"xml:lang": "en", "type": "literal", "value": "Museo del Prado artwork ID"}, "object": {"type": "uri", "value": "http://www.wikidata.org/entity/Q19474404"}, "objectLabel": {"xml:lang": "en", "type": "literal", "value": "single-value constraint"}, "predicateLabel": {"xml:lang": "en", "type": "literal", "value": "property constraint"}}, {"subjectLabel": {"xml:lang": "en", "type": "literal", "value": "Museo del Prado artwork ID"}, "object": {"type": "uri", "value": "http://www.wikidata.org/entity/Q21503250"}, "objectLabel": {"xml:lang": "en", "type": "literal", "value": "subject type constraint"}, "predicateLabel": {"xml:lang": "en", "type": "literal", "value": "property constraint"}}, {"subjectLabel": {"xml:lang": "en", "type": "literal", "value": "Museo del Prado artwork ID"}, "object": {"type": "uri", "value": "http://www.wikidata.org/entity/Q21873974"}, "objectLabel": {"xml:lang": "en", "type": "literal", "value": "eventually complete"}, "predicateLabel": {"xml:lang": "en", "type": "literal", "value": "expected completeness"}}, {"subjectLabel": {"xml:lang": "en", "type": "literal", "value": "Museo del Prado artwork ID"}, "object": {"type": "uri", "value": "http://www.wikidata.org/entity/Q160112"}, "objectLabel": {"xml:lang": "en", "type": "literal", "value": "Museo del Prado"}, "predicateLabel": {"xml:lang": "en", "type": "literal", "value": "issued by"}}, {"subjectLabel": {"xml:lang": "en", "type": "literal", "value": "Museo del Prado artwork ID"}, "object": {"type": "uri", "value": "http://www.wikidata.org/entity/Q22082602"}, "objectLabel": {"xml:lang": "en", "type": "literal", "value": "Madonna of the Pomegranate"}, "predicateLabel": {"xml:lang": "en", "type": "literal", "value": "Wikidata property example"}}, {"subjectLabel": {"xml:lang": "en", "type": "literal", "value": "Museo del Prado artwork ID"}, "object": {"type": "uri", "value": "http://www.wikidata.org/entity/Q59973650"}, "objectLabel": {"xml:lang": "en", "type": "literal", "value": "Victoria Eugenie of Battenberg"}, "predicateLabel": {"xml:lang": "en", "type": "literal", "value": "Wikidata property example"}}, {"subjectLabel": {"xml:lang": "en", "type": "literal", "value": "Museo del Prado artwork ID"}, "object": {"type": "uri", "value": "http://www.wikidata.org/entity/Q26139861"}, "objectLabel": {"xml:lang": "en", "type": "literal", "value": "Template:Prado database"}, "predicateLabel": {"xml:lang": "en", "type": "literal", "value": "corresponding template"}}, {"subjectLabel": {"xml:lang": "en", "type": "literal", "value": "Museo del Prado artwork ID"}, "object": {"type": "uri", "value": "http://www.wikidata.org/entity/Q23611288"}, "objectLabel": {"xml:lang": "en", "type": "literal", "value": "never changes"}, "predicateLabel": {"xml:lang": "en", "type": "literal", "value": "stability of property value"}}, {"subjectLabel": {"xml:lang": "en", "type": "literal", "value": "Museo del Prado artwork ID"}, "object": {"type": "uri", "value": "http://www.wikidata.org/entity/Q6038780"}, "objectLabel": {"xml:lang": "en", "type": "literal", "value": "Still Life with Pots"}, "predicateLabel": {"xml:lang": "en", "type": "literal", "value": "Wikidata property example"}}, {"subjectLabel": {"xml:lang": "en", "type": "literal", "value": "Museo del Prado artwork ID"}, "object": {"type": "uri", "value": "http://www.wikidata.org/entity/Q108139345"}, "objectLabel": {"xml:lang": "en", "type": "literal", "value": "label in language constraint"}, "predicateLabel": {"xml:lang": "en", "type": "literal", "value": "property constraint"}}, {"subjectLabel": {"xml:lang": "en", "type": "literal", "value": "Museo del Prado artwork ID"}, "object": {"type": "uri", "value": "http://www.wikidata.org/entity/Q107002916"}, "objectLabel": {"xml:lang": "en", "type": "literal", "value": "www.museodelprado.es"}, "predicateLabel": {"xml:lang": "en", "type": "literal", "value": "applicable 'stated in' value"}}], "P5321": [{"subjectLabel": {"xml:lang": "en", "type": "literal", "value": "Museo del Prado artist ID"}, "object": {"type": "uri", "value": "http://www.wikidata.org/entity/P8905"}, "objectLabel": {"xml:lang": "en", "type": "literal", "value": "Museo del Prado artwork ID"}, "predicateLabel": {"xml:lang": "en", "type": "literal", "value": "related property"}}, {"subjectLabel": {"xml:lang": "en", "type": "literal", "value": "Museo del Prado artist ID"}, "object": {"type": "uri", "value": "http://www.wikidata.org/entity/Q29"}, "objectLabel": {"xml:lang": "en", "type": "literal", "value": "Spain"}, "predicateLabel": {"xml:lang": "en", "type": "literal", "value": "country"}}, {"subjectLabel": {"xml:lang": "en", "type": "literal", "value": "Museo del Prado artist ID"}, "object": {"type": "uri", "value": "http://www.wikidata.org/entity/Q5681"}, "objectLabel": {"xml:lang": "en", "type": "literal", "value": "Andrea Mantegna"}, "predicateLabel": {"xml:lang": "en", "type": "literal", "value": "Wikidata property example"}}, {"subjectLabel": {"xml:lang": "en", "type": "literal", "value": "Museo del Prado artist ID"}, "object": {"type": "uri", "value": "http://www.wikidata.org/entity/Q5432"}, "objectLabel": {"xml:lang": "en", "type": "literal", "value": "Francisco Goya"}, "predicateLabel": {"xml:lang": "en", "type": "literal", "value": "Wikidata property example"}}, {"subjectLabel": {"xml:lang": "en", "type": "literal", "value": "Museo del Prado artist ID"}, "object": {"type": "uri", "value": "http://www.wikidata.org/entity/Q160112"}, "objectLabel": {"xml:lang": "en", "type": "literal", "value": "Museo del Prado"}, "predicateLabel": {"xml:lang": "en", "type": "literal", "value": "maintained by"}}, {"subjectLabel": {"xml:lang": "en", "type": "literal", "value": "Museo del Prado artist ID"}, "object": {"type": "uri", "value": "http://www.wikidata.org/entity/Q21503247"}, "objectLabel": {"xml:lang": "en", "type": "literal", "value": "item-requires-statement constraint"}, "predicateLabel": {"xml:lang": "en", "type": "literal", "value": "property constraint"}}, {"subjectLabel": {"xml:lang": "en", "type": "literal", "value": "Museo del Prado artist ID"}, "object": {"type": "uri", "value": "http://www.wikidata.org/entity/Q21503250"}, "objectLabel": {"xml:lang": "en", "type": "literal", "value": "subject type constraint"}, "predicateLabel": {"xml:lang": "en", "type": "literal", "value": "property constraint"}}, {"subjectLabel": {"xml:lang": "en", "type": "literal", "value": "Museo del Prado artist ID"}, "object": {"type": "uri", "value": "http://www.wikidata.org/entity/Q19474404"}, "objectLabel": {"xml:lang": "en", "type": "literal", "value": "single-value constraint"}, "predicateLabel": {"xml:lang": "en", "type": "literal", "value": "property constraint"}}, {"subjectLabel": {"xml:lang": "en", "type": "literal", "value": "Museo del Prado artist ID"}, "object": {"type": "uri", "value": "http://www.wikidata.org/entity/Q62589316"}, "objectLabel": {"xml:lang": "en", "type": "literal", "value": "Wikidata property for an identifier that suggests notability"}, "predicateLabel": {"xml:lang": "en", "type": "literal", "value": "instance of"}}, {"subjectLabel": {"xml:lang": "en", "type": "literal", "value": "Museo del Prado artist ID"}, "object": {"type": "uri", "value": "http://www.wikidata.org/entity/Q55653847"}, "objectLabel": {"xml:lang": "en", "type": "literal", "value": "Wikidata property for authority control for artists"}, "predicateLabel": {"xml:lang": "en", "type": "literal", "value": "instance of"}}, {"subjectLabel": {"xml:lang": "en", "type": "literal", "value": "Museo del Prado artist ID"}, "object": {"type": "uri", "value": "http://www.wikidata.org/entity/Q160112"}, "objectLabel": {"xml:lang": "en", "type": "literal", "value": "Museo del Prado"}, "predicateLabel": {"xml:lang": "en", "type": "literal", "value": "issued by"}}, {"subjectLabel": {"xml:lang": "en", "type": "literal", "value": "Museo del Prado artist ID"}, "object": {"type": "uri", "value": "http://www.wikidata.org/entity/Q23611288"}, "objectLabel": {"xml:lang": "en", "type": "literal", "value": "never changes"}, "predicateLabel": {"xml:lang": "en", "type": "literal", "value": "stability of property value"}}, {"subjectLabel": {"xml:lang": "en", "type": "literal", "value": "Museo del Prado artist ID"}, "object": {"type": "uri", "value": "http://www.wikidata.org/entity/Q52004125"}, "objectLabel": {"xml:lang": "en", "type": "literal", "value": "allowed-entity-types constraint"}, "predicateLabel": {"xml:lang": "en", "type": "literal", "value": "property constraint"}}, {"subjectLabel": {"xml:lang": "en", "type": "literal", "value": "Museo del Prado artist ID"}, "object": {"type": "uri", "value": "http://www.wikidata.org/entity/Q21502410"}, "objectLabel": {"xml:lang": "en", "type": "literal", "value": "distinct-values constraint"}, "predicateLabel": {"xml:lang": "en", "type": "literal", "value": "property constraint"}}, {"subjectLabel": {"xml:lang": "en", "type": "literal", "value": "Museo del Prado artist ID"}, "object": {"type": "uri", "value": "http://www.wikidata.org/entity/Q21502404"}, "objectLabel": {"xml:lang": "en", "type": "literal", "value": "format constraint"}, "predicateLabel": {"xml:lang": "en", "type": "literal", "value": "property constraint"}}, {"subjectLabel": {"xml:lang": "en", "type": "literal", "value": "Museo del Prado artist ID"}, "object": {"type": "uri", "value": "http://www.wikidata.org/entity/Q23571930"}, "objectLabel": {"xml:lang": "en", "type": "literal", "value": "Mar\u00eda Luisa de la Riva y Callol-Mu\u00f1oz"}, "predicateLabel": {"xml:lang": "en", "type": "literal", "value": "Wikidata property example"}}, {"subjectLabel": {"xml:lang": "en", "type": "literal", "value": "Museo del Prado artist ID"}, "object": {"type": "uri", "value": "http://www.wikidata.org/entity/Q21873974"}, "objectLabel": {"xml:lang": "en", "type": "literal", "value": "eventually complete"}, "predicateLabel": {"xml:lang": "en", "type": "literal", "value": "expected completeness"}}, {"subjectLabel": {"xml:lang": "en", "type": "literal", "value": "Museo del Prado artist ID"}, "object": {"type": "uri", "value": "http://www.wikidata.org/entity/Q53869507"}, "objectLabel": {"xml:lang": "en", "type": "literal", "value": "property scope constraint"}, "predicateLabel": {"xml:lang": "en", "type": "literal", "value": "property constraint"}}, {"subjectLabel": {"xml:lang": "en", "type": "literal", "value": "Museo del Prado artist ID"}, "object": {"type": "uri", "value": "http://www.wikidata.org/entity/Q55024292"}, "objectLabel": {"xml:lang": "en", "type": "literal", "value": "Category:Pages using Wikidata property P5321"}, "predicateLabel": {"xml:lang": "en", "type": "literal", "value": "property usage tracking category"}}, {"subjectLabel": {"xml:lang": "en", "type": "literal", "value": "Museo del Prado artist ID"}, "object": {"type": "uri", "value": "http://www.wikidata.org/entity/Q107002916"}, "objectLabel": {"xml:lang": "en", "type": "literal", "value": "www.museodelprado.es"}, "predicateLabel": {"xml:lang": "en", "type": "literal", "value": "applicable 'stated in' value"}}], "Q510324": [{"subjectLabel": {"xml:lang": "en", "type": "literal", "value": "Philadelphia Museum of Art"}, "object": {"type": "uri", "value": "http://www.wikidata.org/entity/Q30"}, "objectLabel": {"xml:lang": "en", "type": "literal", "value": "United States of America"}, "predicateLabel": {"xml:lang": "en", "type": "literal", "value": "country"}}, {"subjectLabel": {"xml:lang": "en", "type": "literal", "value": "Philadelphia Museum of Art"}, "object": {"type": "uri", "value": "http://www.wikidata.org/entity/Q1345"}, "objectLabel": {"xml:lang": "en", "type": "literal", "value": "Philadelphia"}, "predicateLabel": {"xml:lang": "en", "type": "literal", "value": "located in the administrative territorial entity"}}, {"subjectLabel": {"xml:lang": "en", "type": "literal", "value": "Philadelphia Museum of Art"}, "object": {"type": "uri", "value": "http://www.wikidata.org/entity/Q1345"}, "objectLabel": {"xml:lang": "en", "type": "literal", "value": "Philadelphia"}, "predicateLabel": {"xml:lang": "en", "type": "literal", "value": "headquarters location"}}, {"subjectLabel": {"xml:lang": "en", "type": "literal", "value": "Philadelphia Museum of Art"}, "object": {"type": "uri", "value": "http://www.wikidata.org/entity/Q40415"}, "objectLabel": {"xml:lang": "en", "type": "literal", "value": "Impressionism"}, "predicateLabel": {"xml:lang": "en", "type": "literal", "value": "movement"}}, {"subjectLabel": {"xml:lang": "en", "type": "literal", "value": "Philadelphia Museum of Art"}, "object": {"type": "uri", "value": "http://www.wikidata.org/entity/Q114245540"}, "objectLabel": {"xml:lang": "en", "type": "literal", "value": "Philadelphia Museum of Art Union"}, "predicateLabel": {"xml:lang": "en", "type": "literal", "value": "affiliated worker organisation"}}, {"subjectLabel": {"xml:lang": "en", "type": "literal", "value": "Philadelphia Museum of Art"}, "object": {"type": "uri", "value": "http://www.wikidata.org/entity/Q114890831"}, "objectLabel": {"xml:lang": "en", "type": "literal", "value": "Fairmount Hill"}, "predicateLabel": {"xml:lang": "en", "type": "literal", "value": "located in/on physical feature"}}, {"subjectLabel": {"xml:lang": "en", "type": "literal", "value": "Philadelphia Museum of Art"}, "object": {"type": "uri", "value": "http://www.wikidata.org/entity/Q5275906"}, "objectLabel": {"xml:lang": "en", "type": "literal", "value": "Digital Library Federation"}, "predicateLabel": {"xml:lang": "en", "type": "literal", "value": "member of"}}, {"subjectLabel": {"xml:lang": "en", "type": "literal", "value": "Philadelphia Museum of Art"}, "object": {"type": "uri", "value": "http://www.wikidata.org/entity/Q89574171"}, "objectLabel": {"xml:lang": "en", "type": "literal", "value": "Philadelphia Museum of Art Library and Archives"}, "predicateLabel": {"xml:lang": "en", "type": "literal", "value": "has subsidiary"}}, {"subjectLabel": {"xml:lang": "en", "type": "literal", "value": "Philadelphia Museum of Art"}, "object": {"type": "uri", "value": "http://www.wikidata.org/entity/P4643"}, "objectLabel": {"xml:lang": "en", "type": "literal", "value": "Philadelphia Museum of Art work ID"}, "predicateLabel": {"xml:lang": "en", "type": "literal", "value": "Wikidata property"}}, {"subjectLabel": {"xml:lang": "en", "type": "literal", "value": "Philadelphia Museum of Art"}, "object": {"type": "uri", "value": "http://www.wikidata.org/entity/Q7807489"}, "objectLabel": {"xml:lang": "en", "type": "literal", "value": "Timothy Rub"}, "predicateLabel": {"xml:lang": "en", "type": "literal", "value": "director / manager"}}, {"subjectLabel": {"xml:lang": "en", "type": "literal", "value": "Philadelphia Museum of Art"}, "object": {"type": "uri", "value": "http://www.wikidata.org/entity/P8317"}, "objectLabel": {"xml:lang": "en", "type": "literal", "value": "Philadelphia Museum of Art entity ID"}, "predicateLabel": {"xml:lang": "en", "type": "literal", "value": "Wikidata property"}}, {"subjectLabel": {"xml:lang": "en", "type": "literal", "value": "Philadelphia Museum of Art"}, "object": {"type": "uri", "value": "http://www.wikidata.org/entity/Q7468402"}, "objectLabel": {"xml:lang": "en", "type": "literal", "value": "Category:Philadelphia Museum of Art"}, "predicateLabel": {"xml:lang": "en", "type": "literal", "value": "topic's main category"}}, {"subjectLabel": {"xml:lang": "en", "type": "literal", "value": "Philadelphia Museum of Art"}, "object": {"type": "uri", "value": "http://www.wikidata.org/entity/Q214867"}, "objectLabel": {"xml:lang": "en", "type": "literal", "value": "National Gallery of Art"}, "predicateLabel": {"xml:lang": "en", "type": "literal", "value": "has works in the collection"}}, {"subjectLabel": {"xml:lang": "en", "type": "literal", "value": "Philadelphia Museum of Art"}, "object": {"type": "uri", "value": "http://www.wikidata.org/entity/Q2842849"}, "objectLabel": {"xml:lang": "en", "type": "literal", "value": "American Alliance of Museums"}, "predicateLabel": {"xml:lang": "en", "type": "literal", "value": "accredited by"}}, {"subjectLabel": {"xml:lang": "en", "type": "literal", "value": "Philadelphia Museum of Art"}, "object": {"type": "uri", "value": "http://www.wikidata.org/entity/Q106499876"}, "objectLabel": {"xml:lang": "en", "type": "literal", "value": "Category:Media contributed by Philadelphia Museum of Art"}, "predicateLabel": {"xml:lang": "en", "type": "literal", "value": "content partnership category"}}, {"subjectLabel": {"xml:lang": "en", "type": "literal", "value": "Philadelphia Museum of Art"}, "object": {"type": "uri", "value": "http://www.wikidata.org/entity/Q207694"}, "objectLabel": {"xml:lang": "en", "type": "literal", "value": "art museum"}, "predicateLabel": {"xml:lang": "en", "type": "literal", "value": "instance of"}}, {"subjectLabel": {"xml:lang": "en", "type": "literal", "value": "Philadelphia Museum of Art"}, "object": {"type": "uri", "value": "http://www.wikidata.org/entity/Q89929597"}, "objectLabel": {"xml:lang": "en", "type": "literal", "value": "hedendaagsesieraden.nl"}, "predicateLabel": {"xml:lang": "en", "type": "literal", "value": "described by source"}}, {"subjectLabel": {"xml:lang": "en", "type": "literal", "value": "Philadelphia Museum of Art"}, "object": {"type": "uri", "value": "http://www.wikidata.org/entity/Q674082"}, "objectLabel": {"xml:lang": "en", "type": "literal", "value": "Paul Philippe Cret"}, "predicateLabel": {"xml:lang": "en", "type": "literal", "value": "architect"}}, {"subjectLabel": {"xml:lang": "en", "type": "literal", "value": "Philadelphia Museum of Art"}, "object": {"type": "uri", "value": "http://www.wikidata.org/entity/Q8066296"}, "objectLabel": {"xml:lang": "en", "type": "literal", "value": "Zantzinger, Borie & Medary"}, "predicateLabel": {"xml:lang": "en", "type": "literal", "value": "architect"}}, {"subjectLabel": {"xml:lang": "en", "type": "literal", "value": "Philadelphia Museum of Art"}, "object": {"type": "uri", "value": "http://www.wikidata.org/entity/Q12071546"}, "objectLabel": {"xml:lang": "en", "type": "literal", "value": "Horace Trumbauer"}, "predicateLabel": {"xml:lang": "en", "type": "literal", "value": "architect"}}, {"subjectLabel": {"xml:lang": "en", "type": "literal", "value": "Philadelphia Museum of Art"}, "object": {"type": "uri", "value": "http://www.wikidata.org/entity/Q6306922"}, "objectLabel": {"xml:lang": "en", "type": "literal", "value": "Julian Abele"}, "predicateLabel": {"xml:lang": "en", "type": "literal", "value": "architect"}}, {"subjectLabel": {"xml:lang": "en", "type": "literal", "value": "Philadelphia Museum of Art"}, "object": {"type": "uri", "value": "http://www.wikidata.org/entity/Q16536048"}, "objectLabel": {"xml:lang": "en", "type": "literal", "value": "Portrait of Madame Renoir"}, "predicateLabel": {"xml:lang": "en", "type": "literal", "value": "owner of"}}, {"subjectLabel": {"xml:lang": "en", "type": "literal", "value": "Philadelphia Museum of Art"}, "object": {"type": "uri", "value": "http://www.wikidata.org/entity/Q102932"}, "objectLabel": {"xml:lang": "en", "type": "literal", "value": "avant-garde"}, "predicateLabel": {"xml:lang": "en", "type": "literal", "value": "movement"}}, {"subjectLabel": {"xml:lang": "en", "type": "literal", "value": "Philadelphia Museum of Art"}, "object": {"type": "uri", "value": "http://www.wikidata.org/entity/Q18325436"}, "objectLabel": {"xml:lang": "en", "type": "literal", "value": "501(c)(3) organization"}, "predicateLabel": {"xml:lang": "en", "type": "literal", "value": "legal form"}}, {"subjectLabel": {"xml:lang": "en", "type": "literal", "value": "Philadelphia Museum of Art"}, "object": {"type": "uri", "value": "http://www.wikidata.org/entity/Q1513688"}, "objectLabel": {"xml:lang": "en", "type": "literal", "value": "Greek Revival architecture"}, "predicateLabel": {"xml:lang": "en", "type": "literal", "value": "architectural style"}}, {"subjectLabel": {"xml:lang": "en", "type": "literal", "value": "Philadelphia Museum of Art"}, "object": {"type": "uri", "value": "http://www.wikidata.org/entity/Q60522324"}, "objectLabel": {"xml:lang": "en", "type": "literal", "value": "Anna H. Wilstach"}, "predicateLabel": {"xml:lang": "en", "type": "literal", "value": "founded by"}}, {"subjectLabel": {"xml:lang": "en", "type": "literal", "value": "Philadelphia Museum of Art"}, "object": {"type": "uri", "value": "http://www.wikidata.org/entity/Q55902616"}, "objectLabel": {"xml:lang": "en", "type": "literal", "value": "William P. Wilstach"}, "predicateLabel": {"xml:lang": "en", "type": "literal", "value": "founded by"}}, {"subjectLabel": {"xml:lang": "en", "type": "literal", "value": "Philadelphia Museum of Art"}, "object": {"type": "uri", "value": "http://www.wikidata.org/entity/Q12720942"}, "objectLabel": {"xml:lang": "en", "type": "literal", "value": "Art Deco architecture"}, "predicateLabel": {"xml:lang": "en", "type": "literal", "value": "architectural style"}}, {"subjectLabel": {"xml:lang": "en", "type": "literal", "value": "Philadelphia Museum of Art"}, "object": {"type": "uri", "value": "http://www.wikidata.org/entity/Q20810155"}, "objectLabel": {"xml:lang": "en", "type": "literal", "value": "Pomona"}, "predicateLabel": {"xml:lang": "en", "type": "literal", "value": "owner of"}}, {"subjectLabel": {"xml:lang": "en", "type": "literal", "value": "Philadelphia Museum of Art"}, "object": {"type": "uri", "value": "http://www.wikidata.org/entity/Q20810161"}, "objectLabel": {"xml:lang": "en", "type": "literal", "value": "Venus and Adonis"}, "predicateLabel": {"xml:lang": "en", "type": "literal", "value": "owner of"}}, {"subjectLabel": {"xml:lang": "en", "type": "literal", "value": "Philadelphia Museum of Art"}, "object": {"type": "uri", "value": "http://www.wikidata.org/entity/Q20810159"}, "objectLabel": {"xml:lang": "en", "type": "literal", "value": "Toilet of Venus"}, "predicateLabel": {"xml:lang": "en", "type": "literal", "value": "owner of"}}, {"subjectLabel": {"xml:lang": "en", "type": "literal", "value": "Philadelphia Museum of Art"}, "object": {"type": "uri", "value": "http://www.wikidata.org/entity/Q20810150"}, "objectLabel": {"xml:lang": "en", "type": "literal", "value": "Daniel in the Lions' Den"}, "predicateLabel": {"xml:lang": "en", "type": "literal", "value": "owner of"}}, {"subjectLabel": {"xml:lang": "en", "type": "literal", "value": "Philadelphia Museum of Art"}, "object": {"type": "uri", "value": "http://www.wikidata.org/entity/Q20810156"}, "objectLabel": {"xml:lang": "en", "type": "literal", "value": "Saint Mary of Egypt in the Desert"}, "predicateLabel": {"xml:lang": "en", "type": "literal", "value": "owner of"}}, {"subjectLabel": {"xml:lang": "en", "type": "literal", "value": "Philadelphia Museum of Art"}, "object": {"type": "uri", "value": "http://www.wikidata.org/entity/Q20003745"}, "objectLabel": {"xml:lang": "en", "type": "literal", "value": "A soldier smoking a pipe"}, "predicateLabel": {"xml:lang": "en", "type": "literal", "value": "owner of"}}, {"subjectLabel": {"xml:lang": "en", "type": "literal", "value": "Philadelphia Museum of Art"}, "object": {"type": "uri", "value": "http://www.wikidata.org/entity/Q1139488"}, "objectLabel": {"xml:lang": "en", "type": "literal", "value": "Rocky Steps"}, "predicateLabel": {"xml:lang": "en", "type": "literal", "value": "has part(s)"}}], "Q43229": [{"subjectLabel": {"xml:lang": "en", "type": "literal", "value": "organization"}, "object": {"type": "uri", "value": "http://www.wikidata.org/entity/P17"}, "objectLabel": {"xml:lang": "en", "type": "literal", "value": "country"}, "predicateLabel": {"xml:lang": "en", "type": "literal", "value": "properties for this type"}}, {"subjectLabel": {"xml:lang": "en", "type": "literal", "value": "organization"}, "object": {"type": "uri", "value": "http://www.wikidata.org/entity/Q854457"}, "objectLabel": {"xml:lang": "en", "type": "literal", "value": "complex system"}, "predicateLabel": {"xml:lang": "en", "type": "literal", "value": "subclass of"}}, {"subjectLabel": {"xml:lang": "en", "type": "literal", "value": "organization"}, "object": {"type": "uri", "value": "http://www.wikidata.org/entity/P112"}, "objectLabel": {"xml:lang": "en", "type": "literal", "value": "founded by"}, "predicateLabel": {"xml:lang": "en", "type": "literal", "value": "properties for this type"}}, {"subjectLabel": {"xml:lang": "en", "type": "literal", "value": "organization"}, "object": {"type": "uri", "value": "http://www.wikidata.org/entity/P131"}, "objectLabel": {"xml:lang": "en", "type": "literal", "value": "located in the administrative territorial entity"}, "predicateLabel": {"xml:lang": "en", "type": "literal", "value": "properties for this type"}}, {"subjectLabel": {"xml:lang": "en", "type": "literal", "value": "organization"}, "object": {"type": "uri", "value": "http://www.wikidata.org/entity/P154"}, "objectLabel": {"xml:lang": "en", "type": "literal", "value": "logo image"}, "predicateLabel": {"xml:lang": "en", "type": "literal", "value": "properties for this type"}}, {"subjectLabel": {"xml:lang": "en", "type": "literal", "value": "organization"}, "object": {"type": "uri", "value": "http://www.wikidata.org/entity/P159"}, "objectLabel": {"xml:lang": "en", "type": "literal", "value": "headquarters location"}, "predicateLabel": {"xml:lang": "en", "type": "literal", "value": "properties for this type"}}, {"subjectLabel": {"xml:lang": "en", "type": "literal", "value": "organization"}, "object": {"type": "uri", "value": "http://www.wikidata.org/entity/Q6173448"}, "objectLabel": {"xml:lang": "en", "type": "literal", "value": "Wikipedia:Vital articles/Level/4"}, "predicateLabel": {"xml:lang": "en", "type": "literal", "value": "on focus list of Wikimedia project"}}, {"subjectLabel": {"xml:lang": "en", "type": "literal", "value": "organization"}, "object": {"type": "uri", "value": "http://www.wikidata.org/entity/P4290"}, "objectLabel": {"xml:lang": "en", "type": "literal", "value": "official app"}, "predicateLabel": {"xml:lang": "en", "type": "literal", "value": "properties for this type"}}, {"subjectLabel": {"xml:lang": "en", "type": "literal", "value": "organization"}, "object": {"type": "uri", "value": "http://www.wikidata.org/entity/P3797"}, "objectLabel": {"xml:lang": "en", "type": "literal", "value": "autonomous system number"}, "predicateLabel": {"xml:lang": "en", "type": "literal", "value": "properties for this type"}}, {"subjectLabel": {"xml:lang": "en", "type": "literal", "value": "organization"}, "object": {"type": "uri", "value": "http://www.wikidata.org/entity/P3642"}, "objectLabel": {"xml:lang": "en", "type": "literal", "value": "ARCHON code"}, "predicateLabel": {"xml:lang": "en", "type": "literal", "value": "properties for this type"}}, {"subjectLabel": {"xml:lang": "en", "type": "literal", "value": "organization"}, "object": {"type": "uri", "value": "http://www.wikidata.org/entity/P3914"}, "objectLabel": {"xml:lang": "en", "type": "literal", "value": "GuideStar Israel organization ID"}, "predicateLabel": {"xml:lang": "en", "type": "literal", "value": "properties for this type"}}, {"subjectLabel": {"xml:lang": "en", "type": "literal", "value": "organization"}, "object": {"type": "uri", "value": "http://www.wikidata.org/entity/P4090"}, "objectLabel": {"xml:lang": "en", "type": "literal", "value": "Biodiversity Repository ID"}, "predicateLabel": {"xml:lang": "en", "type": "literal", "value": "properties for this type"}}, {"subjectLabel": {"xml:lang": "en", "type": "literal", "value": "organization"}, "object": {"type": "uri", "value": "http://www.wikidata.org/entity/P169"}, "objectLabel": {"xml:lang": "en", "type": "literal", "value": "chief executive officer"}, "predicateLabel": {"xml:lang": "en", "type": "literal", "value": "properties for this type"}}, {"subjectLabel": {"xml:lang": "en", "type": "literal", "value": "organization"}, "object": {"type": "uri", "value": "http://www.wikidata.org/entity/Q2029930"}, "objectLabel": {"xml:lang": "en", "type": "literal", "value": "organizational studies"}, "predicateLabel": {"xml:lang": "en", "type": "literal", "value": "studied in"}}, {"subjectLabel": {"xml:lang": "en", "type": "literal", "value": "organization"}, "object": {"type": "uri", "value": "http://www.wikidata.org/entity/P213"}, "objectLabel": {"xml:lang": "en", "type": "literal", "value": "ISNI"}, "predicateLabel": {"xml:lang": "en", "type": "literal", "value": "properties for this type"}}, {"subjectLabel": {"xml:lang": "en", "type": "literal", "value": "organization"}, "object": {"type": "uri", "value": "http://www.wikidata.org/entity/Q9339103"}, "objectLabel": {"xml:lang": "en", "type": "literal", "value": "sociology of organisations"}, "predicateLabel": {"xml:lang": "en", "type": "literal", "value": "studied in"}}, {"subjectLabel": {"xml:lang": "en", "type": "literal", "value": "organization"}, "object": {"type": "uri", "value": "http://www.wikidata.org/entity/P452"}, "objectLabel": {"xml:lang": "en", "type": "literal", "value": "industry"}, "predicateLabel": {"xml:lang": "en", "type": "literal", "value": "properties for this type"}}, {"subjectLabel": {"xml:lang": "en", "type": "literal", "value": "organization"}, "object": {"type": "uri", "value": "http://www.wikidata.org/entity/P355"}, "objectLabel": {"xml:lang": "en", "type": "literal", "value": "has subsidiary"}, "predicateLabel": {"xml:lang": "en", "type": "literal", "value": "properties for this type"}}, {"subjectLabel": {"xml:lang": "en", "type": "literal", "value": "organization"}, "object": {"type": "uri", "value": "http://www.wikidata.org/entity/Q8103926"}, "objectLabel": {"xml:lang": "en", "type": "literal", "value": "Category:Wikipedia categories named after organizations"}, "predicateLabel": {"xml:lang": "en", "type": "literal", "value": "category for eponymous categories"}}, {"subjectLabel": {"xml:lang": "en", "type": "literal", "value": "organization"}, "object": {"type": "uri", "value": "http://www.wikidata.org/entity/Q23766486"}, "objectLabel": {"xml:lang": "en", "type": "literal", "value": "list of values as qualifiers"}, "predicateLabel": {"xml:lang": "en", "type": "literal", "value": "union of"}}, {"subjectLabel": {"xml:lang": "en", "type": "literal", "value": "organization"}, "object": {"type": "uri", "value": "http://www.wikidata.org/entity/P463"}, "objectLabel": {"xml:lang": "en", "type": "literal", "value": "member of"}, "predicateLabel": {"xml:lang": "en", "type": "literal", "value": "properties for this type"}}, {"subjectLabel": {"xml:lang": "en", "type": "literal", "value": "organization"}, "object": {"type": "uri", "value": "http://www.wikidata.org/entity/P485"}, "objectLabel": {"xml:lang": "en", "type": "literal", "value": "archives at"}, "predicateLabel": {"xml:lang": "en", "type": "literal", "value": "properties for this type"}}, {"subjectLabel": {"xml:lang": "en", "type": "literal", "value": "organization"}, "object": {"type": "uri", "value": "http://www.wikidata.org/entity/P488"}, "objectLabel": {"xml:lang": "en", "type": "literal", "value": "chairperson"}, "predicateLabel": {"xml:lang": "en", "type": "literal", "value": "properties for this type"}}, {"subjectLabel": {"xml:lang": "en", "type": "literal", "value": "organization"}, "object": {"type": "uri", "value": "http://www.wikidata.org/entity/P576"}, "objectLabel": {"xml:lang": "en", "type": "literal", "value": "dissolved, abolished or demolished date"}, "predicateLabel": {"xml:lang": "en", "type": "literal", "value": "properties for this type"}}, {"subjectLabel": {"xml:lang": "en", "type": "literal", "value": "organization"}, "object": {"type": "uri", "value": "http://www.wikidata.org/entity/P571"}, "objectLabel": {"xml:lang": "en", "type": "literal", "value": "inception"}, "predicateLabel": {"xml:lang": "en", "type": "literal", "value": "properties for this type"}}, {"subjectLabel": {"xml:lang": "en", "type": "literal", "value": "organization"}, "object": {"type": "uri", "value": "http://www.wikidata.org/entity/P527"}, "objectLabel": {"xml:lang": "en", "type": "literal", "value": "has part(s)"}, "predicateLabel": {"xml:lang": "en", "type": "literal", "value": "properties for this type"}}, {"subjectLabel": {"xml:lang": "en", "type": "literal", "value": "organization"}, "object": {"type": "uri", "value": "http://www.wikidata.org/entity/P740"}, "objectLabel": {"xml:lang": "en", "type": "literal", "value": "location of formation"}, "predicateLabel": {"xml:lang": "en", "type": "literal", "value": "properties for this type"}}, {"subjectLabel": {"xml:lang": "en", "type": "literal", "value": "organization"}, "object": {"type": "uri", "value": "http://www.wikidata.org/entity/P856"}, "objectLabel": {"xml:lang": "en", "type": "literal", "value": "official website"}, "predicateLabel": {"xml:lang": "en", "type": "literal", "value": "properties for this type"}}, {"subjectLabel": {"xml:lang": "en", "type": "literal", "value": "organization"}, "object": {"type": "uri", "value": "http://www.wikidata.org/entity/P807"}, "objectLabel": {"xml:lang": "en", "type": "literal", "value": "separated from"}, "predicateLabel": {"xml:lang": "en", "type": "literal", "value": "properties for this type"}}, {"subjectLabel": {"xml:lang": "en", "type": "literal", "value": "organization"}, "object": {"type": "uri", "value": "http://www.wikidata.org/entity/P749"}, "objectLabel": {"xml:lang": "en", "type": "literal", "value": "parent organization"}, "predicateLabel": {"xml:lang": "en", "type": "literal", "value": "properties for this type"}}, {"subjectLabel": {"xml:lang": "en", "type": "literal", "value": "organization"}, "object": {"type": "uri", "value": "http://www.wikidata.org/entity/P1056"}, "objectLabel": {"xml:lang": "en", "type": "literal", "value": "product or material produced or service provided"}, "predicateLabel": {"xml:lang": "en", "type": "literal", "value": "properties for this type"}}, {"subjectLabel": {"xml:lang": "en", "type": "literal", "value": "organization"}, "object": {"type": "uri", "value": "http://www.wikidata.org/entity/P1128"}, "objectLabel": {"xml:lang": "en", "type": "literal", "value": "employees"}, "predicateLabel": {"xml:lang": "en", "type": "literal", "value": "properties for this type"}}, {"subjectLabel": {"xml:lang": "en", "type": "literal", "value": "organization"}, "object": {"type": "uri", "value": "http://www.wikidata.org/entity/P1297"}, "objectLabel": {"xml:lang": "en", "type": "literal", "value": "IRS Employer Identification Number"}, "predicateLabel": {"xml:lang": "en", "type": "literal", "value": "properties for this type"}}, {"subjectLabel": {"xml:lang": "en", "type": "literal", "value": "organization"}, "object": {"type": "uri", "value": "http://www.wikidata.org/entity/P1278"}, "objectLabel": {"xml:lang": "en", "type": "literal", "value": "Legal Entity Identifier"}, "predicateLabel": {"xml:lang": "en", "type": "literal", "value": "properties for this type"}}, {"subjectLabel": {"xml:lang": "en", "type": "literal", "value": "organization"}, "object": {"type": "uri", "value": "http://www.wikidata.org/entity/P1268"}, "objectLabel": {"xml:lang": "en", "type": "literal", "value": "represents"}, "predicateLabel": {"xml:lang": "en", "type": "literal", "value": "Wikidata property"}}, {"subjectLabel": {"xml:lang": "en", "type": "literal", "value": "organization"}, "object": {"type": "uri", "value": "http://www.wikidata.org/entity/P1454"}, "objectLabel": {"xml:lang": "en", "type": "literal", "value": "legal form"}, "predicateLabel": {"xml:lang": "en", "type": "literal", "value": "properties for this type"}}, {"subjectLabel": {"xml:lang": "en", "type": "literal", "value": "organization"}, "object": {"type": "uri", "value": "http://www.wikidata.org/entity/P1329"}, "objectLabel": {"xml:lang": "en", "type": "literal", "value": "phone number"}, "predicateLabel": {"xml:lang": "en", "type": "literal", "value": "properties for this type"}}, {"subjectLabel": {"xml:lang": "en", "type": "literal", "value": "organization"}, "object": {"type": "uri", "value": "http://www.wikidata.org/entity/P1320"}, "objectLabel": {"xml:lang": "en", "type": "literal", "value": "OpenCorporates ID"}, "predicateLabel": {"xml:lang": "en", "type": "literal", "value": "properties for this type"}}, {"subjectLabel": {"xml:lang": "en", "type": "literal", "value": "organization"}, "object": {"type": "uri", "value": "http://www.wikidata.org/entity/P1546"}, "objectLabel": {"xml:lang": "en", "type": "literal", "value": "motto"}, "predicateLabel": {"xml:lang": "en", "type": "literal", "value": "properties for this type"}}, {"subjectLabel": {"xml:lang": "en", "type": "literal", "value": "organization"}, "object": {"type": "uri", "value": "http://www.wikidata.org/entity/P1662"}, "objectLabel": {"xml:lang": "en", "type": "literal", "value": "DOI prefix"}, "predicateLabel": {"xml:lang": "en", "type": "literal", "value": "properties for this type"}}, {"subjectLabel": {"xml:lang": "en", "type": "literal", "value": "organization"}, "object": {"type": "uri", "value": "http://www.wikidata.org/entity/P1451"}, "objectLabel": {"xml:lang": "en", "type": "literal", "value": "motto text"}, "predicateLabel": {"xml:lang": "en", "type": "literal", "value": "properties for this type"}}, {"subjectLabel": {"xml:lang": "en", "type": "literal", "value": "organization"}, "object": {"type": "uri", "value": "http://www.wikidata.org/entity/P1705"}, "objectLabel": {"xml:lang": "en", "type": "literal", "value": "native label"}, "predicateLabel": {"xml:lang": "en", "type": "literal", "value": "properties for this type"}}, {"subjectLabel": {"xml:lang": "en", "type": "literal", "value": "organization"}, "object": {"type": "uri", "value": "http://www.wikidata.org/entity/P1813"}, "objectLabel": {"xml:lang": "en", "type": "literal", "value": "short name"}, "predicateLabel": {"xml:lang": "en", "type": "literal", "value": "properties for this type"}}, {"subjectLabel": {"xml:lang": "en", "type": "literal", "value": "organization"}, "object": {"type": "uri", "value": "http://www.wikidata.org/entity/P1789"}, "objectLabel": {"xml:lang": "en", "type": "literal", "value": "chief operating officer"}, "predicateLabel": {"xml:lang": "en", "type": "literal", "value": "properties for this type"}}, {"subjectLabel": {"xml:lang": "en", "type": "literal", "value": "organization"}, "object": {"type": "uri", "value": "http://www.wikidata.org/entity/P1830"}, "objectLabel": {"xml:lang": "en", "type": "literal", "value": "owner of"}, "predicateLabel": {"xml:lang": "en", "type": "literal", "value": "properties for this type"}}, {"subjectLabel": {"xml:lang": "en", "type": "literal", "value": "organization"}, "object": {"type": "uri", "value": "http://www.wikidata.org/entity/P1961"}, "objectLabel": {"xml:lang": "en", "type": "literal", "value": "CTHS society ID"}, "predicateLabel": {"xml:lang": "en", "type": "literal", "value": "properties for this type"}}, {"subjectLabel": {"xml:lang": "en", "type": "literal", "value": "organization"}, "object": {"type": "uri", "value": "http://www.wikidata.org/entity/P2189"}, "objectLabel": {"xml:lang": "en", "type": "literal", "value": "BiblioNet publisher ID"}, "predicateLabel": {"xml:lang": "en", "type": "literal", "value": "properties for this type"}}, {"subjectLabel": {"xml:lang": "en", "type": "literal", "value": "organization"}, "object": {"type": "uri", "value": "http://www.wikidata.org/entity/P2088"}, "objectLabel": {"xml:lang": "en", "type": "literal", "value": "Crunchbase organization ID"}, "predicateLabel": {"xml:lang": "en", "type": "literal", "value": "properties for this type"}}, {"subjectLabel": {"xml:lang": "en", "type": "literal", "value": "organization"}, "object": {"type": "uri", "value": "http://www.wikidata.org/entity/P2391"}, "objectLabel": {"xml:lang": "en", "type": "literal", "value": "OKPO ID"}, "predicateLabel": {"xml:lang": "en", "type": "literal", "value": "properties for this type"}}, {"subjectLabel": {"xml:lang": "en", "type": "literal", "value": "organization"}, "object": {"type": "uri", "value": "http://www.wikidata.org/entity/P2541"}, "objectLabel": {"xml:lang": "en", "type": "literal", "value": "operating area"}, "predicateLabel": {"xml:lang": "en", "type": "literal", "value": "properties for this type"}}, {"subjectLabel": {"xml:lang": "en", "type": "literal", "value": "organization"}, "object": {"type": "uri", "value": "http://www.wikidata.org/entity/P2388"}, "objectLabel": {"xml:lang": "en", "type": "literal", "value": "office held by head of the organization"}, "predicateLabel": {"xml:lang": "en", "type": "literal", "value": "properties for this type"}}, {"subjectLabel": {"xml:lang": "en", "type": "literal", "value": "organization"}, "object": {"type": "uri", "value": "http://www.wikidata.org/entity/P2657"}, "objectLabel": {"xml:lang": "en", "type": "literal", "value": "EU Transparency Register ID"}, "predicateLabel": {"xml:lang": "en", "type": "literal", "value": "properties for this type"}}, {"subjectLabel": {"xml:lang": "en", "type": "literal", "value": "organization"}, "object": {"type": "uri", "value": "http://www.wikidata.org/entity/P2740"}, "objectLabel": {"xml:lang": "en", "type": "literal", "value": "ResearchGate institute ID"}, "predicateLabel": {"xml:lang": "en", "type": "literal", "value": "properties for this type"}}, {"subjectLabel": {"xml:lang": "en", "type": "literal", "value": "organization"}, "object": {"type": "uri", "value": "http://www.wikidata.org/entity/P2813"}, "objectLabel": {"xml:lang": "en", "type": "literal", "value": "house publication"}, "predicateLabel": {"xml:lang": "en", "type": "literal", "value": "properties for this type"}}, {"subjectLabel": {"xml:lang": "en", "type": "literal", "value": "organization"}, "object": {"type": "uri", "value": "http://www.wikidata.org/entity/Q2029841"}, "objectLabel": {"xml:lang": "en", "type": "literal", "value": "organization"}, "predicateLabel": {"xml:lang": "en", "type": "literal", "value": "different from"}}, {"subjectLabel": {"xml:lang": "en", "type": "literal", "value": "organization"}, "object": {"type": "uri", "value": "http://www.wikidata.org/entity/P3163"}, "objectLabel": {"xml:lang": "en", "type": "literal", "value": "Scottish Charity number"}, "predicateLabel": {"xml:lang": "en", "type": "literal", "value": "properties for this type"}}, {"subjectLabel": {"xml:lang": "en", "type": "literal", "value": "organization"}, "object": {"type": "uri", "value": "http://www.wikidata.org/entity/P3220"}, "objectLabel": {"xml:lang": "en", "type": "literal", "value": "KvK company ID"}, "predicateLabel": {"xml:lang": "en", "type": "literal", "value": "properties for this type"}}, {"subjectLabel": {"xml:lang": "en", "type": "literal", "value": "organization"}, "object": {"type": "uri", "value": "http://www.wikidata.org/entity/P2900"}, "objectLabel": {"xml:lang": "en", "type": "literal", "value": "fax number"}, "predicateLabel": {"xml:lang": "en", "type": "literal", "value": "properties for this type"}}, {"subjectLabel": {"xml:lang": "en", "type": "literal", "value": "organization"}, "object": {"type": "uri", "value": "http://www.wikidata.org/entity/Q1639378"}, "objectLabel": {"xml:lang": "en", "type": "literal", "value": "social system"}, "predicateLabel": {"xml:lang": "en", "type": "literal", "value": "subclass of"}}, {"subjectLabel": {"xml:lang": "en", "type": "literal", "value": "organization"}, "object": {"type": "uri", "value": "http://www.wikidata.org/entity/Q1937189"}, "objectLabel": {"xml:lang": "en", "type": "literal", "value": "organizational communication"}, "predicateLabel": {"xml:lang": "en", "type": "literal", "value": "has characteristic"}}, {"subjectLabel": {"xml:lang": "en", "type": "literal", "value": "organization"}, "object": {"type": "uri", "value": "http://www.wikidata.org/entity/Q759524"}, "objectLabel": {"xml:lang": "en", "type": "literal", "value": "organizational structure"}, "predicateLabel": {"xml:lang": "en", "type": "literal", "value": "has characteristic"}}, {"subjectLabel": {"xml:lang": "en", "type": "literal", "value": "organization"}, "object": {"type": "uri", "value": "http://www.wikidata.org/entity/Q1430172"}, "objectLabel": {"xml:lang": "en", "type": "literal", "value": "organizational learning"}, "predicateLabel": {"xml:lang": "en", "type": "literal", "value": "has characteristic"}}, {"subjectLabel": {"xml:lang": "en", "type": "literal", "value": "organization"}, "object": {"type": "uri", "value": "http://www.wikidata.org/entity/Q730573"}, "objectLabel": {"xml:lang": "en", "type": "literal", "value": "organizational culture"}, "predicateLabel": {"xml:lang": "en", "type": "literal", "value": "has characteristic"}}, {"subjectLabel": {"xml:lang": "en", "type": "literal", "value": "organization"}, "object": {"type": "uri", "value": "http://www.wikidata.org/entity/P3273"}, "objectLabel": {"xml:lang": "en", "type": "literal", "value": "Actorenregister ID"}, "predicateLabel": {"xml:lang": "en", "type": "literal", "value": "properties for this type"}}, {"subjectLabel": {"xml:lang": "en", "type": "literal", "value": "organization"}, "object": {"type": "uri", "value": "http://www.wikidata.org/entity/P3534"}, "objectLabel": {"xml:lang": "en", "type": "literal", "value": "Australian Government Organisations Register ID"}, "predicateLabel": {"xml:lang": "en", "type": "literal", "value": "properties for this type"}}, {"subjectLabel": {"xml:lang": "en", "type": "literal", "value": "organization"}, "object": {"type": "uri", "value": "http://www.wikidata.org/entity/P3549"}, "objectLabel": {"xml:lang": "en", "type": "literal", "value": "Australian Company Number"}, "predicateLabel": {"xml:lang": "en", "type": "literal", "value": "properties for this type"}}, {"subjectLabel": {"xml:lang": "en", "type": "literal", "value": "organization"}, "object": {"type": "uri", "value": "http://www.wikidata.org/entity/P3500"}, "objectLabel": {"xml:lang": "en", "type": "literal", "value": "Ringgold ID"}, "predicateLabel": {"xml:lang": "en", "type": "literal", "value": "properties for this type"}}, {"subjectLabel": {"xml:lang": "en", "type": "literal", "value": "organization"}, "object": {"type": "uri", "value": "http://www.wikidata.org/entity/Q3535173"}, "objectLabel": {"xml:lang": "en", "type": "literal", "value": "organizational life cycle"}, "predicateLabel": {"xml:lang": "en", "type": "literal", "value": "has characteristic"}}, {"subjectLabel": {"xml:lang": "en", "type": "literal", "value": "organization"}, "object": {"type": "uri", "value": "http://www.wikidata.org/entity/Q5613113"}, "objectLabel": {"xml:lang": "en", "type": "literal", "value": "Category:Organizations"}, "predicateLabel": {"xml:lang": "en", "type": "literal", "value": "topic's main category"}}, {"subjectLabel": {"xml:lang": "en", "type": "literal", "value": "organization"}, "object": {"type": "uri", "value": "http://www.wikidata.org/entity/Q2310419"}, "objectLabel": {"xml:lang": "en", "type": "literal", "value": "organizational conflict"}, "predicateLabel": {"xml:lang": "en", "type": "literal", "value": "has characteristic"}}, {"subjectLabel": {"xml:lang": "en", "type": "literal", "value": "organization"}, "object": {"type": "uri", "value": "http://www.wikidata.org/entity/Q2727939"}, "objectLabel": {"xml:lang": "en", "type": "literal", "value": "organizational memory"}, "predicateLabel": {"xml:lang": "en", "type": "literal", "value": "has characteristic"}}, {"subjectLabel": {"xml:lang": "en", "type": "literal", "value": "organization"}, "object": {"type": "uri", "value": "http://www.wikidata.org/entity/Q6190581"}, "objectLabel": {"xml:lang": "en", "type": "literal", "value": "Template:Infobox organization"}, "predicateLabel": {"xml:lang": "en", "type": "literal", "value": "topic's main template"}}, {"subjectLabel": {"xml:lang": "en", "type": "literal", "value": "organization"}, "object": {"type": "uri", "value": "http://www.wikidata.org/entity/Q16334295"}, "objectLabel": {"xml:lang": "en", "type": "literal", "value": "group of humans"}, "predicateLabel": {"xml:lang": "en", "type": "literal", "value": "subclass of"}}, {"subjectLabel": {"xml:lang": "en", "type": "literal", "value": "organization"}, "object": {"type": "uri", "value": "http://www.wikidata.org/entity/Q17197366"}, "objectLabel": {"xml:lang": "en", "type": "literal", "value": "type of organisation"}, "predicateLabel": {"xml:lang": "en", "type": "literal", "value": "has characteristic"}}, {"subjectLabel": {"xml:lang": "en", "type": "literal", "value": "organization"}, "object": {"type": "uri", "value": "http://www.wikidata.org/entity/Q25048163"}, "objectLabel": {"xml:lang": "en", "type": "literal", "value": "organizational identity"}, "predicateLabel": {"xml:lang": "en", "type": "literal", "value": "has characteristic"}}, {"subjectLabel": {"xml:lang": "en", "type": "literal", "value": "organization"}, "object": {"type": "uri", "value": "http://www.wikidata.org/entity/Q19483216"}, "objectLabel": {"xml:lang": "en", "type": "literal", "value": "organizational behavior"}, "predicateLabel": {"xml:lang": "en", "type": "literal", "value": "has characteristic"}}, {"subjectLabel": {"xml:lang": "en", "type": "literal", "value": "organization"}, "object": {"type": "uri", "value": "http://www.wikidata.org/entity/Q10756188"}, "objectLabel": {"xml:lang": "en", "type": "literal", "value": "treasury"}, "predicateLabel": {"xml:lang": "en", "type": "literal", "value": "has part(s)"}}, {"subjectLabel": {"xml:lang": "en", "type": "literal", "value": "organization"}, "object": {"type": "uri", "value": "http://www.wikidata.org/entity/Q106559804"}, "objectLabel": {"xml:lang": "en", "type": "literal", "value": "person or organization"}, "predicateLabel": {"xml:lang": "en", "type": "literal", "value": "subclass of"}}, {"subjectLabel": {"xml:lang": "en", "type": "literal", "value": "organization"}, "object": {"type": "uri", "value": "http://www.wikidata.org/entity/Q57971242"}, "objectLabel": {"xml:lang": "en", "type": "literal", "value": "Template:Infobox organization/Wikidata"}, "predicateLabel": {"xml:lang": "en", "type": "literal", "value": "topic's main template"}}, {"subjectLabel": {"xml:lang": "en", "type": "literal", "value": "organization"}, "object": {"type": "uri", "value": "http://www.wikidata.org/entity/Q6688962"}, "objectLabel": {"xml:lang": "en", "type": "literal", "value": "Template:Aspects of organizations"}, "predicateLabel": {"xml:lang": "en", "type": "literal", "value": "topic's main template"}}, {"subjectLabel": {"xml:lang": "en", "type": "literal", "value": "organization"}, "object": {"type": "uri", "value": "http://www.wikidata.org/entity/Q36993249"}, "objectLabel": {"xml:lang": "en", "type": "literal", "value": "arranging"}, "predicateLabel": {"xml:lang": "en", "type": "literal", "value": "different from"}}, {"subjectLabel": {"xml:lang": "en", "type": "literal", "value": "organization"}, "object": {"type": "uri", "value": "http://www.wikidata.org/entity/Q53281408"}, "objectLabel": {"xml:lang": "en", "type": "literal", "value": "organisation's goals"}, "predicateLabel": {"xml:lang": "en", "type": "literal", "value": "has characteristic"}}, {"subjectLabel": {"xml:lang": "en", "type": "literal", "value": "organization"}, "object": {"type": "uri", "value": "http://www.wikidata.org/entity/Q106668099"}, "objectLabel": {"xml:lang": "en", "type": "literal", "value": "corporate body"}, "predicateLabel": {"xml:lang": "en", "type": "literal", "value": "different from"}}], "Q2429525": [{"subjectLabel": {"xml:lang": "en", "type": "literal", "value": "Juan de Villanueva"}, "object": {"type": "uri", "value": "http://www.wikidata.org/entity/Q5"}, "objectLabel": {"xml:lang": "en", "type": "literal", "value": "human"}, "predicateLabel": {"xml:lang": "en", "type": "literal", "value": "instance of"}}, {"subjectLabel": {"xml:lang": "en", "type": "literal", "value": "Juan de Villanueva"}, "object": {"type": "uri", "value": "http://www.wikidata.org/entity/Q1321"}, "objectLabel": {"xml:lang": "en", "type": "literal", "value": "Spanish"}, "predicateLabel": {"xml:lang": "en", "type": "literal", "value": "languages spoken, written or signed"}}, {"subjectLabel": {"xml:lang": "en", "type": "literal", "value": "Juan de Villanueva"}, "object": {"type": "uri", "value": "http://www.wikidata.org/entity/Q29"}, "objectLabel": {"xml:lang": "en", "type": "literal", "value": "Spain"}, "predicateLabel": {"xml:lang": "en", "type": "literal", "value": "country of citizenship"}}, {"subjectLabel": {"xml:lang": "en", "type": "literal", "value": "Juan de Villanueva"}, "object": {"type": "uri", "value": "http://www.wikidata.org/entity/Q2807"}, "objectLabel": {"xml:lang": "en", "type": "literal", "value": "Madrid"}, "predicateLabel": {"xml:lang": "en", "type": "literal", "value": "place of birth"}}, {"subjectLabel": {"xml:lang": "en", "type": "literal", "value": "Juan de Villanueva"}, "object": {"type": "uri", "value": "http://www.wikidata.org/entity/Q475210"}, "objectLabel": {"xml:lang": "en", "type": "literal", "value": "Juan"}, "predicateLabel": {"xml:lang": "en", "type": "literal", "value": "given name"}}, {"subjectLabel": {"xml:lang": "en", "type": "literal", "value": "Juan de Villanueva"}, "object": {"type": "uri", "value": "http://www.wikidata.org/entity/Q160112"}, "objectLabel": {"xml:lang": "en", "type": "literal", "value": "Museo del Prado"}, "predicateLabel": {"xml:lang": "en", "type": "literal", "value": "has works in the collection"}}, {"subjectLabel": {"xml:lang": "en", "type": "literal", "value": "Juan de Villanueva"}, "object": {"type": "uri", "value": "http://www.wikidata.org/entity/Q160112"}, "objectLabel": {"xml:lang": "en", "type": "literal", "value": "Museo del Prado"}, "predicateLabel": {"xml:lang": "en", "type": "literal", "value": "notable work"}}, {"subjectLabel": {"xml:lang": "en", "type": "literal", "value": "Juan de Villanueva"}, "object": {"type": "uri", "value": "http://www.wikidata.org/entity/Q602358"}, "objectLabel": {"xml:lang": "en", "type": "literal", "value": "Brockhaus and Efron Encyclopedic Dictionary"}, "predicateLabel": {"xml:lang": "en", "type": "literal", "value": "described by source"}}, {"subjectLabel": {"xml:lang": "en", "type": "literal", "value": "Juan de Villanueva"}, "object": {"type": "uri", "value": "http://www.wikidata.org/entity/Q2807"}, "objectLabel": {"xml:lang": "en", "type": "literal", "value": "Madrid"}, "predicateLabel": {"xml:lang": "en", "type": "literal", "value": "place of death"}}, {"subjectLabel": {"xml:lang": "en", "type": "literal", "value": "Juan de Villanueva"}, "object": {"type": "uri", "value": "http://www.wikidata.org/entity/Q6581097"}, "objectLabel": {"xml:lang": "en", "type": "literal", "value": "male"}, "predicateLabel": {"xml:lang": "en", "type": "literal", "value": "sex or gender"}}, {"subjectLabel": {"xml:lang": "en", "type": "literal", "value": "Juan de Villanueva"}, "object": {"type": "uri", "value": "http://www.wikidata.org/entity/Q1131807"}, "objectLabel": {"xml:lang": "en", "type": "literal", "value": "El Retiro Park"}, "predicateLabel": {"xml:lang": "en", "type": "literal", "value": "notable work"}}, {"subjectLabel": {"xml:lang": "en", "type": "literal", "value": "Juan de Villanueva"}, "object": {"type": "uri", "value": "http://www.wikidata.org/entity/Q1322403"}, "objectLabel": {"xml:lang": "en", "type": "literal", "value": "Real Academia de Bellas Artes de San Fernando"}, "predicateLabel": {"xml:lang": "en", "type": "literal", "value": "member of"}}, {"subjectLabel": {"xml:lang": "en", "type": "literal", "value": "Juan de Villanueva"}, "object": {"type": "uri", "value": "http://www.wikidata.org/entity/Q42973"}, "objectLabel": {"xml:lang": "en", "type": "literal", "value": "architect"}, "predicateLabel": {"xml:lang": "en", "type": "literal", "value": "occupation"}}, {"subjectLabel": {"xml:lang": "en", "type": "literal", "value": "Juan de Villanueva"}, "object": {"type": "uri", "value": "http://www.wikidata.org/entity/Q2720582"}, "objectLabel": {"xml:lang": "en", "type": "literal", "value": "Real Academia de la Historia"}, "predicateLabel": {"xml:lang": "en", "type": "literal", "value": "notable work"}}, {"subjectLabel": {"xml:lang": "en", "type": "literal", "value": "Juan de Villanueva"}, "object": {"type": "uri", "value": "http://www.wikidata.org/entity/Q5818335"}, "objectLabel": {"xml:lang": "en", "type": "literal", "value": "Villanueva building"}, "predicateLabel": {"xml:lang": "en", "type": "literal", "value": "notable work"}}, {"subjectLabel": {"xml:lang": "en", "type": "literal", "value": "Juan de Villanueva"}, "object": {"type": "uri", "value": "http://www.wikidata.org/entity/Q5953545"}, "objectLabel": {"xml:lang": "en", "type": "literal", "value": "Juan de Villanueva y Barbales"}, "predicateLabel": {"xml:lang": "en", "type": "literal", "value": "father"}}, {"subjectLabel": {"xml:lang": "en", "type": "literal", "value": "Juan de Villanueva"}, "object": {"type": "uri", "value": "http://www.wikidata.org/entity/Q17031072"}, "objectLabel": {"xml:lang": "en", "type": "literal", "value": "Villanueva"}, "predicateLabel": {"xml:lang": "en", "type": "literal", "value": "family name"}}, {"subjectLabel": {"xml:lang": "en", "type": "literal", "value": "Juan de Villanueva"}, "object": {"type": "uri", "value": "http://www.wikidata.org/entity/Q5503390"}, "objectLabel": {"xml:lang": "en", "type": "literal", "value": "Frick Art Reference Library"}, "predicateLabel": {"xml:lang": "en", "type": "literal", "value": "artist files at"}}, {"subjectLabel": {"xml:lang": "en", "type": "literal", "value": "Juan de Villanueva"}, "object": {"type": "uri", "value": "http://www.wikidata.org/entity/Q16271113"}, "objectLabel": {"xml:lang": "en", "type": "literal", "value": "Category:Juan de Villanueva"}, "predicateLabel": {"xml:lang": "en", "type": "literal", "value": "topic's main category"}}, {"subjectLabel": {"xml:lang": "en", "type": "literal", "value": "Juan de Villanueva"}, "object": {"type": "uri", "value": "http://www.wikidata.org/entity/Q104694359"}, "objectLabel": {"xml:lang": "en", "type": "literal", "value": "WikiProject PCC Wikidata Pilot/Frick Art Reference Library"}, "predicateLabel": {"xml:lang": "en", "type": "literal", "value": "on focus list of Wikimedia project"}}, {"subjectLabel": {"xml:lang": "en", "type": "literal", "value": "Juan de Villanueva"}, "object": {"type": "uri", "value": "http://www.wikidata.org/entity/Q50379960"}, "objectLabel": {"xml:lang": "en", "type": "literal", "value": "Portrait of Juan de Villanueva"}, "predicateLabel": {"xml:lang": "en", "type": "literal", "value": "depicted by"}}, {"subjectLabel": {"xml:lang": "en", "type": "literal", "value": "Juan de Villanueva"}, "object": {"type": "uri", "value": "http://www.wikidata.org/entity/Q71887839"}, "objectLabel": {"xml:lang": "en", "type": "literal", "value": "copyrights on works have expired"}, "predicateLabel": {"xml:lang": "en", "type": "literal", "value": "copyright status as a creator"}}], "Q5818335": [{"subjectLabel": {"xml:lang": "en", "type": "literal", "value": "Villanueva building"}, "object": {"type": "uri", "value": "http://www.wikidata.org/entity/Q29"}, "objectLabel": {"xml:lang": "en", "type": "literal", "value": "Spain"}, "predicateLabel": {"xml:lang": "en", "type": "literal", "value": "country"}}, {"subjectLabel": {"xml:lang": "en", "type": "literal", "value": "Villanueva building"}, "object": {"type": "uri", "value": "http://www.wikidata.org/entity/Q54111"}, "objectLabel": {"xml:lang": "en", "type": "literal", "value": "Neoclassical architecture"}, "predicateLabel": {"xml:lang": "en", "type": "literal", "value": "architectural style"}}, {"subjectLabel": {"xml:lang": "en", "type": "literal", "value": "Villanueva building"}, "object": {"type": "uri", "value": "http://www.wikidata.org/entity/Q24699794"}, "objectLabel": {"xml:lang": "en", "type": "literal", "value": "museum building"}, "predicateLabel": {"xml:lang": "en", "type": "literal", "value": "instance of"}}, {"subjectLabel": {"xml:lang": "en", "type": "literal", "value": "Villanueva building"}, "object": {"type": "uri", "value": "http://www.wikidata.org/entity/Q160112"}, "objectLabel": {"xml:lang": "en", "type": "literal", "value": "Museo del Prado"}, "predicateLabel": {"xml:lang": "en", "type": "literal", "value": "occupant"}}, {"subjectLabel": {"xml:lang": "en", "type": "literal", "value": "Villanueva building"}, "object": {"type": "uri", "value": "http://www.wikidata.org/entity/Q23712"}, "objectLabel": {"xml:lang": "en", "type": "literal", "value": "Bien de Inter\u00e9s Cultural"}, "predicateLabel": {"xml:lang": "en", "type": "literal", "value": "heritage designation"}}, {"subjectLabel": {"xml:lang": "en", "type": "literal", "value": "Villanueva building"}, "object": {"type": "uri", "value": "http://www.wikidata.org/entity/Q3781231"}, "objectLabel": {"xml:lang": "en", "type": "literal", "value": "Antonio L\u00f3pez Aguado"}, "predicateLabel": {"xml:lang": "en", "type": "literal", "value": "architect"}}, {"subjectLabel": {"xml:lang": "en", "type": "literal", "value": "Villanueva building"}, "object": {"type": "uri", "value": "http://www.wikidata.org/entity/Q2079615"}, "objectLabel": {"xml:lang": "en", "type": "literal", "value": "Paseo del Prado"}, "predicateLabel": {"xml:lang": "en", "type": "literal", "value": "located on street"}}, {"subjectLabel": {"xml:lang": "en", "type": "literal", "value": "Villanueva building"}, "object": {"type": "uri", "value": "http://www.wikidata.org/entity/Q2429525"}, "objectLabel": {"xml:lang": "en", "type": "literal", "value": "Juan de Villanueva"}, "predicateLabel": {"xml:lang": "en", "type": "literal", "value": "architect"}}, {"subjectLabel": {"xml:lang": "en", "type": "literal", "value": "Villanueva building"}, "object": {"type": "uri", "value": "http://www.wikidata.org/entity/Q107675480"}, "objectLabel": {"xml:lang": "en", "type": "literal", "value": "Paseo del Prado and Buen Retiro, a landscape of Arts and Sciences"}, "predicateLabel": {"xml:lang": "en", "type": "literal", "value": "part of"}}, {"subjectLabel": {"xml:lang": "en", "type": "literal", "value": "Villanueva building"}, "object": {"type": "uri", "value": "http://www.wikidata.org/entity/Q116170766"}, "objectLabel": {"xml:lang": "en", "type": "literal", "value": "Madrid city"}, "predicateLabel": {"xml:lang": "en", "type": "literal", "value": "headquarters location"}}, {"subjectLabel": {"xml:lang": "en", "type": "literal", "value": "Villanueva building"}, "object": {"type": "uri", "value": "http://www.wikidata.org/entity/Q10306766"}, "objectLabel": {"xml:lang": "en", "type": "literal", "value": "Jer\u00f3nimos"}, "predicateLabel": {"xml:lang": "en", "type": "literal", "value": "located in the administrative territorial entity"}}, {"subjectLabel": {"xml:lang": "en", "type": "literal", "value": "Villanueva building"}, "object": {"type": "uri", "value": "http://www.wikidata.org/entity/Q75109428"}, "objectLabel": {"xml:lang": "en", "type": "literal", "value": "Category:Interior of Villanueva building (Museo del Prado)"}, "predicateLabel": {"xml:lang": "en", "type": "literal", "value": "category for the interior of the item"}}, {"subjectLabel": {"xml:lang": "en", "type": "literal", "value": "Villanueva building"}, "object": {"type": "uri", "value": "http://www.wikidata.org/entity/Q104552371"}, "objectLabel": {"xml:lang": "en", "type": "literal", "value": "Category:Exterior of Villanueva building (Museo del Prado)"}, "predicateLabel": {"xml:lang": "en", "type": "literal", "value": "category for the exterior of the item"}}, {"subjectLabel": {"xml:lang": "en", "type": "literal", "value": "Villanueva building"}, "object": {"type": "uri", "value": "http://www.wikidata.org/entity/Q27136782"}, "objectLabel": {"xml:lang": "en", "type": "literal", "value": "start of manufacturing"}, "predicateLabel": {"xml:lang": "en", "type": "literal", "value": "significant event"}}]}