{"Q15831342": [{"subjectLabel": {"xml:lang": "en", "type": "literal", "value": "Vojt\u011bch Jarom\u00edr Nov\u00e1\u010dek"}, "object": {"type": "uri", "value": "http://www.wikidata.org/entity/Q5"}, "objectLabel": {"xml:lang": "en", "type": "literal", "value": "human"}, "predicateLabel": {"xml:lang": "en", "type": "literal", "value": "instance of"}}, {"subjectLabel": {"xml:lang": "en", "type": "literal", "value": "Vojt\u011bch Jarom\u00edr Nov\u00e1\u010dek"}, "object": {"type": "uri", "value": "http://www.wikidata.org/entity/Q1085"}, "objectLabel": {"xml:lang": "en", "type": "literal", "value": "Prague"}, "predicateLabel": {"xml:lang": "en", "type": "literal", "value": "place of death"}}, {"subjectLabel": {"xml:lang": "en", "type": "literal", "value": "Vojt\u011bch Jarom\u00edr Nov\u00e1\u010dek"}, "object": {"type": "uri", "value": "http://www.wikidata.org/entity/Q83324"}, "objectLabel": {"xml:lang": "en", "type": "literal", "value": "Sibiu"}, "predicateLabel": {"xml:lang": "en", "type": "literal", "value": "place of birth"}}, {"subjectLabel": {"xml:lang": "en", "type": "literal", "value": "Vojt\u011bch Jarom\u00edr Nov\u00e1\u010dek"}, "object": {"type": "uri", "value": "http://www.wikidata.org/entity/Q67311526"}, "objectLabel": {"xml:lang": "en", "type": "literal", "value": "Obalky knih.cz"}, "predicateLabel": {"xml:lang": "en", "type": "literal", "value": "described by source"}}, {"subjectLabel": {"xml:lang": "en", "type": "literal", "value": "Vojt\u011bch Jarom\u00edr Nov\u00e1\u010dek"}, "object": {"type": "uri", "value": "http://www.wikidata.org/entity/Q201788"}, "objectLabel": {"xml:lang": "en", "type": "literal", "value": "historian"}, "predicateLabel": {"xml:lang": "en", "type": "literal", "value": "occupation"}}, {"subjectLabel": {"xml:lang": "en", "type": "literal", "value": "Vojt\u011bch Jarom\u00edr Nov\u00e1\u010dek"}, "object": {"type": "uri", "value": "http://www.wikidata.org/entity/Q635734"}, "objectLabel": {"xml:lang": "en", "type": "literal", "value": "archivist"}, "predicateLabel": {"xml:lang": "en", "type": "literal", "value": "occupation"}}, {"subjectLabel": {"xml:lang": "en", "type": "literal", "value": "Vojt\u011bch Jarom\u00edr Nov\u00e1\u010dek"}, "object": {"type": "uri", "value": "http://www.wikidata.org/entity/Q602358"}, "objectLabel": {"xml:lang": "en", "type": "literal", "value": "Brockhaus and Efron Encyclopedic Dictionary"}, "predicateLabel": {"xml:lang": "en", "type": "literal", "value": "described by source"}}, {"subjectLabel": {"xml:lang": "en", "type": "literal", "value": "Vojt\u011bch Jarom\u00edr Nov\u00e1\u010dek"}, "object": {"type": "uri", "value": "http://www.wikidata.org/entity/Q3563550"}, "objectLabel": {"xml:lang": "en", "type": "literal", "value": "Faculty of Arts, Charles University in Prague"}, "predicateLabel": {"xml:lang": "en", "type": "literal", "value": "educated at"}}, {"subjectLabel": {"xml:lang": "en", "type": "literal", "value": "Vojt\u011bch Jarom\u00edr Nov\u00e1\u010dek"}, "object": {"type": "uri", "value": "http://www.wikidata.org/entity/Q2661974"}, "objectLabel": {"xml:lang": "en", "type": "literal", "value": "Ol\u0161any Cemetery"}, "predicateLabel": {"xml:lang": "en", "type": "literal", "value": "place of burial"}}, {"subjectLabel": {"xml:lang": "en", "type": "literal", "value": "Vojt\u011bch Jarom\u00edr Nov\u00e1\u010dek"}, "object": {"type": "uri", "value": "http://www.wikidata.org/entity/Q6581097"}, "objectLabel": {"xml:lang": "en", "type": "literal", "value": "male"}, "predicateLabel": {"xml:lang": "en", "type": "literal", "value": "sex or gender"}}, {"subjectLabel": {"xml:lang": "en", "type": "literal", "value": "Vojt\u011bch Jarom\u00edr Nov\u00e1\u010dek"}, "object": {"type": "uri", "value": "http://www.wikidata.org/entity/Q16320672"}, "objectLabel": {"xml:lang": "en", "type": "literal", "value": "Vojt\u011bch"}, "predicateLabel": {"xml:lang": "en", "type": "literal", "value": "given name"}}, {"subjectLabel": {"xml:lang": "en", "type": "literal", "value": "Vojt\u011bch Jarom\u00edr Nov\u00e1\u010dek"}, "object": {"type": "uri", "value": "http://www.wikidata.org/entity/Q19190511"}, "objectLabel": {"xml:lang": "en", "type": "literal", "value": "New Encyclopedic Dictionary"}, "predicateLabel": {"xml:lang": "en", "type": "literal", "value": "described by source"}}, {"subjectLabel": {"xml:lang": "en", "type": "literal", "value": "Vojt\u011bch Jarom\u00edr Nov\u00e1\u010dek"}, "object": {"type": "uri", "value": "http://www.wikidata.org/entity/Q21492647"}, "objectLabel": {"xml:lang": "en", "type": "literal", "value": "Nov\u00e1\u010dek"}, "predicateLabel": {"xml:lang": "en", "type": "literal", "value": "family name"}}], "Q15831262": [{"subjectLabel": {"xml:lang": "en", "type": "literal", "value": "Otakar Je\u017eek"}, "object": {"type": "uri", "value": "http://www.wikidata.org/entity/Q5"}, "objectLabel": {"xml:lang": "en", "type": "literal", "value": "human"}, "predicateLabel": {"xml:lang": "en", "type": "literal", "value": "instance of"}}, {"subjectLabel": {"xml:lang": "en", "type": "literal", "value": "Otakar Je\u017eek"}, "object": {"type": "uri", "value": "http://www.wikidata.org/entity/Q1085"}, "objectLabel": {"xml:lang": "en", "type": "literal", "value": "Prague"}, "predicateLabel": {"xml:lang": "en", "type": "literal", "value": "place of birth"}}, {"subjectLabel": {"xml:lang": "en", "type": "literal", "value": "Otakar Je\u017eek"}, "object": {"type": "uri", "value": "http://www.wikidata.org/entity/Q1085"}, "objectLabel": {"xml:lang": "en", "type": "literal", "value": "Prague"}, "predicateLabel": {"xml:lang": "en", "type": "literal", "value": "place of death"}}, {"subjectLabel": {"xml:lang": "en", "type": "literal", "value": "Otakar Je\u017eek"}, "object": {"type": "uri", "value": "http://www.wikidata.org/entity/Q6581097"}, "objectLabel": {"xml:lang": "en", "type": "literal", "value": "male"}, "predicateLabel": {"xml:lang": "en", "type": "literal", "value": "sex or gender"}}, {"subjectLabel": {"xml:lang": "en", "type": "literal", "value": "Otakar Je\u017eek"}, "object": {"type": "uri", "value": "http://www.wikidata.org/entity/Q12015993"}, "objectLabel": {"xml:lang": "en", "type": "literal", "value": "Otakar"}, "predicateLabel": {"xml:lang": "en", "type": "literal", "value": "given name"}}, {"subjectLabel": {"xml:lang": "en", "type": "literal", "value": "Otakar Je\u017eek"}, "object": {"type": "uri", "value": "http://www.wikidata.org/entity/Q16850187"}, "objectLabel": {"xml:lang": "en", "type": "literal", "value": "Je\u017eek"}, "predicateLabel": {"xml:lang": "en", "type": "literal", "value": "family name"}}], "Q15831279": [{"subjectLabel": {"xml:lang": "en", "type": "literal", "value": "Pavel Pap\u00e1\u010dek"}, "object": {"type": "uri", "value": "http://www.wikidata.org/entity/Q5"}, "objectLabel": {"xml:lang": "en", "type": "literal", "value": "human"}, "predicateLabel": {"xml:lang": "en", "type": "literal", "value": "instance of"}}, {"subjectLabel": {"xml:lang": "en", "type": "literal", "value": "Pavel Pap\u00e1\u010dek"}, "object": {"type": "uri", "value": "http://www.wikidata.org/entity/Q33946"}, "objectLabel": {"xml:lang": "en", "type": "literal", "value": "Czechoslovakia"}, "predicateLabel": {"xml:lang": "en", "type": "literal", "value": "country of citizenship"}}, {"subjectLabel": {"xml:lang": "en", "type": "literal", "value": "Pavel Pap\u00e1\u010dek"}, "object": {"type": "uri", "value": "http://www.wikidata.org/entity/Q37226"}, "objectLabel": {"xml:lang": "en", "type": "literal", "value": "teacher"}, "predicateLabel": {"xml:lang": "en", "type": "literal", "value": "occupation"}}, {"subjectLabel": {"xml:lang": "en", "type": "literal", "value": "Pavel Pap\u00e1\u010dek"}, "object": {"type": "uri", "value": "http://www.wikidata.org/entity/Q333634"}, "objectLabel": {"xml:lang": "en", "type": "literal", "value": "translator"}, "predicateLabel": {"xml:lang": "en", "type": "literal", "value": "occupation"}}, {"subjectLabel": {"xml:lang": "en", "type": "literal", "value": "Pavel Pap\u00e1\u010dek"}, "object": {"type": "uri", "value": "http://www.wikidata.org/entity/Q2638290"}, "objectLabel": {"xml:lang": "en", "type": "literal", "value": "Podol\u00ed"}, "predicateLabel": {"xml:lang": "en", "type": "literal", "value": "place of death"}}, {"subjectLabel": {"xml:lang": "en", "type": "literal", "value": "Pavel Pap\u00e1\u010dek"}, "object": {"type": "uri", "value": "http://www.wikidata.org/entity/Q6581097"}, "objectLabel": {"xml:lang": "en", "type": "literal", "value": "male"}, "predicateLabel": {"xml:lang": "en", "type": "literal", "value": "sex or gender"}}, {"subjectLabel": {"xml:lang": "en", "type": "literal", "value": "Pavel Pap\u00e1\u010dek"}, "object": {"type": "uri", "value": "http://www.wikidata.org/entity/Q986070"}, "objectLabel": {"xml:lang": "en", "type": "literal", "value": "Chrudim"}, "predicateLabel": {"xml:lang": "en", "type": "literal", "value": "place of birth"}}, {"subjectLabel": {"xml:lang": "en", "type": "literal", "value": "Pavel Pap\u00e1\u010dek"}, "object": {"type": "uri", "value": "http://www.wikidata.org/entity/Q7058609"}, "objectLabel": {"xml:lang": "en", "type": "literal", "value": "Vinohrady Cemetery"}, "predicateLabel": {"xml:lang": "en", "type": "literal", "value": "place of burial"}}, {"subjectLabel": {"xml:lang": "en", "type": "literal", "value": "Pavel Pap\u00e1\u010dek"}, "object": {"type": "uri", "value": "http://www.wikidata.org/entity/Q61043352"}, "objectLabel": {"xml:lang": "en", "type": "literal", "value": "Pap\u00e1\u010dek"}, "predicateLabel": {"xml:lang": "en", "type": "literal", "value": "family name"}}, {"subjectLabel": {"xml:lang": "en", "type": "literal", "value": "Pavel Pap\u00e1\u010dek"}, "object": {"type": "uri", "value": "http://www.wikidata.org/entity/Q117831991"}, "objectLabel": {"xml:lang": "en", "type": "literal", "value": "Lexikon \u010desk\u00e9 literatury. Osobnosti, d\u00edla, instituce"}, "predicateLabel": {"xml:lang": "en", "type": "literal", "value": "described by source"}}, {"subjectLabel": {"xml:lang": "en", "type": "literal", "value": "Pavel Pap\u00e1\u010dek"}, "object": {"type": "uri", "value": "http://www.wikidata.org/entity/Q17121105"}, "objectLabel": {"xml:lang": "en", "type": "literal", "value": "Category:Pavel Pap\u00e1\u010dek"}, "predicateLabel": {"xml:lang": "en", "type": "literal", "value": "topic's main category"}}, {"subjectLabel": {"xml:lang": "en", "type": "literal", "value": "Pavel Pap\u00e1\u010dek"}, "object": {"type": "uri", "value": "http://www.wikidata.org/entity/Q1242655"}, "objectLabel": {"xml:lang": "en", "type": "literal", "value": "Pavel"}, "predicateLabel": {"xml:lang": "en", "type": "literal", "value": "given name"}}], "Q15831266": [{"subjectLabel": {"xml:lang": "en", "type": "literal", "value": "Otakar \u0160ulc"}, "object": {"type": "uri", "value": "http://www.wikidata.org/entity/Q5"}, "objectLabel": {"xml:lang": "en", "type": "literal", "value": "human"}, "predicateLabel": {"xml:lang": "en", "type": "literal", "value": "instance of"}}, {"subjectLabel": {"xml:lang": "en", "type": "literal", "value": "Otakar \u0160ulc"}, "object": {"type": "uri", "value": "http://www.wikidata.org/entity/Q1085"}, "objectLabel": {"xml:lang": "en", "type": "literal", "value": "Prague"}, "predicateLabel": {"xml:lang": "en", "type": "literal", "value": "place of birth"}}, {"subjectLabel": {"xml:lang": "en", "type": "literal", "value": "Otakar \u0160ulc"}, "object": {"type": "uri", "value": "http://www.wikidata.org/entity/Q753289"}, "objectLabel": {"xml:lang": "en", "type": "literal", "value": "Mal\u00e1 Strana"}, "predicateLabel": {"xml:lang": "en", "type": "literal", "value": "place of death"}}, {"subjectLabel": {"xml:lang": "en", "type": "literal", "value": "Otakar \u0160ulc"}, "object": {"type": "uri", "value": "http://www.wikidata.org/entity/Q593644"}, "objectLabel": {"xml:lang": "en", "type": "literal", "value": "chemist"}, "predicateLabel": {"xml:lang": "en", "type": "literal", "value": "occupation"}}, {"subjectLabel": {"xml:lang": "en", "type": "literal", "value": "Otakar \u0160ulc"}, "object": {"type": "uri", "value": "http://www.wikidata.org/entity/Q6581097"}, "objectLabel": {"xml:lang": "en", "type": "literal", "value": "male"}, "predicateLabel": {"xml:lang": "en", "type": "literal", "value": "sex or gender"}}, {"subjectLabel": {"xml:lang": "en", "type": "literal", "value": "Otakar \u0160ulc"}, "object": {"type": "uri", "value": "http://www.wikidata.org/entity/Q21487825"}, "objectLabel": {"xml:lang": "en", "type": "literal", "value": "\u0160ulc"}, "predicateLabel": {"xml:lang": "en", "type": "literal", "value": "family name"}}, {"subjectLabel": {"xml:lang": "en", "type": "literal", "value": "Otakar \u0160ulc"}, "object": {"type": "uri", "value": "http://www.wikidata.org/entity/Q3563550"}, "objectLabel": {"xml:lang": "en", "type": "literal", "value": "Faculty of Arts, Charles University in Prague"}, "predicateLabel": {"xml:lang": "en", "type": "literal", "value": "educated at"}}, {"subjectLabel": {"xml:lang": "en", "type": "literal", "value": "Otakar \u0160ulc"}, "object": {"type": "uri", "value": "http://www.wikidata.org/entity/Q12015993"}, "objectLabel": {"xml:lang": "en", "type": "literal", "value": "Otakar"}, "predicateLabel": {"xml:lang": "en", "type": "literal", "value": "given name"}}], "Q15831341": [{"subjectLabel": {"xml:lang": "en", "type": "literal", "value": "Vojt\u011bch Hana\u010d\u00edk"}, "object": {"type": "uri", "value": "http://www.wikidata.org/entity/Q14960"}, "objectLabel": {"xml:lang": "en", "type": "literal", "value": "Brno"}, "predicateLabel": {"xml:lang": "en", "type": "literal", "value": "place of birth"}}, {"subjectLabel": {"xml:lang": "en", "type": "literal", "value": "Vojt\u011bch Hana\u010d\u00edk"}, "object": {"type": "uri", "value": "http://www.wikidata.org/entity/Q5"}, "objectLabel": {"xml:lang": "en", "type": "literal", "value": "human"}, "predicateLabel": {"xml:lang": "en", "type": "literal", "value": "instance of"}}, {"subjectLabel": {"xml:lang": "en", "type": "literal", "value": "Vojt\u011bch Hana\u010d\u00edk"}, "object": {"type": "uri", "value": "http://www.wikidata.org/entity/Q33946"}, "objectLabel": {"xml:lang": "en", "type": "literal", "value": "Czechoslovakia"}, "predicateLabel": {"xml:lang": "en", "type": "literal", "value": "country of citizenship"}}, {"subjectLabel": {"xml:lang": "en", "type": "literal", "value": "Vojt\u011bch Hana\u010d\u00edk"}, "object": {"type": "uri", "value": "http://www.wikidata.org/entity/Q656603"}, "objectLabel": {"xml:lang": "en", "type": "literal", "value": "Ji\u010d\u00edn"}, "predicateLabel": {"xml:lang": "en", "type": "literal", "value": "place of death"}}, {"subjectLabel": {"xml:lang": "en", "type": "literal", "value": "Vojt\u011bch Hana\u010d\u00edk"}, "object": {"type": "uri", "value": "http://www.wikidata.org/entity/Q6581097"}, "objectLabel": {"xml:lang": "en", "type": "literal", "value": "male"}, "predicateLabel": {"xml:lang": "en", "type": "literal", "value": "sex or gender"}}, {"subjectLabel": {"xml:lang": "en", "type": "literal", "value": "Vojt\u011bch Hana\u010d\u00edk"}, "object": {"type": "uri", "value": "http://www.wikidata.org/entity/Q16267607"}, "objectLabel": {"xml:lang": "en", "type": "literal", "value": "classical philologist"}, "predicateLabel": {"xml:lang": "en", "type": "literal", "value": "occupation"}}, {"subjectLabel": {"xml:lang": "en", "type": "literal", "value": "Vojt\u011bch Hana\u010d\u00edk"}, "object": {"type": "uri", "value": "http://www.wikidata.org/entity/Q16320672"}, "objectLabel": {"xml:lang": "en", "type": "literal", "value": "Vojt\u011bch"}, "predicateLabel": {"xml:lang": "en", "type": "literal", "value": "given name"}}, {"subjectLabel": {"xml:lang": "en", "type": "literal", "value": "Vojt\u011bch Hana\u010d\u00edk"}, "object": {"type": "uri", "value": "http://www.wikidata.org/entity/Q65563001"}, "objectLabel": {"xml:lang": "en", "type": "literal", "value": "Hana\u010d\u00edk"}, "predicateLabel": {"xml:lang": "en", "type": "literal", "value": "family name"}}], "Q15831337": [{"subjectLabel": {"xml:lang": "en", "type": "literal", "value": "Vladim\u00edr Pech"}, "object": {"type": "uri", "value": "http://www.wikidata.org/entity/Q5"}, "objectLabel": {"xml:lang": "en", "type": "literal", "value": "human"}, "predicateLabel": {"xml:lang": "en", "type": "literal", "value": "instance of"}}, {"subjectLabel": {"xml:lang": "en", "type": "literal", "value": "Vladim\u00edr Pech"}, "object": {"type": "uri", "value": "http://www.wikidata.org/entity/Q33946"}, "objectLabel": {"xml:lang": "en", "type": "literal", "value": "Czechoslovakia"}, "predicateLabel": {"xml:lang": "en", "type": "literal", "value": "country of citizenship"}}, {"subjectLabel": {"xml:lang": "en", "type": "literal", "value": "Vladim\u00edr Pech"}, "object": {"type": "uri", "value": "http://www.wikidata.org/entity/Q203723"}, "objectLabel": {"xml:lang": "en", "type": "literal", "value": "Horn\u00ed Be\u0159kovice"}, "predicateLabel": {"xml:lang": "en", "type": "literal", "value": "place of birth"}}, {"subjectLabel": {"xml:lang": "en", "type": "literal", "value": "Vladim\u00edr Pech"}, "object": {"type": "uri", "value": "http://www.wikidata.org/entity/Q6581097"}, "objectLabel": {"xml:lang": "en", "type": "literal", "value": "male"}, "predicateLabel": {"xml:lang": "en", "type": "literal", "value": "sex or gender"}}, {"subjectLabel": {"xml:lang": "en", "type": "literal", "value": "Vladim\u00edr Pech"}, "object": {"type": "uri", "value": "http://www.wikidata.org/entity/Q1734662"}, "objectLabel": {"xml:lang": "en", "type": "literal", "value": "cartographer"}, "predicateLabel": {"xml:lang": "en", "type": "literal", "value": "occupation"}}, {"subjectLabel": {"xml:lang": "en", "type": "literal", "value": "Vladim\u00edr Pech"}, "object": {"type": "uri", "value": "http://www.wikidata.org/entity/Q662985"}, "objectLabel": {"xml:lang": "en", "type": "literal", "value": "Vinohrady"}, "predicateLabel": {"xml:lang": "en", "type": "literal", "value": "place of death"}}, {"subjectLabel": {"xml:lang": "en", "type": "literal", "value": "Vladim\u00edr Pech"}, "object": {"type": "uri", "value": "http://www.wikidata.org/entity/Q71887839"}, "objectLabel": {"xml:lang": "en", "type": "literal", "value": "copyrights on works have expired"}, "predicateLabel": {"xml:lang": "en", "type": "literal", "value": "copyright status as a creator"}}, {"subjectLabel": {"xml:lang": "en", "type": "literal", "value": "Vladim\u00edr Pech"}, "object": {"type": "uri", "value": "http://www.wikidata.org/entity/Q18535317"}, "objectLabel": {"xml:lang": "en", "type": "literal", "value": "Vladim\u00edr"}, "predicateLabel": {"xml:lang": "en", "type": "literal", "value": "given name"}}, {"subjectLabel": {"xml:lang": "en", "type": "literal", "value": "Vladim\u00edr Pech"}, "object": {"type": "uri", "value": "http://www.wikidata.org/entity/Q51091094"}, "objectLabel": {"xml:lang": "en", "type": "literal", "value": "Pech"}, "predicateLabel": {"xml:lang": "en", "type": "literal", "value": "family name"}}, {"subjectLabel": {"xml:lang": "en", "type": "literal", "value": "Vladim\u00edr Pech"}, "object": {"type": "uri", "value": "http://www.wikidata.org/entity/Q67311526"}, "objectLabel": {"xml:lang": "en", "type": "literal", "value": "Obalky knih.cz"}, "predicateLabel": {"xml:lang": "en", "type": "literal", "value": "described by source"}}], "Q15831283": [{"subjectLabel": {"xml:lang": "en", "type": "literal", "value": "Petr Durd\u00edk"}, "object": {"type": "uri", "value": "http://www.wikidata.org/entity/Q5"}, "objectLabel": {"xml:lang": "en", "type": "literal", "value": "human"}, "predicateLabel": {"xml:lang": "en", "type": "literal", "value": "instance of"}}, {"subjectLabel": {"xml:lang": "en", "type": "literal", "value": "Petr Durd\u00edk"}, "object": {"type": "uri", "value": "http://www.wikidata.org/entity/Q333634"}, "objectLabel": {"xml:lang": "en", "type": "literal", "value": "translator"}, "predicateLabel": {"xml:lang": "en", "type": "literal", "value": "occupation"}}, {"subjectLabel": {"xml:lang": "en", "type": "literal", "value": "Petr Durd\u00edk"}, "object": {"type": "uri", "value": "http://www.wikidata.org/entity/Q6581097"}, "objectLabel": {"xml:lang": "en", "type": "literal", "value": "male"}, "predicateLabel": {"xml:lang": "en", "type": "literal", "value": "sex or gender"}}, {"subjectLabel": {"xml:lang": "en", "type": "literal", "value": "Petr Durd\u00edk"}, "object": {"type": "uri", "value": "http://www.wikidata.org/entity/Q942842"}, "objectLabel": {"xml:lang": "en", "type": "literal", "value": "Sm\u00edchov"}, "predicateLabel": {"xml:lang": "en", "type": "literal", "value": "place of death"}}, {"subjectLabel": {"xml:lang": "en", "type": "literal", "value": "Petr Durd\u00edk"}, "object": {"type": "uri", "value": "http://www.wikidata.org/entity/Q15111341"}, "objectLabel": {"xml:lang": "en", "type": "literal", "value": "Durd\u00edk"}, "predicateLabel": {"xml:lang": "en", "type": "literal", "value": "family name"}}, {"subjectLabel": {"xml:lang": "en", "type": "literal", "value": "Petr Durd\u00edk"}, "object": {"type": "uri", "value": "http://www.wikidata.org/entity/Q927541"}, "objectLabel": {"xml:lang": "en", "type": "literal", "value": "Ho\u0159ice"}, "predicateLabel": {"xml:lang": "en", "type": "literal", "value": "place of birth"}}, {"subjectLabel": {"xml:lang": "en", "type": "literal", "value": "Petr Durd\u00edk"}, "object": {"type": "uri", "value": "http://www.wikidata.org/entity/Q15897830"}, "objectLabel": {"xml:lang": "en", "type": "literal", "value": "Petr"}, "predicateLabel": {"xml:lang": "en", "type": "literal", "value": "given name"}}, {"subjectLabel": {"xml:lang": "en", "type": "literal", "value": "Petr Durd\u00edk"}, "object": {"type": "uri", "value": "http://www.wikidata.org/entity/Q117831991"}, "objectLabel": {"xml:lang": "en", "type": "literal", "value": "Lexikon \u010desk\u00e9 literatury. Osobnosti, d\u00edla, instituce"}, "predicateLabel": {"xml:lang": "en", "type": "literal", "value": "described by source"}}], "Q15831352": [{"subjectLabel": {"xml:lang": "en", "type": "literal", "value": "V\u00e1clav Hora"}, "object": {"type": "uri", "value": "http://www.wikidata.org/entity/Q5"}, "objectLabel": {"xml:lang": "en", "type": "literal", "value": "human"}, "predicateLabel": {"xml:lang": "en", "type": "literal", "value": "instance of"}}, {"subjectLabel": {"xml:lang": "en", "type": "literal", "value": "V\u00e1clav Hora"}, "object": {"type": "uri", "value": "http://www.wikidata.org/entity/Q1085"}, "objectLabel": {"xml:lang": "en", "type": "literal", "value": "Prague"}, "predicateLabel": {"xml:lang": "en", "type": "literal", "value": "place of death"}}, {"subjectLabel": {"xml:lang": "en", "type": "literal", "value": "V\u00e1clav Hora"}, "object": {"type": "uri", "value": "http://www.wikidata.org/entity/Q7748"}, "objectLabel": {"xml:lang": "en", "type": "literal", "value": "law"}, "predicateLabel": {"xml:lang": "en", "type": "literal", "value": "field of work"}}, {"subjectLabel": {"xml:lang": "en", "type": "literal", "value": "V\u00e1clav Hora"}, "object": {"type": "uri", "value": "http://www.wikidata.org/entity/Q16533"}, "objectLabel": {"xml:lang": "en", "type": "literal", "value": "judge"}, "predicateLabel": {"xml:lang": "en", "type": "literal", "value": "occupation"}}, {"subjectLabel": {"xml:lang": "en", "type": "literal", "value": "V\u00e1clav Hora"}, "object": {"type": "uri", "value": "http://www.wikidata.org/entity/Q33946"}, "objectLabel": {"xml:lang": "en", "type": "literal", "value": "Czechoslovakia"}, "predicateLabel": {"xml:lang": "en", "type": "literal", "value": "country of citizenship"}}, {"subjectLabel": {"xml:lang": "en", "type": "literal", "value": "V\u00e1clav Hora"}, "object": {"type": "uri", "value": "http://www.wikidata.org/entity/Q9056"}, "objectLabel": {"xml:lang": "en", "type": "literal", "value": "Czech"}, "predicateLabel": {"xml:lang": "en", "type": "literal", "value": "languages spoken, written or signed"}}, {"subjectLabel": {"xml:lang": "en", "type": "literal", "value": "V\u00e1clav Hora"}, "object": {"type": "uri", "value": "http://www.wikidata.org/entity/Q185351"}, "objectLabel": {"xml:lang": "en", "type": "literal", "value": "jurist"}, "predicateLabel": {"xml:lang": "en", "type": "literal", "value": "occupation"}}, {"subjectLabel": {"xml:lang": "en", "type": "literal", "value": "V\u00e1clav Hora"}, "object": {"type": "uri", "value": "http://www.wikidata.org/entity/Q6581097"}, "objectLabel": {"xml:lang": "en", "type": "literal", "value": "male"}, "predicateLabel": {"xml:lang": "en", "type": "literal", "value": "sex or gender"}}, {"subjectLabel": {"xml:lang": "en", "type": "literal", "value": "V\u00e1clav Hora"}, "object": {"type": "uri", "value": "http://www.wikidata.org/entity/Q121594"}, "objectLabel": {"xml:lang": "en", "type": "literal", "value": "professor"}, "predicateLabel": {"xml:lang": "en", "type": "literal", "value": "academic degree"}}, {"subjectLabel": {"xml:lang": "en", "type": "literal", "value": "V\u00e1clav Hora"}, "object": {"type": "uri", "value": "http://www.wikidata.org/entity/Q2395094"}, "objectLabel": {"xml:lang": "en", "type": "literal", "value": "Kozojedy"}, "predicateLabel": {"xml:lang": "en", "type": "literal", "value": "place of birth"}}, {"subjectLabel": {"xml:lang": "en", "type": "literal", "value": "V\u00e1clav Hora"}, "object": {"type": "uri", "value": "http://www.wikidata.org/entity/Q1622272"}, "objectLabel": {"xml:lang": "en", "type": "literal", "value": "university teacher"}, "predicateLabel": {"xml:lang": "en", "type": "literal", "value": "occupation"}}, {"subjectLabel": {"xml:lang": "en", "type": "literal", "value": "V\u00e1clav Hora"}, "object": {"type": "uri", "value": "http://www.wikidata.org/entity/Q723682"}, "objectLabel": {"xml:lang": "en", "type": "literal", "value": "dean"}, "predicateLabel": {"xml:lang": "en", "type": "literal", "value": "position held"}}, {"subjectLabel": {"xml:lang": "en", "type": "literal", "value": "V\u00e1clav Hora"}, "object": {"type": "uri", "value": "http://www.wikidata.org/entity/Q96939010"}, "objectLabel": {"xml:lang": "en", "type": "literal", "value": "Almanach \u010deskoslovensk\u00fdch pr\u00e1vn\u00edk\u016f"}, "predicateLabel": {"xml:lang": "en", "type": "literal", "value": "described by source"}}, {"subjectLabel": {"xml:lang": "en", "type": "literal", "value": "V\u00e1clav Hora"}, "object": {"type": "uri", "value": "http://www.wikidata.org/entity/Q12047389"}, "objectLabel": {"xml:lang": "en", "type": "literal", "value": "Faculty of Law, Charles University in Prague"}, "predicateLabel": {"xml:lang": "en", "type": "literal", "value": "educated at"}}, {"subjectLabel": {"xml:lang": "en", "type": "literal", "value": "V\u00e1clav Hora"}, "object": {"type": "uri", "value": "http://www.wikidata.org/entity/Q1648961"}, "objectLabel": {"xml:lang": "en", "type": "literal", "value": "Czech Academy of Science and Art"}, "predicateLabel": {"xml:lang": "en", "type": "literal", "value": "member of"}}, {"subjectLabel": {"xml:lang": "en", "type": "literal", "value": "V\u00e1clav Hora"}, "object": {"type": "uri", "value": "http://www.wikidata.org/entity/Q67311526"}, "objectLabel": {"xml:lang": "en", "type": "literal", "value": "Obalky knih.cz"}, "predicateLabel": {"xml:lang": "en", "type": "literal", "value": "described by source"}}, {"subjectLabel": {"xml:lang": "en", "type": "literal", "value": "V\u00e1clav Hora"}, "object": {"type": "uri", "value": "http://www.wikidata.org/entity/Q7058609"}, "objectLabel": {"xml:lang": "en", "type": "literal", "value": "Vinohrady Cemetery"}, "predicateLabel": {"xml:lang": "en", "type": "literal", "value": "place of burial"}}, {"subjectLabel": {"xml:lang": "en", "type": "literal", "value": "V\u00e1clav Hora"}, "object": {"type": "uri", "value": "http://www.wikidata.org/entity/Q12047389"}, "objectLabel": {"xml:lang": "en", "type": "literal", "value": "Faculty of Law, Charles University in Prague"}, "predicateLabel": {"xml:lang": "en", "type": "literal", "value": "employer"}}, {"subjectLabel": {"xml:lang": "en", "type": "literal", "value": "V\u00e1clav Hora"}, "object": {"type": "uri", "value": "http://www.wikidata.org/entity/Q16861244"}, "objectLabel": {"xml:lang": "en", "type": "literal", "value": "Hora"}, "predicateLabel": {"xml:lang": "en", "type": "literal", "value": "family name"}}, {"subjectLabel": {"xml:lang": "en", "type": "literal", "value": "V\u00e1clav Hora"}, "object": {"type": "uri", "value": "http://www.wikidata.org/entity/Q1052890"}, "objectLabel": {"xml:lang": "en", "type": "literal", "value": "civil procedural law"}, "predicateLabel": {"xml:lang": "en", "type": "literal", "value": "field of work"}}, {"subjectLabel": {"xml:lang": "en", "type": "literal", "value": "V\u00e1clav Hora"}, "object": {"type": "uri", "value": "http://www.wikidata.org/entity/Q1602218"}, "objectLabel": {"xml:lang": "en", "type": "literal", "value": "V\u00e1clav"}, "predicateLabel": {"xml:lang": "en", "type": "literal", "value": "given name"}}, {"subjectLabel": {"xml:lang": "en", "type": "literal", "value": "V\u00e1clav Hora"}, "object": {"type": "uri", "value": "http://www.wikidata.org/entity/Q782911"}, "objectLabel": {"xml:lang": "en", "type": "literal", "value": "Evangelical Church of Czech Brethren"}, "predicateLabel": {"xml:lang": "en", "type": "literal", "value": "religion or worldview"}}], "Q15831319": [{"subjectLabel": {"xml:lang": "en", "type": "literal", "value": "Theodor Monin"}, "object": {"type": "uri", "value": "http://www.wikidata.org/entity/Q5"}, "objectLabel": {"xml:lang": "en", "type": "literal", "value": "human"}, "predicateLabel": {"xml:lang": "en", "type": "literal", "value": "instance of"}}, {"subjectLabel": {"xml:lang": "en", "type": "literal", "value": "Theodor Monin"}, "object": {"type": "uri", "value": "http://www.wikidata.org/entity/Q170790"}, "objectLabel": {"xml:lang": "en", "type": "literal", "value": "mathematician"}, "predicateLabel": {"xml:lang": "en", "type": "literal", "value": "occupation"}}, {"subjectLabel": {"xml:lang": "en", "type": "literal", "value": "Theodor Monin"}, "object": {"type": "uri", "value": "http://www.wikidata.org/entity/Q470369"}, "objectLabel": {"xml:lang": "en", "type": "literal", "value": "Kol\u00edn"}, "predicateLabel": {"xml:lang": "en", "type": "literal", "value": "place of birth"}}, {"subjectLabel": {"xml:lang": "en", "type": "literal", "value": "Theodor Monin"}, "object": {"type": "uri", "value": "http://www.wikidata.org/entity/Q1165126"}, "objectLabel": {"xml:lang": "en", "type": "literal", "value": "Theodor"}, "predicateLabel": {"xml:lang": "en", "type": "literal", "value": "given name"}}, {"subjectLabel": {"xml:lang": "en", "type": "literal", "value": "Theodor Monin"}, "object": {"type": "uri", "value": "http://www.wikidata.org/entity/Q470369"}, "objectLabel": {"xml:lang": "en", "type": "literal", "value": "Kol\u00edn"}, "predicateLabel": {"xml:lang": "en", "type": "literal", "value": "place of death"}}, {"subjectLabel": {"xml:lang": "en", "type": "literal", "value": "Theodor Monin"}, "object": {"type": "uri", "value": "http://www.wikidata.org/entity/Q6581097"}, "objectLabel": {"xml:lang": "en", "type": "literal", "value": "male"}, "predicateLabel": {"xml:lang": "en", "type": "literal", "value": "sex or gender"}}, {"subjectLabel": {"xml:lang": "en", "type": "literal", "value": "Theodor Monin"}, "object": {"type": "uri", "value": "http://www.wikidata.org/entity/Q8487137"}, "objectLabel": {"xml:lang": "en", "type": "literal", "value": "WikiProject Mathematics"}, "predicateLabel": {"xml:lang": "en", "type": "literal", "value": "maintained by WikiProject"}}, {"subjectLabel": {"xml:lang": "en", "type": "literal", "value": "Theodor Monin"}, "object": {"type": "uri", "value": "http://www.wikidata.org/entity/Q29033293"}, "objectLabel": {"xml:lang": "en", "type": "literal", "value": "Monin"}, "predicateLabel": {"xml:lang": "en", "type": "literal", "value": "family name"}}], "Q3509896": [{"subjectLabel": {"xml:lang": "en", "type": "literal", "value": "Josef Thomayer"}, "object": {"type": "uri", "value": "http://www.wikidata.org/entity/Q5"}, "objectLabel": {"xml:lang": "en", "type": "literal", "value": "human"}, "predicateLabel": {"xml:lang": "en", "type": "literal", "value": "instance of"}}, {"subjectLabel": {"xml:lang": "en", "type": "literal", "value": "Josef Thomayer"}, "object": {"type": "uri", "value": "http://www.wikidata.org/entity/Q9056"}, "objectLabel": {"xml:lang": "en", "type": "literal", "value": "Czech"}, "predicateLabel": {"xml:lang": "en", "type": "literal", "value": "languages spoken, written or signed"}}, {"subjectLabel": {"xml:lang": "en", "type": "literal", "value": "Josef Thomayer"}, "object": {"type": "uri", "value": "http://www.wikidata.org/entity/Q33946"}, "objectLabel": {"xml:lang": "en", "type": "literal", "value": "Czechoslovakia"}, "predicateLabel": {"xml:lang": "en", "type": "literal", "value": "country of citizenship"}}, {"subjectLabel": {"xml:lang": "en", "type": "literal", "value": "Josef Thomayer"}, "object": {"type": "uri", "value": "http://www.wikidata.org/entity/Q2041543"}, "objectLabel": {"xml:lang": "en", "type": "literal", "value": "Ott\u016fv slovn\u00edk nau\u010dn\u00fd"}, "predicateLabel": {"xml:lang": "en", "type": "literal", "value": "contributed to creative work"}}, {"subjectLabel": {"xml:lang": "en", "type": "literal", "value": "Josef Thomayer"}, "object": {"type": "uri", "value": "http://www.wikidata.org/entity/Q602358"}, "objectLabel": {"xml:lang": "en", "type": "literal", "value": "Brockhaus and Efron Encyclopedic Dictionary"}, "predicateLabel": {"xml:lang": "en", "type": "literal", "value": "described by source"}}, {"subjectLabel": {"xml:lang": "en", "type": "literal", "value": "Josef Thomayer"}, "object": {"type": "uri", "value": "http://www.wikidata.org/entity/Q37226"}, "objectLabel": {"xml:lang": "en", "type": "literal", "value": "teacher"}, "predicateLabel": {"xml:lang": "en", "type": "literal", "value": "occupation"}}, {"subjectLabel": {"xml:lang": "en", "type": "literal", "value": "Josef Thomayer"}, "object": {"type": "uri", "value": "http://www.wikidata.org/entity/Q18702986"}, "objectLabel": {"xml:lang": "en", "type": "literal", "value": "National Museum Library"}, "predicateLabel": {"xml:lang": "en", "type": "literal", "value": "personal library at"}}, {"subjectLabel": {"xml:lang": "en", "type": "literal", "value": "Josef Thomayer"}, "object": {"type": "uri", "value": "http://www.wikidata.org/entity/Q39631"}, "objectLabel": {"xml:lang": "en", "type": "literal", "value": "physician"}, "predicateLabel": {"xml:lang": "en", "type": "literal", "value": "occupation"}}, {"subjectLabel": {"xml:lang": "en", "type": "literal", "value": "Josef Thomayer"}, "object": {"type": "uri", "value": "http://www.wikidata.org/entity/Q17120791"}, "objectLabel": {"xml:lang": "en", "type": "literal", "value": "Category:Josef Thomayer"}, "predicateLabel": {"xml:lang": "en", "type": "literal", "value": "topic's main category"}}, {"subjectLabel": {"xml:lang": "en", "type": "literal", "value": "Josef Thomayer"}, "object": {"type": "uri", "value": "http://www.wikidata.org/entity/Q117831991"}, "objectLabel": {"xml:lang": "en", "type": "literal", "value": "Lexikon \u010desk\u00e9 literatury. Osobnosti, d\u00edla, instituce"}, "predicateLabel": {"xml:lang": "en", "type": "literal", "value": "described by source"}}, {"subjectLabel": {"xml:lang": "en", "type": "literal", "value": "Josef Thomayer"}, "object": {"type": "uri", "value": "http://www.wikidata.org/entity/Q108764506"}, "objectLabel": {"xml:lang": "en", "type": "literal", "value": "History of Everyday Life Database"}, "predicateLabel": {"xml:lang": "en", "type": "literal", "value": "described by source"}}, {"subjectLabel": {"xml:lang": "en", "type": "literal", "value": "Josef Thomayer"}, "object": {"type": "uri", "value": "http://www.wikidata.org/entity/Q67311526"}, "objectLabel": {"xml:lang": "en", "type": "literal", "value": "Obalky knih.cz"}, "predicateLabel": {"xml:lang": "en", "type": "literal", "value": "described by source"}}, {"subjectLabel": {"xml:lang": "en", "type": "literal", "value": "Josef Thomayer"}, "object": {"type": "uri", "value": "http://www.wikidata.org/entity/Q99413897"}, "objectLabel": {"xml:lang": "en", "type": "literal", "value": "Medvik"}, "predicateLabel": {"xml:lang": "en", "type": "literal", "value": "described by source"}}, {"subjectLabel": {"xml:lang": "en", "type": "literal", "value": "Josef Thomayer"}, "object": {"type": "uri", "value": "http://www.wikidata.org/entity/Q96888274"}, "objectLabel": {"xml:lang": "en", "type": "literal", "value": "Almanach \u010desk\u00fdch l\u00e9ka\u0159\u016f s podobiznami a 1000 \u017eivotopisy"}, "predicateLabel": {"xml:lang": "en", "type": "literal", "value": "described by source"}}, {"subjectLabel": {"xml:lang": "en", "type": "literal", "value": "Josef Thomayer"}, "object": {"type": "uri", "value": "http://www.wikidata.org/entity/Q1921720"}, "objectLabel": {"xml:lang": "en", "type": "literal", "value": "Trhanov"}, "predicateLabel": {"xml:lang": "en", "type": "literal", "value": "place of birth"}}, {"subjectLabel": {"xml:lang": "en", "type": "literal", "value": "Josef Thomayer"}, "object": {"type": "uri", "value": "http://www.wikidata.org/entity/Q753219"}, "objectLabel": {"xml:lang": "en", "type": "literal", "value": "New Town, Prague"}, "predicateLabel": {"xml:lang": "en", "type": "literal", "value": "place of death"}}, {"subjectLabel": {"xml:lang": "en", "type": "literal", "value": "Josef Thomayer"}, "object": {"type": "uri", "value": "http://www.wikidata.org/entity/Q6581097"}, "objectLabel": {"xml:lang": "en", "type": "literal", "value": "male"}, "predicateLabel": {"xml:lang": "en", "type": "literal", "value": "sex or gender"}}, {"subjectLabel": {"xml:lang": "en", "type": "literal", "value": "Josef Thomayer"}, "object": {"type": "uri", "value": "http://www.wikidata.org/entity/Q12058915"}, "objectLabel": {"xml:lang": "en", "type": "literal", "value": "Thomayer"}, "predicateLabel": {"xml:lang": "en", "type": "literal", "value": "family name"}}, {"subjectLabel": {"xml:lang": "en", "type": "literal", "value": "Josef Thomayer"}, "object": {"type": "uri", "value": "http://www.wikidata.org/entity/Q12017132"}, "objectLabel": {"xml:lang": "en", "type": "literal", "value": "Franti\u0161ek Josef Thomayer"}, "predicateLabel": {"xml:lang": "en", "type": "literal", "value": "sibling"}}, {"subjectLabel": {"xml:lang": "en", "type": "literal", "value": "Josef Thomayer"}, "object": {"type": "uri", "value": "http://www.wikidata.org/entity/Q36180"}, "objectLabel": {"xml:lang": "en", "type": "literal", "value": "writer"}, "predicateLabel": {"xml:lang": "en", "type": "literal", "value": "occupation"}}, {"subjectLabel": {"xml:lang": "en", "type": "literal", "value": "Josef Thomayer"}, "object": {"type": "uri", "value": "http://www.wikidata.org/entity/Q15730712"}, "objectLabel": {"xml:lang": "en", "type": "literal", "value": "Josef"}, "predicateLabel": {"xml:lang": "en", "type": "literal", "value": "given name"}}]}