{"Q18340533": [{"subjectLabel": {"xml:lang": "en", "type": "literal", "value": "Alois Fischer"}, "object": {"type": "uri", "value": "http://www.wikidata.org/entity/Q5"}, "objectLabel": {"xml:lang": "en", "type": "literal", "value": "human"}, "predicateLabel": {"xml:lang": "en", "type": "literal", "value": "instance of"}}, {"subjectLabel": {"xml:lang": "en", "type": "literal", "value": "Alois Fischer"}, "object": {"type": "uri", "value": "http://www.wikidata.org/entity/Q9056"}, "objectLabel": {"xml:lang": "en", "type": "literal", "value": "Czech"}, "predicateLabel": {"xml:lang": "en", "type": "literal", "value": "languages spoken, written or signed"}}, {"subjectLabel": {"xml:lang": "en", "type": "literal", "value": "Alois Fischer"}, "object": {"type": "uri", "value": "http://www.wikidata.org/entity/Q28513"}, "objectLabel": {"xml:lang": "en", "type": "literal", "value": "Austria-Hungary"}, "predicateLabel": {"xml:lang": "en", "type": "literal", "value": "country of citizenship"}}, {"subjectLabel": {"xml:lang": "en", "type": "literal", "value": "Alois Fischer"}, "object": {"type": "uri", "value": "http://www.wikidata.org/entity/Q33946"}, "objectLabel": {"xml:lang": "en", "type": "literal", "value": "Czechoslovakia"}, "predicateLabel": {"xml:lang": "en", "type": "literal", "value": "country of citizenship"}}, {"subjectLabel": {"xml:lang": "en", "type": "literal", "value": "Alois Fischer"}, "object": {"type": "uri", "value": "http://www.wikidata.org/entity/Q131964"}, "objectLabel": {"xml:lang": "en", "type": "literal", "value": "Austrian Empire"}, "predicateLabel": {"xml:lang": "en", "type": "literal", "value": "country of citizenship"}}, {"subjectLabel": {"xml:lang": "en", "type": "literal", "value": "Alois Fischer"}, "object": {"type": "uri", "value": "http://www.wikidata.org/entity/Q575207"}, "objectLabel": {"xml:lang": "en", "type": "literal", "value": "Alois"}, "predicateLabel": {"xml:lang": "en", "type": "literal", "value": "given name"}}, {"subjectLabel": {"xml:lang": "en", "type": "literal", "value": "Alois Fischer"}, "object": {"type": "uri", "value": "http://www.wikidata.org/entity/Q1810377"}, "objectLabel": {"xml:lang": "en", "type": "literal", "value": "Zbraslavice"}, "predicateLabel": {"xml:lang": "en", "type": "literal", "value": "place of birth"}}, {"subjectLabel": {"xml:lang": "en", "type": "literal", "value": "Alois Fischer"}, "object": {"type": "uri", "value": "http://www.wikidata.org/entity/Q6581097"}, "objectLabel": {"xml:lang": "en", "type": "literal", "value": "male"}, "predicateLabel": {"xml:lang": "en", "type": "literal", "value": "sex or gender"}}, {"subjectLabel": {"xml:lang": "en", "type": "literal", "value": "Alois Fischer"}, "object": {"type": "uri", "value": "http://www.wikidata.org/entity/Q11231408"}, "objectLabel": {"xml:lang": "en", "type": "literal", "value": "Fischer"}, "predicateLabel": {"xml:lang": "en", "type": "literal", "value": "family name"}}], "Q18507589": [{"subjectLabel": {"xml:lang": "en", "type": "literal", "value": "Alois Thuma"}, "object": {"type": "uri", "value": "http://www.wikidata.org/entity/Q5"}, "objectLabel": {"xml:lang": "en", "type": "literal", "value": "human"}, "predicateLabel": {"xml:lang": "en", "type": "literal", "value": "instance of"}}, {"subjectLabel": {"xml:lang": "en", "type": "literal", "value": "Alois Thuma"}, "object": {"type": "uri", "value": "http://www.wikidata.org/entity/Q36180"}, "objectLabel": {"xml:lang": "en", "type": "literal", "value": "writer"}, "predicateLabel": {"xml:lang": "en", "type": "literal", "value": "occupation"}}, {"subjectLabel": {"xml:lang": "en", "type": "literal", "value": "Alois Thuma"}, "object": {"type": "uri", "value": "http://www.wikidata.org/entity/Q37226"}, "objectLabel": {"xml:lang": "en", "type": "literal", "value": "teacher"}, "predicateLabel": {"xml:lang": "en", "type": "literal", "value": "occupation"}}, {"subjectLabel": {"xml:lang": "en", "type": "literal", "value": "Alois Thuma"}, "object": {"type": "uri", "value": "http://www.wikidata.org/entity/Q6051619"}, "objectLabel": {"xml:lang": "en", "type": "literal", "value": "opinion journalist"}, "predicateLabel": {"xml:lang": "en", "type": "literal", "value": "occupation"}}, {"subjectLabel": {"xml:lang": "en", "type": "literal", "value": "Alois Thuma"}, "object": {"type": "uri", "value": "http://www.wikidata.org/entity/Q575207"}, "objectLabel": {"xml:lang": "en", "type": "literal", "value": "Alois"}, "predicateLabel": {"xml:lang": "en", "type": "literal", "value": "given name"}}, {"subjectLabel": {"xml:lang": "en", "type": "literal", "value": "Alois Thuma"}, "object": {"type": "uri", "value": "http://www.wikidata.org/entity/Q37573883"}, "objectLabel": {"xml:lang": "en", "type": "literal", "value": "Thuma"}, "predicateLabel": {"xml:lang": "en", "type": "literal", "value": "family name"}}, {"subjectLabel": {"xml:lang": "en", "type": "literal", "value": "Alois Thuma"}, "object": {"type": "uri", "value": "http://www.wikidata.org/entity/Q986070"}, "objectLabel": {"xml:lang": "en", "type": "literal", "value": "Chrudim"}, "predicateLabel": {"xml:lang": "en", "type": "literal", "value": "place of birth"}}, {"subjectLabel": {"xml:lang": "en", "type": "literal", "value": "Alois Thuma"}, "object": {"type": "uri", "value": "http://www.wikidata.org/entity/Q96735938"}, "objectLabel": {"xml:lang": "en", "type": "literal", "value": "Obraz \u010dinnosti liter\u00e1rn\u00ed u\u010ditelstva \u010deskoslovansk\u00e9ho za posledn\u00edch 100 let"}, "predicateLabel": {"xml:lang": "en", "type": "literal", "value": "described by source"}}, {"subjectLabel": {"xml:lang": "en", "type": "literal", "value": "Alois Thuma"}, "object": {"type": "uri", "value": "http://www.wikidata.org/entity/Q6581097"}, "objectLabel": {"xml:lang": "en", "type": "literal", "value": "male"}, "predicateLabel": {"xml:lang": "en", "type": "literal", "value": "sex or gender"}}, {"subjectLabel": {"xml:lang": "en", "type": "literal", "value": "Alois Thuma"}, "object": {"type": "uri", "value": "http://www.wikidata.org/entity/Q986070"}, "objectLabel": {"xml:lang": "en", "type": "literal", "value": "Chrudim"}, "predicateLabel": {"xml:lang": "en", "type": "literal", "value": "place of death"}}], "Q362154": [{"subjectLabel": {"xml:lang": "en", "type": "literal", "value": "Adolf Heyduk"}, "object": {"type": "uri", "value": "http://www.wikidata.org/entity/Q5"}, "objectLabel": {"xml:lang": "en", "type": "literal", "value": "human"}, "predicateLabel": {"xml:lang": "en", "type": "literal", "value": "instance of"}}, {"subjectLabel": {"xml:lang": "en", "type": "literal", "value": "Adolf Heyduk"}, "object": {"type": "uri", "value": "http://www.wikidata.org/entity/Q33946"}, "objectLabel": {"xml:lang": "en", "type": "literal", "value": "Czechoslovakia"}, "predicateLabel": {"xml:lang": "en", "type": "literal", "value": "country of citizenship"}}, {"subjectLabel": {"xml:lang": "en", "type": "literal", "value": "Adolf Heyduk"}, "object": {"type": "uri", "value": "http://www.wikidata.org/entity/Q9056"}, "objectLabel": {"xml:lang": "en", "type": "literal", "value": "Czech"}, "predicateLabel": {"xml:lang": "en", "type": "literal", "value": "languages spoken, written or signed"}}, {"subjectLabel": {"xml:lang": "en", "type": "literal", "value": "Adolf Heyduk"}, "object": {"type": "uri", "value": "http://www.wikidata.org/entity/Q37226"}, "objectLabel": {"xml:lang": "en", "type": "literal", "value": "teacher"}, "predicateLabel": {"xml:lang": "en", "type": "literal", "value": "occupation"}}, {"subjectLabel": {"xml:lang": "en", "type": "literal", "value": "Adolf Heyduk"}, "object": {"type": "uri", "value": "http://www.wikidata.org/entity/Q49757"}, "objectLabel": {"xml:lang": "en", "type": "literal", "value": "poet"}, "predicateLabel": {"xml:lang": "en", "type": "literal", "value": "occupation"}}, {"subjectLabel": {"xml:lang": "en", "type": "literal", "value": "Adolf Heyduk"}, "object": {"type": "uri", "value": "http://www.wikidata.org/entity/Q602358"}, "objectLabel": {"xml:lang": "en", "type": "literal", "value": "Brockhaus and Efron Encyclopedic Dictionary"}, "predicateLabel": {"xml:lang": "en", "type": "literal", "value": "described by source"}}, {"subjectLabel": {"xml:lang": "en", "type": "literal", "value": "Adolf Heyduk"}, "object": {"type": "uri", "value": "http://www.wikidata.org/entity/Q2041543"}, "objectLabel": {"xml:lang": "en", "type": "literal", "value": "Ott\u016fv slovn\u00edk nau\u010dn\u00fd"}, "predicateLabel": {"xml:lang": "en", "type": "literal", "value": "described by source"}}, {"subjectLabel": {"xml:lang": "en", "type": "literal", "value": "Adolf Heyduk"}, "object": {"type": "uri", "value": "http://www.wikidata.org/entity/Q117831991"}, "objectLabel": {"xml:lang": "en", "type": "literal", "value": "Lexikon \u010desk\u00e9 literatury. Osobnosti, d\u00edla, instituce"}, "predicateLabel": {"xml:lang": "en", "type": "literal", "value": "described by source"}}, {"subjectLabel": {"xml:lang": "en", "type": "literal", "value": "Adolf Heyduk"}, "object": {"type": "uri", "value": "http://www.wikidata.org/entity/Q108764506"}, "objectLabel": {"xml:lang": "en", "type": "literal", "value": "History of Everyday Life Database"}, "predicateLabel": {"xml:lang": "en", "type": "literal", "value": "described by source"}}, {"subjectLabel": {"xml:lang": "en", "type": "literal", "value": "Adolf Heyduk"}, "object": {"type": "uri", "value": "http://www.wikidata.org/entity/Q67311526"}, "objectLabel": {"xml:lang": "en", "type": "literal", "value": "Obalky knih.cz"}, "predicateLabel": {"xml:lang": "en", "type": "literal", "value": "described by source"}}, {"subjectLabel": {"xml:lang": "en", "type": "literal", "value": "Adolf Heyduk"}, "object": {"type": "uri", "value": "http://www.wikidata.org/entity/Q535899"}, "objectLabel": {"xml:lang": "en", "type": "literal", "value": "P\u0159edhrad\u00ed"}, "predicateLabel": {"xml:lang": "en", "type": "literal", "value": "place of birth"}}, {"subjectLabel": {"xml:lang": "en", "type": "literal", "value": "Adolf Heyduk"}, "object": {"type": "uri", "value": "http://www.wikidata.org/entity/Q6581097"}, "objectLabel": {"xml:lang": "en", "type": "literal", "value": "male"}, "predicateLabel": {"xml:lang": "en", "type": "literal", "value": "sex or gender"}}, {"subjectLabel": {"xml:lang": "en", "type": "literal", "value": "Adolf Heyduk"}, "object": {"type": "uri", "value": "http://www.wikidata.org/entity/Q18145837"}, "objectLabel": {"xml:lang": "en", "type": "literal", "value": "Adolf"}, "predicateLabel": {"xml:lang": "en", "type": "literal", "value": "given name"}}, {"subjectLabel": {"xml:lang": "en", "type": "literal", "value": "Adolf Heyduk"}, "object": {"type": "uri", "value": "http://www.wikidata.org/entity/Q4134816"}, "objectLabel": {"xml:lang": "en", "type": "literal", "value": "Heyduk"}, "predicateLabel": {"xml:lang": "en", "type": "literal", "value": "family name"}}, {"subjectLabel": {"xml:lang": "en", "type": "literal", "value": "Adolf Heyduk"}, "object": {"type": "uri", "value": "http://www.wikidata.org/entity/Q16271072"}, "objectLabel": {"xml:lang": "en", "type": "literal", "value": "Category:Adolf Heyduk"}, "predicateLabel": {"xml:lang": "en", "type": "literal", "value": "topic's main category"}}, {"subjectLabel": {"xml:lang": "en", "type": "literal", "value": "Adolf Heyduk"}, "object": {"type": "uri", "value": "http://www.wikidata.org/entity/Q36180"}, "objectLabel": {"xml:lang": "en", "type": "literal", "value": "writer"}, "predicateLabel": {"xml:lang": "en", "type": "literal", "value": "occupation"}}, {"subjectLabel": {"xml:lang": "en", "type": "literal", "value": "Adolf Heyduk"}, "object": {"type": "uri", "value": "http://www.wikidata.org/entity/Q19098835"}, "objectLabel": {"xml:lang": "en", "type": "literal", "value": "Library of the World's Best Literature"}, "predicateLabel": {"xml:lang": "en", "type": "literal", "value": "described by source"}}, {"subjectLabel": {"xml:lang": "en", "type": "literal", "value": "Adolf Heyduk"}, "object": {"type": "uri", "value": "http://www.wikidata.org/entity/Q20078554"}, "objectLabel": {"xml:lang": "en", "type": "literal", "value": "Great Soviet Encyclopedia (1926\u20131947)"}, "predicateLabel": {"xml:lang": "en", "type": "literal", "value": "described by source"}}, {"subjectLabel": {"xml:lang": "en", "type": "literal", "value": "Adolf Heyduk"}, "object": {"type": "uri", "value": "http://www.wikidata.org/entity/Q11087861"}, "objectLabel": {"xml:lang": "en", "type": "literal", "value": "Pr\u00e1che\u0148sk\u00e9 muzeum"}, "predicateLabel": {"xml:lang": "en", "type": "literal", "value": "personal library at"}}, {"subjectLabel": {"xml:lang": "en", "type": "literal", "value": "Adolf Heyduk"}, "object": {"type": "uri", "value": "http://www.wikidata.org/entity/Q50359336"}, "objectLabel": {"xml:lang": "en", "type": "literal", "value": "Jaroslav Heyduk"}, "predicateLabel": {"xml:lang": "en", "type": "literal", "value": "relative"}}, {"subjectLabel": {"xml:lang": "en", "type": "literal", "value": "Adolf Heyduk"}, "object": {"type": "uri", "value": "http://www.wikidata.org/entity/Q158245"}, "objectLabel": {"xml:lang": "en", "type": "literal", "value": "P\u00edsek"}, "predicateLabel": {"xml:lang": "en", "type": "literal", "value": "place of death"}}, {"subjectLabel": {"xml:lang": "en", "type": "literal", "value": "Adolf Heyduk"}, "object": {"type": "uri", "value": "http://www.wikidata.org/entity/Q118967"}, "objectLabel": {"xml:lang": "en", "type": "literal", "value": "Vy\u0161ehrad cemetery"}, "predicateLabel": {"xml:lang": "en", "type": "literal", "value": "place of burial"}}], "Q461104": [{"subjectLabel": {"xml:lang": "en", "type": "literal", "value": "Jaroslav Vrchlick\u00fd"}, "object": {"type": "uri", "value": "http://www.wikidata.org/entity/Q5979897"}, "objectLabel": {"xml:lang": "en", "type": "literal", "value": "Museum of Czech Literature"}, "predicateLabel": {"xml:lang": "en", "type": "literal", "value": "personal library at"}}, {"subjectLabel": {"xml:lang": "en", "type": "literal", "value": "Jaroslav Vrchlick\u00fd"}, "object": {"type": "uri", "value": "http://www.wikidata.org/entity/Q150"}, "objectLabel": {"xml:lang": "en", "type": "literal", "value": "French"}, "predicateLabel": {"xml:lang": "en", "type": "literal", "value": "languages spoken, written or signed"}}, {"subjectLabel": {"xml:lang": "en", "type": "literal", "value": "Jaroslav Vrchlick\u00fd"}, "object": {"type": "uri", "value": "http://www.wikidata.org/entity/Q5"}, "objectLabel": {"xml:lang": "en", "type": "literal", "value": "human"}, "predicateLabel": {"xml:lang": "en", "type": "literal", "value": "instance of"}}, {"subjectLabel": {"xml:lang": "en", "type": "literal", "value": "Jaroslav Vrchlick\u00fd"}, "object": {"type": "uri", "value": "http://www.wikidata.org/entity/Q482"}, "objectLabel": {"xml:lang": "en", "type": "literal", "value": "poetry"}, "predicateLabel": {"xml:lang": "en", "type": "literal", "value": "field of work"}}, {"subjectLabel": {"xml:lang": "en", "type": "literal", "value": "Jaroslav Vrchlick\u00fd"}, "object": {"type": "uri", "value": "http://www.wikidata.org/entity/Q150"}, "objectLabel": {"xml:lang": "en", "type": "literal", "value": "French"}, "predicateLabel": {"xml:lang": "en", "type": "literal", "value": "writing language"}}, {"subjectLabel": {"xml:lang": "en", "type": "literal", "value": "Jaroslav Vrchlick\u00fd"}, "object": {"type": "uri", "value": "http://www.wikidata.org/entity/Q8242"}, "objectLabel": {"xml:lang": "en", "type": "literal", "value": "literature"}, "predicateLabel": {"xml:lang": "en", "type": "literal", "value": "field of work"}}, {"subjectLabel": {"xml:lang": "en", "type": "literal", "value": "Jaroslav Vrchlick\u00fd"}, "object": {"type": "uri", "value": "http://www.wikidata.org/entity/Q9056"}, "objectLabel": {"xml:lang": "en", "type": "literal", "value": "Czech"}, "predicateLabel": {"xml:lang": "en", "type": "literal", "value": "native language"}}, {"subjectLabel": {"xml:lang": "en", "type": "literal", "value": "Jaroslav Vrchlick\u00fd"}, "object": {"type": "uri", "value": "http://www.wikidata.org/entity/Q652"}, "objectLabel": {"xml:lang": "en", "type": "literal", "value": "Italian"}, "predicateLabel": {"xml:lang": "en", "type": "literal", "value": "languages spoken, written or signed"}}, {"subjectLabel": {"xml:lang": "en", "type": "literal", "value": "Jaroslav Vrchlick\u00fd"}, "object": {"type": "uri", "value": "http://www.wikidata.org/entity/Q42585"}, "objectLabel": {"xml:lang": "en", "type": "literal", "value": "Kingdom of Bohemia"}, "predicateLabel": {"xml:lang": "en", "type": "literal", "value": "country of citizenship"}}, {"subjectLabel": {"xml:lang": "en", "type": "literal", "value": "Jaroslav Vrchlick\u00fd"}, "object": {"type": "uri", "value": "http://www.wikidata.org/entity/Q36180"}, "objectLabel": {"xml:lang": "en", "type": "literal", "value": "writer"}, "predicateLabel": {"xml:lang": "en", "type": "literal", "value": "occupation"}}, {"subjectLabel": {"xml:lang": "en", "type": "literal", "value": "Jaroslav Vrchlick\u00fd"}, "object": {"type": "uri", "value": "http://www.wikidata.org/entity/Q82955"}, "objectLabel": {"xml:lang": "en", "type": "literal", "value": "politician"}, "predicateLabel": {"xml:lang": "en", "type": "literal", "value": "occupation"}}, {"subjectLabel": {"xml:lang": "en", "type": "literal", "value": "Jaroslav Vrchlick\u00fd"}, "object": {"type": "uri", "value": "http://www.wikidata.org/entity/Q49757"}, "objectLabel": {"xml:lang": "en", "type": "literal", "value": "poet"}, "predicateLabel": {"xml:lang": "en", "type": "literal", "value": "occupation"}}, {"subjectLabel": {"xml:lang": "en", "type": "literal", "value": "Jaroslav Vrchlick\u00fd"}, "object": {"type": "uri", "value": "http://www.wikidata.org/entity/Q487596"}, "objectLabel": {"xml:lang": "en", "type": "literal", "value": "dramaturge"}, "predicateLabel": {"xml:lang": "en", "type": "literal", "value": "occupation"}}, {"subjectLabel": {"xml:lang": "en", "type": "literal", "value": "Jaroslav Vrchlick\u00fd"}, "object": {"type": "uri", "value": "http://www.wikidata.org/entity/Q214917"}, "objectLabel": {"xml:lang": "en", "type": "literal", "value": "playwright"}, "predicateLabel": {"xml:lang": "en", "type": "literal", "value": "occupation"}}, {"subjectLabel": {"xml:lang": "en", "type": "literal", "value": "Jaroslav Vrchlick\u00fd"}, "object": {"type": "uri", "value": "http://www.wikidata.org/entity/Q188"}, "objectLabel": {"xml:lang": "en", "type": "literal", "value": "German"}, "predicateLabel": {"xml:lang": "en", "type": "literal", "value": "languages spoken, written or signed"}}, {"subjectLabel": {"xml:lang": "en", "type": "literal", "value": "Jaroslav Vrchlick\u00fd"}, "object": {"type": "uri", "value": "http://www.wikidata.org/entity/Q1622272"}, "objectLabel": {"xml:lang": "en", "type": "literal", "value": "university teacher"}, "predicateLabel": {"xml:lang": "en", "type": "literal", "value": "occupation"}}, {"subjectLabel": {"xml:lang": "en", "type": "literal", "value": "Jaroslav Vrchlick\u00fd"}, "object": {"type": "uri", "value": "http://www.wikidata.org/entity/Q809"}, "objectLabel": {"xml:lang": "en", "type": "literal", "value": "Polish"}, "predicateLabel": {"xml:lang": "en", "type": "literal", "value": "languages spoken, written or signed"}}, {"subjectLabel": {"xml:lang": "en", "type": "literal", "value": "Jaroslav Vrchlick\u00fd"}, "object": {"type": "uri", "value": "http://www.wikidata.org/entity/Q37226"}, "objectLabel": {"xml:lang": "en", "type": "literal", "value": "teacher"}, "predicateLabel": {"xml:lang": "en", "type": "literal", "value": "occupation"}}, {"subjectLabel": {"xml:lang": "en", "type": "literal", "value": "Jaroslav Vrchlick\u00fd"}, "object": {"type": "uri", "value": "http://www.wikidata.org/entity/Q1321"}, "objectLabel": {"xml:lang": "en", "type": "literal", "value": "Spanish"}, "predicateLabel": {"xml:lang": "en", "type": "literal", "value": "languages spoken, written or signed"}}, {"subjectLabel": {"xml:lang": "en", "type": "literal", "value": "Jaroslav Vrchlick\u00fd"}, "object": {"type": "uri", "value": "http://www.wikidata.org/entity/Q616877"}, "objectLabel": {"xml:lang": "en", "type": "literal", "value": "Louny"}, "predicateLabel": {"xml:lang": "en", "type": "literal", "value": "place of birth"}}, {"subjectLabel": {"xml:lang": "en", "type": "literal", "value": "Jaroslav Vrchlick\u00fd"}, "object": {"type": "uri", "value": "http://www.wikidata.org/entity/Q1930187"}, "objectLabel": {"xml:lang": "en", "type": "literal", "value": "journalist"}, "predicateLabel": {"xml:lang": "en", "type": "literal", "value": "occupation"}}, {"subjectLabel": {"xml:lang": "en", "type": "literal", "value": "Jaroslav Vrchlick\u00fd"}, "object": {"type": "uri", "value": "http://www.wikidata.org/entity/Q333634"}, "objectLabel": {"xml:lang": "en", "type": "literal", "value": "translator"}, "predicateLabel": {"xml:lang": "en", "type": "literal", "value": "occupation"}}, {"subjectLabel": {"xml:lang": "en", "type": "literal", "value": "Jaroslav Vrchlick\u00fd"}, "object": {"type": "uri", "value": "http://www.wikidata.org/entity/Q3562646"}, "objectLabel": {"xml:lang": "en", "type": "literal", "value": "Slav\u00edn"}, "predicateLabel": {"xml:lang": "en", "type": "literal", "value": "place of burial"}}, {"subjectLabel": {"xml:lang": "en", "type": "literal", "value": "Jaroslav Vrchlick\u00fd"}, "object": {"type": "uri", "value": "http://www.wikidata.org/entity/Q1231865"}, "objectLabel": {"xml:lang": "en", "type": "literal", "value": "pedagogue"}, "predicateLabel": {"xml:lang": "en", "type": "literal", "value": "occupation"}}, {"subjectLabel": {"xml:lang": "en", "type": "literal", "value": "Jaroslav Vrchlick\u00fd"}, "object": {"type": "uri", "value": "http://www.wikidata.org/entity/Q1860"}, "objectLabel": {"xml:lang": "en", "type": "literal", "value": "English"}, "predicateLabel": {"xml:lang": "en", "type": "literal", "value": "languages spoken, written or signed"}}, {"subjectLabel": {"xml:lang": "en", "type": "literal", "value": "Jaroslav Vrchlick\u00fd"}, "object": {"type": "uri", "value": "http://www.wikidata.org/entity/Q8178443"}, "objectLabel": {"xml:lang": "en", "type": "literal", "value": "librettist"}, "predicateLabel": {"xml:lang": "en", "type": "literal", "value": "occupation"}}, {"subjectLabel": {"xml:lang": "en", "type": "literal", "value": "Jaroslav Vrchlick\u00fd"}, "object": {"type": "uri", "value": "http://www.wikidata.org/entity/Q986068"}, "objectLabel": {"xml:lang": "en", "type": "literal", "value": "Doma\u017elice"}, "predicateLabel": {"xml:lang": "en", "type": "literal", "value": "place of death"}}, {"subjectLabel": {"xml:lang": "en", "type": "literal", "value": "Jaroslav Vrchlick\u00fd"}, "object": {"type": "uri", "value": "http://www.wikidata.org/entity/Q67653663"}, "objectLabel": {"xml:lang": "en", "type": "literal", "value": "Member of the House of Lords (Austria)"}, "predicateLabel": {"xml:lang": "en", "type": "literal", "value": "position held"}}, {"subjectLabel": {"xml:lang": "en", "type": "literal", "value": "Jaroslav Vrchlick\u00fd"}, "object": {"type": "uri", "value": "http://www.wikidata.org/entity/Q4263842"}, "objectLabel": {"xml:lang": "en", "type": "literal", "value": "literary critic"}, "predicateLabel": {"xml:lang": "en", "type": "literal", "value": "occupation"}}, {"subjectLabel": {"xml:lang": "en", "type": "literal", "value": "Jaroslav Vrchlick\u00fd"}, "object": {"type": "uri", "value": "http://www.wikidata.org/entity/Q3563550"}, "objectLabel": {"xml:lang": "en", "type": "literal", "value": "Faculty of Arts, Charles University in Prague"}, "predicateLabel": {"xml:lang": "en", "type": "literal", "value": "educated at"}}, {"subjectLabel": {"xml:lang": "en", "type": "literal", "value": "Jaroslav Vrchlick\u00fd"}, "object": {"type": "uri", "value": "http://www.wikidata.org/entity/Q6581097"}, "objectLabel": {"xml:lang": "en", "type": "literal", "value": "male"}, "predicateLabel": {"xml:lang": "en", "type": "literal", "value": "sex or gender"}}, {"subjectLabel": {"xml:lang": "en", "type": "literal", "value": "Jaroslav Vrchlick\u00fd"}, "object": {"type": "uri", "value": "http://www.wikidata.org/entity/Q9067"}, "objectLabel": {"xml:lang": "en", "type": "literal", "value": "Hungarian"}, "predicateLabel": {"xml:lang": "en", "type": "literal", "value": "languages spoken, written or signed"}}, {"subjectLabel": {"xml:lang": "en", "type": "literal", "value": "Jaroslav Vrchlick\u00fd"}, "object": {"type": "uri", "value": "http://www.wikidata.org/entity/Q9043"}, "objectLabel": {"xml:lang": "en", "type": "literal", "value": "Norwegian"}, "predicateLabel": {"xml:lang": "en", "type": "literal", "value": "languages spoken, written or signed"}}, {"subjectLabel": {"xml:lang": "en", "type": "literal", "value": "Jaroslav Vrchlick\u00fd"}, "object": {"type": "uri", "value": "http://www.wikidata.org/entity/Q3563550"}, "objectLabel": {"xml:lang": "en", "type": "literal", "value": "Faculty of Arts, Charles University in Prague"}, "predicateLabel": {"xml:lang": "en", "type": "literal", "value": "employer"}}, {"subjectLabel": {"xml:lang": "en", "type": "literal", "value": "Jaroslav Vrchlick\u00fd"}, "object": {"type": "uri", "value": "http://www.wikidata.org/entity/Q602358"}, "objectLabel": {"xml:lang": "en", "type": "literal", "value": "Brockhaus and Efron Encyclopedic Dictionary"}, "predicateLabel": {"xml:lang": "en", "type": "literal", "value": "described by source"}}, {"subjectLabel": {"xml:lang": "en", "type": "literal", "value": "Jaroslav Vrchlick\u00fd"}, "object": {"type": "uri", "value": "http://www.wikidata.org/entity/Q37922"}, "objectLabel": {"xml:lang": "en", "type": "literal", "value": "Nobel Prize in Literature"}, "predicateLabel": {"xml:lang": "en", "type": "literal", "value": "nominated for"}}, {"subjectLabel": {"xml:lang": "en", "type": "literal", "value": "Jaroslav Vrchlick\u00fd"}, "object": {"type": "uri", "value": "http://www.wikidata.org/entity/Q11081098"}, "objectLabel": {"xml:lang": "en", "type": "literal", "value": "Eva Vrchlick\u00e1"}, "predicateLabel": {"xml:lang": "en", "type": "literal", "value": "child"}}, {"subjectLabel": {"xml:lang": "en", "type": "literal", "value": "Jaroslav Vrchlick\u00fd"}, "object": {"type": "uri", "value": "http://www.wikidata.org/entity/Q665807"}, "objectLabel": {"xml:lang": "en", "type": "literal", "value": "Biographisches Lexikon des Kaiserthums Oesterreich"}, "predicateLabel": {"xml:lang": "en", "type": "literal", "value": "described by source"}}, {"subjectLabel": {"xml:lang": "en", "type": "literal", "value": "Jaroslav Vrchlick\u00fd"}, "object": {"type": "uri", "value": "http://www.wikidata.org/entity/Q678259"}, "objectLabel": {"xml:lang": "en", "type": "literal", "value": "Nordisk familjebok"}, "predicateLabel": {"xml:lang": "en", "type": "literal", "value": "described by source"}}, {"subjectLabel": {"xml:lang": "en", "type": "literal", "value": "Jaroslav Vrchlick\u00fd"}, "object": {"type": "uri", "value": "http://www.wikidata.org/entity/Q35000543"}, "objectLabel": {"xml:lang": "en", "type": "literal", "value": "Jaroslav"}, "predicateLabel": {"xml:lang": "en", "type": "literal", "value": "given name"}}, {"subjectLabel": {"xml:lang": "en", "type": "literal", "value": "Jaroslav Vrchlick\u00fd"}, "object": {"type": "uri", "value": "http://www.wikidata.org/entity/Q4173137"}, "objectLabel": {"xml:lang": "en", "type": "literal", "value": "Jewish Encyclopedia of Brockhaus and Efron"}, "predicateLabel": {"xml:lang": "en", "type": "literal", "value": "described by source"}}, {"subjectLabel": {"xml:lang": "en", "type": "literal", "value": "Jaroslav Vrchlick\u00fd"}, "object": {"type": "uri", "value": "http://www.wikidata.org/entity/Q3509860"}, "objectLabel": {"xml:lang": "en", "type": "literal", "value": "Sofie Podlipsk\u00e1"}, "predicateLabel": {"xml:lang": "en", "type": "literal", "value": "relative"}}, {"subjectLabel": {"xml:lang": "en", "type": "literal", "value": "Jaroslav Vrchlick\u00fd"}, "object": {"type": "uri", "value": "http://www.wikidata.org/entity/Q14467526"}, "objectLabel": {"xml:lang": "en", "type": "literal", "value": "linguist"}, "predicateLabel": {"xml:lang": "en", "type": "literal", "value": "occupation"}}, {"subjectLabel": {"xml:lang": "en", "type": "literal", "value": "Jaroslav Vrchlick\u00fd"}, "object": {"type": "uri", "value": "http://www.wikidata.org/entity/Q4492702"}, "objectLabel": {"xml:lang": "en", "type": "literal", "value": "Bed\u0159ich Frida"}, "predicateLabel": {"xml:lang": "en", "type": "literal", "value": "sibling"}}, {"subjectLabel": {"xml:lang": "en", "type": "literal", "value": "Jaroslav Vrchlick\u00fd"}, "object": {"type": "uri", "value": "http://www.wikidata.org/entity/Q12041001"}, "objectLabel": {"xml:lang": "en", "type": "literal", "value": "Noc na Karl\u0161tejn\u011b"}, "predicateLabel": {"xml:lang": "en", "type": "literal", "value": "notable work"}}, {"subjectLabel": {"xml:lang": "en", "type": "literal", "value": "Jaroslav Vrchlick\u00fd"}, "object": {"type": "uri", "value": "http://www.wikidata.org/entity/Q16163531"}, "objectLabel": {"xml:lang": "en", "type": "literal", "value": "Selsk\u00e9 ballady"}, "predicateLabel": {"xml:lang": "en", "type": "literal", "value": "notable work"}}, {"subjectLabel": {"xml:lang": "en", "type": "literal", "value": "Jaroslav Vrchlick\u00fd"}, "object": {"type": "uri", "value": "http://www.wikidata.org/entity/Q11940803"}, "objectLabel": {"xml:lang": "en", "type": "literal", "value": "Vrchlick\u00fd"}, "predicateLabel": {"xml:lang": "en", "type": "literal", "value": "family name"}}, {"subjectLabel": {"xml:lang": "en", "type": "literal", "value": "Jaroslav Vrchlick\u00fd"}, "object": {"type": "uri", "value": "http://www.wikidata.org/entity/Q9056"}, "objectLabel": {"xml:lang": "en", "type": "literal", "value": "Czech"}, "predicateLabel": {"xml:lang": "en", "type": "literal", "value": "languages spoken, written or signed"}}, {"subjectLabel": {"xml:lang": "en", "type": "literal", "value": "Jaroslav Vrchlick\u00fd"}, "object": {"type": "uri", "value": "http://www.wikidata.org/entity/Q117831991"}, "objectLabel": {"xml:lang": "en", "type": "literal", "value": "Lexikon \u010desk\u00e9 literatury. Osobnosti, d\u00edla, instituce"}, "predicateLabel": {"xml:lang": "en", "type": "literal", "value": "described by source"}}, {"subjectLabel": {"xml:lang": "en", "type": "literal", "value": "Jaroslav Vrchlick\u00fd"}, "object": {"type": "uri", "value": "http://www.wikidata.org/entity/Q108764506"}, "objectLabel": {"xml:lang": "en", "type": "literal", "value": "History of Everyday Life Database"}, "predicateLabel": {"xml:lang": "en", "type": "literal", "value": "described by source"}}, {"subjectLabel": {"xml:lang": "en", "type": "literal", "value": "Jaroslav Vrchlick\u00fd"}, "object": {"type": "uri", "value": "http://www.wikidata.org/entity/Q19180675"}, "objectLabel": {"xml:lang": "en", "type": "literal", "value": "Small Brockhaus and Efron Encyclopedic Dictionary"}, "predicateLabel": {"xml:lang": "en", "type": "literal", "value": "described by source"}}, {"subjectLabel": {"xml:lang": "en", "type": "literal", "value": "Jaroslav Vrchlick\u00fd"}, "object": {"type": "uri", "value": "http://www.wikidata.org/entity/Q9056"}, "objectLabel": {"xml:lang": "en", "type": "literal", "value": "Czech"}, "predicateLabel": {"xml:lang": "en", "type": "literal", "value": "writing language"}}, {"subjectLabel": {"xml:lang": "en", "type": "literal", "value": "Jaroslav Vrchlick\u00fd"}, "object": {"type": "uri", "value": "http://www.wikidata.org/entity/Q99413897"}, "objectLabel": {"xml:lang": "en", "type": "literal", "value": "Medvik"}, "predicateLabel": {"xml:lang": "en", "type": "literal", "value": "described by source"}}, {"subjectLabel": {"xml:lang": "en", "type": "literal", "value": "Jaroslav Vrchlick\u00fd"}, "object": {"type": "uri", "value": "http://www.wikidata.org/entity/Q67311526"}, "objectLabel": {"xml:lang": "en", "type": "literal", "value": "Obalky knih.cz"}, "predicateLabel": {"xml:lang": "en", "type": "literal", "value": "described by source"}}, {"subjectLabel": {"xml:lang": "en", "type": "literal", "value": "Jaroslav Vrchlick\u00fd"}, "object": {"type": "uri", "value": "http://www.wikidata.org/entity/Q9476079"}, "objectLabel": {"xml:lang": "en", "type": "literal", "value": "Category:Jaroslav Vrchlick\u00fd"}, "predicateLabel": {"xml:lang": "en", "type": "literal", "value": "topic's main category"}}, {"subjectLabel": {"xml:lang": "en", "type": "literal", "value": "Jaroslav Vrchlick\u00fd"}, "object": {"type": "uri", "value": "http://www.wikidata.org/entity/Q11415564"}, "objectLabel": {"xml:lang": "en", "type": "literal", "value": "honorary doctorate"}, "predicateLabel": {"xml:lang": "en", "type": "literal", "value": "award received"}}, {"subjectLabel": {"xml:lang": "en", "type": "literal", "value": "Jaroslav Vrchlick\u00fd"}, "object": {"type": "uri", "value": "http://www.wikidata.org/entity/Q7940581"}, "objectLabel": {"xml:lang": "en", "type": "literal", "value": "Myrtil Fr\u00edda"}, "predicateLabel": {"xml:lang": "en", "type": "literal", "value": "relative"}}, {"subjectLabel": {"xml:lang": "en", "type": "literal", "value": "Jaroslav Vrchlick\u00fd"}, "object": {"type": "uri", "value": "http://www.wikidata.org/entity/Q71887839"}, "objectLabel": {"xml:lang": "en", "type": "literal", "value": "copyrights on works have expired"}, "predicateLabel": {"xml:lang": "en", "type": "literal", "value": "copyright status as a creator"}}, {"subjectLabel": {"xml:lang": "en", "type": "literal", "value": "Jaroslav Vrchlick\u00fd"}, "object": {"type": "uri", "value": "http://www.wikidata.org/entity/Q92190682"}, "objectLabel": {"xml:lang": "en", "type": "literal", "value": "Ludmila Vrchlick\u00e1"}, "predicateLabel": {"xml:lang": "en", "type": "literal", "value": "spouse"}}, {"subjectLabel": {"xml:lang": "en", "type": "literal", "value": "Jaroslav Vrchlick\u00fd"}, "object": {"type": "uri", "value": "http://www.wikidata.org/entity/Q115160303"}, "objectLabel": {"xml:lang": "en", "type": "literal", "value": "translating activity"}, "predicateLabel": {"xml:lang": "en", "type": "literal", "value": "field of work"}}], "Q347471": [{"subjectLabel": {"xml:lang": "en", "type": "literal", "value": "Stjepan Radi\u0107"}, "object": {"type": "uri", "value": "http://www.wikidata.org/entity/Q6654"}, "objectLabel": {"xml:lang": "en", "type": "literal", "value": "Croatian"}, "predicateLabel": {"xml:lang": "en", "type": "literal", "value": "languages spoken, written or signed"}}, {"subjectLabel": {"xml:lang": "en", "type": "literal", "value": "Stjepan Radi\u0107"}, "object": {"type": "uri", "value": "http://www.wikidata.org/entity/Q7163"}, "objectLabel": {"xml:lang": "en", "type": "literal", "value": "politics"}, "predicateLabel": {"xml:lang": "en", "type": "literal", "value": "field of work"}}, {"subjectLabel": {"xml:lang": "en", "type": "literal", "value": "Stjepan Radi\u0107"}, "object": {"type": "uri", "value": "http://www.wikidata.org/entity/Q5"}, "objectLabel": {"xml:lang": "en", "type": "literal", "value": "human"}, "predicateLabel": {"xml:lang": "en", "type": "literal", "value": "instance of"}}, {"subjectLabel": {"xml:lang": "en", "type": "literal", "value": "Stjepan Radi\u0107"}, "object": {"type": "uri", "value": "http://www.wikidata.org/entity/Q1435"}, "objectLabel": {"xml:lang": "en", "type": "literal", "value": "Zagreb"}, "predicateLabel": {"xml:lang": "en", "type": "literal", "value": "place of death"}}, {"subjectLabel": {"xml:lang": "en", "type": "literal", "value": "Stjepan Radi\u0107"}, "object": {"type": "uri", "value": "http://www.wikidata.org/entity/Q36180"}, "objectLabel": {"xml:lang": "en", "type": "literal", "value": "writer"}, "predicateLabel": {"xml:lang": "en", "type": "literal", "value": "occupation"}}, {"subjectLabel": {"xml:lang": "en", "type": "literal", "value": "Stjepan Radi\u0107"}, "object": {"type": "uri", "value": "http://www.wikidata.org/entity/Q1112991"}, "objectLabel": {"xml:lang": "en", "type": "literal", "value": "Martinska Ves"}, "predicateLabel": {"xml:lang": "en", "type": "literal", "value": "place of birth"}}, {"subjectLabel": {"xml:lang": "en", "type": "literal", "value": "Stjepan Radi\u0107"}, "object": {"type": "uri", "value": "http://www.wikidata.org/entity/Q638194"}, "objectLabel": {"xml:lang": "en", "type": "literal", "value": "Croatian Peasant Party"}, "predicateLabel": {"xml:lang": "en", "type": "literal", "value": "member of political party"}}, {"subjectLabel": {"xml:lang": "en", "type": "literal", "value": "Stjepan Radi\u0107"}, "object": {"type": "uri", "value": "http://www.wikidata.org/entity/Q1262136"}, "objectLabel": {"xml:lang": "en", "type": "literal", "value": "Mirogoj Cemetery"}, "predicateLabel": {"xml:lang": "en", "type": "literal", "value": "place of burial"}}, {"subjectLabel": {"xml:lang": "en", "type": "literal", "value": "Stjepan Radi\u0107"}, "object": {"type": "uri", "value": "http://www.wikidata.org/entity/Q6581097"}, "objectLabel": {"xml:lang": "en", "type": "literal", "value": "male"}, "predicateLabel": {"xml:lang": "en", "type": "literal", "value": "sex or gender"}}, {"subjectLabel": {"xml:lang": "en", "type": "literal", "value": "Stjepan Radi\u0107"}, "object": {"type": "uri", "value": "http://www.wikidata.org/entity/Q533558"}, "objectLabel": {"xml:lang": "en", "type": "literal", "value": "Kingdom of Croatia-Slavonia"}, "predicateLabel": {"xml:lang": "en", "type": "literal", "value": "country of citizenship"}}, {"subjectLabel": {"xml:lang": "en", "type": "literal", "value": "Stjepan Radi\u0107"}, "object": {"type": "uri", "value": "http://www.wikidata.org/entity/Q2140674"}, "objectLabel": {"xml:lang": "en", "type": "literal", "value": "ballistic trauma"}, "predicateLabel": {"xml:lang": "en", "type": "literal", "value": "cause of death"}}, {"subjectLabel": {"xml:lang": "en", "type": "literal", "value": "Stjepan Radi\u0107"}, "object": {"type": "uri", "value": "http://www.wikidata.org/entity/Q15102440"}, "objectLabel": {"xml:lang": "en", "type": "literal", "value": "Kingdom of Serbs, Croats and Slovenes"}, "predicateLabel": {"xml:lang": "en", "type": "literal", "value": "country of citizenship"}}, {"subjectLabel": {"xml:lang": "en", "type": "literal", "value": "Stjepan Radi\u0107"}, "object": {"type": "uri", "value": "http://www.wikidata.org/entity/Q12803520"}, "objectLabel": {"xml:lang": "en", "type": "literal", "value": "Stjepan"}, "predicateLabel": {"xml:lang": "en", "type": "literal", "value": "given name"}}, {"subjectLabel": {"xml:lang": "en", "type": "literal", "value": "Stjepan Radi\u0107"}, "object": {"type": "uri", "value": "http://www.wikidata.org/entity/Q149086"}, "objectLabel": {"xml:lang": "en", "type": "literal", "value": "homicide"}, "predicateLabel": {"xml:lang": "en", "type": "literal", "value": "manner of death"}}, {"subjectLabel": {"xml:lang": "en", "type": "literal", "value": "Stjepan Radi\u0107"}, "object": {"type": "uri", "value": "http://www.wikidata.org/entity/Q21482660"}, "objectLabel": {"xml:lang": "en", "type": "literal", "value": "Radi\u0107"}, "predicateLabel": {"xml:lang": "en", "type": "literal", "value": "family name"}}, {"subjectLabel": {"xml:lang": "en", "type": "literal", "value": "Stjepan Radi\u0107"}, "object": {"type": "uri", "value": "http://www.wikidata.org/entity/Q17121439"}, "objectLabel": {"xml:lang": "en", "type": "literal", "value": "Category:Stjepan Radi\u0107"}, "predicateLabel": {"xml:lang": "en", "type": "literal", "value": "topic's main category"}}, {"subjectLabel": {"xml:lang": "en", "type": "literal", "value": "Stjepan Radi\u0107"}, "object": {"type": "uri", "value": "http://www.wikidata.org/entity/Q67311526"}, "objectLabel": {"xml:lang": "en", "type": "literal", "value": "Obalky knih.cz"}, "predicateLabel": {"xml:lang": "en", "type": "literal", "value": "described by source"}}, {"subjectLabel": {"xml:lang": "en", "type": "literal", "value": "Stjepan Radi\u0107"}, "object": {"type": "uri", "value": "http://www.wikidata.org/entity/Q859363"}, "objectLabel": {"xml:lang": "en", "type": "literal", "value": "Sciences Po"}, "predicateLabel": {"xml:lang": "en", "type": "literal", "value": "educated at"}}, {"subjectLabel": {"xml:lang": "en", "type": "literal", "value": "Stjepan Radi\u0107"}, "object": {"type": "uri", "value": "http://www.wikidata.org/entity/Q675848"}, "objectLabel": {"xml:lang": "en", "type": "literal", "value": "University of Zagreb"}, "predicateLabel": {"xml:lang": "en", "type": "literal", "value": "educated at"}}, {"subjectLabel": {"xml:lang": "en", "type": "literal", "value": "Stjepan Radi\u0107"}, "object": {"type": "uri", "value": "http://www.wikidata.org/entity/Q333634"}, "objectLabel": {"xml:lang": "en", "type": "literal", "value": "translator"}, "predicateLabel": {"xml:lang": "en", "type": "literal", "value": "occupation"}}, {"subjectLabel": {"xml:lang": "en", "type": "literal", "value": "Stjepan Radi\u0107"}, "object": {"type": "uri", "value": "http://www.wikidata.org/entity/Q82955"}, "objectLabel": {"xml:lang": "en", "type": "literal", "value": "politician"}, "predicateLabel": {"xml:lang": "en", "type": "literal", "value": "occupation"}}], "Q382358": [{"subjectLabel": {"xml:lang": "en", "type": "literal", "value": "Ladislav Franti\u0161ek \u010celakovsk\u00fd"}, "object": {"type": "uri", "value": "http://www.wikidata.org/entity/Q5"}, "objectLabel": {"xml:lang": "en", "type": "literal", "value": "human"}, "predicateLabel": {"xml:lang": "en", "type": "literal", "value": "instance of"}}, {"subjectLabel": {"xml:lang": "en", "type": "literal", "value": "Ladislav Franti\u0161ek \u010celakovsk\u00fd"}, "object": {"type": "uri", "value": "http://www.wikidata.org/entity/Q441"}, "objectLabel": {"xml:lang": "en", "type": "literal", "value": "botany"}, "predicateLabel": {"xml:lang": "en", "type": "literal", "value": "field of work"}}, {"subjectLabel": {"xml:lang": "en", "type": "literal", "value": "Ladislav Franti\u0161ek \u010celakovsk\u00fd"}, "object": {"type": "uri", "value": "http://www.wikidata.org/entity/Q1085"}, "objectLabel": {"xml:lang": "en", "type": "literal", "value": "Prague"}, "predicateLabel": {"xml:lang": "en", "type": "literal", "value": "place of death"}}, {"subjectLabel": {"xml:lang": "en", "type": "literal", "value": "Ladislav Franti\u0161ek \u010celakovsk\u00fd"}, "object": {"type": "uri", "value": "http://www.wikidata.org/entity/Q1085"}, "objectLabel": {"xml:lang": "en", "type": "literal", "value": "Prague"}, "predicateLabel": {"xml:lang": "en", "type": "literal", "value": "place of birth"}}, {"subjectLabel": {"xml:lang": "en", "type": "literal", "value": "Ladislav Franti\u0161ek \u010celakovsk\u00fd"}, "object": {"type": "uri", "value": "http://www.wikidata.org/entity/Q743785"}, "objectLabel": {"xml:lang": "en", "type": "literal", "value": "Ladislav Josef \u010celakovsk\u00fd"}, "predicateLabel": {"xml:lang": "en", "type": "literal", "value": "father"}}, {"subjectLabel": {"xml:lang": "en", "type": "literal", "value": "Ladislav Franti\u0161ek \u010celakovsk\u00fd"}, "object": {"type": "uri", "value": "http://www.wikidata.org/entity/Q28513"}, "objectLabel": {"xml:lang": "en", "type": "literal", "value": "Austria-Hungary"}, "predicateLabel": {"xml:lang": "en", "type": "literal", "value": "country of citizenship"}}, {"subjectLabel": {"xml:lang": "en", "type": "literal", "value": "Ladislav Franti\u0161ek \u010celakovsk\u00fd"}, "object": {"type": "uri", "value": "http://www.wikidata.org/entity/Q1160233"}, "objectLabel": {"xml:lang": "en", "type": "literal", "value": "Ladislav"}, "predicateLabel": {"xml:lang": "en", "type": "literal", "value": "given name"}}, {"subjectLabel": {"xml:lang": "en", "type": "literal", "value": "Ladislav Franti\u0161ek \u010celakovsk\u00fd"}, "object": {"type": "uri", "value": "http://www.wikidata.org/entity/Q1329478"}, "objectLabel": {"xml:lang": "en", "type": "literal", "value": "Czech Technical University in Prague"}, "predicateLabel": {"xml:lang": "en", "type": "literal", "value": "employer"}}, {"subjectLabel": {"xml:lang": "en", "type": "literal", "value": "Ladislav Franti\u0161ek \u010celakovsk\u00fd"}, "object": {"type": "uri", "value": "http://www.wikidata.org/entity/Q2374149"}, "objectLabel": {"xml:lang": "en", "type": "literal", "value": "botanist"}, "predicateLabel": {"xml:lang": "en", "type": "literal", "value": "occupation"}}, {"subjectLabel": {"xml:lang": "en", "type": "literal", "value": "Ladislav Franti\u0161ek \u010celakovsk\u00fd"}, "object": {"type": "uri", "value": "http://www.wikidata.org/entity/Q2487799"}, "objectLabel": {"xml:lang": "en", "type": "literal", "value": "mycologist"}, "predicateLabel": {"xml:lang": "en", "type": "literal", "value": "occupation"}}, {"subjectLabel": {"xml:lang": "en", "type": "literal", "value": "Ladislav Franti\u0161ek \u010celakovsk\u00fd"}, "object": {"type": "uri", "value": "http://www.wikidata.org/entity/Q6581097"}, "objectLabel": {"xml:lang": "en", "type": "literal", "value": "male"}, "predicateLabel": {"xml:lang": "en", "type": "literal", "value": "sex or gender"}}, {"subjectLabel": {"xml:lang": "en", "type": "literal", "value": "Ladislav Franti\u0161ek \u010celakovsk\u00fd"}, "object": {"type": "uri", "value": "http://www.wikidata.org/entity/Q3563550"}, "objectLabel": {"xml:lang": "en", "type": "literal", "value": "Faculty of Arts, Charles University in Prague"}, "predicateLabel": {"xml:lang": "en", "type": "literal", "value": "educated at"}}, {"subjectLabel": {"xml:lang": "en", "type": "literal", "value": "Ladislav Franti\u0161ek \u010celakovsk\u00fd"}, "object": {"type": "uri", "value": "http://www.wikidata.org/entity/Q21487804"}, "objectLabel": {"xml:lang": "en", "type": "literal", "value": "\u010celakovsk\u00fd"}, "predicateLabel": {"xml:lang": "en", "type": "literal", "value": "family name"}}, {"subjectLabel": {"xml:lang": "en", "type": "literal", "value": "Ladislav Franti\u0161ek \u010celakovsk\u00fd"}, "object": {"type": "uri", "value": "http://www.wikidata.org/entity/Q17121643"}, "objectLabel": {"xml:lang": "en", "type": "literal", "value": "Category:Ladislav Franti\u0161ek \u010celakovsk\u00fd"}, "predicateLabel": {"xml:lang": "en", "type": "literal", "value": "topic's main category"}}, {"subjectLabel": {"xml:lang": "en", "type": "literal", "value": "Ladislav Franti\u0161ek \u010celakovsk\u00fd"}, "object": {"type": "uri", "value": "http://www.wikidata.org/entity/Q2041543"}, "objectLabel": {"xml:lang": "en", "type": "literal", "value": "Ott\u016fv slovn\u00edk nau\u010dn\u00fd"}, "predicateLabel": {"xml:lang": "en", "type": "literal", "value": "described by source"}}, {"subjectLabel": {"xml:lang": "en", "type": "literal", "value": "Ladislav Franti\u0161ek \u010celakovsk\u00fd"}, "object": {"type": "uri", "value": "http://www.wikidata.org/entity/Q99413897"}, "objectLabel": {"xml:lang": "en", "type": "literal", "value": "Medvik"}, "predicateLabel": {"xml:lang": "en", "type": "literal", "value": "described by source"}}, {"subjectLabel": {"xml:lang": "en", "type": "literal", "value": "Ladislav Franti\u0161ek \u010celakovsk\u00fd"}, "object": {"type": "uri", "value": "http://www.wikidata.org/entity/Q67311526"}, "objectLabel": {"xml:lang": "en", "type": "literal", "value": "Obalky knih.cz"}, "predicateLabel": {"xml:lang": "en", "type": "literal", "value": "described by source"}}, {"subjectLabel": {"xml:lang": "en", "type": "literal", "value": "Ladislav Franti\u0161ek \u010celakovsk\u00fd"}, "object": {"type": "uri", "value": "http://www.wikidata.org/entity/Q112345614"}, "objectLabel": {"xml:lang": "en", "type": "literal", "value": "Louisa \u010celakovsk\u00e1"}, "predicateLabel": {"xml:lang": "en", "type": "literal", "value": "mother"}}], "Q17442002": [{"subjectLabel": {"xml:lang": "en", "type": "literal", "value": "Anton\u00edn S\u00fdkora"}, "object": {"type": "uri", "value": "http://www.wikidata.org/entity/Q5"}, "objectLabel": {"xml:lang": "en", "type": "literal", "value": "human"}, "predicateLabel": {"xml:lang": "en", "type": "literal", "value": "instance of"}}, {"subjectLabel": {"xml:lang": "en", "type": "literal", "value": "Anton\u00edn S\u00fdkora"}, "object": {"type": "uri", "value": "http://www.wikidata.org/entity/Q1085"}, "objectLabel": {"xml:lang": "en", "type": "literal", "value": "Prague"}, "predicateLabel": {"xml:lang": "en", "type": "literal", "value": "place of birth"}}, {"subjectLabel": {"xml:lang": "en", "type": "literal", "value": "Anton\u00edn S\u00fdkora"}, "object": {"type": "uri", "value": "http://www.wikidata.org/entity/Q170790"}, "objectLabel": {"xml:lang": "en", "type": "literal", "value": "mathematician"}, "predicateLabel": {"xml:lang": "en", "type": "literal", "value": "occupation"}}, {"subjectLabel": {"xml:lang": "en", "type": "literal", "value": "Anton\u00edn S\u00fdkora"}, "object": {"type": "uri", "value": "http://www.wikidata.org/entity/Q985465"}, "objectLabel": {"xml:lang": "en", "type": "literal", "value": "Rakovn\u00edk"}, "predicateLabel": {"xml:lang": "en", "type": "literal", "value": "place of death"}}, {"subjectLabel": {"xml:lang": "en", "type": "literal", "value": "Anton\u00edn S\u00fdkora"}, "object": {"type": "uri", "value": "http://www.wikidata.org/entity/Q15238531"}, "objectLabel": {"xml:lang": "en", "type": "literal", "value": "Anton\u00edn"}, "predicateLabel": {"xml:lang": "en", "type": "literal", "value": "given name"}}, {"subjectLabel": {"xml:lang": "en", "type": "literal", "value": "Anton\u00edn S\u00fdkora"}, "object": {"type": "uri", "value": "http://www.wikidata.org/entity/Q6581097"}, "objectLabel": {"xml:lang": "en", "type": "literal", "value": "male"}, "predicateLabel": {"xml:lang": "en", "type": "literal", "value": "sex or gender"}}, {"subjectLabel": {"xml:lang": "en", "type": "literal", "value": "Anton\u00edn S\u00fdkora"}, "object": {"type": "uri", "value": "http://www.wikidata.org/entity/Q56540989"}, "objectLabel": {"xml:lang": "en", "type": "literal", "value": "S\u00fdkora"}, "predicateLabel": {"xml:lang": "en", "type": "literal", "value": "family name"}}], "Q16735344": [{"subjectLabel": {"xml:lang": "en", "type": "literal", "value": "Josef V\u00e1vra"}, "object": {"type": "uri", "value": "http://www.wikidata.org/entity/Q5"}, "objectLabel": {"xml:lang": "en", "type": "literal", "value": "human"}, "predicateLabel": {"xml:lang": "en", "type": "literal", "value": "instance of"}}, {"subjectLabel": {"xml:lang": "en", "type": "literal", "value": "Josef V\u00e1vra"}, "object": {"type": "uri", "value": "http://www.wikidata.org/entity/Q1085"}, "objectLabel": {"xml:lang": "en", "type": "literal", "value": "Prague"}, "predicateLabel": {"xml:lang": "en", "type": "literal", "value": "place of birth"}}, {"subjectLabel": {"xml:lang": "en", "type": "literal", "value": "Josef V\u00e1vra"}, "object": {"type": "uri", "value": "http://www.wikidata.org/entity/Q753219"}, "objectLabel": {"xml:lang": "en", "type": "literal", "value": "New Town, Prague"}, "predicateLabel": {"xml:lang": "en", "type": "literal", "value": "place of death"}}, {"subjectLabel": {"xml:lang": "en", "type": "literal", "value": "Josef V\u00e1vra"}, "object": {"type": "uri", "value": "http://www.wikidata.org/entity/Q5758653"}, "objectLabel": {"xml:lang": "en", "type": "literal", "value": "high school teacher"}, "predicateLabel": {"xml:lang": "en", "type": "literal", "value": "occupation"}}, {"subjectLabel": {"xml:lang": "en", "type": "literal", "value": "Josef V\u00e1vra"}, "object": {"type": "uri", "value": "http://www.wikidata.org/entity/Q201788"}, "objectLabel": {"xml:lang": "en", "type": "literal", "value": "historian"}, "predicateLabel": {"xml:lang": "en", "type": "literal", "value": "occupation"}}, {"subjectLabel": {"xml:lang": "en", "type": "literal", "value": "Josef V\u00e1vra"}, "object": {"type": "uri", "value": "http://www.wikidata.org/entity/Q6581097"}, "objectLabel": {"xml:lang": "en", "type": "literal", "value": "male"}, "predicateLabel": {"xml:lang": "en", "type": "literal", "value": "sex or gender"}}, {"subjectLabel": {"xml:lang": "en", "type": "literal", "value": "Josef V\u00e1vra"}, "object": {"type": "uri", "value": "http://www.wikidata.org/entity/Q15730712"}, "objectLabel": {"xml:lang": "en", "type": "literal", "value": "Josef"}, "predicateLabel": {"xml:lang": "en", "type": "literal", "value": "given name"}}, {"subjectLabel": {"xml:lang": "en", "type": "literal", "value": "Josef V\u00e1vra"}, "object": {"type": "uri", "value": "http://www.wikidata.org/entity/Q61052707"}, "objectLabel": {"xml:lang": "en", "type": "literal", "value": "V\u00e1vra"}, "predicateLabel": {"xml:lang": "en", "type": "literal", "value": "family name"}}], "Q16731401": [{"subjectLabel": {"xml:lang": "en", "type": "literal", "value": "V\u00e1clav Lev F\u00e1\u010dek"}, "object": {"type": "uri", "value": "http://www.wikidata.org/entity/Q5"}, "objectLabel": {"xml:lang": "en", "type": "literal", "value": "human"}, "predicateLabel": {"xml:lang": "en", "type": "literal", "value": "instance of"}}, {"subjectLabel": {"xml:lang": "en", "type": "literal", "value": "V\u00e1clav Lev F\u00e1\u010dek"}, "object": {"type": "uri", "value": "http://www.wikidata.org/entity/Q212238"}, "objectLabel": {"xml:lang": "en", "type": "literal", "value": "civil servant"}, "predicateLabel": {"xml:lang": "en", "type": "literal", "value": "occupation"}}, {"subjectLabel": {"xml:lang": "en", "type": "literal", "value": "V\u00e1clav Lev F\u00e1\u010dek"}, "object": {"type": "uri", "value": "http://www.wikidata.org/entity/Q753289"}, "objectLabel": {"xml:lang": "en", "type": "literal", "value": "Mal\u00e1 Strana"}, "predicateLabel": {"xml:lang": "en", "type": "literal", "value": "place of birth"}}, {"subjectLabel": {"xml:lang": "en", "type": "literal", "value": "V\u00e1clav Lev F\u00e1\u010dek"}, "object": {"type": "uri", "value": "http://www.wikidata.org/entity/Q662985"}, "objectLabel": {"xml:lang": "en", "type": "literal", "value": "Vinohrady"}, "predicateLabel": {"xml:lang": "en", "type": "literal", "value": "place of death"}}, {"subjectLabel": {"xml:lang": "en", "type": "literal", "value": "V\u00e1clav Lev F\u00e1\u010dek"}, "object": {"type": "uri", "value": "http://www.wikidata.org/entity/Q1602218"}, "objectLabel": {"xml:lang": "en", "type": "literal", "value": "V\u00e1clav"}, "predicateLabel": {"xml:lang": "en", "type": "literal", "value": "given name"}}, {"subjectLabel": {"xml:lang": "en", "type": "literal", "value": "V\u00e1clav Lev F\u00e1\u010dek"}, "object": {"type": "uri", "value": "http://www.wikidata.org/entity/Q3427922"}, "objectLabel": {"xml:lang": "en", "type": "literal", "value": "restaurateur"}, "predicateLabel": {"xml:lang": "en", "type": "literal", "value": "occupation"}}, {"subjectLabel": {"xml:lang": "en", "type": "literal", "value": "V\u00e1clav Lev F\u00e1\u010dek"}, "object": {"type": "uri", "value": "http://www.wikidata.org/entity/Q6581097"}, "objectLabel": {"xml:lang": "en", "type": "literal", "value": "male"}, "predicateLabel": {"xml:lang": "en", "type": "literal", "value": "sex or gender"}}], "Q17395655": [{"subjectLabel": {"xml:lang": "en", "type": "literal", "value": "Josef Schreyer"}, "object": {"type": "uri", "value": "http://www.wikidata.org/entity/Q5"}, "objectLabel": {"xml:lang": "en", "type": "literal", "value": "human"}, "predicateLabel": {"xml:lang": "en", "type": "literal", "value": "instance of"}}, {"subjectLabel": {"xml:lang": "en", "type": "literal", "value": "Josef Schreyer"}, "object": {"type": "uri", "value": "http://www.wikidata.org/entity/Q188094"}, "objectLabel": {"xml:lang": "en", "type": "literal", "value": "economist"}, "predicateLabel": {"xml:lang": "en", "type": "literal", "value": "occupation"}}, {"subjectLabel": {"xml:lang": "en", "type": "literal", "value": "Josef Schreyer"}, "object": {"type": "uri", "value": "http://www.wikidata.org/entity/Q33946"}, "objectLabel": {"xml:lang": "en", "type": "literal", "value": "Czechoslovakia"}, "predicateLabel": {"xml:lang": "en", "type": "literal", "value": "country of citizenship"}}, {"subjectLabel": {"xml:lang": "en", "type": "literal", "value": "Josef Schreyer"}, "object": {"type": "uri", "value": "http://www.wikidata.org/entity/Q15730712"}, "objectLabel": {"xml:lang": "en", "type": "literal", "value": "Josef"}, "predicateLabel": {"xml:lang": "en", "type": "literal", "value": "given name"}}, {"subjectLabel": {"xml:lang": "en", "type": "literal", "value": "Josef Schreyer"}, "object": {"type": "uri", "value": "http://www.wikidata.org/entity/Q2704932"}, "objectLabel": {"xml:lang": "en", "type": "literal", "value": "Hospoz\u00edn"}, "predicateLabel": {"xml:lang": "en", "type": "literal", "value": "place of birth"}}, {"subjectLabel": {"xml:lang": "en", "type": "literal", "value": "Josef Schreyer"}, "object": {"type": "uri", "value": "http://www.wikidata.org/entity/Q753219"}, "objectLabel": {"xml:lang": "en", "type": "literal", "value": "New Town, Prague"}, "predicateLabel": {"xml:lang": "en", "type": "literal", "value": "place of death"}}, {"subjectLabel": {"xml:lang": "en", "type": "literal", "value": "Josef Schreyer"}, "object": {"type": "uri", "value": "http://www.wikidata.org/entity/Q6581097"}, "objectLabel": {"xml:lang": "en", "type": "literal", "value": "male"}, "predicateLabel": {"xml:lang": "en", "type": "literal", "value": "sex or gender"}}, {"subjectLabel": {"xml:lang": "en", "type": "literal", "value": "Josef Schreyer"}, "object": {"type": "uri", "value": "http://www.wikidata.org/entity/Q21492668"}, "objectLabel": {"xml:lang": "en", "type": "literal", "value": "Schreyer"}, "predicateLabel": {"xml:lang": "en", "type": "literal", "value": "family name"}}]}