{"Q3210250": [{"subjectLabel": {"xml:lang": "en", "type": "literal", "value": "The Repentant Magdalen"}, "object": {"type": "uri", "value": "http://www.wikidata.org/entity/Q104383362"}, "objectLabel": {"xml:lang": "en", "type": "literal", "value": "Paintings of penitent Magdalene by La Tour"}, "predicateLabel": {"xml:lang": "en", "type": "literal", "value": "part of"}}, {"subjectLabel": {"xml:lang": "en", "type": "literal", "value": "The Repentant Magdalen"}, "object": {"type": "uri", "value": "http://www.wikidata.org/entity/Q5989722"}, "objectLabel": {"xml:lang": "en", "type": "literal", "value": "Penitent Magdalene"}, "predicateLabel": {"xml:lang": "en", "type": "literal", "value": "main subject"}}, {"subjectLabel": {"xml:lang": "en", "type": "literal", "value": "The Repentant Magdalen"}, "object": {"type": "uri", "value": "http://www.wikidata.org/entity/Q19652"}, "objectLabel": {"xml:lang": "en", "type": "literal", "value": "public domain"}, "predicateLabel": {"xml:lang": "en", "type": "literal", "value": "copyright status"}}, {"subjectLabel": {"xml:lang": "en", "type": "literal", "value": "The Repentant Magdalen"}, "object": {"type": "uri", "value": "http://www.wikidata.org/entity/Q467"}, "objectLabel": {"xml:lang": "en", "type": "literal", "value": "woman"}, "predicateLabel": {"xml:lang": "en", "type": "literal", "value": "depicts"}}, {"subjectLabel": {"xml:lang": "en", "type": "literal", "value": "The Repentant Magdalen"}, "object": {"type": "uri", "value": "http://www.wikidata.org/entity/Q571"}, "objectLabel": {"xml:lang": "en", "type": "literal", "value": "book"}, "predicateLabel": {"xml:lang": "en", "type": "literal", "value": "depicts"}}, {"subjectLabel": {"xml:lang": "en", "type": "literal", "value": "The Repentant Magdalen"}, "object": {"type": "uri", "value": "http://www.wikidata.org/entity/Q5043"}, "objectLabel": {"xml:lang": "en", "type": "literal", "value": "Christianity"}, "predicateLabel": {"xml:lang": "en", "type": "literal", "value": "religion or worldview"}}, {"subjectLabel": {"xml:lang": "en", "type": "literal", "value": "The Repentant Magdalen"}, "object": {"type": "uri", "value": "http://www.wikidata.org/entity/Q9604"}, "objectLabel": {"xml:lang": "en", "type": "literal", "value": "human skull"}, "predicateLabel": {"xml:lang": "en", "type": "literal", "value": "depicts"}}, {"subjectLabel": {"xml:lang": "en", "type": "literal", "value": "The Repentant Magdalen"}, "object": {"type": "uri", "value": "http://www.wikidata.org/entity/Q14748"}, "objectLabel": {"xml:lang": "en", "type": "literal", "value": "table"}, "predicateLabel": {"xml:lang": "en", "type": "literal", "value": "depicts"}}, {"subjectLabel": {"xml:lang": "en", "type": "literal", "value": "The Repentant Magdalen"}, "object": {"type": "uri", "value": "http://www.wikidata.org/entity/Q14130"}, "objectLabel": {"xml:lang": "en", "type": "literal", "value": "waist-length hair"}, "predicateLabel": {"xml:lang": "en", "type": "literal", "value": "depicts"}}, {"subjectLabel": {"xml:lang": "en", "type": "literal", "value": "The Repentant Magdalen"}, "object": {"type": "uri", "value": "http://www.wikidata.org/entity/Q35197"}, "objectLabel": {"xml:lang": "en", "type": "literal", "value": "mirror"}, "predicateLabel": {"xml:lang": "en", "type": "literal", "value": "depicts"}}, {"subjectLabel": {"xml:lang": "en", "type": "literal", "value": "The Repentant Magdalen"}, "object": {"type": "uri", "value": "http://www.wikidata.org/entity/Q42948"}, "objectLabel": {"xml:lang": "en", "type": "literal", "value": "wall"}, "predicateLabel": {"xml:lang": "en", "type": "literal", "value": "depicts"}}, {"subjectLabel": {"xml:lang": "en", "type": "literal", "value": "The Repentant Magdalen"}, "object": {"type": "uri", "value": "http://www.wikidata.org/entity/Q63070"}, "objectLabel": {"xml:lang": "en", "type": "literal", "value": "Mary Magdalene"}, "predicateLabel": {"xml:lang": "en", "type": "literal", "value": "depicts"}}, {"subjectLabel": {"xml:lang": "en", "type": "literal", "value": "The Repentant Magdalen"}, "object": {"type": "uri", "value": "http://www.wikidata.org/entity/Q160020"}, "objectLabel": {"xml:lang": "en", "type": "literal", "value": "shadow"}, "predicateLabel": {"xml:lang": "en", "type": "literal", "value": "depicts"}}, {"subjectLabel": {"xml:lang": "en", "type": "literal", "value": "The Repentant Magdalen"}, "object": {"type": "uri", "value": "http://www.wikidata.org/entity/Q76768"}, "objectLabel": {"xml:lang": "en", "type": "literal", "value": "shirt"}, "predicateLabel": {"xml:lang": "en", "type": "literal", "value": "depicts"}}, {"subjectLabel": {"xml:lang": "en", "type": "literal", "value": "The Repentant Magdalen"}, "object": {"type": "uri", "value": "http://www.wikidata.org/entity/Q189829"}, "objectLabel": {"xml:lang": "en", "type": "literal", "value": "hermit"}, "predicateLabel": {"xml:lang": "en", "type": "literal", "value": "depicts"}}, {"subjectLabel": {"xml:lang": "en", "type": "literal", "value": "The Repentant Magdalen"}, "object": {"type": "uri", "value": "http://www.wikidata.org/entity/Q235544"}, "objectLabel": {"xml:lang": "en", "type": "literal", "value": "flame"}, "predicateLabel": {"xml:lang": "en", "type": "literal", "value": "depicts"}}, {"subjectLabel": {"xml:lang": "en", "type": "literal", "value": "The Repentant Magdalen"}, "object": {"type": "uri", "value": "http://www.wikidata.org/entity/Q214867"}, "objectLabel": {"xml:lang": "en", "type": "literal", "value": "National Gallery of Art"}, "predicateLabel": {"xml:lang": "en", "type": "literal", "value": "owned by"}}, {"subjectLabel": {"xml:lang": "en", "type": "literal", "value": "The Repentant Magdalen"}, "object": {"type": "uri", "value": "http://www.wikidata.org/entity/Q1079524"}, "objectLabel": {"xml:lang": "en", "type": "literal", "value": "specular reflection"}, "predicateLabel": {"xml:lang": "en", "type": "literal", "value": "depicts"}}, {"subjectLabel": {"xml:lang": "en", "type": "literal", "value": "The Repentant Magdalen"}, "object": {"type": "uri", "value": "http://www.wikidata.org/entity/Q660281"}, "objectLabel": {"xml:lang": "en", "type": "literal", "value": "contre-jour"}, "predicateLabel": {"xml:lang": "en", "type": "literal", "value": "depicts"}}, {"subjectLabel": {"xml:lang": "en", "type": "literal", "value": "The Repentant Magdalen"}, "object": {"type": "uri", "value": "http://www.wikidata.org/entity/Q203371"}, "objectLabel": {"xml:lang": "en", "type": "literal", "value": "Georges de La Tour"}, "predicateLabel": {"xml:lang": "en", "type": "literal", "value": "creator"}}, {"subjectLabel": {"xml:lang": "en", "type": "literal", "value": "The Repentant Magdalen"}, "object": {"type": "uri", "value": "http://www.wikidata.org/entity/Q214867"}, "objectLabel": {"xml:lang": "en", "type": "literal", "value": "National Gallery of Art"}, "predicateLabel": {"xml:lang": "en", "type": "literal", "value": "collection"}}, {"subjectLabel": {"xml:lang": "en", "type": "literal", "value": "The Repentant Magdalen"}, "object": {"type": "uri", "value": "http://www.wikidata.org/entity/Q214867"}, "objectLabel": {"xml:lang": "en", "type": "literal", "value": "National Gallery of Art"}, "predicateLabel": {"xml:lang": "en", "type": "literal", "value": "location"}}, {"subjectLabel": {"xml:lang": "en", "type": "literal", "value": "The Repentant Magdalen"}, "object": {"type": "uri", "value": "http://www.wikidata.org/entity/Q1146001"}, "objectLabel": {"xml:lang": "en", "type": "literal", "value": "light source"}, "predicateLabel": {"xml:lang": "en", "type": "literal", "value": "depicts"}}, {"subjectLabel": {"xml:lang": "en", "type": "literal", "value": "The Repentant Magdalen"}, "object": {"type": "uri", "value": "http://www.wikidata.org/entity/Q1144593"}, "objectLabel": {"xml:lang": "en", "type": "literal", "value": "sitting"}, "predicateLabel": {"xml:lang": "en", "type": "literal", "value": "depicts"}}, {"subjectLabel": {"xml:lang": "en", "type": "literal", "value": "The Repentant Magdalen"}, "object": {"type": "uri", "value": "http://www.wikidata.org/entity/Q2367101"}, "objectLabel": {"xml:lang": "en", "type": "literal", "value": "brown hair"}, "predicateLabel": {"xml:lang": "en", "type": "literal", "value": "depicts"}}, {"subjectLabel": {"xml:lang": "en", "type": "literal", "value": "The Repentant Magdalen"}, "object": {"type": "uri", "value": "http://www.wikidata.org/entity/Q1358616"}, "objectLabel": {"xml:lang": "en", "type": "literal", "value": "mortification of the flesh"}, "predicateLabel": {"xml:lang": "en", "type": "literal", "value": "depicts"}}, {"subjectLabel": {"xml:lang": "en", "type": "literal", "value": "The Repentant Magdalen"}, "object": {"type": "uri", "value": "http://www.wikidata.org/entity/Q3305213"}, "objectLabel": {"xml:lang": "en", "type": "literal", "value": "painting"}, "predicateLabel": {"xml:lang": "en", "type": "literal", "value": "instance of"}}, {"subjectLabel": {"xml:lang": "en", "type": "literal", "value": "The Repentant Magdalen"}, "object": {"type": "uri", "value": "http://www.wikidata.org/entity/Q2864737"}, "objectLabel": {"xml:lang": "en", "type": "literal", "value": "religious art"}, "predicateLabel": {"xml:lang": "en", "type": "literal", "value": "genre"}}, {"subjectLabel": {"xml:lang": "en", "type": "literal", "value": "The Repentant Magdalen"}, "object": {"type": "uri", "value": "http://www.wikidata.org/entity/Q296955"}, "objectLabel": {"xml:lang": "en", "type": "literal", "value": "oil paint"}, "predicateLabel": {"xml:lang": "en", "type": "literal", "value": "made from material"}}, {"subjectLabel": {"xml:lang": "en", "type": "literal", "value": "The Repentant Magdalen"}, "object": {"type": "uri", "value": "http://www.wikidata.org/entity/Q5989722"}, "objectLabel": {"xml:lang": "en", "type": "literal", "value": "Penitent Magdalene"}, "predicateLabel": {"xml:lang": "en", "type": "literal", "value": "based on"}}, {"subjectLabel": {"xml:lang": "en", "type": "literal", "value": "The Repentant Magdalen"}, "object": {"type": "uri", "value": "http://www.wikidata.org/entity/Q12321255"}, "objectLabel": {"xml:lang": "en", "type": "literal", "value": "canvas"}, "predicateLabel": {"xml:lang": "en", "type": "literal", "value": "made from material"}}], "Q35677307": [{"subjectLabel": {"xml:lang": "en", "type": "literal", "value": "IIIF Consortium"}, "object": {"type": "uri", "value": "http://www.wikidata.org/entity/Q1394441"}, "objectLabel": {"xml:lang": "en", "type": "literal", "value": "steering committee"}, "predicateLabel": {"xml:lang": "en", "type": "literal", "value": "instance of"}}, {"subjectLabel": {"xml:lang": "en", "type": "literal", "value": "IIIF Consortium"}, "object": {"type": "uri", "value": "http://www.wikidata.org/entity/Q22682088"}, "objectLabel": {"xml:lang": "en", "type": "literal", "value": "International Image Interoperability Framework"}, "predicateLabel": {"xml:lang": "en", "type": "literal", "value": "interested in"}}], "Q446858": [{"subjectLabel": {"xml:lang": "en", "type": "literal", "value": "Andrew W. Mellon"}, "object": {"type": "uri", "value": "http://www.wikidata.org/entity/Q1860"}, "objectLabel": {"xml:lang": "en", "type": "literal", "value": "English"}, "predicateLabel": {"xml:lang": "en", "type": "literal", "value": "languages spoken, written or signed"}}, {"subjectLabel": {"xml:lang": "en", "type": "literal", "value": "Andrew W. Mellon"}, "object": {"type": "uri", "value": "http://www.wikidata.org/entity/Q104694359"}, "objectLabel": {"xml:lang": "en", "type": "literal", "value": "WikiProject PCC Wikidata Pilot/Frick Art Reference Library"}, "predicateLabel": {"xml:lang": "en", "type": "literal", "value": "on focus list of Wikimedia project"}}, {"subjectLabel": {"xml:lang": "en", "type": "literal", "value": "Andrew W. Mellon"}, "object": {"type": "uri", "value": "http://www.wikidata.org/entity/Q5"}, "objectLabel": {"xml:lang": "en", "type": "literal", "value": "human"}, "predicateLabel": {"xml:lang": "en", "type": "literal", "value": "instance of"}}, {"subjectLabel": {"xml:lang": "en", "type": "literal", "value": "Andrew W. Mellon"}, "object": {"type": "uri", "value": "http://www.wikidata.org/entity/Q30"}, "objectLabel": {"xml:lang": "en", "type": "literal", "value": "United States of America"}, "predicateLabel": {"xml:lang": "en", "type": "literal", "value": "country of citizenship"}}, {"subjectLabel": {"xml:lang": "en", "type": "literal", "value": "Andrew W. Mellon"}, "object": {"type": "uri", "value": "http://www.wikidata.org/entity/Q46596638"}, "objectLabel": {"xml:lang": "en", "type": "literal", "value": "Andrew W. Mellon collection"}, "predicateLabel": {"xml:lang": "en", "type": "literal", "value": "owner of"}}, {"subjectLabel": {"xml:lang": "en", "type": "literal", "value": "Andrew W. Mellon"}, "object": {"type": "uri", "value": "http://www.wikidata.org/entity/Q6581097"}, "objectLabel": {"xml:lang": "en", "type": "literal", "value": "male"}, "predicateLabel": {"xml:lang": "en", "type": "literal", "value": "sex or gender"}}, {"subjectLabel": {"xml:lang": "en", "type": "literal", "value": "Andrew W. Mellon"}, "object": {"type": "uri", "value": "http://www.wikidata.org/entity/Q193391"}, "objectLabel": {"xml:lang": "en", "type": "literal", "value": "diplomat"}, "predicateLabel": {"xml:lang": "en", "type": "literal", "value": "occupation"}}, {"subjectLabel": {"xml:lang": "en", "type": "literal", "value": "Andrew W. Mellon"}, "object": {"type": "uri", "value": "http://www.wikidata.org/entity/Q1370"}, "objectLabel": {"xml:lang": "en", "type": "literal", "value": "Virginia"}, "predicateLabel": {"xml:lang": "en", "type": "literal", "value": "place of burial"}}, {"subjectLabel": {"xml:lang": "en", "type": "literal", "value": "Andrew W. Mellon"}, "object": {"type": "uri", "value": "http://www.wikidata.org/entity/Q3826291"}, "objectLabel": {"xml:lang": "en", "type": "literal", "value": "Village of Southampton"}, "predicateLabel": {"xml:lang": "en", "type": "literal", "value": "place of death"}}, {"subjectLabel": {"xml:lang": "en", "type": "literal", "value": "Andrew W. Mellon"}, "object": {"type": "uri", "value": "http://www.wikidata.org/entity/Q4215834"}, "objectLabel": {"xml:lang": "en", "type": "literal", "value": "United States Secretary of the Treasury"}, "predicateLabel": {"xml:lang": "en", "type": "literal", "value": "position held"}}, {"subjectLabel": {"xml:lang": "en", "type": "literal", "value": "Andrew W. Mellon"}, "object": {"type": "uri", "value": "http://www.wikidata.org/entity/Q2841904"}, "objectLabel": {"xml:lang": "en", "type": "literal", "value": "United States Ambassador to the United Kingdom"}, "predicateLabel": {"xml:lang": "en", "type": "literal", "value": "position held"}}, {"subjectLabel": {"xml:lang": "en", "type": "literal", "value": "Andrew W. Mellon"}, "object": {"type": "uri", "value": "http://www.wikidata.org/entity/Q3853553"}, "objectLabel": {"xml:lang": "en", "type": "literal", "value": "American Institute of Chemists Gold Medal"}, "predicateLabel": {"xml:lang": "en", "type": "literal", "value": "award received"}}, {"subjectLabel": {"xml:lang": "en", "type": "literal", "value": "Andrew W. Mellon"}, "object": {"type": "uri", "value": "http://www.wikidata.org/entity/Q235034"}, "objectLabel": {"xml:lang": "en", "type": "literal", "value": "University of Pittsburgh"}, "predicateLabel": {"xml:lang": "en", "type": "literal", "value": "educated at"}}, {"subjectLabel": {"xml:lang": "en", "type": "literal", "value": "Andrew W. Mellon"}, "object": {"type": "uri", "value": "http://www.wikidata.org/entity/Q1860"}, "objectLabel": {"xml:lang": "en", "type": "literal", "value": "English"}, "predicateLabel": {"xml:lang": "en", "type": "literal", "value": "native language"}}, {"subjectLabel": {"xml:lang": "en", "type": "literal", "value": "Andrew W. Mellon"}, "object": {"type": "uri", "value": "http://www.wikidata.org/entity/Q1342"}, "objectLabel": {"xml:lang": "en", "type": "literal", "value": "Pittsburgh"}, "predicateLabel": {"xml:lang": "en", "type": "literal", "value": "place of birth"}}, {"subjectLabel": {"xml:lang": "en", "type": "literal", "value": "Andrew W. Mellon"}, "object": {"type": "uri", "value": "http://www.wikidata.org/entity/Q7792376"}, "objectLabel": {"xml:lang": "en", "type": "literal", "value": "Thomas Mellon"}, "predicateLabel": {"xml:lang": "en", "type": "literal", "value": "father"}}, {"subjectLabel": {"xml:lang": "en", "type": "literal", "value": "Andrew W. Mellon"}, "object": {"type": "uri", "value": "http://www.wikidata.org/entity/Q20078554"}, "objectLabel": {"xml:lang": "en", "type": "literal", "value": "Great Soviet Encyclopedia (1926\u20131947)"}, "predicateLabel": {"xml:lang": "en", "type": "literal", "value": "described by source"}}, {"subjectLabel": {"xml:lang": "en", "type": "literal", "value": "Andrew W. Mellon"}, "object": {"type": "uri", "value": "http://www.wikidata.org/entity/Q806798"}, "objectLabel": {"xml:lang": "en", "type": "literal", "value": "banker"}, "predicateLabel": {"xml:lang": "en", "type": "literal", "value": "occupation"}}, {"subjectLabel": {"xml:lang": "en", "type": "literal", "value": "Andrew W. Mellon"}, "object": {"type": "uri", "value": "http://www.wikidata.org/entity/Q7614320"}, "objectLabel": {"xml:lang": "en", "type": "literal", "value": "finance minister"}, "predicateLabel": {"xml:lang": "en", "type": "literal", "value": "position held"}}, {"subjectLabel": {"xml:lang": "en", "type": "literal", "value": "Andrew W. Mellon"}, "object": {"type": "uri", "value": "http://www.wikidata.org/entity/Q18042461"}, "objectLabel": {"xml:lang": "en", "type": "literal", "value": "Andrew"}, "predicateLabel": {"xml:lang": "en", "type": "literal", "value": "given name"}}, {"subjectLabel": {"xml:lang": "en", "type": "literal", "value": "Andrew W. Mellon"}, "object": {"type": "uri", "value": "http://www.wikidata.org/entity/Q405352"}, "objectLabel": {"xml:lang": "en", "type": "literal", "value": "Alisa Mellon Bruce"}, "predicateLabel": {"xml:lang": "en", "type": "literal", "value": "child"}}, {"subjectLabel": {"xml:lang": "en", "type": "literal", "value": "Andrew W. Mellon"}, "object": {"type": "uri", "value": "http://www.wikidata.org/entity/Q648666"}, "objectLabel": {"xml:lang": "en", "type": "literal", "value": "United States Department of the Treasury"}, "predicateLabel": {"xml:lang": "en", "type": "literal", "value": "employer"}}, {"subjectLabel": {"xml:lang": "en", "type": "literal", "value": "Andrew W. Mellon"}, "object": {"type": "uri", "value": "http://www.wikidata.org/entity/Q37055595"}, "objectLabel": {"xml:lang": "en", "type": "literal", "value": "Mellon"}, "predicateLabel": {"xml:lang": "en", "type": "literal", "value": "family name"}}, {"subjectLabel": {"xml:lang": "en", "type": "literal", "value": "Andrew W. Mellon"}, "object": {"type": "uri", "value": "http://www.wikidata.org/entity/Q18030849"}, "objectLabel": {"xml:lang": "en", "type": "literal", "value": "Portrait of a man, possibly Adriaen van Ostade"}, "predicateLabel": {"xml:lang": "en", "type": "literal", "value": "owner of"}}, {"subjectLabel": {"xml:lang": "en", "type": "literal", "value": "Andrew W. Mellon"}, "object": {"type": "uri", "value": "http://www.wikidata.org/entity/Q19989799"}, "objectLabel": {"xml:lang": "en", "type": "literal", "value": "A Woman Preparing Bread and Butter for a Boy"}, "predicateLabel": {"xml:lang": "en", "type": "literal", "value": "owner of"}}, {"subjectLabel": {"xml:lang": "en", "type": "literal", "value": "Andrew W. Mellon"}, "object": {"type": "uri", "value": "http://www.wikidata.org/entity/Q3976750"}, "objectLabel": {"xml:lang": "en", "type": "literal", "value": "Lucretia"}, "predicateLabel": {"xml:lang": "en", "type": "literal", "value": "owner of"}}, {"subjectLabel": {"xml:lang": "en", "type": "literal", "value": "Andrew W. Mellon"}, "object": {"type": "uri", "value": "http://www.wikidata.org/entity/Q10732476"}, "objectLabel": {"xml:lang": "en", "type": "literal", "value": "art collector"}, "predicateLabel": {"xml:lang": "en", "type": "literal", "value": "occupation"}}, {"subjectLabel": {"xml:lang": "en", "type": "literal", "value": "Andrew W. Mellon"}, "object": {"type": "uri", "value": "http://www.wikidata.org/entity/Q82955"}, "objectLabel": {"xml:lang": "en", "type": "literal", "value": "politician"}, "predicateLabel": {"xml:lang": "en", "type": "literal", "value": "occupation"}}, {"subjectLabel": {"xml:lang": "en", "type": "literal", "value": "Andrew W. Mellon"}, "object": {"type": "uri", "value": "http://www.wikidata.org/entity/Q29468"}, "objectLabel": {"xml:lang": "en", "type": "literal", "value": "Republican Party"}, "predicateLabel": {"xml:lang": "en", "type": "literal", "value": "member of political party"}}, {"subjectLabel": {"xml:lang": "en", "type": "literal", "value": "Andrew W. Mellon"}, "object": {"type": "uri", "value": "http://www.wikidata.org/entity/Q1542805"}, "objectLabel": {"xml:lang": "en", "type": "literal", "value": "Paul Mellon"}, "predicateLabel": {"xml:lang": "en", "type": "literal", "value": "child"}}, {"subjectLabel": {"xml:lang": "en", "type": "literal", "value": "Andrew W. Mellon"}, "object": {"type": "uri", "value": "http://www.wikidata.org/entity/Q682443"}, "objectLabel": {"xml:lang": "en", "type": "literal", "value": "Episcopal Church"}, "predicateLabel": {"xml:lang": "en", "type": "literal", "value": "religion or worldview"}}, {"subjectLabel": {"xml:lang": "en", "type": "literal", "value": "Andrew W. Mellon"}, "object": {"type": "uri", "value": "http://www.wikidata.org/entity/Q15987490"}, "objectLabel": {"xml:lang": "en", "type": "literal", "value": "1922 Encyclop\u00e6dia Britannica"}, "predicateLabel": {"xml:lang": "en", "type": "literal", "value": "described by source"}}, {"subjectLabel": {"xml:lang": "en", "type": "literal", "value": "Andrew W. Mellon"}, "object": {"type": "uri", "value": "http://www.wikidata.org/entity/Q7323861"}, "objectLabel": {"xml:lang": "en", "type": "literal", "value": "Richard B. Mellon"}, "predicateLabel": {"xml:lang": "en", "type": "literal", "value": "sibling"}}, {"subjectLabel": {"xml:lang": "en", "type": "literal", "value": "Andrew W. Mellon"}, "object": {"type": "uri", "value": "http://www.wikidata.org/entity/Q121998"}, "objectLabel": {"xml:lang": "en", "type": "literal", "value": "ambassador"}, "predicateLabel": {"xml:lang": "en", "type": "literal", "value": "position held"}}, {"subjectLabel": {"xml:lang": "en", "type": "literal", "value": "Andrew W. Mellon"}, "object": {"type": "uri", "value": "http://www.wikidata.org/entity/Q75788790"}, "objectLabel": {"xml:lang": "en", "type": "literal", "value": "Sarah Jane Negley"}, "predicateLabel": {"xml:lang": "en", "type": "literal", "value": "mother"}}, {"subjectLabel": {"xml:lang": "en", "type": "literal", "value": "Andrew W. Mellon"}, "object": {"type": "uri", "value": "http://www.wikidata.org/entity/Q55301960"}, "objectLabel": {"xml:lang": "en", "type": "literal", "value": "Category:Andrew W. Mellon"}, "predicateLabel": {"xml:lang": "en", "type": "literal", "value": "topic's main category"}}, {"subjectLabel": {"xml:lang": "en", "type": "literal", "value": "Andrew W. Mellon"}, "object": {"type": "uri", "value": "http://www.wikidata.org/entity/Q75788787"}, "objectLabel": {"xml:lang": "en", "type": "literal", "value": "Nora Mary McMullen"}, "predicateLabel": {"xml:lang": "en", "type": "literal", "value": "spouse"}}], "Q973881": [{"subjectLabel": {"xml:lang": "en", "type": "literal", "value": "John Russell Pope"}, "object": {"type": "uri", "value": "http://www.wikidata.org/entity/Q1860"}, "objectLabel": {"xml:lang": "en", "type": "literal", "value": "English"}, "predicateLabel": {"xml:lang": "en", "type": "literal", "value": "languages spoken, written or signed"}}, {"subjectLabel": {"xml:lang": "en", "type": "literal", "value": "John Russell Pope"}, "object": {"type": "uri", "value": "http://www.wikidata.org/entity/Q30"}, "objectLabel": {"xml:lang": "en", "type": "literal", "value": "United States of America"}, "predicateLabel": {"xml:lang": "en", "type": "literal", "value": "country of citizenship"}}, {"subjectLabel": {"xml:lang": "en", "type": "literal", "value": "John Russell Pope"}, "object": {"type": "uri", "value": "http://www.wikidata.org/entity/Q5"}, "objectLabel": {"xml:lang": "en", "type": "literal", "value": "human"}, "predicateLabel": {"xml:lang": "en", "type": "literal", "value": "instance of"}}, {"subjectLabel": {"xml:lang": "en", "type": "literal", "value": "John Russell Pope"}, "object": {"type": "uri", "value": "http://www.wikidata.org/entity/Q4925477"}, "objectLabel": {"xml:lang": "en", "type": "literal", "value": "John"}, "predicateLabel": {"xml:lang": "en", "type": "literal", "value": "given name"}}, {"subjectLabel": {"xml:lang": "en", "type": "literal", "value": "John Russell Pope"}, "object": {"type": "uri", "value": "http://www.wikidata.org/entity/Q214867"}, "objectLabel": {"xml:lang": "en", "type": "literal", "value": "National Gallery of Art"}, "predicateLabel": {"xml:lang": "en", "type": "literal", "value": "notable work"}}, {"subjectLabel": {"xml:lang": "en", "type": "literal", "value": "John Russell Pope"}, "object": {"type": "uri", "value": "http://www.wikidata.org/entity/Q214867"}, "objectLabel": {"xml:lang": "en", "type": "literal", "value": "National Gallery of Art"}, "predicateLabel": {"xml:lang": "en", "type": "literal", "value": "has works in the collection"}}, {"subjectLabel": {"xml:lang": "en", "type": "literal", "value": "John Russell Pope"}, "object": {"type": "uri", "value": "http://www.wikidata.org/entity/Q42973"}, "objectLabel": {"xml:lang": "en", "type": "literal", "value": "architect"}, "predicateLabel": {"xml:lang": "en", "type": "literal", "value": "occupation"}}, {"subjectLabel": {"xml:lang": "en", "type": "literal", "value": "John Russell Pope"}, "object": {"type": "uri", "value": "http://www.wikidata.org/entity/Q49088"}, "objectLabel": {"xml:lang": "en", "type": "literal", "value": "Columbia University"}, "predicateLabel": {"xml:lang": "en", "type": "literal", "value": "educated at"}}, {"subjectLabel": {"xml:lang": "en", "type": "literal", "value": "John Russell Pope"}, "object": {"type": "uri", "value": "http://www.wikidata.org/entity/Q326183"}, "objectLabel": {"xml:lang": "en", "type": "literal", "value": "Jefferson Memorial"}, "predicateLabel": {"xml:lang": "en", "type": "literal", "value": "notable work"}}, {"subjectLabel": {"xml:lang": "en", "type": "literal", "value": "John Russell Pope"}, "object": {"type": "uri", "value": "http://www.wikidata.org/entity/Q5149701"}, "objectLabel": {"xml:lang": "en", "type": "literal", "value": "Columbia Graduate School of Architecture, Planning and Preservation"}, "predicateLabel": {"xml:lang": "en", "type": "literal", "value": "educated at"}}, {"subjectLabel": {"xml:lang": "en", "type": "literal", "value": "John Russell Pope"}, "object": {"type": "uri", "value": "http://www.wikidata.org/entity/Q15840785"}, "objectLabel": {"xml:lang": "en", "type": "literal", "value": "Pope"}, "predicateLabel": {"xml:lang": "en", "type": "literal", "value": "family name"}}, {"subjectLabel": {"xml:lang": "en", "type": "literal", "value": "John Russell Pope"}, "object": {"type": "uri", "value": "http://www.wikidata.org/entity/Q3405483"}, "objectLabel": {"xml:lang": "en", "type": "literal", "value": "Rome Prize"}, "predicateLabel": {"xml:lang": "en", "type": "literal", "value": "award received"}}, {"subjectLabel": {"xml:lang": "en", "type": "literal", "value": "John Russell Pope"}, "object": {"type": "uri", "value": "http://www.wikidata.org/entity/Q8143"}, "objectLabel": {"xml:lang": "en", "type": "literal", "value": "1932 Summer Olympics"}, "predicateLabel": {"xml:lang": "en", "type": "literal", "value": "participant in"}}, {"subjectLabel": {"xml:lang": "en", "type": "literal", "value": "John Russell Pope"}, "object": {"type": "uri", "value": "http://www.wikidata.org/entity/Q463281"}, "objectLabel": {"xml:lang": "en", "type": "literal", "value": "American Academy of Arts and Letters"}, "predicateLabel": {"xml:lang": "en", "type": "literal", "value": "member of"}}, {"subjectLabel": {"xml:lang": "en", "type": "literal", "value": "John Russell Pope"}, "object": {"type": "uri", "value": "http://www.wikidata.org/entity/Q73756471"}, "objectLabel": {"xml:lang": "en", "type": "literal", "value": "Lord Memorial Fountain"}, "predicateLabel": {"xml:lang": "en", "type": "literal", "value": "notable work"}}, {"subjectLabel": {"xml:lang": "en", "type": "literal", "value": "John Russell Pope"}, "object": {"type": "uri", "value": "http://www.wikidata.org/entity/Q6581097"}, "objectLabel": {"xml:lang": "en", "type": "literal", "value": "male"}, "predicateLabel": {"xml:lang": "en", "type": "literal", "value": "sex or gender"}}, {"subjectLabel": {"xml:lang": "en", "type": "literal", "value": "John Russell Pope"}, "object": {"type": "uri", "value": "http://www.wikidata.org/entity/Q14816494"}, "objectLabel": {"xml:lang": "en", "type": "literal", "value": "Russell"}, "predicateLabel": {"xml:lang": "en", "type": "literal", "value": "given name"}}, {"subjectLabel": {"xml:lang": "en", "type": "literal", "value": "John Russell Pope"}, "object": {"type": "uri", "value": "http://www.wikidata.org/entity/Q92946089"}, "objectLabel": {"xml:lang": "en", "type": "literal", "value": "Category:John Russell Pope"}, "predicateLabel": {"xml:lang": "en", "type": "literal", "value": "topic's main category"}}, {"subjectLabel": {"xml:lang": "en", "type": "literal", "value": "John Russell Pope"}, "object": {"type": "uri", "value": "http://www.wikidata.org/entity/Q71887839"}, "objectLabel": {"xml:lang": "en", "type": "literal", "value": "copyrights on works have expired"}, "predicateLabel": {"xml:lang": "en", "type": "literal", "value": "copyright status as a creator"}}, {"subjectLabel": {"xml:lang": "en", "type": "literal", "value": "John Russell Pope"}, "object": {"type": "uri", "value": "http://www.wikidata.org/entity/Q7156836"}, "objectLabel": {"xml:lang": "en", "type": "literal", "value": "Payne Whitney Gymnasium"}, "predicateLabel": {"xml:lang": "en", "type": "literal", "value": "notable work"}}, {"subjectLabel": {"xml:lang": "en", "type": "literal", "value": "John Russell Pope"}, "object": {"type": "uri", "value": "http://www.wikidata.org/entity/Q11299"}, "objectLabel": {"xml:lang": "en", "type": "literal", "value": "Manhattan"}, "predicateLabel": {"xml:lang": "en", "type": "literal", "value": "place of birth"}}, {"subjectLabel": {"xml:lang": "en", "type": "literal", "value": "John Russell Pope"}, "object": {"type": "uri", "value": "http://www.wikidata.org/entity/Q11299"}, "objectLabel": {"xml:lang": "en", "type": "literal", "value": "Manhattan"}, "predicateLabel": {"xml:lang": "en", "type": "literal", "value": "place of death"}}], "Q11268": [{"subjectLabel": {"xml:lang": "en", "type": "literal", "value": "United States Congress"}, "object": {"type": "uri", "value": "http://www.wikidata.org/entity/Q30"}, "objectLabel": {"xml:lang": "en", "type": "literal", "value": "United States of America"}, "predicateLabel": {"xml:lang": "en", "type": "literal", "value": "applies to jurisdiction"}}, {"subjectLabel": {"xml:lang": "en", "type": "literal", "value": "United States Congress"}, "object": {"type": "uri", "value": "http://www.wikidata.org/entity/Q30"}, "objectLabel": {"xml:lang": "en", "type": "literal", "value": "United States of America"}, "predicateLabel": {"xml:lang": "en", "type": "literal", "value": "country"}}, {"subjectLabel": {"xml:lang": "en", "type": "literal", "value": "United States Congress"}, "object": {"type": "uri", "value": "http://www.wikidata.org/entity/Q61"}, "objectLabel": {"xml:lang": "en", "type": "literal", "value": "Washington, D.C."}, "predicateLabel": {"xml:lang": "en", "type": "literal", "value": "located in the administrative territorial entity"}}, {"subjectLabel": {"xml:lang": "en", "type": "literal", "value": "United States Congress"}, "object": {"type": "uri", "value": "http://www.wikidata.org/entity/Q66096"}, "objectLabel": {"xml:lang": "en", "type": "literal", "value": "United States Senate"}, "predicateLabel": {"xml:lang": "en", "type": "literal", "value": "has part(s)"}}, {"subjectLabel": {"xml:lang": "en", "type": "literal", "value": "United States Congress"}, "object": {"type": "uri", "value": "http://www.wikidata.org/entity/Q1029706"}, "objectLabel": {"xml:lang": "en", "type": "literal", "value": "New International Encyclopedia"}, "predicateLabel": {"xml:lang": "en", "type": "literal", "value": "described by source"}}, {"subjectLabel": {"xml:lang": "en", "type": "literal", "value": "United States Congress"}, "object": {"type": "uri", "value": "http://www.wikidata.org/entity/Q4532138"}, "objectLabel": {"xml:lang": "en", "type": "literal", "value": "Granat Encyclopedic Dictionary"}, "predicateLabel": {"xml:lang": "en", "type": "literal", "value": "described by source"}}, {"subjectLabel": {"xml:lang": "en", "type": "literal", "value": "United States Congress"}, "object": {"type": "uri", "value": "http://www.wikidata.org/entity/Q2928358"}, "objectLabel": {"xml:lang": "en", "type": "literal", "value": "United States Government Publishing Office"}, "predicateLabel": {"xml:lang": "en", "type": "literal", "value": "has subsidiary"}}, {"subjectLabel": {"xml:lang": "en", "type": "literal", "value": "United States Congress"}, "object": {"type": "uri", "value": "http://www.wikidata.org/entity/Q11701"}, "objectLabel": {"xml:lang": "en", "type": "literal", "value": "United States House of Representatives"}, "predicateLabel": {"xml:lang": "en", "type": "literal", "value": "has part(s)"}}, {"subjectLabel": {"xml:lang": "en", "type": "literal", "value": "United States Congress"}, "object": {"type": "uri", "value": "http://www.wikidata.org/entity/Q26718"}, "objectLabel": {"xml:lang": "en", "type": "literal", "value": "Continental Congress"}, "predicateLabel": {"xml:lang": "en", "type": "literal", "value": "replaces"}}, {"subjectLabel": {"xml:lang": "en", "type": "literal", "value": "United States Congress"}, "object": {"type": "uri", "value": "http://www.wikidata.org/entity/Q1195929"}, "objectLabel": {"xml:lang": "en", "type": "literal", "value": "Congress of the Confederation"}, "predicateLabel": {"xml:lang": "en", "type": "literal", "value": "replaces"}}, {"subjectLabel": {"xml:lang": "en", "type": "literal", "value": "United States Congress"}, "object": {"type": "uri", "value": "http://www.wikidata.org/entity/Q7889655"}, "objectLabel": {"xml:lang": "en", "type": "literal", "value": "Office of Congressional Workplace Rights"}, "predicateLabel": {"xml:lang": "en", "type": "literal", "value": "has subsidiary"}}, {"subjectLabel": {"xml:lang": "en", "type": "literal", "value": "United States Congress"}, "object": {"type": "uri", "value": "http://www.wikidata.org/entity/Q104371595"}, "objectLabel": {"xml:lang": "en", "type": "literal", "value": "United States Congress Office of the Attending Physician"}, "predicateLabel": {"xml:lang": "en", "type": "literal", "value": "has subsidiary"}}, {"subjectLabel": {"xml:lang": "en", "type": "literal", "value": "United States Congress"}, "object": {"type": "uri", "value": "http://www.wikidata.org/entity/Q6457456"}, "objectLabel": {"xml:lang": "en", "type": "literal", "value": "Template:United States Congress"}, "predicateLabel": {"xml:lang": "en", "type": "literal", "value": "topic's main template"}}, {"subjectLabel": {"xml:lang": "en", "type": "literal", "value": "United States Congress"}, "object": {"type": "uri", "value": "http://www.wikidata.org/entity/Q8984021"}, "objectLabel": {"xml:lang": "en", "type": "literal", "value": "Category:United States Congress"}, "predicateLabel": {"xml:lang": "en", "type": "literal", "value": "topic's main category"}}, {"subjectLabel": {"xml:lang": "en", "type": "literal", "value": "United States Congress"}, "object": {"type": "uri", "value": "http://www.wikidata.org/entity/Q16082057"}, "objectLabel": {"xml:lang": "en", "type": "literal", "value": "The New Student's Reference Work"}, "predicateLabel": {"xml:lang": "en", "type": "literal", "value": "described by source"}}, {"subjectLabel": {"xml:lang": "en", "type": "literal", "value": "United States Congress"}, "object": {"type": "uri", "value": "http://www.wikidata.org/entity/Q16191437"}, "objectLabel": {"xml:lang": "en", "type": "literal", "value": "history of the United States Congress"}, "predicateLabel": {"xml:lang": "en", "type": "literal", "value": "history of topic"}}, {"subjectLabel": {"xml:lang": "en", "type": "literal", "value": "United States Congress"}, "object": {"type": "uri", "value": "http://www.wikidata.org/entity/Q77430932"}, "objectLabel": {"xml:lang": "en", "type": "literal", "value": "work of author in whom no copyright is vested"}, "predicateLabel": {"xml:lang": "en", "type": "literal", "value": "copyright status as a creator"}}, {"subjectLabel": {"xml:lang": "en", "type": "literal", "value": "United States Congress"}, "object": {"type": "uri", "value": "http://www.wikidata.org/entity/Q48525"}, "objectLabel": {"xml:lang": "en", "type": "literal", "value": "Federal Government of the United States"}, "predicateLabel": {"xml:lang": "en", "type": "literal", "value": "part of"}}, {"subjectLabel": {"xml:lang": "en", "type": "literal", "value": "United States Congress"}, "object": {"type": "uri", "value": "http://www.wikidata.org/entity/Q189445"}, "objectLabel": {"xml:lang": "en", "type": "literal", "value": "bicameral legislature"}, "predicateLabel": {"xml:lang": "en", "type": "literal", "value": "instance of"}}, {"subjectLabel": {"xml:lang": "en", "type": "literal", "value": "United States Congress"}, "object": {"type": "uri", "value": "http://www.wikidata.org/entity/Q54109"}, "objectLabel": {"xml:lang": "en", "type": "literal", "value": "United States Capitol"}, "predicateLabel": {"xml:lang": "en", "type": "literal", "value": "location"}}, {"subjectLabel": {"xml:lang": "en", "type": "literal", "value": "United States Congress"}, "object": {"type": "uri", "value": "http://www.wikidata.org/entity/Q54109"}, "objectLabel": {"xml:lang": "en", "type": "literal", "value": "United States Capitol"}, "predicateLabel": {"xml:lang": "en", "type": "literal", "value": "owner of"}}], "Q4809622": [{"subjectLabel": {"xml:lang": "en", "type": "literal", "value": "Association of American University Presses"}, "object": {"type": "uri", "value": "http://www.wikidata.org/entity/Q60"}, "objectLabel": {"xml:lang": "en", "type": "literal", "value": "New York City"}, "predicateLabel": {"xml:lang": "en", "type": "literal", "value": "located in the administrative territorial entity"}}, {"subjectLabel": {"xml:lang": "en", "type": "literal", "value": "Association of American University Presses"}, "object": {"type": "uri", "value": "http://www.wikidata.org/entity/Q30"}, "objectLabel": {"xml:lang": "en", "type": "literal", "value": "United States of America"}, "predicateLabel": {"xml:lang": "en", "type": "literal", "value": "country"}}, {"subjectLabel": {"xml:lang": "en", "type": "literal", "value": "Association of American University Presses"}, "object": {"type": "uri", "value": "http://www.wikidata.org/entity/Q1110684"}, "objectLabel": {"xml:lang": "en", "type": "literal", "value": "regulatory college"}, "predicateLabel": {"xml:lang": "en", "type": "literal", "value": "instance of"}}, {"subjectLabel": {"xml:lang": "en", "type": "literal", "value": "Association of American University Presses"}, "object": {"type": "uri", "value": "http://www.wikidata.org/entity/Q2842325"}, "objectLabel": {"xml:lang": "en", "type": "literal", "value": "American Council on Education"}, "predicateLabel": {"xml:lang": "en", "type": "literal", "value": "member of"}}, {"subjectLabel": {"xml:lang": "en", "type": "literal", "value": "Association of American University Presses"}, "object": {"type": "uri", "value": "http://www.wikidata.org/entity/Q124358776"}, "objectLabel": {"xml:lang": "en", "type": "literal", "value": "National Humanities Alliance"}, "predicateLabel": {"xml:lang": "en", "type": "literal", "value": "member of"}}, {"subjectLabel": {"xml:lang": "en", "type": "literal", "value": "Association of American University Presses"}, "object": {"type": "uri", "value": "http://www.wikidata.org/entity/Q6048595"}, "objectLabel": {"xml:lang": "en", "type": "literal", "value": "International Association of Scientific, Technical, and Medical Publishers"}, "predicateLabel": {"xml:lang": "en", "type": "literal", "value": "member of"}}, {"subjectLabel": {"xml:lang": "en", "type": "literal", "value": "Association of American University Presses"}, "object": {"type": "uri", "value": "http://www.wikidata.org/entity/Q5153090"}, "objectLabel": {"xml:lang": "en", "type": "literal", "value": "Committee on Publication Ethics"}, "predicateLabel": {"xml:lang": "en", "type": "literal", "value": "member of"}}, {"subjectLabel": {"xml:lang": "en", "type": "literal", "value": "Association of American University Presses"}, "object": {"type": "uri", "value": "http://www.wikidata.org/entity/Q115659930"}, "objectLabel": {"xml:lang": "en", "type": "literal", "value": "National Coalition for History"}, "predicateLabel": {"xml:lang": "en", "type": "literal", "value": "member of"}}, {"subjectLabel": {"xml:lang": "en", "type": "literal", "value": "Association of American University Presses"}, "object": {"type": "uri", "value": "http://www.wikidata.org/entity/Q97667185"}, "objectLabel": {"xml:lang": "en", "type": "literal", "value": "Coalition for Diversity and Inclusion in Scholarly Communications"}, "predicateLabel": {"xml:lang": "en", "type": "literal", "value": "member of"}}, {"subjectLabel": {"xml:lang": "en", "type": "literal", "value": "Association of American University Presses"}, "object": {"type": "uri", "value": "http://www.wikidata.org/entity/Q54911750"}, "objectLabel": {"xml:lang": "en", "type": "literal", "value": "Library Publishing Coalition"}, "predicateLabel": {"xml:lang": "en", "type": "literal", "value": "affiliation"}}, {"subjectLabel": {"xml:lang": "en", "type": "literal", "value": "Association of American University Presses"}, "object": {"type": "uri", "value": "http://www.wikidata.org/entity/Q18410423"}, "objectLabel": {"xml:lang": "en", "type": "literal", "value": "International Association of University Presses"}, "predicateLabel": {"xml:lang": "en", "type": "literal", "value": "different from"}}], "Q4987244": [{"subjectLabel": {"xml:lang": "en", "type": "literal", "value": "Bulb Fields"}, "object": {"type": "uri", "value": "http://www.wikidata.org/entity/Q36600"}, "objectLabel": {"xml:lang": "en", "type": "literal", "value": "The Hague"}, "predicateLabel": {"xml:lang": "en", "type": "literal", "value": "location of creation"}}, {"subjectLabel": {"xml:lang": "en", "type": "literal", "value": "Bulb Fields"}, "object": {"type": "uri", "value": "http://www.wikidata.org/entity/Q19652"}, "objectLabel": {"xml:lang": "en", "type": "literal", "value": "public domain"}, "predicateLabel": {"xml:lang": "en", "type": "literal", "value": "copyright status"}}, {"subjectLabel": {"xml:lang": "en", "type": "literal", "value": "Bulb Fields"}, "object": {"type": "uri", "value": "http://www.wikidata.org/entity/Q287"}, "objectLabel": {"xml:lang": "en", "type": "literal", "value": "wood"}, "predicateLabel": {"xml:lang": "en", "type": "literal", "value": "made from material"}}, {"subjectLabel": {"xml:lang": "en", "type": "literal", "value": "Bulb Fields"}, "object": {"type": "uri", "value": "http://www.wikidata.org/entity/Q3947"}, "objectLabel": {"xml:lang": "en", "type": "literal", "value": "house"}, "predicateLabel": {"xml:lang": "en", "type": "literal", "value": "depicts"}}, {"subjectLabel": {"xml:lang": "en", "type": "literal", "value": "Bulb Fields"}, "object": {"type": "uri", "value": "http://www.wikidata.org/entity/Q131596"}, "objectLabel": {"xml:lang": "en", "type": "literal", "value": "farm"}, "predicateLabel": {"xml:lang": "en", "type": "literal", "value": "main subject"}}, {"subjectLabel": {"xml:lang": "en", "type": "literal", "value": "Bulb Fields"}, "object": {"type": "uri", "value": "http://www.wikidata.org/entity/Q28834677"}, "objectLabel": {"xml:lang": "en", "type": "literal", "value": "Masterpieces from the National Gallery of Art"}, "predicateLabel": {"xml:lang": "en", "type": "literal", "value": "exhibition history"}}, {"subjectLabel": {"xml:lang": "en", "type": "literal", "value": "Bulb Fields"}, "object": {"type": "uri", "value": "http://www.wikidata.org/entity/Q28834688"}, "objectLabel": {"xml:lang": "en", "type": "literal", "value": "Vincent van Gogh - Between Heaven and Earth: The Landscapes"}, "predicateLabel": {"xml:lang": "en", "type": "literal", "value": "exhibition history"}}, {"subjectLabel": {"xml:lang": "en", "type": "literal", "value": "Bulb Fields"}, "object": {"type": "uri", "value": "http://www.wikidata.org/entity/Q28834660"}, "objectLabel": {"xml:lang": "en", "type": "literal", "value": "Impressionisti della National Gallery of Art di Washington"}, "predicateLabel": {"xml:lang": "en", "type": "literal", "value": "exhibition history"}}, {"subjectLabel": {"xml:lang": "en", "type": "literal", "value": "Bulb Fields"}, "object": {"type": "uri", "value": "http://www.wikidata.org/entity/Q28834684"}, "objectLabel": {"xml:lang": "en", "type": "literal", "value": "The Young van Gogh and The Hague School"}, "predicateLabel": {"xml:lang": "en", "type": "literal", "value": "exhibition history"}}, {"subjectLabel": {"xml:lang": "en", "type": "literal", "value": "Bulb Fields"}, "object": {"type": "uri", "value": "http://www.wikidata.org/entity/Q28834670"}, "objectLabel": {"xml:lang": "en", "type": "literal", "value": "Around Impressionism: French Paintings from the National Gallery of Art"}, "predicateLabel": {"xml:lang": "en", "type": "literal", "value": "exhibition history"}}, {"subjectLabel": {"xml:lang": "en", "type": "literal", "value": "Bulb Fields"}, "object": {"type": "uri", "value": "http://www.wikidata.org/entity/Q28834643"}, "objectLabel": {"xml:lang": "en", "type": "literal", "value": "Gifts to the Nation: Selected Acquisitions from the Collections of Mr. and Mrs. Paul Mellon"}, "predicateLabel": {"xml:lang": "en", "type": "literal", "value": "exhibition history"}}, {"subjectLabel": {"xml:lang": "en", "type": "literal", "value": "Bulb Fields"}, "object": {"type": "uri", "value": "http://www.wikidata.org/entity/Q28834650"}, "objectLabel": {"xml:lang": "en", "type": "literal", "value": "Monet in Holland"}, "predicateLabel": {"xml:lang": "en", "type": "literal", "value": "exhibition history"}}, {"subjectLabel": {"xml:lang": "en", "type": "literal", "value": "Bulb Fields"}, "object": {"type": "uri", "value": "http://www.wikidata.org/entity/Q28834637"}, "objectLabel": {"xml:lang": "en", "type": "literal", "value": "French Paintings from the Collections of Mr. and Mrs. Paul Mellon and Mrs. Mellon Bruce"}, "predicateLabel": {"xml:lang": "en", "type": "literal", "value": "exhibition history"}}, {"subjectLabel": {"xml:lang": "en", "type": "literal", "value": "Bulb Fields"}, "object": {"type": "uri", "value": "http://www.wikidata.org/entity/Q10884"}, "objectLabel": {"xml:lang": "en", "type": "literal", "value": "tree"}, "predicateLabel": {"xml:lang": "en", "type": "literal", "value": "depicts"}}, {"subjectLabel": {"xml:lang": "en", "type": "literal", "value": "Bulb Fields"}, "object": {"type": "uri", "value": "http://www.wikidata.org/entity/Q5582"}, "objectLabel": {"xml:lang": "en", "type": "literal", "value": "Vincent van Gogh"}, "predicateLabel": {"xml:lang": "en", "type": "literal", "value": "creator"}}, {"subjectLabel": {"xml:lang": "en", "type": "literal", "value": "Bulb Fields"}, "object": {"type": "uri", "value": "http://www.wikidata.org/entity/Q1542805"}, "objectLabel": {"xml:lang": "en", "type": "literal", "value": "Paul Mellon"}, "predicateLabel": {"xml:lang": "en", "type": "literal", "value": "donated by"}}, {"subjectLabel": {"xml:lang": "en", "type": "literal", "value": "Bulb Fields"}, "object": {"type": "uri", "value": "http://www.wikidata.org/entity/Q188869"}, "objectLabel": {"xml:lang": "en", "type": "literal", "value": "field"}, "predicateLabel": {"xml:lang": "en", "type": "literal", "value": "depicts"}}, {"subjectLabel": {"xml:lang": "en", "type": "literal", "value": "Bulb Fields"}, "object": {"type": "uri", "value": "http://www.wikidata.org/entity/Q296955"}, "objectLabel": {"xml:lang": "en", "type": "literal", "value": "oil paint"}, "predicateLabel": {"xml:lang": "en", "type": "literal", "value": "made from material"}}, {"subjectLabel": {"xml:lang": "en", "type": "literal", "value": "Bulb Fields"}, "object": {"type": "uri", "value": "http://www.wikidata.org/entity/Q28834695"}, "objectLabel": {"xml:lang": "en", "type": "literal", "value": "European Paintings: An Illustrated Catalogue"}, "predicateLabel": {"xml:lang": "en", "type": "literal", "value": "published in"}}, {"subjectLabel": {"xml:lang": "en", "type": "literal", "value": "Bulb Fields"}, "object": {"type": "uri", "value": "http://www.wikidata.org/entity/Q28834734"}, "objectLabel": {"xml:lang": "en", "type": "literal", "value": "Van Gogh: Face to Face. The Portraits"}, "predicateLabel": {"xml:lang": "en", "type": "literal", "value": "published in"}}, {"subjectLabel": {"xml:lang": "en", "type": "literal", "value": "Bulb Fields"}, "object": {"type": "uri", "value": "http://www.wikidata.org/entity/Q28834728"}, "objectLabel": {"xml:lang": "en", "type": "literal", "value": "Van Gogh's Flowers"}, "predicateLabel": {"xml:lang": "en", "type": "literal", "value": "published in"}}, {"subjectLabel": {"xml:lang": "en", "type": "literal", "value": "Bulb Fields"}, "object": {"type": "uri", "value": "http://www.wikidata.org/entity/Q28834726"}, "objectLabel": {"xml:lang": "en", "type": "literal", "value": "Flower Still Lifes from the Netherlands and Belgium 1870-1940"}, "predicateLabel": {"xml:lang": "en", "type": "literal", "value": "published in"}}, {"subjectLabel": {"xml:lang": "en", "type": "literal", "value": "Bulb Fields"}, "object": {"type": "uri", "value": "http://www.wikidata.org/entity/Q28836735"}, "objectLabel": {"xml:lang": "en", "type": "literal", "value": "Vincent's Gardens: Paintings and Drawings by Van Gogh"}, "predicateLabel": {"xml:lang": "en", "type": "literal", "value": "published in"}}, {"subjectLabel": {"xml:lang": "en", "type": "literal", "value": "Bulb Fields"}, "object": {"type": "uri", "value": "http://www.wikidata.org/entity/Q3305213"}, "objectLabel": {"xml:lang": "en", "type": "literal", "value": "painting"}, "predicateLabel": {"xml:lang": "en", "type": "literal", "value": "instance of"}}, {"subjectLabel": {"xml:lang": "en", "type": "literal", "value": "Bulb Fields"}, "object": {"type": "uri", "value": "http://www.wikidata.org/entity/Q1542805"}, "objectLabel": {"xml:lang": "en", "type": "literal", "value": "Paul Mellon"}, "predicateLabel": {"xml:lang": "en", "type": "literal", "value": "collection"}}, {"subjectLabel": {"xml:lang": "en", "type": "literal", "value": "Bulb Fields"}, "object": {"type": "uri", "value": "http://www.wikidata.org/entity/Q30345409"}, "objectLabel": {"xml:lang": "en", "type": "literal", "value": "tulip"}, "predicateLabel": {"xml:lang": "en", "type": "literal", "value": "depicts"}}, {"subjectLabel": {"xml:lang": "en", "type": "literal", "value": "Bulb Fields"}, "object": {"type": "uri", "value": "http://www.wikidata.org/entity/Q214867"}, "objectLabel": {"xml:lang": "en", "type": "literal", "value": "National Gallery of Art"}, "predicateLabel": {"xml:lang": "en", "type": "literal", "value": "owned by"}}, {"subjectLabel": {"xml:lang": "en", "type": "literal", "value": "Bulb Fields"}, "object": {"type": "uri", "value": "http://www.wikidata.org/entity/Q12321255"}, "objectLabel": {"xml:lang": "en", "type": "literal", "value": "canvas"}, "predicateLabel": {"xml:lang": "en", "type": "literal", "value": "made from material"}}, {"subjectLabel": {"xml:lang": "en", "type": "literal", "value": "Bulb Fields"}, "object": {"type": "uri", "value": "http://www.wikidata.org/entity/Q10857409"}, "objectLabel": {"xml:lang": "en", "type": "literal", "value": "realism"}, "predicateLabel": {"xml:lang": "en", "type": "literal", "value": "movement"}}, {"subjectLabel": {"xml:lang": "en", "type": "literal", "value": "Bulb Fields"}, "object": {"type": "uri", "value": "http://www.wikidata.org/entity/Q191163"}, "objectLabel": {"xml:lang": "en", "type": "literal", "value": "landscape art"}, "predicateLabel": {"xml:lang": "en", "type": "literal", "value": "genre"}}, {"subjectLabel": {"xml:lang": "en", "type": "literal", "value": "Bulb Fields"}, "object": {"type": "uri", "value": "http://www.wikidata.org/entity/Q28834630"}, "objectLabel": {"xml:lang": "en", "type": "literal", "value": "Paintings, Drawings and Sculpture Collected by Yale Alumni: An Exhibition"}, "predicateLabel": {"xml:lang": "en", "type": "literal", "value": "exhibition history"}}, {"subjectLabel": {"xml:lang": "en", "type": "literal", "value": "Bulb Fields"}, "object": {"type": "uri", "value": "http://www.wikidata.org/entity/Q28834612"}, "objectLabel": {"xml:lang": "en", "type": "literal", "value": "Exhibition of Works by Vincent van Gogh"}, "predicateLabel": {"xml:lang": "en", "type": "literal", "value": "exhibition history"}}, {"subjectLabel": {"xml:lang": "en", "type": "literal", "value": "Bulb Fields"}, "object": {"type": "uri", "value": "http://www.wikidata.org/entity/Q214867"}, "objectLabel": {"xml:lang": "en", "type": "literal", "value": "National Gallery of Art"}, "predicateLabel": {"xml:lang": "en", "type": "literal", "value": "location"}}, {"subjectLabel": {"xml:lang": "en", "type": "literal", "value": "Bulb Fields"}, "object": {"type": "uri", "value": "http://www.wikidata.org/entity/Q214867"}, "objectLabel": {"xml:lang": "en", "type": "literal", "value": "National Gallery of Art"}, "predicateLabel": {"xml:lang": "en", "type": "literal", "value": "collection"}}], "Q19939031": [{"subjectLabel": {"xml:lang": "en", "type": "literal", "value": "A Dutch Courtyard"}, "object": {"type": "uri", "value": "http://www.wikidata.org/entity/Q55"}, "objectLabel": {"xml:lang": "en", "type": "literal", "value": "Netherlands"}, "predicateLabel": {"xml:lang": "en", "type": "literal", "value": "location"}}, {"subjectLabel": {"xml:lang": "en", "type": "literal", "value": "A Dutch Courtyard"}, "object": {"type": "uri", "value": "http://www.wikidata.org/entity/Q214867"}, "objectLabel": {"xml:lang": "en", "type": "literal", "value": "National Gallery of Art"}, "predicateLabel": {"xml:lang": "en", "type": "literal", "value": "owned by"}}, {"subjectLabel": {"xml:lang": "en", "type": "literal", "value": "A Dutch Courtyard"}, "object": {"type": "uri", "value": "http://www.wikidata.org/entity/Q19652"}, "objectLabel": {"xml:lang": "en", "type": "literal", "value": "public domain"}, "predicateLabel": {"xml:lang": "en", "type": "literal", "value": "copyright status"}}, {"subjectLabel": {"xml:lang": "en", "type": "literal", "value": "A Dutch Courtyard"}, "object": {"type": "uri", "value": "http://www.wikidata.org/entity/Q214867"}, "objectLabel": {"xml:lang": "en", "type": "literal", "value": "National Gallery of Art"}, "predicateLabel": {"xml:lang": "en", "type": "literal", "value": "location"}}, {"subjectLabel": {"xml:lang": "en", "type": "literal", "value": "A Dutch Courtyard"}, "object": {"type": "uri", "value": "http://www.wikidata.org/entity/Q46596638"}, "objectLabel": {"xml:lang": "en", "type": "literal", "value": "Andrew W. Mellon collection"}, "predicateLabel": {"xml:lang": "en", "type": "literal", "value": "collection"}}, {"subjectLabel": {"xml:lang": "en", "type": "literal", "value": "A Dutch Courtyard"}, "object": {"type": "uri", "value": "http://www.wikidata.org/entity/Q214867"}, "objectLabel": {"xml:lang": "en", "type": "literal", "value": "National Gallery of Art"}, "predicateLabel": {"xml:lang": "en", "type": "literal", "value": "collection"}}, {"subjectLabel": {"xml:lang": "en", "type": "literal", "value": "A Dutch Courtyard"}, "object": {"type": "uri", "value": "http://www.wikidata.org/entity/Q12321255"}, "objectLabel": {"xml:lang": "en", "type": "literal", "value": "canvas"}, "predicateLabel": {"xml:lang": "en", "type": "literal", "value": "made from material"}}, {"subjectLabel": {"xml:lang": "en", "type": "literal", "value": "A Dutch Courtyard"}, "object": {"type": "uri", "value": "http://www.wikidata.org/entity/Q296955"}, "objectLabel": {"xml:lang": "en", "type": "literal", "value": "oil paint"}, "predicateLabel": {"xml:lang": "en", "type": "literal", "value": "made from material"}}, {"subjectLabel": {"xml:lang": "en", "type": "literal", "value": "A Dutch Courtyard"}, "object": {"type": "uri", "value": "http://www.wikidata.org/entity/Q4723681"}, "objectLabel": {"xml:lang": "en", "type": "literal", "value": "Alfred de Rothschild"}, "predicateLabel": {"xml:lang": "en", "type": "literal", "value": "owned by"}}, {"subjectLabel": {"xml:lang": "en", "type": "literal", "value": "A Dutch Courtyard"}, "object": {"type": "uri", "value": "http://www.wikidata.org/entity/Q2352880"}, "objectLabel": {"xml:lang": "en", "type": "literal", "value": "Dutch Golden Age painting"}, "predicateLabel": {"xml:lang": "en", "type": "literal", "value": "movement"}}, {"subjectLabel": {"xml:lang": "en", "type": "literal", "value": "A Dutch Courtyard"}, "object": {"type": "uri", "value": "http://www.wikidata.org/entity/Q252645"}, "objectLabel": {"xml:lang": "en", "type": "literal", "value": "Delft School"}, "predicateLabel": {"xml:lang": "en", "type": "literal", "value": "movement"}}, {"subjectLabel": {"xml:lang": "en", "type": "literal", "value": "A Dutch Courtyard"}, "object": {"type": "uri", "value": "http://www.wikidata.org/entity/Q314889"}, "objectLabel": {"xml:lang": "en", "type": "literal", "value": "Pieter de Hooch"}, "predicateLabel": {"xml:lang": "en", "type": "literal", "value": "creator"}}, {"subjectLabel": {"xml:lang": "en", "type": "literal", "value": "A Dutch Courtyard"}, "object": {"type": "uri", "value": "http://www.wikidata.org/entity/Q3305213"}, "objectLabel": {"xml:lang": "en", "type": "literal", "value": "painting"}, "predicateLabel": {"xml:lang": "en", "type": "literal", "value": "instance of"}}, {"subjectLabel": {"xml:lang": "en", "type": "literal", "value": "A Dutch Courtyard"}, "object": {"type": "uri", "value": "http://www.wikidata.org/entity/Q333605"}, "objectLabel": {"xml:lang": "en", "type": "literal", "value": "Lionel de Rothschild"}, "predicateLabel": {"xml:lang": "en", "type": "literal", "value": "owned by"}}, {"subjectLabel": {"xml:lang": "en", "type": "literal", "value": "A Dutch Courtyard"}, "object": {"type": "uri", "value": "http://www.wikidata.org/entity/Q665436"}, "objectLabel": {"xml:lang": "en", "type": "literal", "value": "Almina Herbert, Countess of Carnarvon"}, "predicateLabel": {"xml:lang": "en", "type": "literal", "value": "owned by"}}, {"subjectLabel": {"xml:lang": "en", "type": "literal", "value": "A Dutch Courtyard"}, "object": {"type": "uri", "value": "http://www.wikidata.org/entity/Q1047337"}, "objectLabel": {"xml:lang": "en", "type": "literal", "value": "genre art"}, "predicateLabel": {"xml:lang": "en", "type": "literal", "value": "genre"}}], "Q9159850": [{"subjectLabel": {"xml:lang": "en", "type": "literal", "value": "Harlequin (Arlequin)"}, "object": {"type": "uri", "value": "http://www.wikidata.org/entity/Q17298"}, "objectLabel": {"xml:lang": "en", "type": "literal", "value": "Harlequin"}, "predicateLabel": {"xml:lang": "en", "type": "literal", "value": "depicts"}}, {"subjectLabel": {"xml:lang": "en", "type": "literal", "value": "Harlequin (Arlequin)"}, "object": {"type": "uri", "value": "http://www.wikidata.org/entity/Q35105"}, "objectLabel": {"xml:lang": "en", "type": "literal", "value": "Mardi Gras"}, "predicateLabel": {"xml:lang": "en", "type": "literal", "value": "depicts"}}, {"subjectLabel": {"xml:lang": "en", "type": "literal", "value": "Harlequin (Arlequin)"}, "object": {"type": "uri", "value": "http://www.wikidata.org/entity/Q8441"}, "objectLabel": {"xml:lang": "en", "type": "literal", "value": "man"}, "predicateLabel": {"xml:lang": "en", "type": "literal", "value": "depicts"}}, {"subjectLabel": {"xml:lang": "en", "type": "literal", "value": "Harlequin (Arlequin)"}, "object": {"type": "uri", "value": "http://www.wikidata.org/entity/Q49005"}, "objectLabel": {"xml:lang": "en", "type": "literal", "value": "curtain"}, "predicateLabel": {"xml:lang": "en", "type": "literal", "value": "depicts"}}, {"subjectLabel": {"xml:lang": "en", "type": "literal", "value": "Harlequin (Arlequin)"}, "object": {"type": "uri", "value": "http://www.wikidata.org/entity/Q35548"}, "objectLabel": {"xml:lang": "en", "type": "literal", "value": "Paul C\u00e9zanne"}, "predicateLabel": {"xml:lang": "en", "type": "literal", "value": "creator"}}, {"subjectLabel": {"xml:lang": "en", "type": "literal", "value": "Harlequin (Arlequin)"}, "object": {"type": "uri", "value": "http://www.wikidata.org/entity/Q19652"}, "objectLabel": {"xml:lang": "en", "type": "literal", "value": "public domain"}, "predicateLabel": {"xml:lang": "en", "type": "literal", "value": "copyright status"}}, {"subjectLabel": {"xml:lang": "en", "type": "literal", "value": "Harlequin (Arlequin)"}, "object": {"type": "uri", "value": "http://www.wikidata.org/entity/Q161524"}, "objectLabel": {"xml:lang": "en", "type": "literal", "value": "mask"}, "predicateLabel": {"xml:lang": "en", "type": "literal", "value": "depicts"}}, {"subjectLabel": {"xml:lang": "en", "type": "literal", "value": "Harlequin (Arlequin)"}, "object": {"type": "uri", "value": "http://www.wikidata.org/entity/Q233104"}, "objectLabel": {"xml:lang": "en", "type": "literal", "value": "bicorne"}, "predicateLabel": {"xml:lang": "en", "type": "literal", "value": "depicts"}}, {"subjectLabel": {"xml:lang": "en", "type": "literal", "value": "Harlequin (Arlequin)"}, "object": {"type": "uri", "value": "http://www.wikidata.org/entity/Q459041"}, "objectLabel": {"xml:lang": "en", "type": "literal", "value": "Ambroise Vollard"}, "predicateLabel": {"xml:lang": "en", "type": "literal", "value": "owned by"}}, {"subjectLabel": {"xml:lang": "en", "type": "literal", "value": "Harlequin (Arlequin)"}, "object": {"type": "uri", "value": "http://www.wikidata.org/entity/Q214867"}, "objectLabel": {"xml:lang": "en", "type": "literal", "value": "National Gallery of Art"}, "predicateLabel": {"xml:lang": "en", "type": "literal", "value": "owned by"}}, {"subjectLabel": {"xml:lang": "en", "type": "literal", "value": "Harlequin (Arlequin)"}, "object": {"type": "uri", "value": "http://www.wikidata.org/entity/Q1542805"}, "objectLabel": {"xml:lang": "en", "type": "literal", "value": "Paul Mellon"}, "predicateLabel": {"xml:lang": "en", "type": "literal", "value": "owned by"}}, {"subjectLabel": {"xml:lang": "en", "type": "literal", "value": "Harlequin (Arlequin)"}, "object": {"type": "uri", "value": "http://www.wikidata.org/entity/Q214867"}, "objectLabel": {"xml:lang": "en", "type": "literal", "value": "National Gallery of Art"}, "predicateLabel": {"xml:lang": "en", "type": "literal", "value": "collection"}}, {"subjectLabel": {"xml:lang": "en", "type": "literal", "value": "Harlequin (Arlequin)"}, "object": {"type": "uri", "value": "http://www.wikidata.org/entity/Q214867"}, "objectLabel": {"xml:lang": "en", "type": "literal", "value": "National Gallery of Art"}, "predicateLabel": {"xml:lang": "en", "type": "literal", "value": "location"}}, {"subjectLabel": {"xml:lang": "en", "type": "literal", "value": "Harlequin (Arlequin)"}, "object": {"type": "uri", "value": "http://www.wikidata.org/entity/Q766863"}, "objectLabel": {"xml:lang": "en", "type": "literal", "value": "Auguste Pellerin"}, "predicateLabel": {"xml:lang": "en", "type": "literal", "value": "owned by"}}, {"subjectLabel": {"xml:lang": "en", "type": "literal", "value": "Harlequin (Arlequin)"}, "object": {"type": "uri", "value": "http://www.wikidata.org/entity/Q1047337"}, "objectLabel": {"xml:lang": "en", "type": "literal", "value": "genre art"}, "predicateLabel": {"xml:lang": "en", "type": "literal", "value": "genre"}}, {"subjectLabel": {"xml:lang": "en", "type": "literal", "value": "Harlequin (Arlequin)"}, "object": {"type": "uri", "value": "http://www.wikidata.org/entity/Q3305213"}, "objectLabel": {"xml:lang": "en", "type": "literal", "value": "painting"}, "predicateLabel": {"xml:lang": "en", "type": "literal", "value": "instance of"}}, {"subjectLabel": {"xml:lang": "en", "type": "literal", "value": "Harlequin (Arlequin)"}, "object": {"type": "uri", "value": "http://www.wikidata.org/entity/Q296955"}, "objectLabel": {"xml:lang": "en", "type": "literal", "value": "oil paint"}, "predicateLabel": {"xml:lang": "en", "type": "literal", "value": "made from material"}}, {"subjectLabel": {"xml:lang": "en", "type": "literal", "value": "Harlequin (Arlequin)"}, "object": {"type": "uri", "value": "http://www.wikidata.org/entity/Q12321255"}, "objectLabel": {"xml:lang": "en", "type": "literal", "value": "canvas"}, "predicateLabel": {"xml:lang": "en", "type": "literal", "value": "made from material"}}, {"subjectLabel": {"xml:lang": "en", "type": "literal", "value": "Harlequin (Arlequin)"}, "object": {"type": "uri", "value": "http://www.wikidata.org/entity/Q1986098"}, "objectLabel": {"xml:lang": "en", "type": "literal", "value": "standing"}, "predicateLabel": {"xml:lang": "en", "type": "literal", "value": "depicts"}}, {"subjectLabel": {"xml:lang": "en", "type": "literal", "value": "Harlequin (Arlequin)"}, "object": {"type": "uri", "value": "http://www.wikidata.org/entity/Q6497468"}, "objectLabel": {"xml:lang": "en", "type": "literal", "value": "disguise"}, "predicateLabel": {"xml:lang": "en", "type": "literal", "value": "depicts"}}, {"subjectLabel": {"xml:lang": "en", "type": "literal", "value": "Harlequin (Arlequin)"}, "object": {"type": "uri", "value": "http://www.wikidata.org/entity/Q17277800"}, "objectLabel": {"xml:lang": "en", "type": "literal", "value": "Jean-Victor Pellerin"}, "predicateLabel": {"xml:lang": "en", "type": "literal", "value": "owned by"}}], "Q20177080": [{"subjectLabel": {"xml:lang": "en", "type": "literal", "value": "Lady with a Fan"}, "object": {"type": "uri", "value": "http://www.wikidata.org/entity/Q19652"}, "objectLabel": {"xml:lang": "en", "type": "literal", "value": "public domain"}, "predicateLabel": {"xml:lang": "en", "type": "literal", "value": "copyright status"}}, {"subjectLabel": {"xml:lang": "en", "type": "literal", "value": "Lady with a Fan"}, "object": {"type": "uri", "value": "http://www.wikidata.org/entity/Q214867"}, "objectLabel": {"xml:lang": "en", "type": "literal", "value": "National Gallery of Art"}, "predicateLabel": {"xml:lang": "en", "type": "literal", "value": "owned by"}}, {"subjectLabel": {"xml:lang": "en", "type": "literal", "value": "Lady with a Fan"}, "object": {"type": "uri", "value": "http://www.wikidata.org/entity/Q214867"}, "objectLabel": {"xml:lang": "en", "type": "literal", "value": "National Gallery of Art"}, "predicateLabel": {"xml:lang": "en", "type": "literal", "value": "location"}}, {"subjectLabel": {"xml:lang": "en", "type": "literal", "value": "Lady with a Fan"}, "object": {"type": "uri", "value": "http://www.wikidata.org/entity/Q3609940"}, "objectLabel": {"xml:lang": "en", "type": "literal", "value": "Alessandro Contini Bonacossi"}, "predicateLabel": {"xml:lang": "en", "type": "literal", "value": "owned by"}}, {"subjectLabel": {"xml:lang": "en", "type": "literal", "value": "Lady with a Fan"}, "object": {"type": "uri", "value": "http://www.wikidata.org/entity/Q296955"}, "objectLabel": {"xml:lang": "en", "type": "literal", "value": "oil paint"}, "predicateLabel": {"xml:lang": "en", "type": "literal", "value": "made from material"}}, {"subjectLabel": {"xml:lang": "en", "type": "literal", "value": "Lady with a Fan"}, "object": {"type": "uri", "value": "http://www.wikidata.org/entity/Q214867"}, "objectLabel": {"xml:lang": "en", "type": "literal", "value": "National Gallery of Art"}, "predicateLabel": {"xml:lang": "en", "type": "literal", "value": "collection"}}, {"subjectLabel": {"xml:lang": "en", "type": "literal", "value": "Lady with a Fan"}, "object": {"type": "uri", "value": "http://www.wikidata.org/entity/Q437295"}, "objectLabel": {"xml:lang": "en", "type": "literal", "value": "Archduke Leopold Wilhelm of Austria"}, "predicateLabel": {"xml:lang": "en", "type": "literal", "value": "owned by"}}, {"subjectLabel": {"xml:lang": "en", "type": "literal", "value": "Lady with a Fan"}, "object": {"type": "uri", "value": "http://www.wikidata.org/entity/Q12321255"}, "objectLabel": {"xml:lang": "en", "type": "literal", "value": "canvas"}, "predicateLabel": {"xml:lang": "en", "type": "literal", "value": "made from material"}}, {"subjectLabel": {"xml:lang": "en", "type": "literal", "value": "Lady with a Fan"}, "object": {"type": "uri", "value": "http://www.wikidata.org/entity/Q2074027"}, "objectLabel": {"xml:lang": "en", "type": "literal", "value": "Samuel H. Kress Collection"}, "predicateLabel": {"xml:lang": "en", "type": "literal", "value": "collection"}}, {"subjectLabel": {"xml:lang": "en", "type": "literal", "value": "Lady with a Fan"}, "object": {"type": "uri", "value": "http://www.wikidata.org/entity/Q134307"}, "objectLabel": {"xml:lang": "en", "type": "literal", "value": "portrait"}, "predicateLabel": {"xml:lang": "en", "type": "literal", "value": "genre"}}, {"subjectLabel": {"xml:lang": "en", "type": "literal", "value": "Lady with a Fan"}, "object": {"type": "uri", "value": "http://www.wikidata.org/entity/Q150679"}, "objectLabel": {"xml:lang": "en", "type": "literal", "value": "Anthony van Dyck"}, "predicateLabel": {"xml:lang": "en", "type": "literal", "value": "creator"}}, {"subjectLabel": {"xml:lang": "en", "type": "literal", "value": "Lady with a Fan"}, "object": {"type": "uri", "value": "http://www.wikidata.org/entity/Q3305213"}, "objectLabel": {"xml:lang": "en", "type": "literal", "value": "painting"}, "predicateLabel": {"xml:lang": "en", "type": "literal", "value": "instance of"}}, {"subjectLabel": {"xml:lang": "en", "type": "literal", "value": "Lady with a Fan"}, "object": {"type": "uri", "value": "http://www.wikidata.org/entity/Q30272990"}, "objectLabel": {"xml:lang": "en", "type": "literal", "value": "Samuel H. Kress Foundation"}, "predicateLabel": {"xml:lang": "en", "type": "literal", "value": "owned by"}}]}