{"Q5107": [{"subjectLabel": {"xml:lang": "en", "type": "literal", "value": "continent"}, "object": {"type": "uri", "value": "http://www.wikidata.org/entity/P30"}, "objectLabel": {"xml:lang": "en", "type": "literal", "value": "continent"}, "predicateLabel": {"xml:lang": "en", "type": "literal", "value": "Wikidata property"}}, {"subjectLabel": {"xml:lang": "en", "type": "literal", "value": "continent"}, "object": {"type": "uri", "value": "http://www.wikidata.org/entity/Q2"}, "objectLabel": {"xml:lang": "en", "type": "literal", "value": "Earth"}, "predicateLabel": {"xml:lang": "en", "type": "literal", "value": "part of"}}, {"subjectLabel": {"xml:lang": "en", "type": "literal", "value": "continent"}, "object": {"type": "uri", "value": "http://www.wikidata.org/entity/Q9430"}, "objectLabel": {"xml:lang": "en", "type": "literal", "value": "ocean"}, "predicateLabel": {"xml:lang": "en", "type": "literal", "value": "opposite of"}}, {"subjectLabel": {"xml:lang": "en", "type": "literal", "value": "continent"}, "object": {"type": "uri", "value": "http://www.wikidata.org/entity/Q15316"}, "objectLabel": {"xml:lang": "en", "type": "literal", "value": "Earth's crust"}, "predicateLabel": {"xml:lang": "en", "type": "literal", "value": "part of"}}, {"subjectLabel": {"xml:lang": "en", "type": "literal", "value": "continent"}, "object": {"type": "uri", "value": "http://www.wikidata.org/entity/Q858571"}, "objectLabel": {"xml:lang": "en", "type": "literal", "value": "continental crust"}, "predicateLabel": {"xml:lang": "en", "type": "literal", "value": "different from"}}, {"subjectLabel": {"xml:lang": "en", "type": "literal", "value": "continent"}, "object": {"type": "uri", "value": "http://www.wikidata.org/entity/Q205895"}, "objectLabel": {"xml:lang": "en", "type": "literal", "value": "landmass"}, "predicateLabel": {"xml:lang": "en", "type": "literal", "value": "subclass of"}}, {"subjectLabel": {"xml:lang": "en", "type": "literal", "value": "continent"}, "object": {"type": "uri", "value": "http://www.wikidata.org/entity/Q867541"}, "objectLabel": {"xml:lang": "en", "type": "literal", "value": "Encyclop\u00e6dia Britannica 11th edition"}, "predicateLabel": {"xml:lang": "en", "type": "literal", "value": "described by source"}}, {"subjectLabel": {"xml:lang": "en", "type": "literal", "value": "continent"}, "object": {"type": "uri", "value": "http://www.wikidata.org/entity/Q602358"}, "objectLabel": {"xml:lang": "en", "type": "literal", "value": "Brockhaus and Efron Encyclopedic Dictionary"}, "predicateLabel": {"xml:lang": "en", "type": "literal", "value": "described by source"}}, {"subjectLabel": {"xml:lang": "en", "type": "literal", "value": "continent"}, "object": {"type": "uri", "value": "http://www.wikidata.org/entity/Q858571"}, "objectLabel": {"xml:lang": "en", "type": "literal", "value": "continental crust"}, "predicateLabel": {"xml:lang": "en", "type": "literal", "value": "located in/on physical feature"}}, {"subjectLabel": {"xml:lang": "en", "type": "literal", "value": "continent"}, "object": {"type": "uri", "value": "http://www.wikidata.org/entity/Q5460604"}, "objectLabel": {"xml:lang": "en", "type": "literal", "value": "Wikipedia:List of articles all languages should have"}, "predicateLabel": {"xml:lang": "en", "type": "literal", "value": "on focus list of Wikimedia project"}}, {"subjectLabel": {"xml:lang": "en", "type": "literal", "value": "continent"}, "object": {"type": "uri", "value": "http://www.wikidata.org/entity/Q2418896"}, "objectLabel": {"xml:lang": "en", "type": "literal", "value": "part of the world"}, "predicateLabel": {"xml:lang": "en", "type": "literal", "value": "partially coincident with"}}, {"subjectLabel": {"xml:lang": "en", "type": "literal", "value": "continent"}, "object": {"type": "uri", "value": "http://www.wikidata.org/entity/Q2945667"}, "objectLabel": {"xml:lang": "en", "type": "literal", "value": "Category:Continents"}, "predicateLabel": {"xml:lang": "en", "type": "literal", "value": "topic's main category"}}, {"subjectLabel": {"xml:lang": "en", "type": "literal", "value": "continent"}, "object": {"type": "uri", "value": "http://www.wikidata.org/entity/Q2418896"}, "objectLabel": {"xml:lang": "en", "type": "literal", "value": "part of the world"}, "predicateLabel": {"xml:lang": "en", "type": "literal", "value": "different from"}}, {"subjectLabel": {"xml:lang": "en", "type": "literal", "value": "continent"}, "object": {"type": "uri", "value": "http://www.wikidata.org/entity/Q6075519"}, "objectLabel": {"xml:lang": "en", "type": "literal", "value": "Template:Infobox continent"}, "predicateLabel": {"xml:lang": "en", "type": "literal", "value": "topic's main template"}}, {"subjectLabel": {"xml:lang": "en", "type": "literal", "value": "continent"}, "object": {"type": "uri", "value": "http://www.wikidata.org/entity/Q6263301"}, "objectLabel": {"xml:lang": "en", "type": "literal", "value": "Template:Continents of Earth"}, "predicateLabel": {"xml:lang": "en", "type": "literal", "value": "topic's main template"}}, {"subjectLabel": {"xml:lang": "en", "type": "literal", "value": "continent"}, "object": {"type": "uri", "value": "http://www.wikidata.org/entity/Q6173448"}, "objectLabel": {"xml:lang": "en", "type": "literal", "value": "Wikipedia:Vital articles/Level/4"}, "predicateLabel": {"xml:lang": "en", "type": "literal", "value": "on focus list of Wikimedia project"}}, {"subjectLabel": {"xml:lang": "en", "type": "literal", "value": "continent"}, "object": {"type": "uri", "value": "http://www.wikidata.org/entity/Q19180675"}, "objectLabel": {"xml:lang": "en", "type": "literal", "value": "Small Brockhaus and Efron Encyclopedic Dictionary"}, "predicateLabel": {"xml:lang": "en", "type": "literal", "value": "described by source"}}, {"subjectLabel": {"xml:lang": "en", "type": "literal", "value": "continent"}, "object": {"type": "uri", "value": "http://www.wikidata.org/entity/Q20078554"}, "objectLabel": {"xml:lang": "en", "type": "literal", "value": "Great Soviet Encyclopedia (1926\u20131947)"}, "predicateLabel": {"xml:lang": "en", "type": "literal", "value": "described by source"}}, {"subjectLabel": {"xml:lang": "en", "type": "literal", "value": "continent"}, "object": {"type": "uri", "value": "http://www.wikidata.org/entity/Q35145263"}, "objectLabel": {"xml:lang": "en", "type": "literal", "value": "natural geographic object"}, "predicateLabel": {"xml:lang": "en", "type": "literal", "value": "subclass of"}}], "Q1377029": [{"subjectLabel": {"xml:lang": "en", "type": "literal", "value": "European studies"}, "object": {"type": "uri", "value": "http://www.wikidata.org/entity/Q46"}, "objectLabel": {"xml:lang": "en", "type": "literal", "value": "Europe"}, "predicateLabel": {"xml:lang": "en", "type": "literal", "value": "is the study of"}}, {"subjectLabel": {"xml:lang": "en", "type": "literal", "value": "European studies"}, "object": {"type": "uri", "value": "http://www.wikidata.org/entity/Q11862829"}, "objectLabel": {"xml:lang": "en", "type": "literal", "value": "academic discipline"}, "predicateLabel": {"xml:lang": "en", "type": "literal", "value": "instance of"}}, {"subjectLabel": {"xml:lang": "en", "type": "literal", "value": "European studies"}, "object": {"type": "uri", "value": "http://www.wikidata.org/entity/Q4671286"}, "objectLabel": {"xml:lang": "en", "type": "literal", "value": "academic major"}, "predicateLabel": {"xml:lang": "en", "type": "literal", "value": "instance of"}}, {"subjectLabel": {"xml:lang": "en", "type": "literal", "value": "European studies"}, "object": {"type": "uri", "value": "http://www.wikidata.org/entity/Q627436"}, "objectLabel": {"xml:lang": "en", "type": "literal", "value": "field of work"}, "predicateLabel": {"xml:lang": "en", "type": "literal", "value": "instance of"}}, {"subjectLabel": {"xml:lang": "en", "type": "literal", "value": "European studies"}, "object": {"type": "uri", "value": "http://www.wikidata.org/entity/Q7006960"}, "objectLabel": {"xml:lang": "en", "type": "literal", "value": "Category:European studies"}, "predicateLabel": {"xml:lang": "en", "type": "literal", "value": "topic's main category"}}, {"subjectLabel": {"xml:lang": "en", "type": "literal", "value": "European studies"}, "object": {"type": "uri", "value": "http://www.wikidata.org/entity/Q1595873"}, "objectLabel": {"xml:lang": "en", "type": "literal", "value": "domestic studies"}, "predicateLabel": {"xml:lang": "en", "type": "literal", "value": "subclass of"}}], "Q27496": [{"subjectLabel": {"xml:lang": "en", "type": "literal", "value": "Western Europe"}, "object": {"type": "uri", "value": "http://www.wikidata.org/entity/Q31"}, "objectLabel": {"xml:lang": "en", "type": "literal", "value": "Belgium"}, "predicateLabel": {"xml:lang": "en", "type": "literal", "value": "has part(s)"}}, {"subjectLabel": {"xml:lang": "en", "type": "literal", "value": "Western Europe"}, "object": {"type": "uri", "value": "http://www.wikidata.org/entity/Q32"}, "objectLabel": {"xml:lang": "en", "type": "literal", "value": "Luxembourg"}, "predicateLabel": {"xml:lang": "en", "type": "literal", "value": "has part(s)"}}, {"subjectLabel": {"xml:lang": "en", "type": "literal", "value": "Western Europe"}, "object": {"type": "uri", "value": "http://www.wikidata.org/entity/Q39"}, "objectLabel": {"xml:lang": "en", "type": "literal", "value": "Switzerland"}, "predicateLabel": {"xml:lang": "en", "type": "literal", "value": "has part(s)"}}, {"subjectLabel": {"xml:lang": "en", "type": "literal", "value": "Western Europe"}, "object": {"type": "uri", "value": "http://www.wikidata.org/entity/Q40"}, "objectLabel": {"xml:lang": "en", "type": "literal", "value": "Austria"}, "predicateLabel": {"xml:lang": "en", "type": "literal", "value": "has part(s)"}}, {"subjectLabel": {"xml:lang": "en", "type": "literal", "value": "Western Europe"}, "object": {"type": "uri", "value": "http://www.wikidata.org/entity/Q46"}, "objectLabel": {"xml:lang": "en", "type": "literal", "value": "Europe"}, "predicateLabel": {"xml:lang": "en", "type": "literal", "value": "part of"}}, {"subjectLabel": {"xml:lang": "en", "type": "literal", "value": "Western Europe"}, "object": {"type": "uri", "value": "http://www.wikidata.org/entity/Q55"}, "objectLabel": {"xml:lang": "en", "type": "literal", "value": "Netherlands"}, "predicateLabel": {"xml:lang": "en", "type": "literal", "value": "has part(s)"}}, {"subjectLabel": {"xml:lang": "en", "type": "literal", "value": "Western Europe"}, "object": {"type": "uri", "value": "http://www.wikidata.org/entity/Q142"}, "objectLabel": {"xml:lang": "en", "type": "literal", "value": "France"}, "predicateLabel": {"xml:lang": "en", "type": "literal", "value": "has part(s)"}}, {"subjectLabel": {"xml:lang": "en", "type": "literal", "value": "Western Europe"}, "object": {"type": "uri", "value": "http://www.wikidata.org/entity/Q183"}, "objectLabel": {"xml:lang": "en", "type": "literal", "value": "Germany"}, "predicateLabel": {"xml:lang": "en", "type": "literal", "value": "has part(s)"}}, {"subjectLabel": {"xml:lang": "en", "type": "literal", "value": "Western Europe"}, "object": {"type": "uri", "value": "http://www.wikidata.org/entity/Q235"}, "objectLabel": {"xml:lang": "en", "type": "literal", "value": "Monaco"}, "predicateLabel": {"xml:lang": "en", "type": "literal", "value": "has part(s)"}}, {"subjectLabel": {"xml:lang": "en", "type": "literal", "value": "Western Europe"}, "object": {"type": "uri", "value": "http://www.wikidata.org/entity/Q7453273"}, "objectLabel": {"xml:lang": "en", "type": "literal", "value": "Category:Western Europe"}, "predicateLabel": {"xml:lang": "en", "type": "literal", "value": "topic's main category"}}, {"subjectLabel": {"xml:lang": "en", "type": "literal", "value": "Western Europe"}, "object": {"type": "uri", "value": "http://www.wikidata.org/entity/Q82794"}, "objectLabel": {"xml:lang": "en", "type": "literal", "value": "geographic region"}, "predicateLabel": {"xml:lang": "en", "type": "literal", "value": "instance of"}}, {"subjectLabel": {"xml:lang": "en", "type": "literal", "value": "Western Europe"}, "object": {"type": "uri", "value": "http://www.wikidata.org/entity/Q160381"}, "objectLabel": {"xml:lang": "en", "type": "literal", "value": "Western world"}, "predicateLabel": {"xml:lang": "en", "type": "literal", "value": "different from"}}, {"subjectLabel": {"xml:lang": "en", "type": "literal", "value": "Western Europe"}, "object": {"type": "uri", "value": "http://www.wikidata.org/entity/Q104600089"}, "objectLabel": {"xml:lang": "en", "type": "literal", "value": "Category:Views of Western Europe"}, "predicateLabel": {"xml:lang": "en", "type": "literal", "value": "category for the view of the item"}}, {"subjectLabel": {"xml:lang": "en", "type": "literal", "value": "Western Europe"}, "object": {"type": "uri", "value": "http://www.wikidata.org/entity/Q86344423"}, "objectLabel": {"xml:lang": "en", "type": "literal", "value": "Category:Western European people"}, "predicateLabel": {"xml:lang": "en", "type": "literal", "value": "category of associated people"}}, {"subjectLabel": {"xml:lang": "en", "type": "literal", "value": "Western Europe"}, "object": {"type": "uri", "value": "http://www.wikidata.org/entity/Q64147921"}, "objectLabel": {"xml:lang": "en", "type": "literal", "value": "Portal:Western Europe"}, "predicateLabel": {"xml:lang": "en", "type": "literal", "value": "topic's main Wikimedia portal"}}, {"subjectLabel": {"xml:lang": "en", "type": "literal", "value": "Western Europe"}, "object": {"type": "uri", "value": "http://www.wikidata.org/entity/Q84096801"}, "objectLabel": {"xml:lang": "en", "type": "literal", "value": "Category:Maps of Western Europe"}, "predicateLabel": {"xml:lang": "en", "type": "literal", "value": "category for maps"}}, {"subjectLabel": {"xml:lang": "en", "type": "literal", "value": "Western Europe"}, "object": {"type": "uri", "value": "http://www.wikidata.org/entity/Q28060026"}, "objectLabel": {"xml:lang": "en", "type": "literal", "value": "history of Western Europe"}, "predicateLabel": {"xml:lang": "en", "type": "literal", "value": "history of topic"}}], "Q27468": [{"subjectLabel": {"xml:lang": "en", "type": "literal", "value": "Eastern Europe"}, "object": {"type": "uri", "value": "http://www.wikidata.org/entity/Q28"}, "objectLabel": {"xml:lang": "en", "type": "literal", "value": "Hungary"}, "predicateLabel": {"xml:lang": "en", "type": "literal", "value": "has part(s)"}}, {"subjectLabel": {"xml:lang": "en", "type": "literal", "value": "Eastern Europe"}, "object": {"type": "uri", "value": "http://www.wikidata.org/entity/Q8607348"}, "objectLabel": {"xml:lang": "en", "type": "literal", "value": "Category:Maps of Eastern Europe"}, "predicateLabel": {"xml:lang": "en", "type": "literal", "value": "category for maps"}}, {"subjectLabel": {"xml:lang": "en", "type": "literal", "value": "Eastern Europe"}, "object": {"type": "uri", "value": "http://www.wikidata.org/entity/Q36"}, "objectLabel": {"xml:lang": "en", "type": "literal", "value": "Poland"}, "predicateLabel": {"xml:lang": "en", "type": "literal", "value": "has part(s)"}}, {"subjectLabel": {"xml:lang": "en", "type": "literal", "value": "Eastern Europe"}, "object": {"type": "uri", "value": "http://www.wikidata.org/entity/Q184"}, "objectLabel": {"xml:lang": "en", "type": "literal", "value": "Belarus"}, "predicateLabel": {"xml:lang": "en", "type": "literal", "value": "has part(s)"}}, {"subjectLabel": {"xml:lang": "en", "type": "literal", "value": "Eastern Europe"}, "object": {"type": "uri", "value": "http://www.wikidata.org/entity/Q212"}, "objectLabel": {"xml:lang": "en", "type": "literal", "value": "Ukraine"}, "predicateLabel": {"xml:lang": "en", "type": "literal", "value": "has part(s)"}}, {"subjectLabel": {"xml:lang": "en", "type": "literal", "value": "Eastern Europe"}, "object": {"type": "uri", "value": "http://www.wikidata.org/entity/Q46"}, "objectLabel": {"xml:lang": "en", "type": "literal", "value": "Europe"}, "predicateLabel": {"xml:lang": "en", "type": "literal", "value": "part of"}}, {"subjectLabel": {"xml:lang": "en", "type": "literal", "value": "Eastern Europe"}, "object": {"type": "uri", "value": "http://www.wikidata.org/entity/Q213"}, "objectLabel": {"xml:lang": "en", "type": "literal", "value": "Czech Republic"}, "predicateLabel": {"xml:lang": "en", "type": "literal", "value": "has part(s)"}}, {"subjectLabel": {"xml:lang": "en", "type": "literal", "value": "Eastern Europe"}, "object": {"type": "uri", "value": "http://www.wikidata.org/entity/Q214"}, "objectLabel": {"xml:lang": "en", "type": "literal", "value": "Slovakia"}, "predicateLabel": {"xml:lang": "en", "type": "literal", "value": "has part(s)"}}, {"subjectLabel": {"xml:lang": "en", "type": "literal", "value": "Eastern Europe"}, "object": {"type": "uri", "value": "http://www.wikidata.org/entity/Q217"}, "objectLabel": {"xml:lang": "en", "type": "literal", "value": "Moldova"}, "predicateLabel": {"xml:lang": "en", "type": "literal", "value": "has part(s)"}}, {"subjectLabel": {"xml:lang": "en", "type": "literal", "value": "Eastern Europe"}, "object": {"type": "uri", "value": "http://www.wikidata.org/entity/Q219"}, "objectLabel": {"xml:lang": "en", "type": "literal", "value": "Bulgaria"}, "predicateLabel": {"xml:lang": "en", "type": "literal", "value": "has part(s)"}}, {"subjectLabel": {"xml:lang": "en", "type": "literal", "value": "Eastern Europe"}, "object": {"type": "uri", "value": "http://www.wikidata.org/entity/Q218"}, "objectLabel": {"xml:lang": "en", "type": "literal", "value": "Romania"}, "predicateLabel": {"xml:lang": "en", "type": "literal", "value": "has part(s)"}}, {"subjectLabel": {"xml:lang": "en", "type": "literal", "value": "Eastern Europe"}, "object": {"type": "uri", "value": "http://www.wikidata.org/entity/Q82794"}, "objectLabel": {"xml:lang": "en", "type": "literal", "value": "geographic region"}, "predicateLabel": {"xml:lang": "en", "type": "literal", "value": "instance of"}}, {"subjectLabel": {"xml:lang": "en", "type": "literal", "value": "Eastern Europe"}, "object": {"type": "uri", "value": "http://www.wikidata.org/entity/Q64147925"}, "objectLabel": {"xml:lang": "en", "type": "literal", "value": "Portal:Eastern Europe"}, "predicateLabel": {"xml:lang": "en", "type": "literal", "value": "topic's main Wikimedia portal"}}, {"subjectLabel": {"xml:lang": "en", "type": "literal", "value": "Eastern Europe"}, "object": {"type": "uri", "value": "http://www.wikidata.org/entity/Q1413113"}, "objectLabel": {"xml:lang": "en", "type": "literal", "value": "Eastern European studies"}, "predicateLabel": {"xml:lang": "en", "type": "literal", "value": "studied in"}}, {"subjectLabel": {"xml:lang": "en", "type": "literal", "value": "Eastern Europe"}, "object": {"type": "uri", "value": "http://www.wikidata.org/entity/Q875134"}, "objectLabel": {"xml:lang": "en", "type": "literal", "value": "European Russia"}, "predicateLabel": {"xml:lang": "en", "type": "literal", "value": "has part(s)"}}, {"subjectLabel": {"xml:lang": "en", "type": "literal", "value": "Eastern Europe"}, "object": {"type": "uri", "value": "http://www.wikidata.org/entity/Q1641744"}, "objectLabel": {"xml:lang": "en", "type": "literal", "value": "history of Eastern Europe"}, "predicateLabel": {"xml:lang": "en", "type": "literal", "value": "history of topic"}}, {"subjectLabel": {"xml:lang": "en", "type": "literal", "value": "Eastern Europe"}, "object": {"type": "uri", "value": "http://www.wikidata.org/entity/Q6581403"}, "objectLabel": {"xml:lang": "en", "type": "literal", "value": "Category:Eastern Europe"}, "predicateLabel": {"xml:lang": "en", "type": "literal", "value": "topic's main category"}}, {"subjectLabel": {"xml:lang": "en", "type": "literal", "value": "Eastern Europe"}, "object": {"type": "uri", "value": "http://www.wikidata.org/entity/Q4753068"}, "objectLabel": {"xml:lang": "en", "type": "literal", "value": "European Kazakhstan"}, "predicateLabel": {"xml:lang": "en", "type": "literal", "value": "has part(s)"}}], "Q119716": [{"subjectLabel": {"xml:lang": "en", "type": "literal", "value": "geography of Europe"}, "object": {"type": "uri", "value": "http://www.wikidata.org/entity/Q46"}, "objectLabel": {"xml:lang": "en", "type": "literal", "value": "Europe"}, "predicateLabel": {"xml:lang": "en", "type": "literal", "value": "continent"}}, {"subjectLabel": {"xml:lang": "en", "type": "literal", "value": "geography of Europe"}, "object": {"type": "uri", "value": "http://www.wikidata.org/entity/Q1071"}, "objectLabel": {"xml:lang": "en", "type": "literal", "value": "geography"}, "predicateLabel": {"xml:lang": "en", "type": "literal", "value": "subclass of"}}, {"subjectLabel": {"xml:lang": "en", "type": "literal", "value": "geography of Europe"}, "object": {"type": "uri", "value": "http://www.wikidata.org/entity/Q46"}, "objectLabel": {"xml:lang": "en", "type": "literal", "value": "Europe"}, "predicateLabel": {"xml:lang": "en", "type": "literal", "value": "facet of"}}, {"subjectLabel": {"xml:lang": "en", "type": "literal", "value": "geography of Europe"}, "object": {"type": "uri", "value": "http://www.wikidata.org/entity/Q6771345"}, "objectLabel": {"xml:lang": "en", "type": "literal", "value": "Category:Geography of Europe"}, "predicateLabel": {"xml:lang": "en", "type": "literal", "value": "topic's main category"}}, {"subjectLabel": {"xml:lang": "en", "type": "literal", "value": "geography of Europe"}, "object": {"type": "uri", "value": "http://www.wikidata.org/entity/Q46865913"}, "objectLabel": {"xml:lang": "en", "type": "literal", "value": "geography of geographic location"}, "predicateLabel": {"xml:lang": "en", "type": "literal", "value": "instance of"}}], "Q7112259": [{"subjectLabel": {"xml:lang": "en", "type": "literal", "value": "outline of Europe"}, "object": {"type": "uri", "value": "http://www.wikidata.org/entity/Q46"}, "objectLabel": {"xml:lang": "en", "type": "literal", "value": "Europe"}, "predicateLabel": {"xml:lang": "en", "type": "literal", "value": "valid in place"}}, {"subjectLabel": {"xml:lang": "en", "type": "literal", "value": "outline of Europe"}, "object": {"type": "uri", "value": "http://www.wikidata.org/entity/Q26884324"}, "objectLabel": {"xml:lang": "en", "type": "literal", "value": "Wikimedia outline article"}, "predicateLabel": {"xml:lang": "en", "type": "literal", "value": "instance of"}}], "Q6866928": [{"subjectLabel": {"xml:lang": "en", "type": "literal", "value": "Category:European people"}, "object": {"type": "uri", "value": "http://www.wikidata.org/entity/Q5"}, "objectLabel": {"xml:lang": "en", "type": "literal", "value": "human"}, "predicateLabel": {"xml:lang": "en", "type": "literal", "value": "category contains"}}, {"subjectLabel": {"xml:lang": "en", "type": "literal", "value": "Category:European people"}, "object": {"type": "uri", "value": "http://www.wikidata.org/entity/Q46"}, "objectLabel": {"xml:lang": "en", "type": "literal", "value": "Europe"}, "predicateLabel": {"xml:lang": "en", "type": "literal", "value": "category combines topics"}}, {"subjectLabel": {"xml:lang": "en", "type": "literal", "value": "Category:European people"}, "object": {"type": "uri", "value": "http://www.wikidata.org/entity/Q394067"}, "objectLabel": {"xml:lang": "en", "type": "literal", "value": "European people"}, "predicateLabel": {"xml:lang": "en", "type": "literal", "value": "category's main topic"}}, {"subjectLabel": {"xml:lang": "en", "type": "literal", "value": "Category:European people"}, "object": {"type": "uri", "value": "http://www.wikidata.org/entity/Q4167836"}, "objectLabel": {"xml:lang": "en", "type": "literal", "value": "Wikimedia category"}, "predicateLabel": {"xml:lang": "en", "type": "literal", "value": "instance of"}}, {"subjectLabel": {"xml:lang": "en", "type": "literal", "value": "Category:European people"}, "object": {"type": "uri", "value": "http://www.wikidata.org/entity/Q19660746"}, "objectLabel": {"xml:lang": "en", "type": "literal", "value": "person related to this place"}, "predicateLabel": {"xml:lang": "en", "type": "literal", "value": "category combines topics"}}], "Q7237186": [{"subjectLabel": {"xml:lang": "en", "type": "literal", "value": "Category:Films shot in Europe"}, "object": {"type": "uri", "value": "http://www.wikidata.org/entity/Q46"}, "objectLabel": {"xml:lang": "en", "type": "literal", "value": "Europe"}, "predicateLabel": {"xml:lang": "en", "type": "literal", "value": "category combines topics"}}, {"subjectLabel": {"xml:lang": "en", "type": "literal", "value": "Category:Films shot in Europe"}, "object": {"type": "uri", "value": "http://www.wikidata.org/entity/Q1045481"}, "objectLabel": {"xml:lang": "en", "type": "literal", "value": "filming location"}, "predicateLabel": {"xml:lang": "en", "type": "literal", "value": "category combines topics"}}, {"subjectLabel": {"xml:lang": "en", "type": "literal", "value": "Category:Films shot in Europe"}, "object": {"type": "uri", "value": "http://www.wikidata.org/entity/Q11424"}, "objectLabel": {"xml:lang": "en", "type": "literal", "value": "film"}, "predicateLabel": {"xml:lang": "en", "type": "literal", "value": "category contains"}}, {"subjectLabel": {"xml:lang": "en", "type": "literal", "value": "Category:Films shot in Europe"}, "object": {"type": "uri", "value": "http://www.wikidata.org/entity/Q4167836"}, "objectLabel": {"xml:lang": "en", "type": "literal", "value": "Wikimedia category"}, "predicateLabel": {"xml:lang": "en", "type": "literal", "value": "instance of"}}, {"subjectLabel": {"xml:lang": "en", "type": "literal", "value": "Category:Films shot in Europe"}, "object": {"type": "uri", "value": "http://www.wikidata.org/entity/Q6545264"}, "objectLabel": {"xml:lang": "en", "type": "literal", "value": "Category:Films set in Europe"}, "predicateLabel": {"xml:lang": "en", "type": "literal", "value": "opposite of"}}], "Q27479": [{"subjectLabel": {"xml:lang": "en", "type": "literal", "value": "Northern Europe"}, "object": {"type": "uri", "value": "http://www.wikidata.org/entity/Q20"}, "objectLabel": {"xml:lang": "en", "type": "literal", "value": "Norway"}, "predicateLabel": {"xml:lang": "en", "type": "literal", "value": "has part(s)"}}, {"subjectLabel": {"xml:lang": "en", "type": "literal", "value": "Northern Europe"}, "object": {"type": "uri", "value": "http://www.wikidata.org/entity/Q47545"}, "objectLabel": {"xml:lang": "en", "type": "literal", "value": "Norwegian Sea"}, "predicateLabel": {"xml:lang": "en", "type": "literal", "value": "located in or next to body of water"}}, {"subjectLabel": {"xml:lang": "en", "type": "literal", "value": "Northern Europe"}, "object": {"type": "uri", "value": "http://www.wikidata.org/entity/Q545"}, "objectLabel": {"xml:lang": "en", "type": "literal", "value": "Baltic Sea"}, "predicateLabel": {"xml:lang": "en", "type": "literal", "value": "located in or next to body of water"}}, {"subjectLabel": {"xml:lang": "en", "type": "literal", "value": "Northern Europe"}, "object": {"type": "uri", "value": "http://www.wikidata.org/entity/Q788"}, "objectLabel": {"xml:lang": "en", "type": "literal", "value": "Arctic Ocean"}, "predicateLabel": {"xml:lang": "en", "type": "literal", "value": "located in or next to body of water"}}, {"subjectLabel": {"xml:lang": "en", "type": "literal", "value": "Northern Europe"}, "object": {"type": "uri", "value": "http://www.wikidata.org/entity/Q1693"}, "objectLabel": {"xml:lang": "en", "type": "literal", "value": "North Sea"}, "predicateLabel": {"xml:lang": "en", "type": "literal", "value": "located in or next to body of water"}}, {"subjectLabel": {"xml:lang": "en", "type": "literal", "value": "Northern Europe"}, "object": {"type": "uri", "value": "http://www.wikidata.org/entity/Q33"}, "objectLabel": {"xml:lang": "en", "type": "literal", "value": "Finland"}, "predicateLabel": {"xml:lang": "en", "type": "literal", "value": "has part(s)"}}, {"subjectLabel": {"xml:lang": "en", "type": "literal", "value": "Northern Europe"}, "object": {"type": "uri", "value": "http://www.wikidata.org/entity/Q34"}, "objectLabel": {"xml:lang": "en", "type": "literal", "value": "Sweden"}, "predicateLabel": {"xml:lang": "en", "type": "literal", "value": "has part(s)"}}, {"subjectLabel": {"xml:lang": "en", "type": "literal", "value": "Northern Europe"}, "object": {"type": "uri", "value": "http://www.wikidata.org/entity/Q82794"}, "objectLabel": {"xml:lang": "en", "type": "literal", "value": "geographic region"}, "predicateLabel": {"xml:lang": "en", "type": "literal", "value": "instance of"}}, {"subjectLabel": {"xml:lang": "en", "type": "literal", "value": "Northern Europe"}, "object": {"type": "uri", "value": "http://www.wikidata.org/entity/Q37"}, "objectLabel": {"xml:lang": "en", "type": "literal", "value": "Lithuania"}, "predicateLabel": {"xml:lang": "en", "type": "literal", "value": "has part(s)"}}, {"subjectLabel": {"xml:lang": "en", "type": "literal", "value": "Northern Europe"}, "object": {"type": "uri", "value": "http://www.wikidata.org/entity/Q35"}, "objectLabel": {"xml:lang": "en", "type": "literal", "value": "Denmark"}, "predicateLabel": {"xml:lang": "en", "type": "literal", "value": "has part(s)"}}, {"subjectLabel": {"xml:lang": "en", "type": "literal", "value": "Northern Europe"}, "object": {"type": "uri", "value": "http://www.wikidata.org/entity/Q145"}, "objectLabel": {"xml:lang": "en", "type": "literal", "value": "United Kingdom"}, "predicateLabel": {"xml:lang": "en", "type": "literal", "value": "has part(s)"}}, {"subjectLabel": {"xml:lang": "en", "type": "literal", "value": "Northern Europe"}, "object": {"type": "uri", "value": "http://www.wikidata.org/entity/Q350134"}, "objectLabel": {"xml:lang": "en", "type": "literal", "value": "North Atlantic Ocean"}, "predicateLabel": {"xml:lang": "en", "type": "literal", "value": "located in or next to body of water"}}, {"subjectLabel": {"xml:lang": "en", "type": "literal", "value": "Northern Europe"}, "object": {"type": "uri", "value": "http://www.wikidata.org/entity/Q46"}, "objectLabel": {"xml:lang": "en", "type": "literal", "value": "Europe"}, "predicateLabel": {"xml:lang": "en", "type": "literal", "value": "part of"}}, {"subjectLabel": {"xml:lang": "en", "type": "literal", "value": "Northern Europe"}, "object": {"type": "uri", "value": "http://www.wikidata.org/entity/Q189"}, "objectLabel": {"xml:lang": "en", "type": "literal", "value": "Iceland"}, "predicateLabel": {"xml:lang": "en", "type": "literal", "value": "has part(s)"}}, {"subjectLabel": {"xml:lang": "en", "type": "literal", "value": "Northern Europe"}, "object": {"type": "uri", "value": "http://www.wikidata.org/entity/Q191"}, "objectLabel": {"xml:lang": "en", "type": "literal", "value": "Estonia"}, "predicateLabel": {"xml:lang": "en", "type": "literal", "value": "has part(s)"}}, {"subjectLabel": {"xml:lang": "en", "type": "literal", "value": "Northern Europe"}, "object": {"type": "uri", "value": "http://www.wikidata.org/entity/Q211"}, "objectLabel": {"xml:lang": "en", "type": "literal", "value": "Latvia"}, "predicateLabel": {"xml:lang": "en", "type": "literal", "value": "has part(s)"}}, {"subjectLabel": {"xml:lang": "en", "type": "literal", "value": "Northern Europe"}, "object": {"type": "uri", "value": "http://www.wikidata.org/entity/Q785"}, "objectLabel": {"xml:lang": "en", "type": "literal", "value": "Jersey"}, "predicateLabel": {"xml:lang": "en", "type": "literal", "value": "has part(s)"}}, {"subjectLabel": {"xml:lang": "en", "type": "literal", "value": "Northern Europe"}, "object": {"type": "uri", "value": "http://www.wikidata.org/entity/Q4628"}, "objectLabel": {"xml:lang": "en", "type": "literal", "value": "Faroe Islands"}, "predicateLabel": {"xml:lang": "en", "type": "literal", "value": "has part(s)"}}, {"subjectLabel": {"xml:lang": "en", "type": "literal", "value": "Northern Europe"}, "object": {"type": "uri", "value": "http://www.wikidata.org/entity/Q5689"}, "objectLabel": {"xml:lang": "en", "type": "literal", "value": "\u00c5land Islands"}, "predicateLabel": {"xml:lang": "en", "type": "literal", "value": "has part(s)"}}, {"subjectLabel": {"xml:lang": "en", "type": "literal", "value": "Northern Europe"}, "object": {"type": "uri", "value": "http://www.wikidata.org/entity/Q9676"}, "objectLabel": {"xml:lang": "en", "type": "literal", "value": "Isle of Man"}, "predicateLabel": {"xml:lang": "en", "type": "literal", "value": "has part(s)"}}, {"subjectLabel": {"xml:lang": "en", "type": "literal", "value": "Northern Europe"}, "object": {"type": "uri", "value": "http://www.wikidata.org/entity/Q21195"}, "objectLabel": {"xml:lang": "en", "type": "literal", "value": "Scandinavia"}, "predicateLabel": {"xml:lang": "en", "type": "literal", "value": "has part(s)"}}, {"subjectLabel": {"xml:lang": "en", "type": "literal", "value": "Northern Europe"}, "object": {"type": "uri", "value": "http://www.wikidata.org/entity/Q25230"}, "objectLabel": {"xml:lang": "en", "type": "literal", "value": "Bailiwick of Guernsey"}, "predicateLabel": {"xml:lang": "en", "type": "literal", "value": "has part(s)"}}, {"subjectLabel": {"xml:lang": "en", "type": "literal", "value": "Northern Europe"}, "object": {"type": "uri", "value": "http://www.wikidata.org/entity/Q52062"}, "objectLabel": {"xml:lang": "en", "type": "literal", "value": "Nordic countries"}, "predicateLabel": {"xml:lang": "en", "type": "literal", "value": "different from"}}, {"subjectLabel": {"xml:lang": "en", "type": "literal", "value": "Northern Europe"}, "object": {"type": "uri", "value": "http://www.wikidata.org/entity/Q3405693"}, "objectLabel": {"xml:lang": "en", "type": "literal", "value": "Sark"}, "predicateLabel": {"xml:lang": "en", "type": "literal", "value": "has part(s)"}}, {"subjectLabel": {"xml:lang": "en", "type": "literal", "value": "Northern Europe"}, "object": {"type": "uri", "value": "http://www.wikidata.org/entity/Q203942"}, "objectLabel": {"xml:lang": "en", "type": "literal", "value": "Galdh\u00f8piggen"}, "predicateLabel": {"xml:lang": "en", "type": "literal", "value": "highest point"}}, {"subjectLabel": {"xml:lang": "en", "type": "literal", "value": "Northern Europe"}, "object": {"type": "uri", "value": "http://www.wikidata.org/entity/Q842829"}, "objectLabel": {"xml:lang": "en", "type": "literal", "value": "Svalbard and Jan Mayen"}, "predicateLabel": {"xml:lang": "en", "type": "literal", "value": "has part(s)"}}, {"subjectLabel": {"xml:lang": "en", "type": "literal", "value": "Northern Europe"}, "object": {"type": "uri", "value": "http://www.wikidata.org/entity/Q7237956"}, "objectLabel": {"xml:lang": "en", "type": "literal", "value": "Category:Northern Europe"}, "predicateLabel": {"xml:lang": "en", "type": "literal", "value": "topic's main category"}}, {"subjectLabel": {"xml:lang": "en", "type": "literal", "value": "Northern Europe"}, "object": {"type": "uri", "value": "http://www.wikidata.org/entity/Q64147918"}, "objectLabel": {"xml:lang": "en", "type": "literal", "value": "Portal:Northern Europe"}, "predicateLabel": {"xml:lang": "en", "type": "literal", "value": "topic's main Wikimedia portal"}}, {"subjectLabel": {"xml:lang": "en", "type": "literal", "value": "Northern Europe"}, "object": {"type": "uri", "value": "http://www.wikidata.org/entity/Q84077165"}, "objectLabel": {"xml:lang": "en", "type": "literal", "value": "Category:Maps of Northern Europe"}, "predicateLabel": {"xml:lang": "en", "type": "literal", "value": "category for maps"}}], "Q8053315": [{"subjectLabel": {"xml:lang": "en", "type": "literal", "value": "Category:Births in Europe"}, "object": {"type": "uri", "value": "http://www.wikidata.org/entity/Q5"}, "objectLabel": {"xml:lang": "en", "type": "literal", "value": "human"}, "predicateLabel": {"xml:lang": "en", "type": "literal", "value": "category contains"}}, {"subjectLabel": {"xml:lang": "en", "type": "literal", "value": "Category:Births in Europe"}, "object": {"type": "uri", "value": "http://www.wikidata.org/entity/Q46"}, "objectLabel": {"xml:lang": "en", "type": "literal", "value": "Europe"}, "predicateLabel": {"xml:lang": "en", "type": "literal", "value": "category combines topics"}}, {"subjectLabel": {"xml:lang": "en", "type": "literal", "value": "Category:Births in Europe"}, "object": {"type": "uri", "value": "http://www.wikidata.org/entity/Q1322263"}, "objectLabel": {"xml:lang": "en", "type": "literal", "value": "place of birth"}, "predicateLabel": {"xml:lang": "en", "type": "literal", "value": "category combines topics"}}, {"subjectLabel": {"xml:lang": "en", "type": "literal", "value": "Category:Births in Europe"}, "object": {"type": "uri", "value": "http://www.wikidata.org/entity/Q4167836"}, "objectLabel": {"xml:lang": "en", "type": "literal", "value": "Wikimedia category"}, "predicateLabel": {"xml:lang": "en", "type": "literal", "value": "instance of"}}]}