{"Q9937": [{"subjectLabel": {"xml:lang": "en", "type": "literal", "value": "N"}, "object": {"type": "uri", "value": "http://www.wikidata.org/entity/Q27553"}, "objectLabel": {"xml:lang": "en", "type": "literal", "value": "N"}, "predicateLabel": {"xml:lang": "en", "type": "literal", "value": "different from"}}, {"subjectLabel": {"xml:lang": "en", "type": "literal", "value": "N"}, "object": {"type": "uri", "value": "http://www.wikidata.org/entity/Q8229"}, "objectLabel": {"xml:lang": "en", "type": "literal", "value": "Latin script"}, "predicateLabel": {"xml:lang": "en", "type": "literal", "value": "part of"}}, {"subjectLabel": {"xml:lang": "en", "type": "literal", "value": "N"}, "object": {"type": "uri", "value": "http://www.wikidata.org/entity/Q606972"}, "objectLabel": {"xml:lang": "en", "type": "literal", "value": "Polish alphabet"}, "predicateLabel": {"xml:lang": "en", "type": "literal", "value": "part of"}}, {"subjectLabel": {"xml:lang": "en", "type": "literal", "value": "N"}, "object": {"type": "uri", "value": "http://www.wikidata.org/entity/Q607188"}, "objectLabel": {"xml:lang": "en", "type": "literal", "value": "Esperanto alphabet"}, "predicateLabel": {"xml:lang": "en", "type": "literal", "value": "part of"}}, {"subjectLabel": {"xml:lang": "en", "type": "literal", "value": "N"}, "object": {"type": "uri", "value": "http://www.wikidata.org/entity/Q384749"}, "objectLabel": {"xml:lang": "en", "type": "literal", "value": "Africa Alphabet"}, "predicateLabel": {"xml:lang": "en", "type": "literal", "value": "part of"}}, {"subjectLabel": {"xml:lang": "en", "type": "literal", "value": "N"}, "object": {"type": "uri", "value": "http://www.wikidata.org/entity/Q278446"}, "objectLabel": {"xml:lang": "en", "type": "literal", "value": "Filipino alphabet"}, "predicateLabel": {"xml:lang": "en", "type": "literal", "value": "part of"}}, {"subjectLabel": {"xml:lang": "en", "type": "literal", "value": "N"}, "object": {"type": "uri", "value": "http://www.wikidata.org/entity/Q550383"}, "objectLabel": {"xml:lang": "en", "type": "literal", "value": "Italian alphabet"}, "predicateLabel": {"xml:lang": "en", "type": "literal", "value": "part of"}}, {"subjectLabel": {"xml:lang": "en", "type": "literal", "value": "N"}, "object": {"type": "uri", "value": "http://www.wikidata.org/entity/Q755124"}, "objectLabel": {"xml:lang": "en", "type": "literal", "value": "French alphabet"}, "predicateLabel": {"xml:lang": "en", "type": "literal", "value": "part of"}}, {"subjectLabel": {"xml:lang": "en", "type": "literal", "value": "N"}, "object": {"type": "uri", "value": "http://www.wikidata.org/entity/Q76228"}, "objectLabel": {"xml:lang": "en", "type": "literal", "value": "Czech alphabet"}, "predicateLabel": {"xml:lang": "en", "type": "literal", "value": "part of"}}, {"subjectLabel": {"xml:lang": "en", "type": "literal", "value": "N"}, "object": {"type": "uri", "value": "http://www.wikidata.org/entity/Q637405"}, "objectLabel": {"xml:lang": "en", "type": "literal", "value": "Turkish alphabet"}, "predicateLabel": {"xml:lang": "en", "type": "literal", "value": "part of"}}, {"subjectLabel": {"xml:lang": "en", "type": "literal", "value": "N"}, "object": {"type": "uri", "value": "http://www.wikidata.org/entity/Q754673"}, "objectLabel": {"xml:lang": "en", "type": "literal", "value": "English alphabet"}, "predicateLabel": {"xml:lang": "en", "type": "literal", "value": "part of"}}, {"subjectLabel": {"xml:lang": "en", "type": "literal", "value": "N"}, "object": {"type": "uri", "value": "http://www.wikidata.org/entity/Q174069"}, "objectLabel": {"xml:lang": "en", "type": "literal", "value": "\u041d"}, "predicateLabel": {"xml:lang": "en", "type": "literal", "value": "said to be the same as"}}, {"subjectLabel": {"xml:lang": "en", "type": "literal", "value": "N"}, "object": {"type": "uri", "value": "http://www.wikidata.org/entity/Q19776628"}, "objectLabel": {"xml:lang": "en", "type": "literal", "value": "Latin-script letter"}, "predicateLabel": {"xml:lang": "en", "type": "literal", "value": "instance of"}}, {"subjectLabel": {"xml:lang": "en", "type": "literal", "value": "N"}, "object": {"type": "uri", "value": "http://www.wikidata.org/entity/Q867541"}, "objectLabel": {"xml:lang": "en", "type": "literal", "value": "Encyclop\u00e6dia Britannica 11th edition"}, "predicateLabel": {"xml:lang": "en", "type": "literal", "value": "described by source"}}, {"subjectLabel": {"xml:lang": "en", "type": "literal", "value": "N"}, "object": {"type": "uri", "value": "http://www.wikidata.org/entity/Q17021792"}, "objectLabel": {"xml:lang": "en", "type": "literal", "value": "Braille pattern dots-1345"}, "predicateLabel": {"xml:lang": "en", "type": "literal", "value": "depicted by"}}, {"subjectLabel": {"xml:lang": "en", "type": "literal", "value": "N"}, "object": {"type": "uri", "value": "http://www.wikidata.org/entity/Q912243"}, "objectLabel": {"xml:lang": "en", "type": "literal", "value": "German alphabet"}, "predicateLabel": {"xml:lang": "en", "type": "literal", "value": "part of"}}, {"subjectLabel": {"xml:lang": "en", "type": "literal", "value": "N"}, "object": {"type": "uri", "value": "http://www.wikidata.org/entity/Q994407"}, "objectLabel": {"xml:lang": "en", "type": "literal", "value": "African reference alphabet"}, "predicateLabel": {"xml:lang": "en", "type": "literal", "value": "part of"}}, {"subjectLabel": {"xml:lang": "en", "type": "literal", "value": "N"}, "object": {"type": "uri", "value": "http://www.wikidata.org/entity/Q16082057"}, "objectLabel": {"xml:lang": "en", "type": "literal", "value": "The New Student's Reference Work"}, "predicateLabel": {"xml:lang": "en", "type": "literal", "value": "described by source"}}, {"subjectLabel": {"xml:lang": "en", "type": "literal", "value": "N"}, "object": {"type": "uri", "value": "http://www.wikidata.org/entity/Q18694620"}, "objectLabel": {"xml:lang": "en", "type": "literal", "value": "Northern Saami alphabet"}, "predicateLabel": {"xml:lang": "en", "type": "literal", "value": "part of"}}, {"subjectLabel": {"xml:lang": "en", "type": "literal", "value": "N"}, "object": {"type": "uri", "value": "http://www.wikidata.org/entity/Q18691434"}, "objectLabel": {"xml:lang": "en", "type": "literal", "value": "Finnish alphabet"}, "predicateLabel": {"xml:lang": "en", "type": "literal", "value": "part of"}}, {"subjectLabel": {"xml:lang": "en", "type": "literal", "value": "N"}, "object": {"type": "uri", "value": "http://www.wikidata.org/entity/Q19219752"}, "objectLabel": {"xml:lang": "en", "type": "literal", "value": "Meyers Konversations-Lexikon, 4th edition (1885\u20131890)"}, "predicateLabel": {"xml:lang": "en", "type": "literal", "value": "described by source"}}, {"subjectLabel": {"xml:lang": "en", "type": "literal", "value": "N"}, "object": {"type": "uri", "value": "http://www.wikidata.org/entity/Q32080318"}, "objectLabel": {"xml:lang": "en", "type": "literal", "value": "Category:N"}, "predicateLabel": {"xml:lang": "en", "type": "literal", "value": "topic's main category"}}, {"subjectLabel": {"xml:lang": "en", "type": "literal", "value": "N"}, "object": {"type": "uri", "value": "http://www.wikidata.org/entity/Q1493494"}, "objectLabel": {"xml:lang": "en", "type": "literal", "value": "Pan-Nigerian alphabet"}, "predicateLabel": {"xml:lang": "en", "type": "literal", "value": "part of"}}, {"subjectLabel": {"xml:lang": "en", "type": "literal", "value": "N"}, "object": {"type": "uri", "value": "http://www.wikidata.org/entity/Q1187758"}, "objectLabel": {"xml:lang": "en", "type": "literal", "value": "Slovak alphabet"}, "predicateLabel": {"xml:lang": "en", "type": "literal", "value": "part of"}}, {"subjectLabel": {"xml:lang": "en", "type": "literal", "value": "N"}, "object": {"type": "uri", "value": "http://www.wikidata.org/entity/Q1193493"}, "objectLabel": {"xml:lang": "en", "type": "literal", "value": "Latvian alphabet"}, "predicateLabel": {"xml:lang": "en", "type": "literal", "value": "part of"}}, {"subjectLabel": {"xml:lang": "en", "type": "literal", "value": "N"}, "object": {"type": "uri", "value": "http://www.wikidata.org/entity/Q3841820"}, "objectLabel": {"xml:lang": "en", "type": "literal", "value": "consonant letter"}, "predicateLabel": {"xml:lang": "en", "type": "literal", "value": "instance of"}}, {"subjectLabel": {"xml:lang": "en", "type": "literal", "value": "N"}, "object": {"type": "uri", "value": "http://www.wikidata.org/entity/Q2839543"}, "objectLabel": {"xml:lang": "en", "type": "literal", "value": "Benin National Alphabet"}, "predicateLabel": {"xml:lang": "en", "type": "literal", "value": "part of"}}, {"subjectLabel": {"xml:lang": "en", "type": "literal", "value": "N"}, "object": {"type": "uri", "value": "http://www.wikidata.org/entity/Q9147416"}, "objectLabel": {"xml:lang": "en", "type": "literal", "value": "Breton alphabet"}, "predicateLabel": {"xml:lang": "en", "type": "literal", "value": "part of"}}, {"subjectLabel": {"xml:lang": "en", "type": "literal", "value": "N"}, "object": {"type": "uri", "value": "http://www.wikidata.org/entity/Q2041543"}, "objectLabel": {"xml:lang": "en", "type": "literal", "value": "Ott\u016fv slovn\u00edk nau\u010dn\u00fd"}, "predicateLabel": {"xml:lang": "en", "type": "literal", "value": "described by source"}}], "Q9933": [{"subjectLabel": {"xml:lang": "en", "type": "literal", "value": "M"}, "object": {"type": "uri", "value": "http://www.wikidata.org/entity/Q26747"}, "objectLabel": {"xml:lang": "en", "type": "literal", "value": "M"}, "predicateLabel": {"xml:lang": "en", "type": "literal", "value": "different from"}}, {"subjectLabel": {"xml:lang": "en", "type": "literal", "value": "M"}, "object": {"type": "uri", "value": "http://www.wikidata.org/entity/Q8229"}, "objectLabel": {"xml:lang": "en", "type": "literal", "value": "Latin script"}, "predicateLabel": {"xml:lang": "en", "type": "literal", "value": "part of"}}, {"subjectLabel": {"xml:lang": "en", "type": "literal", "value": "M"}, "object": {"type": "uri", "value": "http://www.wikidata.org/entity/Q606972"}, "objectLabel": {"xml:lang": "en", "type": "literal", "value": "Polish alphabet"}, "predicateLabel": {"xml:lang": "en", "type": "literal", "value": "part of"}}, {"subjectLabel": {"xml:lang": "en", "type": "literal", "value": "M"}, "object": {"type": "uri", "value": "http://www.wikidata.org/entity/Q607188"}, "objectLabel": {"xml:lang": "en", "type": "literal", "value": "Esperanto alphabet"}, "predicateLabel": {"xml:lang": "en", "type": "literal", "value": "part of"}}, {"subjectLabel": {"xml:lang": "en", "type": "literal", "value": "M"}, "object": {"type": "uri", "value": "http://www.wikidata.org/entity/Q637405"}, "objectLabel": {"xml:lang": "en", "type": "literal", "value": "Turkish alphabet"}, "predicateLabel": {"xml:lang": "en", "type": "literal", "value": "part of"}}, {"subjectLabel": {"xml:lang": "en", "type": "literal", "value": "M"}, "object": {"type": "uri", "value": "http://www.wikidata.org/entity/Q76228"}, "objectLabel": {"xml:lang": "en", "type": "literal", "value": "Czech alphabet"}, "predicateLabel": {"xml:lang": "en", "type": "literal", "value": "part of"}}, {"subjectLabel": {"xml:lang": "en", "type": "literal", "value": "M"}, "object": {"type": "uri", "value": "http://www.wikidata.org/entity/Q550383"}, "objectLabel": {"xml:lang": "en", "type": "literal", "value": "Italian alphabet"}, "predicateLabel": {"xml:lang": "en", "type": "literal", "value": "part of"}}, {"subjectLabel": {"xml:lang": "en", "type": "literal", "value": "M"}, "object": {"type": "uri", "value": "http://www.wikidata.org/entity/Q384749"}, "objectLabel": {"xml:lang": "en", "type": "literal", "value": "Africa Alphabet"}, "predicateLabel": {"xml:lang": "en", "type": "literal", "value": "part of"}}, {"subjectLabel": {"xml:lang": "en", "type": "literal", "value": "M"}, "object": {"type": "uri", "value": "http://www.wikidata.org/entity/Q754673"}, "objectLabel": {"xml:lang": "en", "type": "literal", "value": "English alphabet"}, "predicateLabel": {"xml:lang": "en", "type": "literal", "value": "part of"}}, {"subjectLabel": {"xml:lang": "en", "type": "literal", "value": "M"}, "object": {"type": "uri", "value": "http://www.wikidata.org/entity/Q179623"}, "objectLabel": {"xml:lang": "en", "type": "literal", "value": "\u041c"}, "predicateLabel": {"xml:lang": "en", "type": "literal", "value": "different from"}}, {"subjectLabel": {"xml:lang": "en", "type": "literal", "value": "M"}, "object": {"type": "uri", "value": "http://www.wikidata.org/entity/Q755124"}, "objectLabel": {"xml:lang": "en", "type": "literal", "value": "French alphabet"}, "predicateLabel": {"xml:lang": "en", "type": "literal", "value": "part of"}}, {"subjectLabel": {"xml:lang": "en", "type": "literal", "value": "M"}, "object": {"type": "uri", "value": "http://www.wikidata.org/entity/Q912243"}, "objectLabel": {"xml:lang": "en", "type": "literal", "value": "German alphabet"}, "predicateLabel": {"xml:lang": "en", "type": "literal", "value": "part of"}}, {"subjectLabel": {"xml:lang": "en", "type": "literal", "value": "M"}, "object": {"type": "uri", "value": "http://www.wikidata.org/entity/Q994407"}, "objectLabel": {"xml:lang": "en", "type": "literal", "value": "African reference alphabet"}, "predicateLabel": {"xml:lang": "en", "type": "literal", "value": "part of"}}, {"subjectLabel": {"xml:lang": "en", "type": "literal", "value": "M"}, "object": {"type": "uri", "value": "http://www.wikidata.org/entity/Q867541"}, "objectLabel": {"xml:lang": "en", "type": "literal", "value": "Encyclop\u00e6dia Britannica 11th edition"}, "predicateLabel": {"xml:lang": "en", "type": "literal", "value": "described by source"}}, {"subjectLabel": {"xml:lang": "en", "type": "literal", "value": "M"}, "object": {"type": "uri", "value": "http://www.wikidata.org/entity/Q16325366"}, "objectLabel": {"xml:lang": "en", "type": "literal", "value": "Category:M"}, "predicateLabel": {"xml:lang": "en", "type": "literal", "value": "topic's main category"}}, {"subjectLabel": {"xml:lang": "en", "type": "literal", "value": "M"}, "object": {"type": "uri", "value": "http://www.wikidata.org/entity/Q17021778"}, "objectLabel": {"xml:lang": "en", "type": "literal", "value": "Braille pattern dots-134"}, "predicateLabel": {"xml:lang": "en", "type": "literal", "value": "depicted by"}}, {"subjectLabel": {"xml:lang": "en", "type": "literal", "value": "M"}, "object": {"type": "uri", "value": "http://www.wikidata.org/entity/Q19219752"}, "objectLabel": {"xml:lang": "en", "type": "literal", "value": "Meyers Konversations-Lexikon, 4th edition (1885\u20131890)"}, "predicateLabel": {"xml:lang": "en", "type": "literal", "value": "described by source"}}, {"subjectLabel": {"xml:lang": "en", "type": "literal", "value": "M"}, "object": {"type": "uri", "value": "http://www.wikidata.org/entity/Q1187758"}, "objectLabel": {"xml:lang": "en", "type": "literal", "value": "Slovak alphabet"}, "predicateLabel": {"xml:lang": "en", "type": "literal", "value": "part of"}}, {"subjectLabel": {"xml:lang": "en", "type": "literal", "value": "M"}, "object": {"type": "uri", "value": "http://www.wikidata.org/entity/Q1073132"}, "objectLabel": {"xml:lang": "en", "type": "literal", "value": "Estonian alphabet"}, "predicateLabel": {"xml:lang": "en", "type": "literal", "value": "part of"}}, {"subjectLabel": {"xml:lang": "en", "type": "literal", "value": "M"}, "object": {"type": "uri", "value": "http://www.wikidata.org/entity/Q1193493"}, "objectLabel": {"xml:lang": "en", "type": "literal", "value": "Latvian alphabet"}, "predicateLabel": {"xml:lang": "en", "type": "literal", "value": "part of"}}, {"subjectLabel": {"xml:lang": "en", "type": "literal", "value": "M"}, "object": {"type": "uri", "value": "http://www.wikidata.org/entity/Q1493494"}, "objectLabel": {"xml:lang": "en", "type": "literal", "value": "Pan-Nigerian alphabet"}, "predicateLabel": {"xml:lang": "en", "type": "literal", "value": "part of"}}, {"subjectLabel": {"xml:lang": "en", "type": "literal", "value": "M"}, "object": {"type": "uri", "value": "http://www.wikidata.org/entity/Q875673"}, "objectLabel": {"xml:lang": "en", "type": "literal", "value": "Botanische Staatssammlung M\u00fcnchen"}, "predicateLabel": {"xml:lang": "en", "type": "literal", "value": "different from"}}, {"subjectLabel": {"xml:lang": "en", "type": "literal", "value": "M"}, "object": {"type": "uri", "value": "http://www.wikidata.org/entity/Q19776628"}, "objectLabel": {"xml:lang": "en", "type": "literal", "value": "Latin-script letter"}, "predicateLabel": {"xml:lang": "en", "type": "literal", "value": "instance of"}}, {"subjectLabel": {"xml:lang": "en", "type": "literal", "value": "M"}, "object": {"type": "uri", "value": "http://www.wikidata.org/entity/Q2839543"}, "objectLabel": {"xml:lang": "en", "type": "literal", "value": "Benin National Alphabet"}, "predicateLabel": {"xml:lang": "en", "type": "literal", "value": "part of"}}, {"subjectLabel": {"xml:lang": "en", "type": "literal", "value": "M"}, "object": {"type": "uri", "value": "http://www.wikidata.org/entity/Q9147416"}, "objectLabel": {"xml:lang": "en", "type": "literal", "value": "Breton alphabet"}, "predicateLabel": {"xml:lang": "en", "type": "literal", "value": "part of"}}, {"subjectLabel": {"xml:lang": "en", "type": "literal", "value": "M"}, "object": {"type": "uri", "value": "http://www.wikidata.org/entity/Q18691434"}, "objectLabel": {"xml:lang": "en", "type": "literal", "value": "Finnish alphabet"}, "predicateLabel": {"xml:lang": "en", "type": "literal", "value": "part of"}}, {"subjectLabel": {"xml:lang": "en", "type": "literal", "value": "M"}, "object": {"type": "uri", "value": "http://www.wikidata.org/entity/Q16082057"}, "objectLabel": {"xml:lang": "en", "type": "literal", "value": "The New Student's Reference Work"}, "predicateLabel": {"xml:lang": "en", "type": "literal", "value": "described by source"}}, {"subjectLabel": {"xml:lang": "en", "type": "literal", "value": "M"}, "object": {"type": "uri", "value": "http://www.wikidata.org/entity/Q2041543"}, "objectLabel": {"xml:lang": "en", "type": "literal", "value": "Ott\u016fv slovn\u00edk nau\u010dn\u00fd"}, "predicateLabel": {"xml:lang": "en", "type": "literal", "value": "described by source"}}], "Q9946": [{"subjectLabel": {"xml:lang": "en", "type": "literal", "value": "P"}, "object": {"type": "uri", "value": "http://www.wikidata.org/entity/Q27746"}, "objectLabel": {"xml:lang": "en", "type": "literal", "value": "P"}, "predicateLabel": {"xml:lang": "en", "type": "literal", "value": "different from"}}, {"subjectLabel": {"xml:lang": "en", "type": "literal", "value": "P"}, "object": {"type": "uri", "value": "http://www.wikidata.org/entity/Q384749"}, "objectLabel": {"xml:lang": "en", "type": "literal", "value": "Africa Alphabet"}, "predicateLabel": {"xml:lang": "en", "type": "literal", "value": "part of"}}, {"subjectLabel": {"xml:lang": "en", "type": "literal", "value": "P"}, "object": {"type": "uri", "value": "http://www.wikidata.org/entity/Q76228"}, "objectLabel": {"xml:lang": "en", "type": "literal", "value": "Czech alphabet"}, "predicateLabel": {"xml:lang": "en", "type": "literal", "value": "part of"}}, {"subjectLabel": {"xml:lang": "en", "type": "literal", "value": "P"}, "object": {"type": "uri", "value": "http://www.wikidata.org/entity/Q550383"}, "objectLabel": {"xml:lang": "en", "type": "literal", "value": "Italian alphabet"}, "predicateLabel": {"xml:lang": "en", "type": "literal", "value": "part of"}}, {"subjectLabel": {"xml:lang": "en", "type": "literal", "value": "P"}, "object": {"type": "uri", "value": "http://www.wikidata.org/entity/Q8229"}, "objectLabel": {"xml:lang": "en", "type": "literal", "value": "Latin script"}, "predicateLabel": {"xml:lang": "en", "type": "literal", "value": "part of"}}, {"subjectLabel": {"xml:lang": "en", "type": "literal", "value": "P"}, "object": {"type": "uri", "value": "http://www.wikidata.org/entity/Q17021525"}, "objectLabel": {"xml:lang": "en", "type": "literal", "value": "Braille pattern dots-1234"}, "predicateLabel": {"xml:lang": "en", "type": "literal", "value": "depicted by"}}, {"subjectLabel": {"xml:lang": "en", "type": "literal", "value": "P"}, "object": {"type": "uri", "value": "http://www.wikidata.org/entity/Q570693"}, "objectLabel": {"xml:lang": "en", "type": "literal", "value": "Azerbaijani alphabet"}, "predicateLabel": {"xml:lang": "en", "type": "literal", "value": "part of"}}, {"subjectLabel": {"xml:lang": "en", "type": "literal", "value": "P"}, "object": {"type": "uri", "value": "http://www.wikidata.org/entity/Q606972"}, "objectLabel": {"xml:lang": "en", "type": "literal", "value": "Polish alphabet"}, "predicateLabel": {"xml:lang": "en", "type": "literal", "value": "part of"}}, {"subjectLabel": {"xml:lang": "en", "type": "literal", "value": "P"}, "object": {"type": "uri", "value": "http://www.wikidata.org/entity/Q19776632"}, "objectLabel": {"xml:lang": "en", "type": "literal", "value": "letter of the ISO basic Latin alphabet"}, "predicateLabel": {"xml:lang": "en", "type": "literal", "value": "instance of"}}, {"subjectLabel": {"xml:lang": "en", "type": "literal", "value": "P"}, "object": {"type": "uri", "value": "http://www.wikidata.org/entity/Q19219752"}, "objectLabel": {"xml:lang": "en", "type": "literal", "value": "Meyers Konversations-Lexikon, 4th edition (1885\u20131890)"}, "predicateLabel": {"xml:lang": "en", "type": "literal", "value": "described by source"}}, {"subjectLabel": {"xml:lang": "en", "type": "literal", "value": "P"}, "object": {"type": "uri", "value": "http://www.wikidata.org/entity/Q867541"}, "objectLabel": {"xml:lang": "en", "type": "literal", "value": "Encyclop\u00e6dia Britannica 11th edition"}, "predicateLabel": {"xml:lang": "en", "type": "literal", "value": "described by source"}}, {"subjectLabel": {"xml:lang": "en", "type": "literal", "value": "P"}, "object": {"type": "uri", "value": "http://www.wikidata.org/entity/Q19776628"}, "objectLabel": {"xml:lang": "en", "type": "literal", "value": "Latin-script letter"}, "predicateLabel": {"xml:lang": "en", "type": "literal", "value": "instance of"}}, {"subjectLabel": {"xml:lang": "en", "type": "literal", "value": "P"}, "object": {"type": "uri", "value": "http://www.wikidata.org/entity/Q754673"}, "objectLabel": {"xml:lang": "en", "type": "literal", "value": "English alphabet"}, "predicateLabel": {"xml:lang": "en", "type": "literal", "value": "part of"}}, {"subjectLabel": {"xml:lang": "en", "type": "literal", "value": "P"}, "object": {"type": "uri", "value": "http://www.wikidata.org/entity/Q755124"}, "objectLabel": {"xml:lang": "en", "type": "literal", "value": "French alphabet"}, "predicateLabel": {"xml:lang": "en", "type": "literal", "value": "part of"}}, {"subjectLabel": {"xml:lang": "en", "type": "literal", "value": "P"}, "object": {"type": "uri", "value": "http://www.wikidata.org/entity/Q9147416"}, "objectLabel": {"xml:lang": "en", "type": "literal", "value": "Breton alphabet"}, "predicateLabel": {"xml:lang": "en", "type": "literal", "value": "part of"}}, {"subjectLabel": {"xml:lang": "en", "type": "literal", "value": "P"}, "object": {"type": "uri", "value": "http://www.wikidata.org/entity/Q18691434"}, "objectLabel": {"xml:lang": "en", "type": "literal", "value": "Finnish alphabet"}, "predicateLabel": {"xml:lang": "en", "type": "literal", "value": "part of"}}, {"subjectLabel": {"xml:lang": "en", "type": "literal", "value": "P"}, "object": {"type": "uri", "value": "http://www.wikidata.org/entity/Q181460"}, "objectLabel": {"xml:lang": "en", "type": "literal", "value": "\u0420"}, "predicateLabel": {"xml:lang": "en", "type": "literal", "value": "different from"}}, {"subjectLabel": {"xml:lang": "en", "type": "literal", "value": "P"}, "object": {"type": "uri", "value": "http://www.wikidata.org/entity/Q912243"}, "objectLabel": {"xml:lang": "en", "type": "literal", "value": "German alphabet"}, "predicateLabel": {"xml:lang": "en", "type": "literal", "value": "part of"}}, {"subjectLabel": {"xml:lang": "en", "type": "literal", "value": "P"}, "object": {"type": "uri", "value": "http://www.wikidata.org/entity/Q994407"}, "objectLabel": {"xml:lang": "en", "type": "literal", "value": "African reference alphabet"}, "predicateLabel": {"xml:lang": "en", "type": "literal", "value": "part of"}}, {"subjectLabel": {"xml:lang": "en", "type": "literal", "value": "P"}, "object": {"type": "uri", "value": "http://www.wikidata.org/entity/Q2041543"}, "objectLabel": {"xml:lang": "en", "type": "literal", "value": "Ott\u016fv slovn\u00edk nau\u010dn\u00fd"}, "predicateLabel": {"xml:lang": "en", "type": "literal", "value": "described by source"}}, {"subjectLabel": {"xml:lang": "en", "type": "literal", "value": "P"}, "object": {"type": "uri", "value": "http://www.wikidata.org/entity/Q16082057"}, "objectLabel": {"xml:lang": "en", "type": "literal", "value": "The New Student's Reference Work"}, "predicateLabel": {"xml:lang": "en", "type": "literal", "value": "described by source"}}, {"subjectLabel": {"xml:lang": "en", "type": "literal", "value": "P"}, "object": {"type": "uri", "value": "http://www.wikidata.org/entity/Q13337537"}, "objectLabel": {"xml:lang": "en", "type": "literal", "value": "Category:P"}, "predicateLabel": {"xml:lang": "en", "type": "literal", "value": "topic's main category"}}, {"subjectLabel": {"xml:lang": "en", "type": "literal", "value": "P"}, "object": {"type": "uri", "value": "http://www.wikidata.org/entity/Q3841820"}, "objectLabel": {"xml:lang": "en", "type": "literal", "value": "consonant letter"}, "predicateLabel": {"xml:lang": "en", "type": "literal", "value": "instance of"}}, {"subjectLabel": {"xml:lang": "en", "type": "literal", "value": "P"}, "object": {"type": "uri", "value": "http://www.wikidata.org/entity/Q1493494"}, "objectLabel": {"xml:lang": "en", "type": "literal", "value": "Pan-Nigerian alphabet"}, "predicateLabel": {"xml:lang": "en", "type": "literal", "value": "part of"}}, {"subjectLabel": {"xml:lang": "en", "type": "literal", "value": "P"}, "object": {"type": "uri", "value": "http://www.wikidata.org/entity/Q1187758"}, "objectLabel": {"xml:lang": "en", "type": "literal", "value": "Slovak alphabet"}, "predicateLabel": {"xml:lang": "en", "type": "literal", "value": "part of"}}, {"subjectLabel": {"xml:lang": "en", "type": "literal", "value": "P"}, "object": {"type": "uri", "value": "http://www.wikidata.org/entity/Q2839543"}, "objectLabel": {"xml:lang": "en", "type": "literal", "value": "Benin National Alphabet"}, "predicateLabel": {"xml:lang": "en", "type": "literal", "value": "part of"}}, {"subjectLabel": {"xml:lang": "en", "type": "literal", "value": "P"}, "object": {"type": "uri", "value": "http://www.wikidata.org/entity/Q1193493"}, "objectLabel": {"xml:lang": "en", "type": "literal", "value": "Latvian alphabet"}, "predicateLabel": {"xml:lang": "en", "type": "literal", "value": "part of"}}, {"subjectLabel": {"xml:lang": "en", "type": "literal", "value": "P"}, "object": {"type": "uri", "value": "http://www.wikidata.org/entity/Q637405"}, "objectLabel": {"xml:lang": "en", "type": "literal", "value": "Turkish alphabet"}, "predicateLabel": {"xml:lang": "en", "type": "literal", "value": "part of"}}, {"subjectLabel": {"xml:lang": "en", "type": "literal", "value": "P"}, "object": {"type": "uri", "value": "http://www.wikidata.org/entity/Q607188"}, "objectLabel": {"xml:lang": "en", "type": "literal", "value": "Esperanto alphabet"}, "predicateLabel": {"xml:lang": "en", "type": "literal", "value": "part of"}}], "Q9950": [{"subjectLabel": {"xml:lang": "en", "type": "literal", "value": "Q"}, "object": {"type": "uri", "value": "http://www.wikidata.org/entity/Q27788"}, "objectLabel": {"xml:lang": "en", "type": "literal", "value": "Q"}, "predicateLabel": {"xml:lang": "en", "type": "literal", "value": "different from"}}, {"subjectLabel": {"xml:lang": "en", "type": "literal", "value": "Q"}, "object": {"type": "uri", "value": "http://www.wikidata.org/entity/Q8229"}, "objectLabel": {"xml:lang": "en", "type": "literal", "value": "Latin script"}, "predicateLabel": {"xml:lang": "en", "type": "literal", "value": "part of"}}, {"subjectLabel": {"xml:lang": "en", "type": "literal", "value": "Q"}, "object": {"type": "uri", "value": "http://www.wikidata.org/entity/Q570693"}, "objectLabel": {"xml:lang": "en", "type": "literal", "value": "Azerbaijani alphabet"}, "predicateLabel": {"xml:lang": "en", "type": "literal", "value": "part of"}}, {"subjectLabel": {"xml:lang": "en", "type": "literal", "value": "Q"}, "object": {"type": "uri", "value": "http://www.wikidata.org/entity/Q550383"}, "objectLabel": {"xml:lang": "en", "type": "literal", "value": "Italian alphabet"}, "predicateLabel": {"xml:lang": "en", "type": "literal", "value": "part of"}}, {"subjectLabel": {"xml:lang": "en", "type": "literal", "value": "Q"}, "object": {"type": "uri", "value": "http://www.wikidata.org/entity/Q754673"}, "objectLabel": {"xml:lang": "en", "type": "literal", "value": "English alphabet"}, "predicateLabel": {"xml:lang": "en", "type": "literal", "value": "part of"}}, {"subjectLabel": {"xml:lang": "en", "type": "literal", "value": "Q"}, "object": {"type": "uri", "value": "http://www.wikidata.org/entity/Q755124"}, "objectLabel": {"xml:lang": "en", "type": "literal", "value": "French alphabet"}, "predicateLabel": {"xml:lang": "en", "type": "literal", "value": "part of"}}, {"subjectLabel": {"xml:lang": "en", "type": "literal", "value": "Q"}, "object": {"type": "uri", "value": "http://www.wikidata.org/entity/Q17021542"}, "objectLabel": {"xml:lang": "en", "type": "literal", "value": "Braille pattern dots-12345"}, "predicateLabel": {"xml:lang": "en", "type": "literal", "value": "depicted by"}}, {"subjectLabel": {"xml:lang": "en", "type": "literal", "value": "Q"}, "object": {"type": "uri", "value": "http://www.wikidata.org/entity/Q18691434"}, "objectLabel": {"xml:lang": "en", "type": "literal", "value": "Finnish alphabet"}, "predicateLabel": {"xml:lang": "en", "type": "literal", "value": "part of"}}, {"subjectLabel": {"xml:lang": "en", "type": "literal", "value": "Q"}, "object": {"type": "uri", "value": "http://www.wikidata.org/entity/Q76228"}, "objectLabel": {"xml:lang": "en", "type": "literal", "value": "Czech alphabet"}, "predicateLabel": {"xml:lang": "en", "type": "literal", "value": "part of"}}, {"subjectLabel": {"xml:lang": "en", "type": "literal", "value": "Q"}, "object": {"type": "uri", "value": "http://www.wikidata.org/entity/Q19219752"}, "objectLabel": {"xml:lang": "en", "type": "literal", "value": "Meyers Konversations-Lexikon, 4th edition (1885\u20131890)"}, "predicateLabel": {"xml:lang": "en", "type": "literal", "value": "described by source"}}, {"subjectLabel": {"xml:lang": "en", "type": "literal", "value": "Q"}, "object": {"type": "uri", "value": "http://www.wikidata.org/entity/Q19776628"}, "objectLabel": {"xml:lang": "en", "type": "literal", "value": "Latin-script letter"}, "predicateLabel": {"xml:lang": "en", "type": "literal", "value": "instance of"}}, {"subjectLabel": {"xml:lang": "en", "type": "literal", "value": "Q"}, "object": {"type": "uri", "value": "http://www.wikidata.org/entity/Q912243"}, "objectLabel": {"xml:lang": "en", "type": "literal", "value": "German alphabet"}, "predicateLabel": {"xml:lang": "en", "type": "literal", "value": "part of"}}, {"subjectLabel": {"xml:lang": "en", "type": "literal", "value": "Q"}, "object": {"type": "uri", "value": "http://www.wikidata.org/entity/Q129522"}, "objectLabel": {"xml:lang": "en", "type": "literal", "value": "koppa"}, "predicateLabel": {"xml:lang": "en", "type": "literal", "value": "develops from"}}, {"subjectLabel": {"xml:lang": "en", "type": "literal", "value": "Q"}, "object": {"type": "uri", "value": "http://www.wikidata.org/entity/Q3841820"}, "objectLabel": {"xml:lang": "en", "type": "literal", "value": "consonant letter"}, "predicateLabel": {"xml:lang": "en", "type": "literal", "value": "instance of"}}, {"subjectLabel": {"xml:lang": "en", "type": "literal", "value": "Q"}, "object": {"type": "uri", "value": "http://www.wikidata.org/entity/Q994407"}, "objectLabel": {"xml:lang": "en", "type": "literal", "value": "African reference alphabet"}, "predicateLabel": {"xml:lang": "en", "type": "literal", "value": "part of"}}, {"subjectLabel": {"xml:lang": "en", "type": "literal", "value": "Q"}, "object": {"type": "uri", "value": "http://www.wikidata.org/entity/Q1187758"}, "objectLabel": {"xml:lang": "en", "type": "literal", "value": "Slovak alphabet"}, "predicateLabel": {"xml:lang": "en", "type": "literal", "value": "part of"}}, {"subjectLabel": {"xml:lang": "en", "type": "literal", "value": "Q"}, "object": {"type": "uri", "value": "http://www.wikidata.org/entity/Q867541"}, "objectLabel": {"xml:lang": "en", "type": "literal", "value": "Encyclop\u00e6dia Britannica 11th edition"}, "predicateLabel": {"xml:lang": "en", "type": "literal", "value": "described by source"}}, {"subjectLabel": {"xml:lang": "en", "type": "literal", "value": "Q"}, "object": {"type": "uri", "value": "http://www.wikidata.org/entity/Q13344142"}, "objectLabel": {"xml:lang": "en", "type": "literal", "value": "Category:Q"}, "predicateLabel": {"xml:lang": "en", "type": "literal", "value": "topic's main category"}}, {"subjectLabel": {"xml:lang": "en", "type": "literal", "value": "Q"}, "object": {"type": "uri", "value": "http://www.wikidata.org/entity/Q16082057"}, "objectLabel": {"xml:lang": "en", "type": "literal", "value": "The New Student's Reference Work"}, "predicateLabel": {"xml:lang": "en", "type": "literal", "value": "described by source"}}], "Q9963": [{"subjectLabel": {"xml:lang": "en", "type": "literal", "value": "V"}, "object": {"type": "uri", "value": "http://www.wikidata.org/entity/Q27254"}, "objectLabel": {"xml:lang": "en", "type": "literal", "value": "V"}, "predicateLabel": {"xml:lang": "en", "type": "literal", "value": "different from"}}, {"subjectLabel": {"xml:lang": "en", "type": "literal", "value": "V"}, "object": {"type": "uri", "value": "http://www.wikidata.org/entity/Q8229"}, "objectLabel": {"xml:lang": "en", "type": "literal", "value": "Latin script"}, "predicateLabel": {"xml:lang": "en", "type": "literal", "value": "part of"}}, {"subjectLabel": {"xml:lang": "en", "type": "literal", "value": "V"}, "object": {"type": "uri", "value": "http://www.wikidata.org/entity/Q384749"}, "objectLabel": {"xml:lang": "en", "type": "literal", "value": "Africa Alphabet"}, "predicateLabel": {"xml:lang": "en", "type": "literal", "value": "part of"}}, {"subjectLabel": {"xml:lang": "en", "type": "literal", "value": "V"}, "object": {"type": "uri", "value": "http://www.wikidata.org/entity/Q372785"}, "objectLabel": {"xml:lang": "en", "type": "literal", "value": "Icelandic alphabet"}, "predicateLabel": {"xml:lang": "en", "type": "literal", "value": "part of"}}, {"subjectLabel": {"xml:lang": "en", "type": "literal", "value": "V"}, "object": {"type": "uri", "value": "http://www.wikidata.org/entity/Q550383"}, "objectLabel": {"xml:lang": "en", "type": "literal", "value": "Italian alphabet"}, "predicateLabel": {"xml:lang": "en", "type": "literal", "value": "part of"}}, {"subjectLabel": {"xml:lang": "en", "type": "literal", "value": "V"}, "object": {"type": "uri", "value": "http://www.wikidata.org/entity/Q76228"}, "objectLabel": {"xml:lang": "en", "type": "literal", "value": "Czech alphabet"}, "predicateLabel": {"xml:lang": "en", "type": "literal", "value": "part of"}}, {"subjectLabel": {"xml:lang": "en", "type": "literal", "value": "V"}, "object": {"type": "uri", "value": "http://www.wikidata.org/entity/Q350233"}, "objectLabel": {"xml:lang": "en", "type": "literal", "value": "Vee"}, "predicateLabel": {"xml:lang": "en", "type": "literal", "value": "different from"}}, {"subjectLabel": {"xml:lang": "en", "type": "literal", "value": "V"}, "object": {"type": "uri", "value": "http://www.wikidata.org/entity/Q622712"}, "objectLabel": {"xml:lang": "en", "type": "literal", "value": "Vietnamese alphabet"}, "predicateLabel": {"xml:lang": "en", "type": "literal", "value": "part of"}}, {"subjectLabel": {"xml:lang": "en", "type": "literal", "value": "V"}, "object": {"type": "uri", "value": "http://www.wikidata.org/entity/Q607188"}, "objectLabel": {"xml:lang": "en", "type": "literal", "value": "Esperanto alphabet"}, "predicateLabel": {"xml:lang": "en", "type": "literal", "value": "part of"}}, {"subjectLabel": {"xml:lang": "en", "type": "literal", "value": "V"}, "object": {"type": "uri", "value": "http://www.wikidata.org/entity/Q637405"}, "objectLabel": {"xml:lang": "en", "type": "literal", "value": "Turkish alphabet"}, "predicateLabel": {"xml:lang": "en", "type": "literal", "value": "part of"}}, {"subjectLabel": {"xml:lang": "en", "type": "literal", "value": "V"}, "object": {"type": "uri", "value": "http://www.wikidata.org/entity/Q754673"}, "objectLabel": {"xml:lang": "en", "type": "literal", "value": "English alphabet"}, "predicateLabel": {"xml:lang": "en", "type": "literal", "value": "part of"}}, {"subjectLabel": {"xml:lang": "en", "type": "literal", "value": "V"}, "object": {"type": "uri", "value": "http://www.wikidata.org/entity/Q755124"}, "objectLabel": {"xml:lang": "en", "type": "literal", "value": "French alphabet"}, "predicateLabel": {"xml:lang": "en", "type": "literal", "value": "part of"}}, {"subjectLabel": {"xml:lang": "en", "type": "literal", "value": "V"}, "object": {"type": "uri", "value": "http://www.wikidata.org/entity/Q912243"}, "objectLabel": {"xml:lang": "en", "type": "literal", "value": "German alphabet"}, "predicateLabel": {"xml:lang": "en", "type": "literal", "value": "part of"}}, {"subjectLabel": {"xml:lang": "en", "type": "literal", "value": "V"}, "object": {"type": "uri", "value": "http://www.wikidata.org/entity/Q994407"}, "objectLabel": {"xml:lang": "en", "type": "literal", "value": "African reference alphabet"}, "predicateLabel": {"xml:lang": "en", "type": "literal", "value": "part of"}}, {"subjectLabel": {"xml:lang": "en", "type": "literal", "value": "V"}, "object": {"type": "uri", "value": "http://www.wikidata.org/entity/Q867541"}, "objectLabel": {"xml:lang": "en", "type": "literal", "value": "Encyclop\u00e6dia Britannica 11th edition"}, "predicateLabel": {"xml:lang": "en", "type": "literal", "value": "described by source"}}, {"subjectLabel": {"xml:lang": "en", "type": "literal", "value": "V"}, "object": {"type": "uri", "value": "http://www.wikidata.org/entity/Q1493494"}, "objectLabel": {"xml:lang": "en", "type": "literal", "value": "Pan-Nigerian alphabet"}, "predicateLabel": {"xml:lang": "en", "type": "literal", "value": "part of"}}, {"subjectLabel": {"xml:lang": "en", "type": "literal", "value": "V"}, "object": {"type": "uri", "value": "http://www.wikidata.org/entity/Q2352347"}, "objectLabel": {"xml:lang": "en", "type": "literal", "value": "Swedish alphabet"}, "predicateLabel": {"xml:lang": "en", "type": "literal", "value": "part of"}}, {"subjectLabel": {"xml:lang": "en", "type": "literal", "value": "V"}, "object": {"type": "uri", "value": "http://www.wikidata.org/entity/Q1095058"}, "objectLabel": {"xml:lang": "en", "type": "literal", "value": "Romanian alphabet"}, "predicateLabel": {"xml:lang": "en", "type": "literal", "value": "part of"}}, {"subjectLabel": {"xml:lang": "en", "type": "literal", "value": "V"}, "object": {"type": "uri", "value": "http://www.wikidata.org/entity/Q1187758"}, "objectLabel": {"xml:lang": "en", "type": "literal", "value": "Slovak alphabet"}, "predicateLabel": {"xml:lang": "en", "type": "literal", "value": "part of"}}, {"subjectLabel": {"xml:lang": "en", "type": "literal", "value": "V"}, "object": {"type": "uri", "value": "http://www.wikidata.org/entity/Q1193493"}, "objectLabel": {"xml:lang": "en", "type": "literal", "value": "Latvian alphabet"}, "predicateLabel": {"xml:lang": "en", "type": "literal", "value": "part of"}}, {"subjectLabel": {"xml:lang": "en", "type": "literal", "value": "V"}, "object": {"type": "uri", "value": "http://www.wikidata.org/entity/Q2041543"}, "objectLabel": {"xml:lang": "en", "type": "literal", "value": "Ott\u016fv slovn\u00edk nau\u010dn\u00fd"}, "predicateLabel": {"xml:lang": "en", "type": "literal", "value": "described by source"}}, {"subjectLabel": {"xml:lang": "en", "type": "literal", "value": "V"}, "object": {"type": "uri", "value": "http://www.wikidata.org/entity/Q3841820"}, "objectLabel": {"xml:lang": "en", "type": "literal", "value": "consonant letter"}, "predicateLabel": {"xml:lang": "en", "type": "literal", "value": "instance of"}}, {"subjectLabel": {"xml:lang": "en", "type": "literal", "value": "V"}, "object": {"type": "uri", "value": "http://www.wikidata.org/entity/Q17021621"}, "objectLabel": {"xml:lang": "en", "type": "literal", "value": "Braille pattern dots-1236"}, "predicateLabel": {"xml:lang": "en", "type": "literal", "value": "depicted by"}}, {"subjectLabel": {"xml:lang": "en", "type": "literal", "value": "V"}, "object": {"type": "uri", "value": "http://www.wikidata.org/entity/Q19776628"}, "objectLabel": {"xml:lang": "en", "type": "literal", "value": "Latin-script letter"}, "predicateLabel": {"xml:lang": "en", "type": "literal", "value": "instance of"}}, {"subjectLabel": {"xml:lang": "en", "type": "literal", "value": "V"}, "object": {"type": "uri", "value": "http://www.wikidata.org/entity/Q2839543"}, "objectLabel": {"xml:lang": "en", "type": "literal", "value": "Benin National Alphabet"}, "predicateLabel": {"xml:lang": "en", "type": "literal", "value": "part of"}}, {"subjectLabel": {"xml:lang": "en", "type": "literal", "value": "V"}, "object": {"type": "uri", "value": "http://www.wikidata.org/entity/Q9147416"}, "objectLabel": {"xml:lang": "en", "type": "literal", "value": "Breton alphabet"}, "predicateLabel": {"xml:lang": "en", "type": "literal", "value": "part of"}}, {"subjectLabel": {"xml:lang": "en", "type": "literal", "value": "V"}, "object": {"type": "uri", "value": "http://www.wikidata.org/entity/Q19219752"}, "objectLabel": {"xml:lang": "en", "type": "literal", "value": "Meyers Konversations-Lexikon, 4th edition (1885\u20131890)"}, "predicateLabel": {"xml:lang": "en", "type": "literal", "value": "described by source"}}, {"subjectLabel": {"xml:lang": "en", "type": "literal", "value": "V"}, "object": {"type": "uri", "value": "http://www.wikidata.org/entity/Q18691434"}, "objectLabel": {"xml:lang": "en", "type": "literal", "value": "Finnish alphabet"}, "predicateLabel": {"xml:lang": "en", "type": "literal", "value": "part of"}}, {"subjectLabel": {"xml:lang": "en", "type": "literal", "value": "V"}, "object": {"type": "uri", "value": "http://www.wikidata.org/entity/Q16082057"}, "objectLabel": {"xml:lang": "en", "type": "literal", "value": "The New Student's Reference Work"}, "predicateLabel": {"xml:lang": "en", "type": "literal", "value": "described by source"}}, {"subjectLabel": {"xml:lang": "en", "type": "literal", "value": "V"}, "object": {"type": "uri", "value": "http://www.wikidata.org/entity/Q15005911"}, "objectLabel": {"xml:lang": "en", "type": "literal", "value": "Category:V"}, "predicateLabel": {"xml:lang": "en", "type": "literal", "value": "topic's main category"}}], "Q9956": [{"subjectLabel": {"xml:lang": "en", "type": "literal", "value": "S"}, "object": {"type": "uri", "value": "http://www.wikidata.org/entity/Q27753"}, "objectLabel": {"xml:lang": "en", "type": "literal", "value": "S"}, "predicateLabel": {"xml:lang": "en", "type": "literal", "value": "different from"}}, {"subjectLabel": {"xml:lang": "en", "type": "literal", "value": "S"}, "object": {"type": "uri", "value": "http://www.wikidata.org/entity/Q11110"}, "objectLabel": {"xml:lang": "en", "type": "literal", "value": "dollar sign"}, "predicateLabel": {"xml:lang": "en", "type": "literal", "value": "different from"}}, {"subjectLabel": {"xml:lang": "en", "type": "literal", "value": "S"}, "object": {"type": "uri", "value": "http://www.wikidata.org/entity/Q76228"}, "objectLabel": {"xml:lang": "en", "type": "literal", "value": "Czech alphabet"}, "predicateLabel": {"xml:lang": "en", "type": "literal", "value": "part of"}}, {"subjectLabel": {"xml:lang": "en", "type": "literal", "value": "S"}, "object": {"type": "uri", "value": "http://www.wikidata.org/entity/Q8229"}, "objectLabel": {"xml:lang": "en", "type": "literal", "value": "Latin script"}, "predicateLabel": {"xml:lang": "en", "type": "literal", "value": "part of"}}, {"subjectLabel": {"xml:lang": "en", "type": "literal", "value": "S"}, "object": {"type": "uri", "value": "http://www.wikidata.org/entity/Q550383"}, "objectLabel": {"xml:lang": "en", "type": "literal", "value": "Italian alphabet"}, "predicateLabel": {"xml:lang": "en", "type": "literal", "value": "part of"}}, {"subjectLabel": {"xml:lang": "en", "type": "literal", "value": "S"}, "object": {"type": "uri", "value": "http://www.wikidata.org/entity/Q384749"}, "objectLabel": {"xml:lang": "en", "type": "literal", "value": "Africa Alphabet"}, "predicateLabel": {"xml:lang": "en", "type": "literal", "value": "part of"}}, {"subjectLabel": {"xml:lang": "en", "type": "literal", "value": "S"}, "object": {"type": "uri", "value": "http://www.wikidata.org/entity/Q607188"}, "objectLabel": {"xml:lang": "en", "type": "literal", "value": "Esperanto alphabet"}, "predicateLabel": {"xml:lang": "en", "type": "literal", "value": "part of"}}, {"subjectLabel": {"xml:lang": "en", "type": "literal", "value": "S"}, "object": {"type": "uri", "value": "http://www.wikidata.org/entity/Q606972"}, "objectLabel": {"xml:lang": "en", "type": "literal", "value": "Polish alphabet"}, "predicateLabel": {"xml:lang": "en", "type": "literal", "value": "part of"}}, {"subjectLabel": {"xml:lang": "en", "type": "literal", "value": "S"}, "object": {"type": "uri", "value": "http://www.wikidata.org/entity/Q208001"}, "objectLabel": {"xml:lang": "en", "type": "literal", "value": "Dze"}, "predicateLabel": {"xml:lang": "en", "type": "literal", "value": "different from"}}, {"subjectLabel": {"xml:lang": "en", "type": "literal", "value": "S"}, "object": {"type": "uri", "value": "http://www.wikidata.org/entity/Q637405"}, "objectLabel": {"xml:lang": "en", "type": "literal", "value": "Turkish alphabet"}, "predicateLabel": {"xml:lang": "en", "type": "literal", "value": "part of"}}, {"subjectLabel": {"xml:lang": "en", "type": "literal", "value": "S"}, "object": {"type": "uri", "value": "http://www.wikidata.org/entity/Q754673"}, "objectLabel": {"xml:lang": "en", "type": "literal", "value": "English alphabet"}, "predicateLabel": {"xml:lang": "en", "type": "literal", "value": "part of"}}, {"subjectLabel": {"xml:lang": "en", "type": "literal", "value": "S"}, "object": {"type": "uri", "value": "http://www.wikidata.org/entity/Q755124"}, "objectLabel": {"xml:lang": "en", "type": "literal", "value": "French alphabet"}, "predicateLabel": {"xml:lang": "en", "type": "literal", "value": "part of"}}, {"subjectLabel": {"xml:lang": "en", "type": "literal", "value": "S"}, "object": {"type": "uri", "value": "http://www.wikidata.org/entity/Q1193493"}, "objectLabel": {"xml:lang": "en", "type": "literal", "value": "Latvian alphabet"}, "predicateLabel": {"xml:lang": "en", "type": "literal", "value": "part of"}}, {"subjectLabel": {"xml:lang": "en", "type": "literal", "value": "S"}, "object": {"type": "uri", "value": "http://www.wikidata.org/entity/Q1095058"}, "objectLabel": {"xml:lang": "en", "type": "literal", "value": "Romanian alphabet"}, "predicateLabel": {"xml:lang": "en", "type": "literal", "value": "part of"}}, {"subjectLabel": {"xml:lang": "en", "type": "literal", "value": "S"}, "object": {"type": "uri", "value": "http://www.wikidata.org/entity/Q1187758"}, "objectLabel": {"xml:lang": "en", "type": "literal", "value": "Slovak alphabet"}, "predicateLabel": {"xml:lang": "en", "type": "literal", "value": "part of"}}, {"subjectLabel": {"xml:lang": "en", "type": "literal", "value": "S"}, "object": {"type": "uri", "value": "http://www.wikidata.org/entity/Q912243"}, "objectLabel": {"xml:lang": "en", "type": "literal", "value": "German alphabet"}, "predicateLabel": {"xml:lang": "en", "type": "literal", "value": "part of"}}, {"subjectLabel": {"xml:lang": "en", "type": "literal", "value": "S"}, "object": {"type": "uri", "value": "http://www.wikidata.org/entity/Q994407"}, "objectLabel": {"xml:lang": "en", "type": "literal", "value": "African reference alphabet"}, "predicateLabel": {"xml:lang": "en", "type": "literal", "value": "part of"}}, {"subjectLabel": {"xml:lang": "en", "type": "literal", "value": "S"}, "object": {"type": "uri", "value": "http://www.wikidata.org/entity/Q17022013"}, "objectLabel": {"xml:lang": "en", "type": "literal", "value": "Braille pattern dots-234"}, "predicateLabel": {"xml:lang": "en", "type": "literal", "value": "depicted by"}}, {"subjectLabel": {"xml:lang": "en", "type": "literal", "value": "S"}, "object": {"type": "uri", "value": "http://www.wikidata.org/entity/Q867541"}, "objectLabel": {"xml:lang": "en", "type": "literal", "value": "Encyclop\u00e6dia Britannica 11th edition"}, "predicateLabel": {"xml:lang": "en", "type": "literal", "value": "described by source"}}, {"subjectLabel": {"xml:lang": "en", "type": "literal", "value": "S"}, "object": {"type": "uri", "value": "http://www.wikidata.org/entity/Q19776628"}, "objectLabel": {"xml:lang": "en", "type": "literal", "value": "Latin-script letter"}, "predicateLabel": {"xml:lang": "en", "type": "literal", "value": "instance of"}}, {"subjectLabel": {"xml:lang": "en", "type": "literal", "value": "S"}, "object": {"type": "uri", "value": "http://www.wikidata.org/entity/Q3841820"}, "objectLabel": {"xml:lang": "en", "type": "literal", "value": "consonant letter"}, "predicateLabel": {"xml:lang": "en", "type": "literal", "value": "instance of"}}, {"subjectLabel": {"xml:lang": "en", "type": "literal", "value": "S"}, "object": {"type": "uri", "value": "http://www.wikidata.org/entity/Q16363428"}, "objectLabel": {"xml:lang": "en", "type": "literal", "value": "Category:S"}, "predicateLabel": {"xml:lang": "en", "type": "literal", "value": "topic's main category"}}, {"subjectLabel": {"xml:lang": "en", "type": "literal", "value": "S"}, "object": {"type": "uri", "value": "http://www.wikidata.org/entity/Q9147416"}, "objectLabel": {"xml:lang": "en", "type": "literal", "value": "Breton alphabet"}, "predicateLabel": {"xml:lang": "en", "type": "literal", "value": "part of"}}, {"subjectLabel": {"xml:lang": "en", "type": "literal", "value": "S"}, "object": {"type": "uri", "value": "http://www.wikidata.org/entity/Q1493494"}, "objectLabel": {"xml:lang": "en", "type": "literal", "value": "Pan-Nigerian alphabet"}, "predicateLabel": {"xml:lang": "en", "type": "literal", "value": "part of"}}, {"subjectLabel": {"xml:lang": "en", "type": "literal", "value": "S"}, "object": {"type": "uri", "value": "http://www.wikidata.org/entity/Q2839543"}, "objectLabel": {"xml:lang": "en", "type": "literal", "value": "Benin National Alphabet"}, "predicateLabel": {"xml:lang": "en", "type": "literal", "value": "part of"}}, {"subjectLabel": {"xml:lang": "en", "type": "literal", "value": "S"}, "object": {"type": "uri", "value": "http://www.wikidata.org/entity/Q18691434"}, "objectLabel": {"xml:lang": "en", "type": "literal", "value": "Finnish alphabet"}, "predicateLabel": {"xml:lang": "en", "type": "literal", "value": "part of"}}, {"subjectLabel": {"xml:lang": "en", "type": "literal", "value": "S"}, "object": {"type": "uri", "value": "http://www.wikidata.org/entity/Q19219752"}, "objectLabel": {"xml:lang": "en", "type": "literal", "value": "Meyers Konversations-Lexikon, 4th edition (1885\u20131890)"}, "predicateLabel": {"xml:lang": "en", "type": "literal", "value": "described by source"}}, {"subjectLabel": {"xml:lang": "en", "type": "literal", "value": "S"}, "object": {"type": "uri", "value": "http://www.wikidata.org/entity/Q16082057"}, "objectLabel": {"xml:lang": "en", "type": "literal", "value": "The New Student's Reference Work"}, "predicateLabel": {"xml:lang": "en", "type": "literal", "value": "described by source"}}], "Q3886299": [{"subjectLabel": {"xml:lang": "en", "type": "literal", "value": "Italian orthography"}, "object": {"type": "uri", "value": "http://www.wikidata.org/entity/Q550383"}, "objectLabel": {"xml:lang": "en", "type": "literal", "value": "Italian alphabet"}, "predicateLabel": {"xml:lang": "en", "type": "literal", "value": "different from"}}, {"subjectLabel": {"xml:lang": "en", "type": "literal", "value": "Italian orthography"}, "object": {"type": "uri", "value": "http://www.wikidata.org/entity/Q43091"}, "objectLabel": {"xml:lang": "en", "type": "literal", "value": "orthography"}, "predicateLabel": {"xml:lang": "en", "type": "literal", "value": "instance of"}}, {"subjectLabel": {"xml:lang": "en", "type": "literal", "value": "Italian orthography"}, "object": {"type": "uri", "value": "http://www.wikidata.org/entity/Q550383"}, "objectLabel": {"xml:lang": "en", "type": "literal", "value": "Italian alphabet"}, "predicateLabel": {"xml:lang": "en", "type": "literal", "value": "uses"}}], "Q97662006": [{"subjectLabel": {"xml:lang": "en", "type": "literal", "value": "masdar"}, "object": {"type": "uri", "value": "http://www.wikidata.org/entity/Q1050494"}, "objectLabel": {"xml:lang": "en", "type": "literal", "value": "non-finite verb"}, "predicateLabel": {"xml:lang": "en", "type": "literal", "value": "instance of"}}, {"subjectLabel": {"xml:lang": "en", "type": "literal", "value": "masdar"}, "object": {"type": "uri", "value": "http://www.wikidata.org/entity/Q54553409"}, "objectLabel": {"xml:lang": "en", "type": "literal", "value": "verb form"}, "predicateLabel": {"xml:lang": "en", "type": "literal", "value": "subclass of"}}, {"subjectLabel": {"xml:lang": "en", "type": "literal", "value": "masdar"}, "object": {"type": "uri", "value": "http://www.wikidata.org/entity/Q1350145"}, "objectLabel": {"xml:lang": "en", "type": "literal", "value": "verbal noun"}, "predicateLabel": {"xml:lang": "en", "type": "literal", "value": "different from"}}, {"subjectLabel": {"xml:lang": "en", "type": "literal", "value": "masdar"}, "object": {"type": "uri", "value": "http://www.wikidata.org/entity/Q1923028"}, "objectLabel": {"xml:lang": "en", "type": "literal", "value": "gerund"}, "predicateLabel": {"xml:lang": "en", "type": "literal", "value": "different from"}}, {"subjectLabel": {"xml:lang": "en", "type": "literal", "value": "masdar"}, "object": {"type": "uri", "value": "http://www.wikidata.org/entity/Q179230"}, "objectLabel": {"xml:lang": "en", "type": "literal", "value": "infinitive"}, "predicateLabel": {"xml:lang": "en", "type": "literal", "value": "different from"}}], "Q54553409": [{"subjectLabel": {"xml:lang": "en", "type": "literal", "value": "verb form"}, "object": {"type": "uri", "value": "http://www.wikidata.org/entity/Q24905"}, "objectLabel": {"xml:lang": "en", "type": "literal", "value": "verb"}, "predicateLabel": {"xml:lang": "en", "type": "literal", "value": "facet of"}}, {"subjectLabel": {"xml:lang": "en", "type": "literal", "value": "verb form"}, "object": {"type": "uri", "value": "http://www.wikidata.org/entity/Q4423888"}, "objectLabel": {"xml:lang": "en", "type": "literal", "value": "inflected form"}, "predicateLabel": {"xml:lang": "en", "type": "literal", "value": "subclass of"}}, {"subjectLabel": {"xml:lang": "en", "type": "literal", "value": "verb form"}, "object": {"type": "uri", "value": "http://www.wikidata.org/entity/Q2374489"}, "objectLabel": {"xml:lang": "en", "type": "literal", "value": "grammeme"}, "predicateLabel": {"xml:lang": "en", "type": "literal", "value": "subclass of"}}], "Q11424": [{"subjectLabel": {"xml:lang": "en", "type": "literal", "value": "film"}, "object": {"type": "uri", "value": "http://www.wikidata.org/entity/P58"}, "objectLabel": {"xml:lang": "en", "type": "literal", "value": "screenwriter"}, "predicateLabel": {"xml:lang": "en", "type": "literal", "value": "properties for this type"}}, {"subjectLabel": {"xml:lang": "en", "type": "literal", "value": "film"}, "object": {"type": "uri", "value": "http://www.wikidata.org/entity/P57"}, "objectLabel": {"xml:lang": "en", "type": "literal", "value": "director"}, "predicateLabel": {"xml:lang": "en", "type": "literal", "value": "properties for this type"}}, {"subjectLabel": {"xml:lang": "en", "type": "literal", "value": "film"}, "object": {"type": "uri", "value": "http://www.wikidata.org/entity/P86"}, "objectLabel": {"xml:lang": "en", "type": "literal", "value": "composer"}, "predicateLabel": {"xml:lang": "en", "type": "literal", "value": "properties for this type"}}, {"subjectLabel": {"xml:lang": "en", "type": "literal", "value": "film"}, "object": {"type": "uri", "value": "http://www.wikidata.org/entity/Q795160"}, "objectLabel": {"xml:lang": "en", "type": "literal", "value": "film frame"}, "predicateLabel": {"xml:lang": "en", "type": "literal", "value": "has part(s)"}}, {"subjectLabel": {"xml:lang": "en", "type": "literal", "value": "film"}, "object": {"type": "uri", "value": "http://www.wikidata.org/entity/Q55321"}, "objectLabel": {"xml:lang": "en", "type": "literal", "value": "Category:Films"}, "predicateLabel": {"xml:lang": "en", "type": "literal", "value": "topic's main category"}}, {"subjectLabel": {"xml:lang": "en", "type": "literal", "value": "film"}, "object": {"type": "uri", "value": "http://www.wikidata.org/entity/Q441606"}, "objectLabel": {"xml:lang": "en", "type": "literal", "value": "title sequence"}, "predicateLabel": {"xml:lang": "en", "type": "literal", "value": "has part(s)"}}, {"subjectLabel": {"xml:lang": "en", "type": "literal", "value": "film"}, "object": {"type": "uri", "value": "http://www.wikidata.org/entity/Q622550"}, "objectLabel": {"xml:lang": "en", "type": "literal", "value": "trailer"}, "predicateLabel": {"xml:lang": "en", "type": "literal", "value": "has part(s)"}}, {"subjectLabel": {"xml:lang": "en", "type": "literal", "value": "film"}, "object": {"type": "uri", "value": "http://www.wikidata.org/entity/P166"}, "objectLabel": {"xml:lang": "en", "type": "literal", "value": "award received"}, "predicateLabel": {"xml:lang": "en", "type": "literal", "value": "properties for this type"}}, {"subjectLabel": {"xml:lang": "en", "type": "literal", "value": "film"}, "object": {"type": "uri", "value": "http://www.wikidata.org/entity/Q1458269"}, "objectLabel": {"xml:lang": "en", "type": "literal", "value": "Category:Film"}, "predicateLabel": {"xml:lang": "en", "type": "literal", "value": "topic's main category"}}, {"subjectLabel": {"xml:lang": "en", "type": "literal", "value": "film"}, "object": {"type": "uri", "value": "http://www.wikidata.org/entity/P344"}, "objectLabel": {"xml:lang": "en", "type": "literal", "value": "director of photography"}, "predicateLabel": {"xml:lang": "en", "type": "literal", "value": "properties for this type"}}, {"subjectLabel": {"xml:lang": "en", "type": "literal", "value": "film"}, "object": {"type": "uri", "value": "http://www.wikidata.org/entity/P364"}, "objectLabel": {"xml:lang": "en", "type": "literal", "value": "original language of film or TV show"}, "predicateLabel": {"xml:lang": "en", "type": "literal", "value": "properties for this type"}}, {"subjectLabel": {"xml:lang": "en", "type": "literal", "value": "film"}, "object": {"type": "uri", "value": "http://www.wikidata.org/entity/P179"}, "objectLabel": {"xml:lang": "en", "type": "literal", "value": "part of the series"}, "predicateLabel": {"xml:lang": "en", "type": "literal", "value": "properties for this type"}}, {"subjectLabel": {"xml:lang": "en", "type": "literal", "value": "film"}, "object": {"type": "uri", "value": "http://www.wikidata.org/entity/P345"}, "objectLabel": {"xml:lang": "en", "type": "literal", "value": "IMDb ID"}, "predicateLabel": {"xml:lang": "en", "type": "literal", "value": "properties for this type"}}, {"subjectLabel": {"xml:lang": "en", "type": "literal", "value": "film"}, "object": {"type": "uri", "value": "http://www.wikidata.org/entity/P1476"}, "objectLabel": {"xml:lang": "en", "type": "literal", "value": "title"}, "predicateLabel": {"xml:lang": "en", "type": "literal", "value": "properties for this type"}}, {"subjectLabel": {"xml:lang": "en", "type": "literal", "value": "film"}, "object": {"type": "uri", "value": "http://www.wikidata.org/entity/Q16144339"}, "objectLabel": {"xml:lang": "en", "type": "literal", "value": "cinematography"}, "predicateLabel": {"xml:lang": "en", "type": "literal", "value": "said to be the same as"}}, {"subjectLabel": {"xml:lang": "en", "type": "literal", "value": "film"}, "object": {"type": "uri", "value": "http://www.wikidata.org/entity/P1431"}, "objectLabel": {"xml:lang": "en", "type": "literal", "value": "executive producer"}, "predicateLabel": {"xml:lang": "en", "type": "literal", "value": "properties for this type"}}, {"subjectLabel": {"xml:lang": "en", "type": "literal", "value": "film"}, "object": {"type": "uri", "value": "http://www.wikidata.org/entity/Q4502142"}, "objectLabel": {"xml:lang": "en", "type": "literal", "value": "visual artwork"}, "predicateLabel": {"xml:lang": "en", "type": "literal", "value": "subclass of"}}, {"subjectLabel": {"xml:lang": "en", "type": "literal", "value": "film"}, "object": {"type": "uri", "value": "http://www.wikidata.org/entity/Q10301427"}, "objectLabel": {"xml:lang": "en", "type": "literal", "value": "moving image"}, "predicateLabel": {"xml:lang": "en", "type": "literal", "value": "subclass of"}}, {"subjectLabel": {"xml:lang": "en", "type": "literal", "value": "film"}, "object": {"type": "uri", "value": "http://www.wikidata.org/entity/P136"}, "objectLabel": {"xml:lang": "en", "type": "literal", "value": "genre"}, "predicateLabel": {"xml:lang": "en", "type": "literal", "value": "properties for this type"}}, {"subjectLabel": {"xml:lang": "en", "type": "literal", "value": "film"}, "object": {"type": "uri", "value": "http://www.wikidata.org/entity/P2047"}, "objectLabel": {"xml:lang": "en", "type": "literal", "value": "duration"}, "predicateLabel": {"xml:lang": "en", "type": "literal", "value": "properties for this type"}}, {"subjectLabel": {"xml:lang": "en", "type": "literal", "value": "film"}, "object": {"type": "uri", "value": "http://www.wikidata.org/entity/P162"}, "objectLabel": {"xml:lang": "en", "type": "literal", "value": "producer"}, "predicateLabel": {"xml:lang": "en", "type": "literal", "value": "properties for this type"}}, {"subjectLabel": {"xml:lang": "en", "type": "literal", "value": "film"}, "object": {"type": "uri", "value": "http://www.wikidata.org/entity/P2515"}, "objectLabel": {"xml:lang": "en", "type": "literal", "value": "costume designer"}, "predicateLabel": {"xml:lang": "en", "type": "literal", "value": "properties for this type"}}, {"subjectLabel": {"xml:lang": "en", "type": "literal", "value": "film"}, "object": {"type": "uri", "value": "http://www.wikidata.org/entity/P2208"}, "objectLabel": {"xml:lang": "en", "type": "literal", "value": "average shot length"}, "predicateLabel": {"xml:lang": "en", "type": "literal", "value": "properties for this type"}}, {"subjectLabel": {"xml:lang": "en", "type": "literal", "value": "film"}, "object": {"type": "uri", "value": "http://www.wikidata.org/entity/P2408"}, "objectLabel": {"xml:lang": "en", "type": "literal", "value": "set in period"}, "predicateLabel": {"xml:lang": "en", "type": "literal", "value": "properties for this type"}}, {"subjectLabel": {"xml:lang": "en", "type": "literal", "value": "film"}, "object": {"type": "uri", "value": "http://www.wikidata.org/entity/Q20937557"}, "objectLabel": {"xml:lang": "en", "type": "literal", "value": "series"}, "predicateLabel": {"xml:lang": "en", "type": "literal", "value": "subclass of"}}, {"subjectLabel": {"xml:lang": "en", "type": "literal", "value": "film"}, "object": {"type": "uri", "value": "http://www.wikidata.org/entity/Q20820424"}, "objectLabel": {"xml:lang": "en", "type": "literal", "value": "motion picture credits"}, "predicateLabel": {"xml:lang": "en", "type": "literal", "value": "has part(s)"}}, {"subjectLabel": {"xml:lang": "en", "type": "literal", "value": "film"}, "object": {"type": "uri", "value": "http://www.wikidata.org/entity/P2142"}, "objectLabel": {"xml:lang": "en", "type": "literal", "value": "box office"}, "predicateLabel": {"xml:lang": "en", "type": "literal", "value": "properties for this type"}}, {"subjectLabel": {"xml:lang": "en", "type": "literal", "value": "film"}, "object": {"type": "uri", "value": "http://www.wikidata.org/entity/P144"}, "objectLabel": {"xml:lang": "en", "type": "literal", "value": "based on"}, "predicateLabel": {"xml:lang": "en", "type": "literal", "value": "properties for this type"}}, {"subjectLabel": {"xml:lang": "en", "type": "literal", "value": "film"}, "object": {"type": "uri", "value": "http://www.wikidata.org/entity/P480"}, "objectLabel": {"xml:lang": "en", "type": "literal", "value": "FilmAffinity film ID"}, "predicateLabel": {"xml:lang": "en", "type": "literal", "value": "properties for this type"}}, {"subjectLabel": {"xml:lang": "en", "type": "literal", "value": "film"}, "object": {"type": "uri", "value": "http://www.wikidata.org/entity/P495"}, "objectLabel": {"xml:lang": "en", "type": "literal", "value": "country of origin"}, "predicateLabel": {"xml:lang": "en", "type": "literal", "value": "properties for this type"}}, {"subjectLabel": {"xml:lang": "en", "type": "literal", "value": "film"}, "object": {"type": "uri", "value": "http://www.wikidata.org/entity/P577"}, "objectLabel": {"xml:lang": "en", "type": "literal", "value": "publication date"}, "predicateLabel": {"xml:lang": "en", "type": "literal", "value": "properties for this type"}}, {"subjectLabel": {"xml:lang": "en", "type": "literal", "value": "film"}, "object": {"type": "uri", "value": "http://www.wikidata.org/entity/P2639"}, "objectLabel": {"xml:lang": "en", "type": "literal", "value": "Filmportal ID"}, "predicateLabel": {"xml:lang": "en", "type": "literal", "value": "properties for this type"}}, {"subjectLabel": {"xml:lang": "en", "type": "literal", "value": "film"}, "object": {"type": "uri", "value": "http://www.wikidata.org/entity/P2603"}, "objectLabel": {"xml:lang": "en", "type": "literal", "value": "Kinopoisk film ID"}, "predicateLabel": {"xml:lang": "en", "type": "literal", "value": "properties for this type"}}, {"subjectLabel": {"xml:lang": "en", "type": "literal", "value": "film"}, "object": {"type": "uri", "value": "http://www.wikidata.org/entity/P2554"}, "objectLabel": {"xml:lang": "en", "type": "literal", "value": "production designer"}, "predicateLabel": {"xml:lang": "en", "type": "literal", "value": "properties for this type"}}, {"subjectLabel": {"xml:lang": "en", "type": "literal", "value": "film"}, "object": {"type": "uri", "value": "http://www.wikidata.org/entity/Q106727050"}, "objectLabel": {"xml:lang": "en", "type": "literal", "value": "Metropolitan Museum of Art Tagging Vocabulary"}, "predicateLabel": {"xml:lang": "en", "type": "literal", "value": "described by source"}}, {"subjectLabel": {"xml:lang": "en", "type": "literal", "value": "film"}, "object": {"type": "uri", "value": "http://www.wikidata.org/entity/Q124737632"}, "objectLabel": {"xml:lang": "en", "type": "literal", "value": "Armenian Soviet Encyclopedia, vol. 5"}, "predicateLabel": {"xml:lang": "en", "type": "literal", "value": "described by source"}}, {"subjectLabel": {"xml:lang": "en", "type": "literal", "value": "film"}, "object": {"type": "uri", "value": "http://www.wikidata.org/entity/Q2431196"}, "objectLabel": {"xml:lang": "en", "type": "literal", "value": "audiovisual work"}, "predicateLabel": {"xml:lang": "en", "type": "literal", "value": "subclass of"}}, {"subjectLabel": {"xml:lang": "en", "type": "literal", "value": "film"}, "object": {"type": "uri", "value": "http://www.wikidata.org/entity/P2769"}, "objectLabel": {"xml:lang": "en", "type": "literal", "value": "budget"}, "predicateLabel": {"xml:lang": "en", "type": "literal", "value": "properties for this type"}}, {"subjectLabel": {"xml:lang": "en", "type": "literal", "value": "film"}, "object": {"type": "uri", "value": "http://www.wikidata.org/entity/P2755"}, "objectLabel": {"xml:lang": "en", "type": "literal", "value": "exploitation visa number"}, "predicateLabel": {"xml:lang": "en", "type": "literal", "value": "properties for this type"}}, {"subjectLabel": {"xml:lang": "en", "type": "literal", "value": "film"}, "object": {"type": "uri", "value": "http://www.wikidata.org/entity/Q24815"}, "objectLabel": {"xml:lang": "en", "type": "literal", "value": "Citizen Kane"}, "predicateLabel": {"xml:lang": "en", "type": "literal", "value": "model item"}}, {"subjectLabel": {"xml:lang": "en", "type": "literal", "value": "film"}, "object": {"type": "uri", "value": "http://www.wikidata.org/entity/P676"}, "objectLabel": {"xml:lang": "en", "type": "literal", "value": "lyrics by"}, "predicateLabel": {"xml:lang": "en", "type": "literal", "value": "properties for this type"}}, {"subjectLabel": {"xml:lang": "en", "type": "literal", "value": "film"}, "object": {"type": "uri", "value": "http://www.wikidata.org/entity/P161"}, "objectLabel": {"xml:lang": "en", "type": "literal", "value": "cast member"}, "predicateLabel": {"xml:lang": "en", "type": "literal", "value": "properties for this type"}}, {"subjectLabel": {"xml:lang": "en", "type": "literal", "value": "film"}, "object": {"type": "uri", "value": "http://www.wikidata.org/entity/Q192724"}, "objectLabel": {"xml:lang": "en", "type": "literal", "value": "Iron Man"}, "predicateLabel": {"xml:lang": "en", "type": "literal", "value": "model item"}}, {"subjectLabel": {"xml:lang": "en", "type": "literal", "value": "film"}, "object": {"type": "uri", "value": "http://www.wikidata.org/entity/P3816"}, "objectLabel": {"xml:lang": "en", "type": "literal", "value": "film script"}, "predicateLabel": {"xml:lang": "en", "type": "literal", "value": "properties for this type"}}, {"subjectLabel": {"xml:lang": "en", "type": "literal", "value": "film"}, "object": {"type": "uri", "value": "http://www.wikidata.org/entity/P3803"}, "objectLabel": {"xml:lang": "en", "type": "literal", "value": "original film format"}, "predicateLabel": {"xml:lang": "en", "type": "literal", "value": "properties for this type"}}, {"subjectLabel": {"xml:lang": "en", "type": "literal", "value": "film"}, "object": {"type": "uri", "value": "http://www.wikidata.org/entity/P4529"}, "objectLabel": {"xml:lang": "en", "type": "literal", "value": "Douban film ID"}, "predicateLabel": {"xml:lang": "en", "type": "literal", "value": "properties for this type"}}, {"subjectLabel": {"xml:lang": "en", "type": "literal", "value": "film"}, "object": {"type": "uri", "value": "http://www.wikidata.org/entity/P750"}, "objectLabel": {"xml:lang": "en", "type": "literal", "value": "distributed by"}, "predicateLabel": {"xml:lang": "en", "type": "literal", "value": "properties for this type"}}, {"subjectLabel": {"xml:lang": "en", "type": "literal", "value": "film"}, "object": {"type": "uri", "value": "http://www.wikidata.org/entity/P5786"}, "objectLabel": {"xml:lang": "en", "type": "literal", "value": "Moviepilot.de film ID"}, "predicateLabel": {"xml:lang": "en", "type": "literal", "value": "properties for this type"}}, {"subjectLabel": {"xml:lang": "en", "type": "literal", "value": "film"}, "object": {"type": "uri", "value": "http://www.wikidata.org/entity/P12196"}, "objectLabel": {"xml:lang": "en", "type": "literal", "value": "TheTVDB movie ID"}, "predicateLabel": {"xml:lang": "en", "type": "literal", "value": "properties for this type"}}, {"subjectLabel": {"xml:lang": "en", "type": "literal", "value": "film"}, "object": {"type": "uri", "value": "http://www.wikidata.org/entity/P12241"}, "objectLabel": {"xml:lang": "en", "type": "literal", "value": "Schnittberichte.com title ID"}, "predicateLabel": {"xml:lang": "en", "type": "literal", "value": "properties for this type"}}, {"subjectLabel": {"xml:lang": "en", "type": "literal", "value": "film"}, "object": {"type": "uri", "value": "http://www.wikidata.org/entity/P12264"}, "objectLabel": {"xml:lang": "en", "type": "literal", "value": "Moviefone movie ID"}, "predicateLabel": {"xml:lang": "en", "type": "literal", "value": "properties for this type"}}, {"subjectLabel": {"xml:lang": "en", "type": "literal", "value": "film"}, "object": {"type": "uri", "value": "http://www.wikidata.org/entity/P8345"}, "objectLabel": {"xml:lang": "en", "type": "literal", "value": "media franchise"}, "predicateLabel": {"xml:lang": "en", "type": "literal", "value": "properties for this type"}}, {"subjectLabel": {"xml:lang": "en", "type": "literal", "value": "film"}, "object": {"type": "uri", "value": "http://www.wikidata.org/entity/Q28793"}, "objectLabel": {"xml:lang": "en", "type": "literal", "value": "film theory"}, "predicateLabel": {"xml:lang": "en", "type": "literal", "value": "studied in"}}, {"subjectLabel": {"xml:lang": "en", "type": "literal", "value": "film"}, "object": {"type": "uri", "value": "http://www.wikidata.org/entity/Q3487524"}, "objectLabel": {"xml:lang": "en", "type": "literal", "value": "sociology of film"}, "predicateLabel": {"xml:lang": "en", "type": "literal", "value": "studied in"}}, {"subjectLabel": {"xml:lang": "en", "type": "literal", "value": "film"}, "object": {"type": "uri", "value": "http://www.wikidata.org/entity/Q1660187"}, "objectLabel": {"xml:lang": "en", "type": "literal", "value": "film studies"}, "predicateLabel": {"xml:lang": "en", "type": "literal", "value": "studied in"}}, {"subjectLabel": {"xml:lang": "en", "type": "literal", "value": "film"}, "object": {"type": "uri", "value": "http://www.wikidata.org/entity/P840"}, "objectLabel": {"xml:lang": "en", "type": "literal", "value": "narrative location"}, "predicateLabel": {"xml:lang": "en", "type": "literal", "value": "properties for this type"}}, {"subjectLabel": {"xml:lang": "en", "type": "literal", "value": "film"}, "object": {"type": "uri", "value": "http://www.wikidata.org/entity/P915"}, "objectLabel": {"xml:lang": "en", "type": "literal", "value": "filming location"}, "predicateLabel": {"xml:lang": "en", "type": "literal", "value": "properties for this type"}}, {"subjectLabel": {"xml:lang": "en", "type": "literal", "value": "film"}, "object": {"type": "uri", "value": "http://www.wikidata.org/entity/P921"}, "objectLabel": {"xml:lang": "en", "type": "literal", "value": "main subject"}, "predicateLabel": {"xml:lang": "en", "type": "literal", "value": "properties for this type"}}, {"subjectLabel": {"xml:lang": "en", "type": "literal", "value": "film"}, "object": {"type": "uri", "value": "http://www.wikidata.org/entity/Q3296835"}, "objectLabel": {"xml:lang": "en", "type": "literal", "value": "Portal:Film"}, "predicateLabel": {"xml:lang": "en", "type": "literal", "value": "topic's main Wikimedia portal"}}, {"subjectLabel": {"xml:lang": "en", "type": "literal", "value": "film"}, "object": {"type": "uri", "value": "http://www.wikidata.org/entity/Q4458345"}, "objectLabel": {"xml:lang": "en", "type": "literal", "value": "motion picture credits"}, "predicateLabel": {"xml:lang": "en", "type": "literal", "value": "has part(s)"}}, {"subjectLabel": {"xml:lang": "en", "type": "literal", "value": "film"}, "object": {"type": "uri", "value": "http://www.wikidata.org/entity/P1040"}, "objectLabel": {"xml:lang": "en", "type": "literal", "value": "film editor"}, "predicateLabel": {"xml:lang": "en", "type": "literal", "value": "properties for this type"}}, {"subjectLabel": {"xml:lang": "en", "type": "literal", "value": "film"}, "object": {"type": "uri", "value": "http://www.wikidata.org/entity/Q5460604"}, "objectLabel": {"xml:lang": "en", "type": "literal", "value": "Wikipedia:List of articles all languages should have"}, "predicateLabel": {"xml:lang": "en", "type": "literal", "value": "on focus list of Wikimedia project"}}, {"subjectLabel": {"xml:lang": "en", "type": "literal", "value": "film"}, "object": {"type": "uri", "value": "http://www.wikidata.org/entity/Q2345"}, "objectLabel": {"xml:lang": "en", "type": "literal", "value": "12 Angry Men"}, "predicateLabel": {"xml:lang": "en", "type": "literal", "value": "model item"}}, {"subjectLabel": {"xml:lang": "en", "type": "literal", "value": "film"}, "object": {"type": "uri", "value": "http://www.wikidata.org/entity/P12320"}, "objectLabel": {"xml:lang": "en", "type": "literal", "value": "Moviebuff ID"}, "predicateLabel": {"xml:lang": "en", "type": "literal", "value": "properties for this type"}}, {"subjectLabel": {"xml:lang": "en", "type": "literal", "value": "film"}, "object": {"type": "uri", "value": "http://www.wikidata.org/entity/P12347"}, "objectLabel": {"xml:lang": "en", "type": "literal", "value": "NientePopCorn movie ID"}, "predicateLabel": {"xml:lang": "en", "type": "literal", "value": "properties for this type"}}, {"subjectLabel": {"xml:lang": "en", "type": "literal", "value": "film"}, "object": {"type": "uri", "value": "http://www.wikidata.org/entity/P1237"}, "objectLabel": {"xml:lang": "en", "type": "literal", "value": "Box Office Mojo film ID (former scheme)"}, "predicateLabel": {"xml:lang": "en", "type": "literal", "value": "properties for this type"}}, {"subjectLabel": {"xml:lang": "en", "type": "literal", "value": "film"}, "object": {"type": "uri", "value": "http://www.wikidata.org/entity/Q7112632"}, "objectLabel": {"xml:lang": "en", "type": "literal", "value": "outline of film"}, "predicateLabel": {"xml:lang": "en", "type": "literal", "value": "Wikimedia outline"}}, {"subjectLabel": {"xml:lang": "en", "type": "literal", "value": "film"}, "object": {"type": "uri", "value": "http://www.wikidata.org/entity/Q8485793"}, "objectLabel": {"xml:lang": "en", "type": "literal", "value": "WikiProject Film"}, "predicateLabel": {"xml:lang": "en", "type": "literal", "value": "maintained by WikiProject"}}, {"subjectLabel": {"xml:lang": "en", "type": "literal", "value": "film"}, "object": {"type": "uri", "value": "http://www.wikidata.org/entity/Q17738"}, "objectLabel": {"xml:lang": "en", "type": "literal", "value": "Star Wars: Episode IV \u2013 A New Hope"}, "predicateLabel": {"xml:lang": "en", "type": "literal", "value": "model item"}}, {"subjectLabel": {"xml:lang": "en", "type": "literal", "value": "film"}, "object": {"type": "uri", "value": "http://www.wikidata.org/entity/Q8104425"}, "objectLabel": {"xml:lang": "en", "type": "literal", "value": "Category:Wikipedia categories named after films"}, "predicateLabel": {"xml:lang": "en", "type": "literal", "value": "category for eponymous categories"}}, {"subjectLabel": {"xml:lang": "en", "type": "literal", "value": "film"}, "object": {"type": "uri", "value": "http://www.wikidata.org/entity/Q105759907"}, "objectLabel": {"xml:lang": "en", "type": "literal", "value": "film reel"}, "predicateLabel": {"xml:lang": "en", "type": "literal", "value": "different from"}}, {"subjectLabel": {"xml:lang": "en", "type": "literal", "value": "film"}, "object": {"type": "uri", "value": "http://www.wikidata.org/entity/Q45871375"}, "objectLabel": {"xml:lang": "en", "type": "literal", "value": "film reel"}, "predicateLabel": {"xml:lang": "en", "type": "literal", "value": "different from"}}, {"subjectLabel": {"xml:lang": "en", "type": "literal", "value": "film"}, "object": {"type": "uri", "value": "http://www.wikidata.org/entity/Q16672466"}, "objectLabel": {"xml:lang": "en", "type": "literal", "value": "Wild Tales"}, "predicateLabel": {"xml:lang": "en", "type": "literal", "value": "model item"}}, {"subjectLabel": {"xml:lang": "en", "type": "literal", "value": "film"}, "object": {"type": "uri", "value": "http://www.wikidata.org/entity/Q79704281"}, "objectLabel": {"xml:lang": "en", "type": "literal", "value": "Template:Disney+ movie"}, "predicateLabel": {"xml:lang": "en", "type": "literal", "value": "topic's main template"}}, {"subjectLabel": {"xml:lang": "en", "type": "literal", "value": "film"}, "object": {"type": "uri", "value": "http://www.wikidata.org/entity/Q6171351"}, "objectLabel": {"xml:lang": "en", "type": "literal", "value": "Template:Infobox film"}, "predicateLabel": {"xml:lang": "en", "type": "literal", "value": "topic's main template"}}, {"subjectLabel": {"xml:lang": "en", "type": "literal", "value": "film"}, "object": {"type": "uri", "value": "http://www.wikidata.org/entity/Q6173448"}, "objectLabel": {"xml:lang": "en", "type": "literal", "value": "Wikipedia:Vital articles/Level/4"}, "predicateLabel": {"xml:lang": "en", "type": "literal", "value": "on focus list of Wikimedia project"}}]}