{"Q131339": [{"subjectLabel": {"xml:lang": "en", "type": "literal", "value": "Alemannic"}, "object": {"type": "uri", "value": "http://www.wikidata.org/entity/Q188"}, "objectLabel": {"xml:lang": "en", "type": "literal", "value": "German"}, "predicateLabel": {"xml:lang": "en", "type": "literal", "value": "dialect of"}}, {"subjectLabel": {"xml:lang": "en", "type": "literal", "value": "Alemannic"}, "object": {"type": "uri", "value": "http://www.wikidata.org/entity/Q84969951"}, "objectLabel": {"xml:lang": "en", "type": "literal", "value": "Category:Alemannic pronunciation"}, "predicateLabel": {"xml:lang": "en", "type": "literal", "value": "related category"}}, {"subjectLabel": {"xml:lang": "en", "type": "literal", "value": "Alemannic"}, "object": {"type": "uri", "value": "http://www.wikidata.org/entity/Q40"}, "objectLabel": {"xml:lang": "en", "type": "literal", "value": "Austria"}, "predicateLabel": {"xml:lang": "en", "type": "literal", "value": "country"}}, {"subjectLabel": {"xml:lang": "en", "type": "literal", "value": "Alemannic"}, "object": {"type": "uri", "value": "http://www.wikidata.org/entity/Q38"}, "objectLabel": {"xml:lang": "en", "type": "literal", "value": "Italy"}, "predicateLabel": {"xml:lang": "en", "type": "literal", "value": "country"}}, {"subjectLabel": {"xml:lang": "en", "type": "literal", "value": "Alemannic"}, "object": {"type": "uri", "value": "http://www.wikidata.org/entity/Q1775461"}, "objectLabel": {"xml:lang": "en", "type": "literal", "value": "neuter"}, "predicateLabel": {"xml:lang": "en", "type": "literal", "value": "has grammatical gender"}}, {"subjectLabel": {"xml:lang": "en", "type": "literal", "value": "Alemannic"}, "object": {"type": "uri", "value": "http://www.wikidata.org/entity/Q39"}, "objectLabel": {"xml:lang": "en", "type": "literal", "value": "Switzerland"}, "predicateLabel": {"xml:lang": "en", "type": "literal", "value": "country"}}, {"subjectLabel": {"xml:lang": "en", "type": "literal", "value": "Alemannic"}, "object": {"type": "uri", "value": "http://www.wikidata.org/entity/Q1775415"}, "objectLabel": {"xml:lang": "en", "type": "literal", "value": "feminine"}, "predicateLabel": {"xml:lang": "en", "type": "literal", "value": "has grammatical gender"}}, {"subjectLabel": {"xml:lang": "en", "type": "literal", "value": "Alemannic"}, "object": {"type": "uri", "value": "http://www.wikidata.org/entity/Q499327"}, "objectLabel": {"xml:lang": "en", "type": "literal", "value": "masculine"}, "predicateLabel": {"xml:lang": "en", "type": "literal", "value": "has grammatical gender"}}, {"subjectLabel": {"xml:lang": "en", "type": "literal", "value": "Alemannic"}, "object": {"type": "uri", "value": "http://www.wikidata.org/entity/Q183"}, "objectLabel": {"xml:lang": "en", "type": "literal", "value": "Germany"}, "predicateLabel": {"xml:lang": "en", "type": "literal", "value": "country"}}, {"subjectLabel": {"xml:lang": "en", "type": "literal", "value": "Alemannic"}, "object": {"type": "uri", "value": "http://www.wikidata.org/entity/Q347"}, "objectLabel": {"xml:lang": "en", "type": "literal", "value": "Liechtenstein"}, "predicateLabel": {"xml:lang": "en", "type": "literal", "value": "country"}}, {"subjectLabel": {"xml:lang": "en", "type": "literal", "value": "Alemannic"}, "object": {"type": "uri", "value": "http://www.wikidata.org/entity/Q717"}, "objectLabel": {"xml:lang": "en", "type": "literal", "value": "Venezuela"}, "predicateLabel": {"xml:lang": "en", "type": "literal", "value": "country"}}, {"subjectLabel": {"xml:lang": "en", "type": "literal", "value": "Alemannic"}, "object": {"type": "uri", "value": "http://www.wikidata.org/entity/Q1084"}, "objectLabel": {"xml:lang": "en", "type": "literal", "value": "noun"}, "predicateLabel": {"xml:lang": "en", "type": "literal", "value": "uses capitalization for"}}, {"subjectLabel": {"xml:lang": "en", "type": "literal", "value": "Alemannic"}, "object": {"type": "uri", "value": "http://www.wikidata.org/entity/Q142"}, "objectLabel": {"xml:lang": "en", "type": "literal", "value": "France"}, "predicateLabel": {"xml:lang": "en", "type": "literal", "value": "country"}}, {"subjectLabel": {"xml:lang": "en", "type": "literal", "value": "Alemannic"}, "object": {"type": "uri", "value": "http://www.wikidata.org/entity/Q985"}, "objectLabel": {"xml:lang": "en", "type": "literal", "value": "Baden-W\u00fcrttemberg"}, "predicateLabel": {"xml:lang": "en", "type": "literal", "value": "indigenous to"}}, {"subjectLabel": {"xml:lang": "en", "type": "literal", "value": "Alemannic"}, "object": {"type": "uri", "value": "http://www.wikidata.org/entity/Q347"}, "objectLabel": {"xml:lang": "en", "type": "literal", "value": "Liechtenstein"}, "predicateLabel": {"xml:lang": "en", "type": "literal", "value": "indigenous to"}}, {"subjectLabel": {"xml:lang": "en", "type": "literal", "value": "Alemannic"}, "object": {"type": "uri", "value": "http://www.wikidata.org/entity/Q1142"}, "objectLabel": {"xml:lang": "en", "type": "literal", "value": "Alsace"}, "predicateLabel": {"xml:lang": "en", "type": "literal", "value": "indigenous to"}}, {"subjectLabel": {"xml:lang": "en", "type": "literal", "value": "Alemannic"}, "object": {"type": "uri", "value": "http://www.wikidata.org/entity/Q1216"}, "objectLabel": {"xml:lang": "en", "type": "literal", "value": "Piedmont"}, "predicateLabel": {"xml:lang": "en", "type": "literal", "value": "indigenous to"}}, {"subjectLabel": {"xml:lang": "en", "type": "literal", "value": "Alemannic"}, "object": {"type": "uri", "value": "http://www.wikidata.org/entity/Q1222"}, "objectLabel": {"xml:lang": "en", "type": "literal", "value": "Aosta Valley"}, "predicateLabel": {"xml:lang": "en", "type": "literal", "value": "indigenous to"}}, {"subjectLabel": {"xml:lang": "en", "type": "literal", "value": "Alemannic"}, "object": {"type": "uri", "value": "http://www.wikidata.org/entity/Q34770"}, "objectLabel": {"xml:lang": "en", "type": "literal", "value": "language"}, "predicateLabel": {"xml:lang": "en", "type": "literal", "value": "instance of"}}, {"subjectLabel": {"xml:lang": "en", "type": "literal", "value": "Alemannic"}, "object": {"type": "uri", "value": "http://www.wikidata.org/entity/Q33384"}, "objectLabel": {"xml:lang": "en", "type": "literal", "value": "dialect"}, "predicateLabel": {"xml:lang": "en", "type": "literal", "value": "instance of"}}, {"subjectLabel": {"xml:lang": "en", "type": "literal", "value": "Alemannic"}, "object": {"type": "uri", "value": "http://www.wikidata.org/entity/Q8229"}, "objectLabel": {"xml:lang": "en", "type": "literal", "value": "Latin script"}, "predicateLabel": {"xml:lang": "en", "type": "literal", "value": "writing system"}}, {"subjectLabel": {"xml:lang": "en", "type": "literal", "value": "Alemannic"}, "object": {"type": "uri", "value": "http://www.wikidata.org/entity/Q38981"}, "objectLabel": {"xml:lang": "en", "type": "literal", "value": "Vorarlberg"}, "predicateLabel": {"xml:lang": "en", "type": "literal", "value": "indigenous to"}}, {"subjectLabel": {"xml:lang": "en", "type": "literal", "value": "Alemannic"}, "object": {"type": "uri", "value": "http://www.wikidata.org/entity/Q29051551"}, "objectLabel": {"xml:lang": "en", "type": "literal", "value": "5 Developing"}, "predicateLabel": {"xml:lang": "en", "type": "literal", "value": "Ethnologue language status"}}, {"subjectLabel": {"xml:lang": "en", "type": "literal", "value": "Alemannic"}, "object": {"type": "uri", "value": "http://www.wikidata.org/entity/Q689055"}, "objectLabel": {"xml:lang": "en", "type": "literal", "value": "German-speaking Switzerland"}, "predicateLabel": {"xml:lang": "en", "type": "literal", "value": "indigenous to"}}, {"subjectLabel": {"xml:lang": "en", "type": "literal", "value": "Alemannic"}, "object": {"type": "uri", "value": "http://www.wikidata.org/entity/Q263522"}, "objectLabel": {"xml:lang": "en", "type": "literal", "value": "Upper German"}, "predicateLabel": {"xml:lang": "en", "type": "literal", "value": "subclass of"}}, {"subjectLabel": {"xml:lang": "en", "type": "literal", "value": "Alemannic"}, "object": {"type": "uri", "value": "http://www.wikidata.org/entity/Q8234518"}, "objectLabel": {"xml:lang": "en", "type": "literal", "value": "Category:Alemannic German language"}, "predicateLabel": {"xml:lang": "en", "type": "literal", "value": "topic's main category"}}, {"subjectLabel": {"xml:lang": "en", "type": "literal", "value": "Alemannic"}, "object": {"type": "uri", "value": "http://www.wikidata.org/entity/Q1208380"}, "objectLabel": {"xml:lang": "en", "type": "literal", "value": "dialect group"}, "predicateLabel": {"xml:lang": "en", "type": "literal", "value": "instance of"}}, {"subjectLabel": {"xml:lang": "en", "type": "literal", "value": "Alemannic"}, "object": {"type": "uri", "value": "http://www.wikidata.org/entity/Q2630831"}, "objectLabel": {"xml:lang": "en", "type": "literal", "value": "supradialect"}, "predicateLabel": {"xml:lang": "en", "type": "literal", "value": "instance of"}}, {"subjectLabel": {"xml:lang": "en", "type": "literal", "value": "Alemannic"}, "object": {"type": "uri", "value": "http://www.wikidata.org/entity/Q4532135"}, "objectLabel": {"xml:lang": "en", "type": "literal", "value": "Encyclopedic Lexicon"}, "predicateLabel": {"xml:lang": "en", "type": "literal", "value": "described by source"}}, {"subjectLabel": {"xml:lang": "en", "type": "literal", "value": "Alemannic"}, "object": {"type": "uri", "value": "http://www.wikidata.org/entity/Q964130"}, "objectLabel": {"xml:lang": "en", "type": "literal", "value": "Colonia Tovar"}, "predicateLabel": {"xml:lang": "en", "type": "literal", "value": "indigenous to"}}, {"subjectLabel": {"xml:lang": "en", "type": "literal", "value": "Alemannic"}, "object": {"type": "uri", "value": "http://www.wikidata.org/entity/Q20672087"}, "objectLabel": {"xml:lang": "en", "type": "literal", "value": "2 vulnerable"}, "predicateLabel": {"xml:lang": "en", "type": "literal", "value": "UNESCO language status"}}], "Q3919882": [{"subjectLabel": {"xml:lang": "en", "type": "literal", "value": "Category:Swiss people"}, "object": {"type": "uri", "value": "http://www.wikidata.org/entity/Q39"}, "objectLabel": {"xml:lang": "en", "type": "literal", "value": "Switzerland"}, "predicateLabel": {"xml:lang": "en", "type": "literal", "value": "category combines topics"}}, {"subjectLabel": {"xml:lang": "en", "type": "literal", "value": "Category:Swiss people"}, "object": {"type": "uri", "value": "http://www.wikidata.org/entity/Q5"}, "objectLabel": {"xml:lang": "en", "type": "literal", "value": "human"}, "predicateLabel": {"xml:lang": "en", "type": "literal", "value": "category combines topics"}}, {"subjectLabel": {"xml:lang": "en", "type": "literal", "value": "Category:Swiss people"}, "object": {"type": "uri", "value": "http://www.wikidata.org/entity/Q5"}, "objectLabel": {"xml:lang": "en", "type": "literal", "value": "human"}, "predicateLabel": {"xml:lang": "en", "type": "literal", "value": "category contains"}}, {"subjectLabel": {"xml:lang": "en", "type": "literal", "value": "Category:Swiss people"}, "object": {"type": "uri", "value": "http://www.wikidata.org/entity/Q4167836"}, "objectLabel": {"xml:lang": "en", "type": "literal", "value": "Wikimedia category"}, "predicateLabel": {"xml:lang": "en", "type": "literal", "value": "instance of"}}, {"subjectLabel": {"xml:lang": "en", "type": "literal", "value": "Category:Swiss people"}, "object": {"type": "uri", "value": "http://www.wikidata.org/entity/Q3243320"}, "objectLabel": {"xml:lang": "en", "type": "literal", "value": "list of Swiss people"}, "predicateLabel": {"xml:lang": "en", "type": "literal", "value": "list related to category"}}, {"subjectLabel": {"xml:lang": "en", "type": "literal", "value": "Category:Swiss people"}, "object": {"type": "uri", "value": "http://www.wikidata.org/entity/Q124216"}, "objectLabel": {"xml:lang": "en", "type": "literal", "value": "Swiss"}, "predicateLabel": {"xml:lang": "en", "type": "literal", "value": "category's main topic"}}], "Q12433": [{"subjectLabel": {"xml:lang": "en", "type": "literal", "value": "Schwyz"}, "object": {"type": "uri", "value": "http://www.wikidata.org/entity/Q446085"}, "objectLabel": {"xml:lang": "en", "type": "literal", "value": "Schwyz"}, "predicateLabel": {"xml:lang": "en", "type": "literal", "value": "different from"}}, {"subjectLabel": {"xml:lang": "en", "type": "literal", "value": "Schwyz"}, "object": {"type": "uri", "value": "http://www.wikidata.org/entity/Q68155"}, "objectLabel": {"xml:lang": "en", "type": "literal", "value": "Schwyz"}, "predicateLabel": {"xml:lang": "en", "type": "literal", "value": "different from"}}, {"subjectLabel": {"xml:lang": "en", "type": "literal", "value": "Schwyz"}, "object": {"type": "uri", "value": "http://www.wikidata.org/entity/Q2257950"}, "objectLabel": {"xml:lang": "en", "type": "literal", "value": "Schwyz"}, "predicateLabel": {"xml:lang": "en", "type": "literal", "value": "different from"}}, {"subjectLabel": {"xml:lang": "en", "type": "literal", "value": "Schwyz"}, "object": {"type": "uri", "value": "http://www.wikidata.org/entity/Q13142902"}, "objectLabel": {"xml:lang": "en", "type": "literal", "value": "Schwyz"}, "predicateLabel": {"xml:lang": "en", "type": "literal", "value": "different from"}}, {"subjectLabel": {"xml:lang": "en", "type": "literal", "value": "Schwyz"}, "object": {"type": "uri", "value": "http://www.wikidata.org/entity/Q39"}, "objectLabel": {"xml:lang": "en", "type": "literal", "value": "Switzerland"}, "predicateLabel": {"xml:lang": "en", "type": "literal", "value": "country"}}, {"subjectLabel": {"xml:lang": "en", "type": "literal", "value": "Schwyz"}, "object": {"type": "uri", "value": "http://www.wikidata.org/entity/Q6723"}, "objectLabel": {"xml:lang": "en", "type": "literal", "value": "UTC+02:00"}, "predicateLabel": {"xml:lang": "en", "type": "literal", "value": "located in time zone"}}, {"subjectLabel": {"xml:lang": "en", "type": "literal", "value": "Schwyz"}, "object": {"type": "uri", "value": "http://www.wikidata.org/entity/Q6655"}, "objectLabel": {"xml:lang": "en", "type": "literal", "value": "UTC+01:00"}, "predicateLabel": {"xml:lang": "en", "type": "literal", "value": "located in time zone"}}, {"subjectLabel": {"xml:lang": "en", "type": "literal", "value": "Schwyz"}, "object": {"type": "uri", "value": "http://www.wikidata.org/entity/Q30978"}, "objectLabel": {"xml:lang": "en", "type": "literal", "value": "Central Switzerland"}, "predicateLabel": {"xml:lang": "en", "type": "literal", "value": "part of"}}, {"subjectLabel": {"xml:lang": "en", "type": "literal", "value": "Schwyz"}, "object": {"type": "uri", "value": "http://www.wikidata.org/entity/Q68155"}, "objectLabel": {"xml:lang": "en", "type": "literal", "value": "Schwyz"}, "predicateLabel": {"xml:lang": "en", "type": "literal", "value": "capital"}}, {"subjectLabel": {"xml:lang": "en", "type": "literal", "value": "Schwyz"}, "object": {"type": "uri", "value": "http://www.wikidata.org/entity/Q11943"}, "objectLabel": {"xml:lang": "en", "type": "literal", "value": "Canton of Z\u00fcrich"}, "predicateLabel": {"xml:lang": "en", "type": "literal", "value": "shares border with"}}, {"subjectLabel": {"xml:lang": "en", "type": "literal", "value": "Schwyz"}, "object": {"type": "uri", "value": "http://www.wikidata.org/entity/Q12121"}, "objectLabel": {"xml:lang": "en", "type": "literal", "value": "Lucerne"}, "predicateLabel": {"xml:lang": "en", "type": "literal", "value": "shares border with"}}, {"subjectLabel": {"xml:lang": "en", "type": "literal", "value": "Schwyz"}, "object": {"type": "uri", "value": "http://www.wikidata.org/entity/Q14407"}, "objectLabel": {"xml:lang": "en", "type": "literal", "value": "Lake Zurich"}, "predicateLabel": {"xml:lang": "en", "type": "literal", "value": "lowest point"}}, {"subjectLabel": {"xml:lang": "en", "type": "literal", "value": "Schwyz"}, "object": {"type": "uri", "value": "http://www.wikidata.org/entity/Q15141"}, "objectLabel": {"xml:lang": "en", "type": "literal", "value": "B\u00f6s Fulen"}, "predicateLabel": {"xml:lang": "en", "type": "literal", "value": "highest point"}}, {"subjectLabel": {"xml:lang": "en", "type": "literal", "value": "Schwyz"}, "object": {"type": "uri", "value": "http://www.wikidata.org/entity/Q176942"}, "objectLabel": {"xml:lang": "en", "type": "literal", "value": "list of cultural property of national significance in Switzerland: Schwyz"}, "predicateLabel": {"xml:lang": "en", "type": "literal", "value": "list of monuments"}}, {"subjectLabel": {"xml:lang": "en", "type": "literal", "value": "Schwyz"}, "object": {"type": "uri", "value": "http://www.wikidata.org/entity/Q11922"}, "objectLabel": {"xml:lang": "en", "type": "literal", "value": "Glarus"}, "predicateLabel": {"xml:lang": "en", "type": "literal", "value": "shares border with"}}, {"subjectLabel": {"xml:lang": "en", "type": "literal", "value": "Schwyz"}, "object": {"type": "uri", "value": "http://www.wikidata.org/entity/Q74818"}, "objectLabel": {"xml:lang": "en", "type": "literal", "value": "Schwyz District"}, "predicateLabel": {"xml:lang": "en", "type": "literal", "value": "different from"}}, {"subjectLabel": {"xml:lang": "en", "type": "literal", "value": "Schwyz"}, "object": {"type": "uri", "value": "http://www.wikidata.org/entity/Q11933"}, "objectLabel": {"xml:lang": "en", "type": "literal", "value": "Zug"}, "predicateLabel": {"xml:lang": "en", "type": "literal", "value": "shares border with"}}, {"subjectLabel": {"xml:lang": "en", "type": "literal", "value": "Schwyz"}, "object": {"type": "uri", "value": "http://www.wikidata.org/entity/Q12573"}, "objectLabel": {"xml:lang": "en", "type": "literal", "value": "Obwalden"}, "predicateLabel": {"xml:lang": "en", "type": "literal", "value": "shares border with"}}, {"subjectLabel": {"xml:lang": "en", "type": "literal", "value": "Schwyz"}, "object": {"type": "uri", "value": "http://www.wikidata.org/entity/Q602358"}, "objectLabel": {"xml:lang": "en", "type": "literal", "value": "Brockhaus and Efron Encyclopedic Dictionary"}, "predicateLabel": {"xml:lang": "en", "type": "literal", "value": "described by source"}}, {"subjectLabel": {"xml:lang": "en", "type": "literal", "value": "Schwyz"}, "object": {"type": "uri", "value": "http://www.wikidata.org/entity/Q39"}, "objectLabel": {"xml:lang": "en", "type": "literal", "value": "Switzerland"}, "predicateLabel": {"xml:lang": "en", "type": "literal", "value": "located in the administrative territorial entity"}}, {"subjectLabel": {"xml:lang": "en", "type": "literal", "value": "Schwyz"}, "object": {"type": "uri", "value": "http://www.wikidata.org/entity/Q867541"}, "objectLabel": {"xml:lang": "en", "type": "literal", "value": "Encyclop\u00e6dia Britannica 11th edition"}, "predicateLabel": {"xml:lang": "en", "type": "literal", "value": "described by source"}}, {"subjectLabel": {"xml:lang": "en", "type": "literal", "value": "Schwyz"}, "object": {"type": "uri", "value": "http://www.wikidata.org/entity/Q12404"}, "objectLabel": {"xml:lang": "en", "type": "literal", "value": "Uri"}, "predicateLabel": {"xml:lang": "en", "type": "literal", "value": "shares border with"}}, {"subjectLabel": {"xml:lang": "en", "type": "literal", "value": "Schwyz"}, "object": {"type": "uri", "value": "http://www.wikidata.org/entity/Q12592"}, "objectLabel": {"xml:lang": "en", "type": "literal", "value": "Nidwalden"}, "predicateLabel": {"xml:lang": "en", "type": "literal", "value": "shares border with"}}, {"subjectLabel": {"xml:lang": "en", "type": "literal", "value": "Schwyz"}, "object": {"type": "uri", "value": "http://www.wikidata.org/entity/Q8081383"}, "objectLabel": {"xml:lang": "en", "type": "literal", "value": "Category:Births in the canton of Schwyz"}, "predicateLabel": {"xml:lang": "en", "type": "literal", "value": "category for people born here"}}, {"subjectLabel": {"xml:lang": "en", "type": "literal", "value": "Schwyz"}, "object": {"type": "uri", "value": "http://www.wikidata.org/entity/Q9221394"}, "objectLabel": {"xml:lang": "en", "type": "literal", "value": "Category:Deaths in the canton of Schwyz"}, "predicateLabel": {"xml:lang": "en", "type": "literal", "value": "category for people who died here"}}, {"subjectLabel": {"xml:lang": "en", "type": "literal", "value": "Schwyz"}, "object": {"type": "uri", "value": "http://www.wikidata.org/entity/Q7724892"}, "objectLabel": {"xml:lang": "en", "type": "literal", "value": "Category:Canton of Schwyz"}, "predicateLabel": {"xml:lang": "en", "type": "literal", "value": "topic's main category"}}, {"subjectLabel": {"xml:lang": "en", "type": "literal", "value": "Schwyz"}, "object": {"type": "uri", "value": "http://www.wikidata.org/entity/Q3181656"}, "objectLabel": {"xml:lang": "en", "type": "literal", "value": "The Nuttall Encyclop\u00e6dia"}, "predicateLabel": {"xml:lang": "en", "type": "literal", "value": "described by source"}}, {"subjectLabel": {"xml:lang": "en", "type": "literal", "value": "Schwyz"}, "object": {"type": "uri", "value": "http://www.wikidata.org/entity/Q63284758"}, "objectLabel": {"xml:lang": "en", "type": "literal", "value": "Desktop Encyclopedic Dictionary"}, "predicateLabel": {"xml:lang": "en", "type": "literal", "value": "described by source"}}, {"subjectLabel": {"xml:lang": "en", "type": "literal", "value": "Schwyz"}, "object": {"type": "uri", "value": "http://www.wikidata.org/entity/Q94559086"}, "objectLabel": {"xml:lang": "en", "type": "literal", "value": "list of members of the government of the Canton of Schwyz"}, "predicateLabel": {"xml:lang": "en", "type": "literal", "value": "has list"}}, {"subjectLabel": {"xml:lang": "en", "type": "literal", "value": "Schwyz"}, "object": {"type": "uri", "value": "http://www.wikidata.org/entity/Q21031380"}, "objectLabel": {"xml:lang": "en", "type": "literal", "value": "list of lakes in the Canton of Schwyz"}, "predicateLabel": {"xml:lang": "en", "type": "literal", "value": "has list"}}, {"subjectLabel": {"xml:lang": "en", "type": "literal", "value": "Schwyz"}, "object": {"type": "uri", "value": "http://www.wikidata.org/entity/Q56290007"}, "objectLabel": {"xml:lang": "en", "type": "literal", "value": "list of members of the Federal Assembly from the Canton of Schwyz"}, "predicateLabel": {"xml:lang": "en", "type": "literal", "value": "has list"}}, {"subjectLabel": {"xml:lang": "en", "type": "literal", "value": "Schwyz"}, "object": {"type": "uri", "value": "http://www.wikidata.org/entity/Q110189617"}, "objectLabel": {"xml:lang": "en", "type": "literal", "value": "list of amphibian spawning areas of national importance in the Canton of Schwyz"}, "predicateLabel": {"xml:lang": "en", "type": "literal", "value": "has list"}}, {"subjectLabel": {"xml:lang": "en", "type": "literal", "value": "Schwyz"}, "object": {"type": "uri", "value": "http://www.wikidata.org/entity/Q16656106"}, "objectLabel": {"xml:lang": "en", "type": "literal", "value": "list of railway stations in the Canton of Schwyz"}, "predicateLabel": {"xml:lang": "en", "type": "literal", "value": "has list"}}, {"subjectLabel": {"xml:lang": "en", "type": "literal", "value": "Schwyz"}, "object": {"type": "uri", "value": "http://www.wikidata.org/entity/Q20012384"}, "objectLabel": {"xml:lang": "en", "type": "literal", "value": "list of protected areas in the Canton of Schwyz"}, "predicateLabel": {"xml:lang": "en", "type": "literal", "value": "has list"}}, {"subjectLabel": {"xml:lang": "en", "type": "literal", "value": "Schwyz"}, "object": {"type": "uri", "value": "http://www.wikidata.org/entity/Q16248773"}, "objectLabel": {"xml:lang": "en", "type": "literal", "value": "list of mountains of the canton of Schwyz"}, "predicateLabel": {"xml:lang": "en", "type": "literal", "value": "has list"}}, {"subjectLabel": {"xml:lang": "en", "type": "literal", "value": "Schwyz"}, "object": {"type": "uri", "value": "http://www.wikidata.org/entity/Q1632110"}, "objectLabel": {"xml:lang": "en", "type": "literal", "value": "list of cultural properties in the canton of Schwyz"}, "predicateLabel": {"xml:lang": "en", "type": "literal", "value": "list of monuments"}}, {"subjectLabel": {"xml:lang": "en", "type": "literal", "value": "Schwyz"}, "object": {"type": "uri", "value": "http://www.wikidata.org/entity/Q8755326"}, "objectLabel": {"xml:lang": "en", "type": "literal", "value": "Category:People from the canton of Schwyz"}, "predicateLabel": {"xml:lang": "en", "type": "literal", "value": "category of associated people"}}, {"subjectLabel": {"xml:lang": "en", "type": "literal", "value": "Schwyz"}, "object": {"type": "uri", "value": "http://www.wikidata.org/entity/Q23058"}, "objectLabel": {"xml:lang": "en", "type": "literal", "value": "canton of Switzerland"}, "predicateLabel": {"xml:lang": "en", "type": "literal", "value": "instance of"}}, {"subjectLabel": {"xml:lang": "en", "type": "literal", "value": "Schwyz"}, "object": {"type": "uri", "value": "http://www.wikidata.org/entity/Q14848094"}, "objectLabel": {"xml:lang": "en", "type": "literal", "value": "Staatsarchiv des Kantons Schwyz"}, "predicateLabel": {"xml:lang": "en", "type": "literal", "value": "archives at"}}, {"subjectLabel": {"xml:lang": "en", "type": "literal", "value": "Schwyz"}, "object": {"type": "uri", "value": "http://www.wikidata.org/entity/Q104602459"}, "objectLabel": {"xml:lang": "en", "type": "literal", "value": "Category:Views of the canton of Schwyz"}, "predicateLabel": {"xml:lang": "en", "type": "literal", "value": "category for the view of the item"}}, {"subjectLabel": {"xml:lang": "en", "type": "literal", "value": "Schwyz"}, "object": {"type": "uri", "value": "http://www.wikidata.org/entity/Q675853"}, "objectLabel": {"xml:lang": "en", "type": "literal", "value": "municipalities of the Canton of Schwyz"}, "predicateLabel": {"xml:lang": "en", "type": "literal", "value": "has list"}}, {"subjectLabel": {"xml:lang": "en", "type": "literal", "value": "Schwyz"}, "object": {"type": "uri", "value": "http://www.wikidata.org/entity/Q12746"}, "objectLabel": {"xml:lang": "en", "type": "literal", "value": "canton St. Gallen"}, "predicateLabel": {"xml:lang": "en", "type": "literal", "value": "shares border with"}}, {"subjectLabel": {"xml:lang": "en", "type": "literal", "value": "Schwyz"}, "object": {"type": "uri", "value": "http://www.wikidata.org/entity/Q20078554"}, "objectLabel": {"xml:lang": "en", "type": "literal", "value": "Great Soviet Encyclopedia (1926\u20131947)"}, "predicateLabel": {"xml:lang": "en", "type": "literal", "value": "described by source"}}, {"subjectLabel": {"xml:lang": "en", "type": "literal", "value": "Schwyz"}, "object": {"type": "uri", "value": "http://www.wikidata.org/entity/Q19230686"}, "objectLabel": {"xml:lang": "en", "type": "literal", "value": "Topographia Helvetiae, Rhaetiae et Valesiae"}, "predicateLabel": {"xml:lang": "en", "type": "literal", "value": "described by source"}}, {"subjectLabel": {"xml:lang": "en", "type": "literal", "value": "Schwyz"}, "object": {"type": "uri", "value": "http://www.wikidata.org/entity/Q74768"}, "objectLabel": {"xml:lang": "en", "type": "literal", "value": "March District"}, "predicateLabel": {"xml:lang": "en", "type": "literal", "value": "contains the administrative territorial entity"}}, {"subjectLabel": {"xml:lang": "en", "type": "literal", "value": "Schwyz"}, "object": {"type": "uri", "value": "http://www.wikidata.org/entity/Q74818"}, "objectLabel": {"xml:lang": "en", "type": "literal", "value": "Schwyz District"}, "predicateLabel": {"xml:lang": "en", "type": "literal", "value": "contains the administrative territorial entity"}}, {"subjectLabel": {"xml:lang": "en", "type": "literal", "value": "Schwyz"}, "object": {"type": "uri", "value": "http://www.wikidata.org/entity/Q74823"}, "objectLabel": {"xml:lang": "en", "type": "literal", "value": "H\u00f6fe District"}, "predicateLabel": {"xml:lang": "en", "type": "literal", "value": "contains the administrative territorial entity"}}, {"subjectLabel": {"xml:lang": "en", "type": "literal", "value": "Schwyz"}, "object": {"type": "uri", "value": "http://www.wikidata.org/entity/Q74826"}, "objectLabel": {"xml:lang": "en", "type": "literal", "value": "Gersau District"}, "predicateLabel": {"xml:lang": "en", "type": "literal", "value": "contains the administrative territorial entity"}}, {"subjectLabel": {"xml:lang": "en", "type": "literal", "value": "Schwyz"}, "object": {"type": "uri", "value": "http://www.wikidata.org/entity/Q74874"}, "objectLabel": {"xml:lang": "en", "type": "literal", "value": "Einsiedeln District"}, "predicateLabel": {"xml:lang": "en", "type": "literal", "value": "contains the administrative territorial entity"}}, {"subjectLabel": {"xml:lang": "en", "type": "literal", "value": "Schwyz"}, "object": {"type": "uri", "value": "http://www.wikidata.org/entity/Q74831"}, "objectLabel": {"xml:lang": "en", "type": "literal", "value": "K\u00fcssnacht District"}, "predicateLabel": {"xml:lang": "en", "type": "literal", "value": "contains the administrative territorial entity"}}, {"subjectLabel": {"xml:lang": "en", "type": "literal", "value": "Schwyz"}, "object": {"type": "uri", "value": "http://www.wikidata.org/entity/Q1366643"}, "objectLabel": {"xml:lang": "en", "type": "literal", "value": "Swiss High German"}, "predicateLabel": {"xml:lang": "en", "type": "literal", "value": "official language"}}, {"subjectLabel": {"xml:lang": "en", "type": "literal", "value": "Schwyz"}, "object": {"type": "uri", "value": "http://www.wikidata.org/entity/Q1728101"}, "objectLabel": {"xml:lang": "en", "type": "literal", "value": "Cantonal Council of Schwyz"}, "predicateLabel": {"xml:lang": "en", "type": "literal", "value": "legislative body"}}], "Q12592": [{"subjectLabel": {"xml:lang": "en", "type": "literal", "value": "Nidwalden"}, "object": {"type": "uri", "value": "http://www.wikidata.org/entity/Q39"}, "objectLabel": {"xml:lang": "en", "type": "literal", "value": "Switzerland"}, "predicateLabel": {"xml:lang": "en", "type": "literal", "value": "country"}}, {"subjectLabel": {"xml:lang": "en", "type": "literal", "value": "Nidwalden"}, "object": {"type": "uri", "value": "http://www.wikidata.org/entity/Q6655"}, "objectLabel": {"xml:lang": "en", "type": "literal", "value": "UTC+01:00"}, "predicateLabel": {"xml:lang": "en", "type": "literal", "value": "located in time zone"}}, {"subjectLabel": {"xml:lang": "en", "type": "literal", "value": "Nidwalden"}, "object": {"type": "uri", "value": "http://www.wikidata.org/entity/Q39"}, "objectLabel": {"xml:lang": "en", "type": "literal", "value": "Switzerland"}, "predicateLabel": {"xml:lang": "en", "type": "literal", "value": "located in the administrative territorial entity"}}, {"subjectLabel": {"xml:lang": "en", "type": "literal", "value": "Nidwalden"}, "object": {"type": "uri", "value": "http://www.wikidata.org/entity/Q6723"}, "objectLabel": {"xml:lang": "en", "type": "literal", "value": "UTC+02:00"}, "predicateLabel": {"xml:lang": "en", "type": "literal", "value": "located in time zone"}}, {"subjectLabel": {"xml:lang": "en", "type": "literal", "value": "Nidwalden"}, "object": {"type": "uri", "value": "http://www.wikidata.org/entity/Q15140"}, "objectLabel": {"xml:lang": "en", "type": "literal", "value": "Rotst\u00f6ckli"}, "predicateLabel": {"xml:lang": "en", "type": "literal", "value": "highest point"}}, {"subjectLabel": {"xml:lang": "en", "type": "literal", "value": "Nidwalden"}, "object": {"type": "uri", "value": "http://www.wikidata.org/entity/Q63931"}, "objectLabel": {"xml:lang": "en", "type": "literal", "value": "Stans"}, "predicateLabel": {"xml:lang": "en", "type": "literal", "value": "contains the administrative territorial entity"}}, {"subjectLabel": {"xml:lang": "en", "type": "literal", "value": "Nidwalden"}, "object": {"type": "uri", "value": "http://www.wikidata.org/entity/Q12573"}, "objectLabel": {"xml:lang": "en", "type": "literal", "value": "Obwalden"}, "predicateLabel": {"xml:lang": "en", "type": "literal", "value": "shares border with"}}, {"subjectLabel": {"xml:lang": "en", "type": "literal", "value": "Nidwalden"}, "object": {"type": "uri", "value": "http://www.wikidata.org/entity/Q69177"}, "objectLabel": {"xml:lang": "en", "type": "literal", "value": "Emmetten"}, "predicateLabel": {"xml:lang": "en", "type": "literal", "value": "contains the administrative territorial entity"}}, {"subjectLabel": {"xml:lang": "en", "type": "literal", "value": "Nidwalden"}, "object": {"type": "uri", "value": "http://www.wikidata.org/entity/Q69140"}, "objectLabel": {"xml:lang": "en", "type": "literal", "value": "Beckenried"}, "predicateLabel": {"xml:lang": "en", "type": "literal", "value": "contains the administrative territorial entity"}}, {"subjectLabel": {"xml:lang": "en", "type": "literal", "value": "Nidwalden"}, "object": {"type": "uri", "value": "http://www.wikidata.org/entity/Q570969"}, "objectLabel": {"xml:lang": "en", "type": "literal", "value": "Hergiswil"}, "predicateLabel": {"xml:lang": "en", "type": "literal", "value": "contains the administrative territorial entity"}}, {"subjectLabel": {"xml:lang": "en", "type": "literal", "value": "Nidwalden"}, "object": {"type": "uri", "value": "http://www.wikidata.org/entity/Q14381"}, "objectLabel": {"xml:lang": "en", "type": "literal", "value": "Lake Lucerne"}, "predicateLabel": {"xml:lang": "en", "type": "literal", "value": "lowest point"}}, {"subjectLabel": {"xml:lang": "en", "type": "literal", "value": "Nidwalden"}, "object": {"type": "uri", "value": "http://www.wikidata.org/entity/Q1755180"}, "objectLabel": {"xml:lang": "en", "type": "literal", "value": "Landrat of Nidwalden"}, "predicateLabel": {"xml:lang": "en", "type": "literal", "value": "legislative body"}}, {"subjectLabel": {"xml:lang": "en", "type": "literal", "value": "Nidwalden"}, "object": {"type": "uri", "value": "http://www.wikidata.org/entity/Q1366643"}, "objectLabel": {"xml:lang": "en", "type": "literal", "value": "Swiss High German"}, "predicateLabel": {"xml:lang": "en", "type": "literal", "value": "official language"}}, {"subjectLabel": {"xml:lang": "en", "type": "literal", "value": "Nidwalden"}, "object": {"type": "uri", "value": "http://www.wikidata.org/entity/Q23058"}, "objectLabel": {"xml:lang": "en", "type": "literal", "value": "canton of Switzerland"}, "predicateLabel": {"xml:lang": "en", "type": "literal", "value": "instance of"}}, {"subjectLabel": {"xml:lang": "en", "type": "literal", "value": "Nidwalden"}, "object": {"type": "uri", "value": "http://www.wikidata.org/entity/Q64567"}, "objectLabel": {"xml:lang": "en", "type": "literal", "value": "Buochs"}, "predicateLabel": {"xml:lang": "en", "type": "literal", "value": "contains the administrative territorial entity"}}, {"subjectLabel": {"xml:lang": "en", "type": "literal", "value": "Nidwalden"}, "object": {"type": "uri", "value": "http://www.wikidata.org/entity/Q64575"}, "objectLabel": {"xml:lang": "en", "type": "literal", "value": "Dallenwil"}, "predicateLabel": {"xml:lang": "en", "type": "literal", "value": "contains the administrative territorial entity"}}, {"subjectLabel": {"xml:lang": "en", "type": "literal", "value": "Nidwalden"}, "object": {"type": "uri", "value": "http://www.wikidata.org/entity/Q63931"}, "objectLabel": {"xml:lang": "en", "type": "literal", "value": "Stans"}, "predicateLabel": {"xml:lang": "en", "type": "literal", "value": "capital"}}, {"subjectLabel": {"xml:lang": "en", "type": "literal", "value": "Nidwalden"}, "object": {"type": "uri", "value": "http://www.wikidata.org/entity/Q64351"}, "objectLabel": {"xml:lang": "en", "type": "literal", "value": "Wolfenschiessen"}, "predicateLabel": {"xml:lang": "en", "type": "literal", "value": "contains the administrative territorial entity"}}, {"subjectLabel": {"xml:lang": "en", "type": "literal", "value": "Nidwalden"}, "object": {"type": "uri", "value": "http://www.wikidata.org/entity/Q64310"}, "objectLabel": {"xml:lang": "en", "type": "literal", "value": "Ennetb\u00fcrgen"}, "predicateLabel": {"xml:lang": "en", "type": "literal", "value": "contains the administrative territorial entity"}}, {"subjectLabel": {"xml:lang": "en", "type": "literal", "value": "Nidwalden"}, "object": {"type": "uri", "value": "http://www.wikidata.org/entity/Q64285"}, "objectLabel": {"xml:lang": "en", "type": "literal", "value": "Stansstad"}, "predicateLabel": {"xml:lang": "en", "type": "literal", "value": "contains the administrative territorial entity"}}, {"subjectLabel": {"xml:lang": "en", "type": "literal", "value": "Nidwalden"}, "object": {"type": "uri", "value": "http://www.wikidata.org/entity/Q14847944"}, "objectLabel": {"xml:lang": "en", "type": "literal", "value": "Staatsarchiv Nidwalden"}, "predicateLabel": {"xml:lang": "en", "type": "literal", "value": "archives at"}}, {"subjectLabel": {"xml:lang": "en", "type": "literal", "value": "Nidwalden"}, "object": {"type": "uri", "value": "http://www.wikidata.org/entity/Q18289818"}, "objectLabel": {"xml:lang": "en", "type": "literal", "value": "Category:Births in the canton of Nidwalden"}, "predicateLabel": {"xml:lang": "en", "type": "literal", "value": "category for people born here"}}, {"subjectLabel": {"xml:lang": "en", "type": "literal", "value": "Nidwalden"}, "object": {"type": "uri", "value": "http://www.wikidata.org/entity/Q20012380"}, "objectLabel": {"xml:lang": "en", "type": "literal", "value": "list of protected areas in the Canton of Nidwalden"}, "predicateLabel": {"xml:lang": "en", "type": "literal", "value": "has list"}}, {"subjectLabel": {"xml:lang": "en", "type": "literal", "value": "Nidwalden"}, "object": {"type": "uri", "value": "http://www.wikidata.org/entity/Q16248747"}, "objectLabel": {"xml:lang": "en", "type": "literal", "value": "list of mountains of Nidwalden"}, "predicateLabel": {"xml:lang": "en", "type": "literal", "value": "has list"}}, {"subjectLabel": {"xml:lang": "en", "type": "literal", "value": "Nidwalden"}, "object": {"type": "uri", "value": "http://www.wikidata.org/entity/Q16656101"}, "objectLabel": {"xml:lang": "en", "type": "literal", "value": "list of railway stations in the Canton of Nidwalden"}, "predicateLabel": {"xml:lang": "en", "type": "literal", "value": "has list"}}, {"subjectLabel": {"xml:lang": "en", "type": "literal", "value": "Nidwalden"}, "object": {"type": "uri", "value": "http://www.wikidata.org/entity/Q21031375"}, "objectLabel": {"xml:lang": "en", "type": "literal", "value": "list of lakes in the Canton of Nidwalden"}, "predicateLabel": {"xml:lang": "en", "type": "literal", "value": "has list"}}, {"subjectLabel": {"xml:lang": "en", "type": "literal", "value": "Nidwalden"}, "object": {"type": "uri", "value": "http://www.wikidata.org/entity/Q64599"}, "objectLabel": {"xml:lang": "en", "type": "literal", "value": "Ennetmoos"}, "predicateLabel": {"xml:lang": "en", "type": "literal", "value": "contains the administrative territorial entity"}}, {"subjectLabel": {"xml:lang": "en", "type": "literal", "value": "Nidwalden"}, "object": {"type": "uri", "value": "http://www.wikidata.org/entity/Q67154"}, "objectLabel": {"xml:lang": "en", "type": "literal", "value": "Oberdorf"}, "predicateLabel": {"xml:lang": "en", "type": "literal", "value": "contains the administrative territorial entity"}}, {"subjectLabel": {"xml:lang": "en", "type": "literal", "value": "Nidwalden"}, "object": {"type": "uri", "value": "http://www.wikidata.org/entity/Q23047443"}, "objectLabel": {"xml:lang": "en", "type": "literal", "value": "Category:Deaths in the canton of Nidwalden"}, "predicateLabel": {"xml:lang": "en", "type": "literal", "value": "category for people who died here"}}, {"subjectLabel": {"xml:lang": "en", "type": "literal", "value": "Nidwalden"}, "object": {"type": "uri", "value": "http://www.wikidata.org/entity/Q9072461"}, "objectLabel": {"xml:lang": "en", "type": "literal", "value": "Category:People from Nidwalden"}, "predicateLabel": {"xml:lang": "en", "type": "literal", "value": "category of associated people"}}, {"subjectLabel": {"xml:lang": "en", "type": "literal", "value": "Nidwalden"}, "object": {"type": "uri", "value": "http://www.wikidata.org/entity/Q109932668"}, "objectLabel": {"xml:lang": "en", "type": "literal", "value": "list of amphibian spawning areas of national importance in the Canton of Nidwalden"}, "predicateLabel": {"xml:lang": "en", "type": "literal", "value": "has list"}}, {"subjectLabel": {"xml:lang": "en", "type": "literal", "value": "Nidwalden"}, "object": {"type": "uri", "value": "http://www.wikidata.org/entity/Q56128479"}, "objectLabel": {"xml:lang": "en", "type": "literal", "value": "list of members of the Federal Assembly from the Canton of Nidwalden"}, "predicateLabel": {"xml:lang": "en", "type": "literal", "value": "has list"}}, {"subjectLabel": {"xml:lang": "en", "type": "literal", "value": "Nidwalden"}, "object": {"type": "uri", "value": "http://www.wikidata.org/entity/Q117137784"}, "objectLabel": {"xml:lang": "en", "type": "literal", "value": "list of members of the government of Nidwalden"}, "predicateLabel": {"xml:lang": "en", "type": "literal", "value": "has list"}}, {"subjectLabel": {"xml:lang": "en", "type": "literal", "value": "Nidwalden"}, "object": {"type": "uri", "value": "http://www.wikidata.org/entity/Q11911"}, "objectLabel": {"xml:lang": "en", "type": "literal", "value": "Bern"}, "predicateLabel": {"xml:lang": "en", "type": "literal", "value": "shares border with"}}, {"subjectLabel": {"xml:lang": "en", "type": "literal", "value": "Nidwalden"}, "object": {"type": "uri", "value": "http://www.wikidata.org/entity/Q7724825"}, "objectLabel": {"xml:lang": "en", "type": "literal", "value": "Category:Nidwalden"}, "predicateLabel": {"xml:lang": "en", "type": "literal", "value": "topic's main category"}}, {"subjectLabel": {"xml:lang": "en", "type": "literal", "value": "Nidwalden"}, "object": {"type": "uri", "value": "http://www.wikidata.org/entity/Q30978"}, "objectLabel": {"xml:lang": "en", "type": "literal", "value": "Central Switzerland"}, "predicateLabel": {"xml:lang": "en", "type": "literal", "value": "part of"}}, {"subjectLabel": {"xml:lang": "en", "type": "literal", "value": "Nidwalden"}, "object": {"type": "uri", "value": "http://www.wikidata.org/entity/Q1845523"}, "objectLabel": {"xml:lang": "en", "type": "literal", "value": "list of cultural properties in Nidwalden"}, "predicateLabel": {"xml:lang": "en", "type": "literal", "value": "list of monuments"}}, {"subjectLabel": {"xml:lang": "en", "type": "literal", "value": "Nidwalden"}, "object": {"type": "uri", "value": "http://www.wikidata.org/entity/Q681769"}, "objectLabel": {"xml:lang": "en", "type": "literal", "value": "list of cultural property of national significance in Switzerland: Nidwalden"}, "predicateLabel": {"xml:lang": "en", "type": "literal", "value": "list of monuments"}}, {"subjectLabel": {"xml:lang": "en", "type": "literal", "value": "Nidwalden"}, "object": {"type": "uri", "value": "http://www.wikidata.org/entity/Q12121"}, "objectLabel": {"xml:lang": "en", "type": "literal", "value": "Lucerne"}, "predicateLabel": {"xml:lang": "en", "type": "literal", "value": "shares border with"}}, {"subjectLabel": {"xml:lang": "en", "type": "literal", "value": "Nidwalden"}, "object": {"type": "uri", "value": "http://www.wikidata.org/entity/Q676564"}, "objectLabel": {"xml:lang": "en", "type": "literal", "value": "municipalities of Nidwalden"}, "predicateLabel": {"xml:lang": "en", "type": "literal", "value": "has list"}}, {"subjectLabel": {"xml:lang": "en", "type": "literal", "value": "Nidwalden"}, "object": {"type": "uri", "value": "http://www.wikidata.org/entity/Q12404"}, "objectLabel": {"xml:lang": "en", "type": "literal", "value": "Uri"}, "predicateLabel": {"xml:lang": "en", "type": "literal", "value": "shares border with"}}, {"subjectLabel": {"xml:lang": "en", "type": "literal", "value": "Nidwalden"}, "object": {"type": "uri", "value": "http://www.wikidata.org/entity/Q12433"}, "objectLabel": {"xml:lang": "en", "type": "literal", "value": "Schwyz"}, "predicateLabel": {"xml:lang": "en", "type": "literal", "value": "shares border with"}}], "Q25648814": [{"subjectLabel": {"xml:lang": "en", "type": "literal", "value": "144"}, "object": {"type": "uri", "value": "http://www.wikidata.org/entity/Q39"}, "objectLabel": {"xml:lang": "en", "type": "literal", "value": "Switzerland"}, "predicateLabel": {"xml:lang": "en", "type": "literal", "value": "country"}}, {"subjectLabel": {"xml:lang": "en", "type": "literal", "value": "144"}, "object": {"type": "uri", "value": "http://www.wikidata.org/entity/Q40"}, "objectLabel": {"xml:lang": "en", "type": "literal", "value": "Austria"}, "predicateLabel": {"xml:lang": "en", "type": "literal", "value": "country"}}, {"subjectLabel": {"xml:lang": "en", "type": "literal", "value": "144"}, "object": {"type": "uri", "value": "http://www.wikidata.org/entity/Q347"}, "objectLabel": {"xml:lang": "en", "type": "literal", "value": "Liechtenstein"}, "predicateLabel": {"xml:lang": "en", "type": "literal", "value": "country"}}, {"subjectLabel": {"xml:lang": "en", "type": "literal", "value": "144"}, "object": {"type": "uri", "value": "http://www.wikidata.org/entity/Q694554"}, "objectLabel": {"xml:lang": "en", "type": "literal", "value": "emergency telephone number"}, "predicateLabel": {"xml:lang": "en", "type": "literal", "value": "instance of"}}], "Q12738": [{"subjectLabel": {"xml:lang": "en", "type": "literal", "value": "Neuch\u00e2tel"}, "object": {"type": "uri", "value": "http://www.wikidata.org/entity/Q150"}, "objectLabel": {"xml:lang": "en", "type": "literal", "value": "French"}, "predicateLabel": {"xml:lang": "en", "type": "literal", "value": "language used"}}, {"subjectLabel": {"xml:lang": "en", "type": "literal", "value": "Neuch\u00e2tel"}, "object": {"type": "uri", "value": "http://www.wikidata.org/entity/Q39"}, "objectLabel": {"xml:lang": "en", "type": "literal", "value": "Switzerland"}, "predicateLabel": {"xml:lang": "en", "type": "literal", "value": "country"}}, {"subjectLabel": {"xml:lang": "en", "type": "literal", "value": "Neuch\u00e2tel"}, "object": {"type": "uri", "value": "http://www.wikidata.org/entity/Q602358"}, "objectLabel": {"xml:lang": "en", "type": "literal", "value": "Brockhaus and Efron Encyclopedic Dictionary"}, "predicateLabel": {"xml:lang": "en", "type": "literal", "value": "described by source"}}, {"subjectLabel": {"xml:lang": "en", "type": "literal", "value": "Neuch\u00e2tel"}, "object": {"type": "uri", "value": "http://www.wikidata.org/entity/Q39"}, "objectLabel": {"xml:lang": "en", "type": "literal", "value": "Switzerland"}, "predicateLabel": {"xml:lang": "en", "type": "literal", "value": "located in the administrative territorial entity"}}, {"subjectLabel": {"xml:lang": "en", "type": "literal", "value": "Neuch\u00e2tel"}, "object": {"type": "uri", "value": "http://www.wikidata.org/entity/Q867541"}, "objectLabel": {"xml:lang": "en", "type": "literal", "value": "Encyclop\u00e6dia Britannica 11th edition"}, "predicateLabel": {"xml:lang": "en", "type": "literal", "value": "described by source"}}, {"subjectLabel": {"xml:lang": "en", "type": "literal", "value": "Neuch\u00e2tel"}, "object": {"type": "uri", "value": "http://www.wikidata.org/entity/Q46"}, "objectLabel": {"xml:lang": "en", "type": "literal", "value": "Europe"}, "predicateLabel": {"xml:lang": "en", "type": "literal", "value": "continent"}}, {"subjectLabel": {"xml:lang": "en", "type": "literal", "value": "Neuch\u00e2tel"}, "object": {"type": "uri", "value": "http://www.wikidata.org/entity/Q14429"}, "objectLabel": {"xml:lang": "en", "type": "literal", "value": "Lake Biel"}, "predicateLabel": {"xml:lang": "en", "type": "literal", "value": "lowest point"}}, {"subjectLabel": {"xml:lang": "en", "type": "literal", "value": "Neuch\u00e2tel"}, "object": {"type": "uri", "value": "http://www.wikidata.org/entity/Q1845525"}, "objectLabel": {"xml:lang": "en", "type": "literal", "value": "list of cultural properties in the Canton of Neuch\u00e2tel"}, "predicateLabel": {"xml:lang": "en", "type": "literal", "value": "list of monuments"}}, {"subjectLabel": {"xml:lang": "en", "type": "literal", "value": "Neuch\u00e2tel"}, "object": {"type": "uri", "value": "http://www.wikidata.org/entity/Q477241"}, "objectLabel": {"xml:lang": "en", "type": "literal", "value": "list of cultural property of national significance in Switzerland: Neuch\u00e2tel"}, "predicateLabel": {"xml:lang": "en", "type": "literal", "value": "list of monuments"}}, {"subjectLabel": {"xml:lang": "en", "type": "literal", "value": "Neuch\u00e2tel"}, "object": {"type": "uri", "value": "http://www.wikidata.org/entity/Q3361"}, "objectLabel": {"xml:lang": "en", "type": "literal", "value": "Doubs"}, "predicateLabel": {"xml:lang": "en", "type": "literal", "value": "shares border with"}}, {"subjectLabel": {"xml:lang": "en", "type": "literal", "value": "Neuch\u00e2tel"}, "object": {"type": "uri", "value": "http://www.wikidata.org/entity/Q1808131"}, "objectLabel": {"xml:lang": "en", "type": "literal", "value": "list of members of the government of the Canton of Neuch\u00e2tel"}, "predicateLabel": {"xml:lang": "en", "type": "literal", "value": "has list"}}, {"subjectLabel": {"xml:lang": "en", "type": "literal", "value": "Neuch\u00e2tel"}, "object": {"type": "uri", "value": "http://www.wikidata.org/entity/Q689072"}, "objectLabel": {"xml:lang": "en", "type": "literal", "value": "list of municipalities of the canton of Neuch\u00e2tel"}, "predicateLabel": {"xml:lang": "en", "type": "literal", "value": "has list"}}, {"subjectLabel": {"xml:lang": "en", "type": "literal", "value": "Neuch\u00e2tel"}, "object": {"type": "uri", "value": "http://www.wikidata.org/entity/Q150"}, "objectLabel": {"xml:lang": "en", "type": "literal", "value": "French"}, "predicateLabel": {"xml:lang": "en", "type": "literal", "value": "official language"}}, {"subjectLabel": {"xml:lang": "en", "type": "literal", "value": "Neuch\u00e2tel"}, "object": {"type": "uri", "value": "http://www.wikidata.org/entity/Q5087424"}, "objectLabel": {"xml:lang": "en", "type": "literal", "value": "Chasseral Ouest"}, "predicateLabel": {"xml:lang": "en", "type": "literal", "value": "highest point"}}, {"subjectLabel": {"xml:lang": "en", "type": "literal", "value": "Neuch\u00e2tel"}, "object": {"type": "uri", "value": "http://www.wikidata.org/entity/Q6723"}, "objectLabel": {"xml:lang": "en", "type": "literal", "value": "UTC+02:00"}, "predicateLabel": {"xml:lang": "en", "type": "literal", "value": "located in time zone"}}, {"subjectLabel": {"xml:lang": "en", "type": "literal", "value": "Neuch\u00e2tel"}, "object": {"type": "uri", "value": "http://www.wikidata.org/entity/Q6655"}, "objectLabel": {"xml:lang": "en", "type": "literal", "value": "UTC+01:00"}, "predicateLabel": {"xml:lang": "en", "type": "literal", "value": "located in time zone"}}, {"subjectLabel": {"xml:lang": "en", "type": "literal", "value": "Neuch\u00e2tel"}, "object": {"type": "uri", "value": "http://www.wikidata.org/entity/Q11911"}, "objectLabel": {"xml:lang": "en", "type": "literal", "value": "Bern"}, "predicateLabel": {"xml:lang": "en", "type": "literal", "value": "shares border with"}}, {"subjectLabel": {"xml:lang": "en", "type": "literal", "value": "Neuch\u00e2tel"}, "object": {"type": "uri", "value": "http://www.wikidata.org/entity/Q7724795"}, "objectLabel": {"xml:lang": "en", "type": "literal", "value": "Category:Canton of Neuch\u00e2tel"}, "predicateLabel": {"xml:lang": "en", "type": "literal", "value": "topic's main category"}}, {"subjectLabel": {"xml:lang": "en", "type": "literal", "value": "Neuch\u00e2tel"}, "object": {"type": "uri", "value": "http://www.wikidata.org/entity/Q20012379"}, "objectLabel": {"xml:lang": "en", "type": "literal", "value": "list of protected areas in the Canton of Neuch\u00e2tel"}, "predicateLabel": {"xml:lang": "en", "type": "literal", "value": "has list"}}, {"subjectLabel": {"xml:lang": "en", "type": "literal", "value": "Neuch\u00e2tel"}, "object": {"type": "uri", "value": "http://www.wikidata.org/entity/Q109852157"}, "objectLabel": {"xml:lang": "en", "type": "literal", "value": "list of amphibian spawning areas of national importance in the Canton of Neuch\u00e2tel"}, "predicateLabel": {"xml:lang": "en", "type": "literal", "value": "has list"}}, {"subjectLabel": {"xml:lang": "en", "type": "literal", "value": "Neuch\u00e2tel"}, "object": {"type": "uri", "value": "http://www.wikidata.org/entity/Q56290022"}, "objectLabel": {"xml:lang": "en", "type": "literal", "value": "list of members of the Federal Assembly from the Canton of Neuch\u00e2tel"}, "predicateLabel": {"xml:lang": "en", "type": "literal", "value": "has list"}}, {"subjectLabel": {"xml:lang": "en", "type": "literal", "value": "Neuch\u00e2tel"}, "object": {"type": "uri", "value": "http://www.wikidata.org/entity/Q21031331"}, "objectLabel": {"xml:lang": "en", "type": "literal", "value": "list of lakes in the Canton of Neuch\u00e2tel"}, "predicateLabel": {"xml:lang": "en", "type": "literal", "value": "has list"}}, {"subjectLabel": {"xml:lang": "en", "type": "literal", "value": "Neuch\u00e2tel"}, "object": {"type": "uri", "value": "http://www.wikidata.org/entity/Q12640"}, "objectLabel": {"xml:lang": "en", "type": "literal", "value": "Canton of Fribourg"}, "predicateLabel": {"xml:lang": "en", "type": "literal", "value": "shares border with"}}, {"subjectLabel": {"xml:lang": "en", "type": "literal", "value": "Neuch\u00e2tel"}, "object": {"type": "uri", "value": "http://www.wikidata.org/entity/Q15628601"}, "objectLabel": {"xml:lang": "en", "type": "literal", "value": "Portal:Neuch\u00e2tel"}, "predicateLabel": {"xml:lang": "en", "type": "literal", "value": "topic's main Wikimedia portal"}}, {"subjectLabel": {"xml:lang": "en", "type": "literal", "value": "Neuch\u00e2tel"}, "object": {"type": "uri", "value": "http://www.wikidata.org/entity/Q69345"}, "objectLabel": {"xml:lang": "en", "type": "literal", "value": "Neuch\u00e2tel"}, "predicateLabel": {"xml:lang": "en", "type": "literal", "value": "capital"}}, {"subjectLabel": {"xml:lang": "en", "type": "literal", "value": "Neuch\u00e2tel"}, "object": {"type": "uri", "value": "http://www.wikidata.org/entity/Q19180675"}, "objectLabel": {"xml:lang": "en", "type": "literal", "value": "Small Brockhaus and Efron Encyclopedic Dictionary"}, "predicateLabel": {"xml:lang": "en", "type": "literal", "value": "described by source"}}, {"subjectLabel": {"xml:lang": "en", "type": "literal", "value": "Neuch\u00e2tel"}, "object": {"type": "uri", "value": "http://www.wikidata.org/entity/Q9221390"}, "objectLabel": {"xml:lang": "en", "type": "literal", "value": "Category:Deaths in the canton of Neuch\u00e2tel"}, "predicateLabel": {"xml:lang": "en", "type": "literal", "value": "category for people who died here"}}, {"subjectLabel": {"xml:lang": "en", "type": "literal", "value": "Neuch\u00e2tel"}, "object": {"type": "uri", "value": "http://www.wikidata.org/entity/Q3181656"}, "objectLabel": {"xml:lang": "en", "type": "literal", "value": "The Nuttall Encyclop\u00e6dia"}, "predicateLabel": {"xml:lang": "en", "type": "literal", "value": "described by source"}}, {"subjectLabel": {"xml:lang": "en", "type": "literal", "value": "Neuch\u00e2tel"}, "object": {"type": "uri", "value": "http://www.wikidata.org/entity/Q16656099"}, "objectLabel": {"xml:lang": "en", "type": "literal", "value": "list of railway stations in the Canton of Neuch\u00e2tel"}, "predicateLabel": {"xml:lang": "en", "type": "literal", "value": "has list"}}, {"subjectLabel": {"xml:lang": "en", "type": "literal", "value": "Neuch\u00e2tel"}, "object": {"type": "uri", "value": "http://www.wikidata.org/entity/Q17374180"}, "objectLabel": {"xml:lang": "en", "type": "literal", "value": "Category:Births in the canton of Neuch\u00e2tel"}, "predicateLabel": {"xml:lang": "en", "type": "literal", "value": "category for people born here"}}, {"subjectLabel": {"xml:lang": "en", "type": "literal", "value": "Neuch\u00e2tel"}, "object": {"type": "uri", "value": "http://www.wikidata.org/entity/Q661152"}, "objectLabel": {"xml:lang": "en", "type": "literal", "value": "La Chaux-de-Fonds District"}, "predicateLabel": {"xml:lang": "en", "type": "literal", "value": "contains the administrative territorial entity"}}, {"subjectLabel": {"xml:lang": "en", "type": "literal", "value": "Neuch\u00e2tel"}, "object": {"type": "uri", "value": "http://www.wikidata.org/entity/Q661256"}, "objectLabel": {"xml:lang": "en", "type": "literal", "value": "Val-de-Ruz District"}, "predicateLabel": {"xml:lang": "en", "type": "literal", "value": "contains the administrative territorial entity"}}, {"subjectLabel": {"xml:lang": "en", "type": "literal", "value": "Neuch\u00e2tel"}, "object": {"type": "uri", "value": "http://www.wikidata.org/entity/Q661133"}, "objectLabel": {"xml:lang": "en", "type": "literal", "value": "Boudry District"}, "predicateLabel": {"xml:lang": "en", "type": "literal", "value": "contains the administrative territorial entity"}}, {"subjectLabel": {"xml:lang": "en", "type": "literal", "value": "Neuch\u00e2tel"}, "object": {"type": "uri", "value": "http://www.wikidata.org/entity/Q12771"}, "objectLabel": {"xml:lang": "en", "type": "literal", "value": "canton Vaud"}, "predicateLabel": {"xml:lang": "en", "type": "literal", "value": "shares border with"}}, {"subjectLabel": {"xml:lang": "en", "type": "literal", "value": "Neuch\u00e2tel"}, "object": {"type": "uri", "value": "http://www.wikidata.org/entity/Q16394"}, "objectLabel": {"xml:lang": "en", "type": "literal", "value": "Franche-Comt\u00e9"}, "predicateLabel": {"xml:lang": "en", "type": "literal", "value": "shares border with"}}, {"subjectLabel": {"xml:lang": "en", "type": "literal", "value": "Neuch\u00e2tel"}, "object": {"type": "uri", "value": "http://www.wikidata.org/entity/Q30983"}, "objectLabel": {"xml:lang": "en", "type": "literal", "value": "Espace Mittelland"}, "predicateLabel": {"xml:lang": "en", "type": "literal", "value": "part of"}}, {"subjectLabel": {"xml:lang": "en", "type": "literal", "value": "Neuch\u00e2tel"}, "object": {"type": "uri", "value": "http://www.wikidata.org/entity/Q648339"}, "objectLabel": {"xml:lang": "en", "type": "literal", "value": "Val-de-Travers District"}, "predicateLabel": {"xml:lang": "en", "type": "literal", "value": "contains the administrative territorial entity"}}, {"subjectLabel": {"xml:lang": "en", "type": "literal", "value": "Neuch\u00e2tel"}, "object": {"type": "uri", "value": "http://www.wikidata.org/entity/Q511990"}, "objectLabel": {"xml:lang": "en", "type": "literal", "value": "Neuch\u00e2tel District"}, "predicateLabel": {"xml:lang": "en", "type": "literal", "value": "contains the administrative territorial entity"}}, {"subjectLabel": {"xml:lang": "en", "type": "literal", "value": "Neuch\u00e2tel"}, "object": {"type": "uri", "value": "http://www.wikidata.org/entity/Q17162892"}, "objectLabel": {"xml:lang": "en", "type": "literal", "value": "Category:Films shot in the canton of Neuch\u00e2tel"}, "predicateLabel": {"xml:lang": "en", "type": "literal", "value": "category for films shot at this location"}}, {"subjectLabel": {"xml:lang": "en", "type": "literal", "value": "Neuch\u00e2tel"}, "object": {"type": "uri", "value": "http://www.wikidata.org/entity/Q9072459"}, "objectLabel": {"xml:lang": "en", "type": "literal", "value": "Category:People from the canton of Neuch\u00e2tel"}, "predicateLabel": {"xml:lang": "en", "type": "literal", "value": "category of associated people"}}, {"subjectLabel": {"xml:lang": "en", "type": "literal", "value": "Neuch\u00e2tel"}, "object": {"type": "uri", "value": "http://www.wikidata.org/entity/Q23058"}, "objectLabel": {"xml:lang": "en", "type": "literal", "value": "canton of Switzerland"}, "predicateLabel": {"xml:lang": "en", "type": "literal", "value": "instance of"}}, {"subjectLabel": {"xml:lang": "en", "type": "literal", "value": "Neuch\u00e2tel"}, "object": {"type": "uri", "value": "http://www.wikidata.org/entity/Q12755"}, "objectLabel": {"xml:lang": "en", "type": "literal", "value": "Jura"}, "predicateLabel": {"xml:lang": "en", "type": "literal", "value": "shares border with"}}, {"subjectLabel": {"xml:lang": "en", "type": "literal", "value": "Neuch\u00e2tel"}, "object": {"type": "uri", "value": "http://www.wikidata.org/entity/Q138960"}, "objectLabel": {"xml:lang": "en", "type": "literal", "value": "Le Locle District"}, "predicateLabel": {"xml:lang": "en", "type": "literal", "value": "contains the administrative territorial entity"}}, {"subjectLabel": {"xml:lang": "en", "type": "literal", "value": "Neuch\u00e2tel"}, "object": {"type": "uri", "value": "http://www.wikidata.org/entity/Q2529663"}, "objectLabel": {"xml:lang": "en", "type": "literal", "value": "Grand Council of Neuch\u00e2tel"}, "predicateLabel": {"xml:lang": "en", "type": "literal", "value": "legislative body"}}, {"subjectLabel": {"xml:lang": "en", "type": "literal", "value": "Neuch\u00e2tel"}, "object": {"type": "uri", "value": "http://www.wikidata.org/entity/Q214086"}, "objectLabel": {"xml:lang": "en", "type": "literal", "value": "Romandy"}, "predicateLabel": {"xml:lang": "en", "type": "literal", "value": "part of"}}, {"subjectLabel": {"xml:lang": "en", "type": "literal", "value": "Neuch\u00e2tel"}, "object": {"type": "uri", "value": "http://www.wikidata.org/entity/Q12953483"}, "objectLabel": {"xml:lang": "en", "type": "literal", "value": "Swiss-French Sign Language"}, "predicateLabel": {"xml:lang": "en", "type": "literal", "value": "language used"}}, {"subjectLabel": {"xml:lang": "en", "type": "literal", "value": "Neuch\u00e2tel"}, "object": {"type": "uri", "value": "http://www.wikidata.org/entity/Q2860433"}, "objectLabel": {"xml:lang": "en", "type": "literal", "value": "Archives de l'\u00c9tat de Neuch\u00e2tel"}, "predicateLabel": {"xml:lang": "en", "type": "literal", "value": "archives at"}}, {"subjectLabel": {"xml:lang": "en", "type": "literal", "value": "Neuch\u00e2tel"}, "object": {"type": "uri", "value": "http://www.wikidata.org/entity/Q106341338"}, "objectLabel": {"xml:lang": "en", "type": "literal", "value": "Category:Views of the canton of Neuch\u00e2tel"}, "predicateLabel": {"xml:lang": "en", "type": "literal", "value": "category for the view of the item"}}], "Q689645": [{"subjectLabel": {"xml:lang": "en", "type": "literal", "value": "Culture of Switzerland"}, "object": {"type": "uri", "value": "http://www.wikidata.org/entity/Q39"}, "objectLabel": {"xml:lang": "en", "type": "literal", "value": "Switzerland"}, "predicateLabel": {"xml:lang": "en", "type": "literal", "value": "country"}}, {"subjectLabel": {"xml:lang": "en", "type": "literal", "value": "Culture of Switzerland"}, "object": {"type": "uri", "value": "http://www.wikidata.org/entity/Q19958368"}, "objectLabel": {"xml:lang": "en", "type": "literal", "value": "culture of an area"}, "predicateLabel": {"xml:lang": "en", "type": "literal", "value": "instance of"}}, {"subjectLabel": {"xml:lang": "en", "type": "literal", "value": "Culture of Switzerland"}, "object": {"type": "uri", "value": "http://www.wikidata.org/entity/Q39"}, "objectLabel": {"xml:lang": "en", "type": "literal", "value": "Switzerland"}, "predicateLabel": {"xml:lang": "en", "type": "literal", "value": "facet of"}}, {"subjectLabel": {"xml:lang": "en", "type": "literal", "value": "Culture of Switzerland"}, "object": {"type": "uri", "value": "http://www.wikidata.org/entity/Q1377906"}, "objectLabel": {"xml:lang": "en", "type": "literal", "value": "culture of Europe"}, "predicateLabel": {"xml:lang": "en", "type": "literal", "value": "part of"}}, {"subjectLabel": {"xml:lang": "en", "type": "literal", "value": "Culture of Switzerland"}, "object": {"type": "uri", "value": "http://www.wikidata.org/entity/Q13152690"}, "objectLabel": {"xml:lang": "en", "type": "literal", "value": "culture of the Earth"}, "predicateLabel": {"xml:lang": "en", "type": "literal", "value": "subclass of"}}, {"subjectLabel": {"xml:lang": "en", "type": "literal", "value": "Culture of Switzerland"}, "object": {"type": "uri", "value": "http://www.wikidata.org/entity/Q7291806"}, "objectLabel": {"xml:lang": "en", "type": "literal", "value": "Category:Culture of Switzerland"}, "predicateLabel": {"xml:lang": "en", "type": "literal", "value": "topic's main category"}}, {"subjectLabel": {"xml:lang": "en", "type": "literal", "value": "Culture of Switzerland"}, "object": {"type": "uri", "value": "http://www.wikidata.org/entity/Q15628568"}, "objectLabel": {"xml:lang": "en", "type": "literal", "value": "Portal:Switzerland culture"}, "predicateLabel": {"xml:lang": "en", "type": "literal", "value": "topic's main Wikimedia portal"}}], "Q12713": [{"subjectLabel": {"xml:lang": "en", "type": "literal", "value": "Thurgau"}, "object": {"type": "uri", "value": "http://www.wikidata.org/entity/Q39"}, "objectLabel": {"xml:lang": "en", "type": "literal", "value": "Switzerland"}, "predicateLabel": {"xml:lang": "en", "type": "literal", "value": "country"}}, {"subjectLabel": {"xml:lang": "en", "type": "literal", "value": "Thurgau"}, "object": {"type": "uri", "value": "http://www.wikidata.org/entity/Q6723"}, "objectLabel": {"xml:lang": "en", "type": "literal", "value": "UTC+02:00"}, "predicateLabel": {"xml:lang": "en", "type": "literal", "value": "located in time zone"}}, {"subjectLabel": {"xml:lang": "en", "type": "literal", "value": "Thurgau"}, "object": {"type": "uri", "value": "http://www.wikidata.org/entity/Q6655"}, "objectLabel": {"xml:lang": "en", "type": "literal", "value": "UTC+01:00"}, "predicateLabel": {"xml:lang": "en", "type": "literal", "value": "located in time zone"}}, {"subjectLabel": {"xml:lang": "en", "type": "literal", "value": "Thurgau"}, "object": {"type": "uri", "value": "http://www.wikidata.org/entity/Q15234"}, "objectLabel": {"xml:lang": "en", "type": "literal", "value": "Hohgrat"}, "predicateLabel": {"xml:lang": "en", "type": "literal", "value": "highest point"}}, {"subjectLabel": {"xml:lang": "en", "type": "literal", "value": "Thurgau"}, "object": {"type": "uri", "value": "http://www.wikidata.org/entity/Q39"}, "objectLabel": {"xml:lang": "en", "type": "literal", "value": "Switzerland"}, "predicateLabel": {"xml:lang": "en", "type": "literal", "value": "located in the administrative territorial entity"}}, {"subjectLabel": {"xml:lang": "en", "type": "literal", "value": "Thurgau"}, "object": {"type": "uri", "value": "http://www.wikidata.org/entity/Q985"}, "objectLabel": {"xml:lang": "en", "type": "literal", "value": "Baden-W\u00fcrttemberg"}, "predicateLabel": {"xml:lang": "en", "type": "literal", "value": "shares border with"}}, {"subjectLabel": {"xml:lang": "en", "type": "literal", "value": "Thurgau"}, "object": {"type": "uri", "value": "http://www.wikidata.org/entity/Q475646"}, "objectLabel": {"xml:lang": "en", "type": "literal", "value": "International Association for Sports and Leisure Facilities"}, "predicateLabel": {"xml:lang": "en", "type": "literal", "value": "member of"}}, {"subjectLabel": {"xml:lang": "en", "type": "literal", "value": "Thurgau"}, "object": {"type": "uri", "value": "http://www.wikidata.org/entity/Q1667079"}, "objectLabel": {"xml:lang": "en", "type": "literal", "value": "International Lake Constance conference"}, "predicateLabel": {"xml:lang": "en", "type": "literal", "value": "member of"}}, {"subjectLabel": {"xml:lang": "en", "type": "literal", "value": "Thurgau"}, "object": {"type": "uri", "value": "http://www.wikidata.org/entity/Q14339"}, "objectLabel": {"xml:lang": "en", "type": "literal", "value": "Thur"}, "predicateLabel": {"xml:lang": "en", "type": "literal", "value": "lowest point"}}, {"subjectLabel": {"xml:lang": "en", "type": "literal", "value": "Thurgau"}, "object": {"type": "uri", "value": "http://www.wikidata.org/entity/Q1998498"}, "objectLabel": {"xml:lang": "en", "type": "literal", "value": "Northeastern Switzerland"}, "predicateLabel": {"xml:lang": "en", "type": "literal", "value": "part of"}}, {"subjectLabel": {"xml:lang": "en", "type": "literal", "value": "Thurgau"}, "object": {"type": "uri", "value": "http://www.wikidata.org/entity/Q31003"}, "objectLabel": {"xml:lang": "en", "type": "literal", "value": "Eastern Switzerland"}, "predicateLabel": {"xml:lang": "en", "type": "literal", "value": "part of"}}, {"subjectLabel": {"xml:lang": "en", "type": "literal", "value": "Thurgau"}, "object": {"type": "uri", "value": "http://www.wikidata.org/entity/Q546803"}, "objectLabel": {"xml:lang": "en", "type": "literal", "value": "Arbon District"}, "predicateLabel": {"xml:lang": "en", "type": "literal", "value": "contains the administrative territorial entity"}}, {"subjectLabel": {"xml:lang": "en", "type": "literal", "value": "Thurgau"}, "object": {"type": "uri", "value": "http://www.wikidata.org/entity/Q660450"}, "objectLabel": {"xml:lang": "en", "type": "literal", "value": "Kreuzlingen District"}, "predicateLabel": {"xml:lang": "en", "type": "literal", "value": "contains the administrative territorial entity"}}, {"subjectLabel": {"xml:lang": "en", "type": "literal", "value": "Thurgau"}, "object": {"type": "uri", "value": "http://www.wikidata.org/entity/Q660546"}, "objectLabel": {"xml:lang": "en", "type": "literal", "value": "Frauenfeld District"}, "predicateLabel": {"xml:lang": "en", "type": "literal", "value": "contains the administrative territorial entity"}}, {"subjectLabel": {"xml:lang": "en", "type": "literal", "value": "Thurgau"}, "object": {"type": "uri", "value": "http://www.wikidata.org/entity/Q684039"}, "objectLabel": {"xml:lang": "en", "type": "literal", "value": "list of cultural property of national significance in Switzerland: Thurgau"}, "predicateLabel": {"xml:lang": "en", "type": "literal", "value": "list of monuments"}}, {"subjectLabel": {"xml:lang": "en", "type": "literal", "value": "Thurgau"}, "object": {"type": "uri", "value": "http://www.wikidata.org/entity/Q1507069"}, "objectLabel": {"xml:lang": "en", "type": "literal", "value": "list of cultural properties in Thurgau"}, "predicateLabel": {"xml:lang": "en", "type": "literal", "value": "list of monuments"}}, {"subjectLabel": {"xml:lang": "en", "type": "literal", "value": "Thurgau"}, "object": {"type": "uri", "value": "http://www.wikidata.org/entity/Q867541"}, "objectLabel": {"xml:lang": "en", "type": "literal", "value": "Encyclop\u00e6dia Britannica 11th edition"}, "predicateLabel": {"xml:lang": "en", "type": "literal", "value": "described by source"}}, {"subjectLabel": {"xml:lang": "en", "type": "literal", "value": "Thurgau"}, "object": {"type": "uri", "value": "http://www.wikidata.org/entity/Q188"}, "objectLabel": {"xml:lang": "en", "type": "literal", "value": "German"}, "predicateLabel": {"xml:lang": "en", "type": "literal", "value": "official language"}}, {"subjectLabel": {"xml:lang": "en", "type": "literal", "value": "Thurgau"}, "object": {"type": "uri", "value": "http://www.wikidata.org/entity/Q9229484"}, "objectLabel": {"xml:lang": "en", "type": "literal", "value": "Category:Births in the canton of Thurgau"}, "predicateLabel": {"xml:lang": "en", "type": "literal", "value": "category for people born here"}}, {"subjectLabel": {"xml:lang": "en", "type": "literal", "value": "Thurgau"}, "object": {"type": "uri", "value": "http://www.wikidata.org/entity/Q96266499"}, "objectLabel": {"xml:lang": "en", "type": "literal", "value": "Portal:Canton of Thurgau"}, "predicateLabel": {"xml:lang": "en", "type": "literal", "value": "topic's main Wikimedia portal"}}, {"subjectLabel": {"xml:lang": "en", "type": "literal", "value": "Thurgau"}, "object": {"type": "uri", "value": "http://www.wikidata.org/entity/Q11943"}, "objectLabel": {"xml:lang": "en", "type": "literal", "value": "Canton of Z\u00fcrich"}, "predicateLabel": {"xml:lang": "en", "type": "literal", "value": "shares border with"}}, {"subjectLabel": {"xml:lang": "en", "type": "literal", "value": "Thurgau"}, "object": {"type": "uri", "value": "http://www.wikidata.org/entity/Q56290019"}, "objectLabel": {"xml:lang": "en", "type": "literal", "value": "list of members of the Federal Assembly from the Canton of Thurgau"}, "predicateLabel": {"xml:lang": "en", "type": "literal", "value": "has list"}}, {"subjectLabel": {"xml:lang": "en", "type": "literal", "value": "Thurgau"}, "object": {"type": "uri", "value": "http://www.wikidata.org/entity/Q21031515"}, "objectLabel": {"xml:lang": "en", "type": "literal", "value": "list of lakes in the Canton of Thurgau"}, "predicateLabel": {"xml:lang": "en", "type": "literal", "value": "has list"}}, {"subjectLabel": {"xml:lang": "en", "type": "literal", "value": "Thurgau"}, "object": {"type": "uri", "value": "http://www.wikidata.org/entity/Q16656110"}, "objectLabel": {"xml:lang": "en", "type": "literal", "value": "list of railway stations in the Canton of Thurgau"}, "predicateLabel": {"xml:lang": "en", "type": "literal", "value": "has list"}}, {"subjectLabel": {"xml:lang": "en", "type": "literal", "value": "Thurgau"}, "object": {"type": "uri", "value": "http://www.wikidata.org/entity/Q20012389"}, "objectLabel": {"xml:lang": "en", "type": "literal", "value": "list of protected areas in the Canton of Thurgau"}, "predicateLabel": {"xml:lang": "en", "type": "literal", "value": "has list"}}, {"subjectLabel": {"xml:lang": "en", "type": "literal", "value": "Thurgau"}, "object": {"type": "uri", "value": "http://www.wikidata.org/entity/Q17323071"}, "objectLabel": {"xml:lang": "en", "type": "literal", "value": "list of observation towers in the Canton of Thurgau"}, "predicateLabel": {"xml:lang": "en", "type": "literal", "value": "has list"}}, {"subjectLabel": {"xml:lang": "en", "type": "literal", "value": "Thurgau"}, "object": {"type": "uri", "value": "http://www.wikidata.org/entity/Q14848096"}, "objectLabel": {"xml:lang": "en", "type": "literal", "value": "Staatsarchiv des Kantons Thurgau"}, "predicateLabel": {"xml:lang": "en", "type": "literal", "value": "archives at"}}, {"subjectLabel": {"xml:lang": "en", "type": "literal", "value": "Thurgau"}, "object": {"type": "uri", "value": "http://www.wikidata.org/entity/Q12697"}, "objectLabel": {"xml:lang": "en", "type": "literal", "value": "Schaffhausen"}, "predicateLabel": {"xml:lang": "en", "type": "literal", "value": "shares border with"}}, {"subjectLabel": {"xml:lang": "en", "type": "literal", "value": "Thurgau"}, "object": {"type": "uri", "value": "http://www.wikidata.org/entity/Q12746"}, "objectLabel": {"xml:lang": "en", "type": "literal", "value": "canton St. Gallen"}, "predicateLabel": {"xml:lang": "en", "type": "literal", "value": "shares border with"}}, {"subjectLabel": {"xml:lang": "en", "type": "literal", "value": "Thurgau"}, "object": {"type": "uri", "value": "http://www.wikidata.org/entity/Q7725006"}, "objectLabel": {"xml:lang": "en", "type": "literal", "value": "Category:Thurgau"}, "predicateLabel": {"xml:lang": "en", "type": "literal", "value": "topic's main category"}}, {"subjectLabel": {"xml:lang": "en", "type": "literal", "value": "Thurgau"}, "object": {"type": "uri", "value": "http://www.wikidata.org/entity/Q691210"}, "objectLabel": {"xml:lang": "en", "type": "literal", "value": "Municipalities of the canton of Thurgau"}, "predicateLabel": {"xml:lang": "en", "type": "literal", "value": "has list"}}, {"subjectLabel": {"xml:lang": "en", "type": "literal", "value": "Thurgau"}, "object": {"type": "uri", "value": "http://www.wikidata.org/entity/Q14339"}, "objectLabel": {"xml:lang": "en", "type": "literal", "value": "Thur"}, "predicateLabel": {"xml:lang": "en", "type": "literal", "value": "named after"}}, {"subjectLabel": {"xml:lang": "en", "type": "literal", "value": "Thurgau"}, "object": {"type": "uri", "value": "http://www.wikidata.org/entity/Q9221396"}, "objectLabel": {"xml:lang": "en", "type": "literal", "value": "Category:Deaths in Thurgau"}, "predicateLabel": {"xml:lang": "en", "type": "literal", "value": "category for people who died here"}}, {"subjectLabel": {"xml:lang": "en", "type": "literal", "value": "Thurgau"}, "object": {"type": "uri", "value": "http://www.wikidata.org/entity/Q1547525"}, "objectLabel": {"xml:lang": "en", "type": "literal", "value": "Grand Council of Thurgau"}, "predicateLabel": {"xml:lang": "en", "type": "literal", "value": "legislative body"}}, {"subjectLabel": {"xml:lang": "en", "type": "literal", "value": "Thurgau"}, "object": {"type": "uri", "value": "http://www.wikidata.org/entity/Q3181656"}, "objectLabel": {"xml:lang": "en", "type": "literal", "value": "The Nuttall Encyclop\u00e6dia"}, "predicateLabel": {"xml:lang": "en", "type": "literal", "value": "described by source"}}, {"subjectLabel": {"xml:lang": "en", "type": "literal", "value": "Thurgau"}, "object": {"type": "uri", "value": "http://www.wikidata.org/entity/Q182001"}, "objectLabel": {"xml:lang": "en", "type": "literal", "value": "M\u00fcnchwilen District"}, "predicateLabel": {"xml:lang": "en", "type": "literal", "value": "contains the administrative territorial entity"}}, {"subjectLabel": {"xml:lang": "en", "type": "literal", "value": "Thurgau"}, "object": {"type": "uri", "value": "http://www.wikidata.org/entity/Q175071"}, "objectLabel": {"xml:lang": "en", "type": "literal", "value": "Weinfelden District"}, "predicateLabel": {"xml:lang": "en", "type": "literal", "value": "contains the administrative territorial entity"}}, {"subjectLabel": {"xml:lang": "en", "type": "literal", "value": "Thurgau"}, "object": {"type": "uri", "value": "http://www.wikidata.org/entity/Q68120"}, "objectLabel": {"xml:lang": "en", "type": "literal", "value": "Frauenfeld"}, "predicateLabel": {"xml:lang": "en", "type": "literal", "value": "capital"}}, {"subjectLabel": {"xml:lang": "en", "type": "literal", "value": "Thurgau"}, "object": {"type": "uri", "value": "http://www.wikidata.org/entity/Q106685148"}, "objectLabel": {"xml:lang": "en", "type": "literal", "value": "Category:Views of the canton of Thurgau"}, "predicateLabel": {"xml:lang": "en", "type": "literal", "value": "category for the view of the item"}}, {"subjectLabel": {"xml:lang": "en", "type": "literal", "value": "Thurgau"}, "object": {"type": "uri", "value": "http://www.wikidata.org/entity/Q97342379"}, "objectLabel": {"xml:lang": "en", "type": "literal", "value": "Open Government Data Thurgau"}, "predicateLabel": {"xml:lang": "en", "type": "literal", "value": "open data portal"}}, {"subjectLabel": {"xml:lang": "en", "type": "literal", "value": "Thurgau"}, "object": {"type": "uri", "value": "http://www.wikidata.org/entity/Q9072477"}, "objectLabel": {"xml:lang": "en", "type": "literal", "value": "Category:People from Thurgau"}, "predicateLabel": {"xml:lang": "en", "type": "literal", "value": "category of associated people"}}, {"subjectLabel": {"xml:lang": "en", "type": "literal", "value": "Thurgau"}, "object": {"type": "uri", "value": "http://www.wikidata.org/entity/Q23058"}, "objectLabel": {"xml:lang": "en", "type": "literal", "value": "canton of Switzerland"}, "predicateLabel": {"xml:lang": "en", "type": "literal", "value": "instance of"}}], "Q124020": [{"subjectLabel": {"xml:lang": "en", "type": "literal", "value": "flag of Switzerland"}, "object": {"type": "uri", "value": "http://www.wikidata.org/entity/Q20970430"}, "objectLabel": {"xml:lang": "en", "type": "literal", "value": "1:1"}, "predicateLabel": {"xml:lang": "en", "type": "literal", "value": "aspect ratio (W:H)"}}, {"subjectLabel": {"xml:lang": "en", "type": "literal", "value": "flag of Switzerland"}, "object": {"type": "uri", "value": "http://www.wikidata.org/entity/Q39"}, "objectLabel": {"xml:lang": "en", "type": "literal", "value": "Switzerland"}, "predicateLabel": {"xml:lang": "en", "type": "literal", "value": "country of origin"}}, {"subjectLabel": {"xml:lang": "en", "type": "literal", "value": "flag of Switzerland"}, "object": {"type": "uri", "value": "http://www.wikidata.org/entity/Q39"}, "objectLabel": {"xml:lang": "en", "type": "literal", "value": "Switzerland"}, "predicateLabel": {"xml:lang": "en", "type": "literal", "value": "applies to jurisdiction"}}, {"subjectLabel": {"xml:lang": "en", "type": "literal", "value": "flag of Switzerland"}, "object": {"type": "uri", "value": "http://www.wikidata.org/entity/Q164"}, "objectLabel": {"xml:lang": "en", "type": "literal", "value": "square"}, "predicateLabel": {"xml:lang": "en", "type": "literal", "value": "shape"}}, {"subjectLabel": {"xml:lang": "en", "type": "literal", "value": "flag of Switzerland"}, "object": {"type": "uri", "value": "http://www.wikidata.org/entity/Q3142"}, "objectLabel": {"xml:lang": "en", "type": "literal", "value": "red"}, "predicateLabel": {"xml:lang": "en", "type": "literal", "value": "color"}}, {"subjectLabel": {"xml:lang": "en", "type": "literal", "value": "flag of Switzerland"}, "object": {"type": "uri", "value": "http://www.wikidata.org/entity/Q23444"}, "objectLabel": {"xml:lang": "en", "type": "literal", "value": "white"}, "predicateLabel": {"xml:lang": "en", "type": "literal", "value": "color"}}, {"subjectLabel": {"xml:lang": "en", "type": "literal", "value": "flag of Switzerland"}, "object": {"type": "uri", "value": "http://www.wikidata.org/entity/Q186516"}, "objectLabel": {"xml:lang": "en", "type": "literal", "value": "national flag"}, "predicateLabel": {"xml:lang": "en", "type": "literal", "value": "instance of"}}, {"subjectLabel": {"xml:lang": "en", "type": "literal", "value": "flag of Switzerland"}, "object": {"type": "uri", "value": "http://www.wikidata.org/entity/Q372254"}, "objectLabel": {"xml:lang": "en", "type": "literal", "value": "field"}, "predicateLabel": {"xml:lang": "en", "type": "literal", "value": "depicts"}}, {"subjectLabel": {"xml:lang": "en", "type": "literal", "value": "flag of Switzerland"}, "object": {"type": "uri", "value": "http://www.wikidata.org/entity/Q612908"}, "objectLabel": {"xml:lang": "en", "type": "literal", "value": "Greek cross"}, "predicateLabel": {"xml:lang": "en", "type": "literal", "value": "depicts"}}, {"subjectLabel": {"xml:lang": "en", "type": "literal", "value": "flag of Switzerland"}, "object": {"type": "uri", "value": "http://www.wikidata.org/entity/Q97752545"}, "objectLabel": {"xml:lang": "en", "type": "literal", "value": "civil ensign of Switzerland"}, "predicateLabel": {"xml:lang": "en", "type": "literal", "value": "different from"}}], "Q30917": [{"subjectLabel": {"xml:lang": "en", "type": "literal", "value": "Swiss Federal Council"}, "object": {"type": "uri", "value": "http://www.wikidata.org/entity/Q39"}, "objectLabel": {"xml:lang": "en", "type": "literal", "value": "Switzerland"}, "predicateLabel": {"xml:lang": "en", "type": "literal", "value": "country"}}, {"subjectLabel": {"xml:lang": "en", "type": "literal", "value": "Swiss Federal Council"}, "object": {"type": "uri", "value": "http://www.wikidata.org/entity/Q115881"}, "objectLabel": {"xml:lang": "en", "type": "literal", "value": "Karin Keller-Sutter"}, "predicateLabel": {"xml:lang": "en", "type": "literal", "value": "board member"}}, {"subjectLabel": {"xml:lang": "en", "type": "literal", "value": "Swiss Federal Council"}, "object": {"type": "uri", "value": "http://www.wikidata.org/entity/Q119388"}, "objectLabel": {"xml:lang": "en", "type": "literal", "value": "Albert R\u00f6sti"}, "predicateLabel": {"xml:lang": "en", "type": "literal", "value": "board member"}}, {"subjectLabel": {"xml:lang": "en", "type": "literal", "value": "Swiss Federal Council"}, "object": {"type": "uri", "value": "http://www.wikidata.org/entity/Q117254"}, "objectLabel": {"xml:lang": "en", "type": "literal", "value": "Ignazio Cassis"}, "predicateLabel": {"xml:lang": "en", "type": "literal", "value": "board member"}}, {"subjectLabel": {"xml:lang": "en", "type": "literal", "value": "Swiss Federal Council"}, "object": {"type": "uri", "value": "http://www.wikidata.org/entity/Q39"}, "objectLabel": {"xml:lang": "en", "type": "literal", "value": "Switzerland"}, "predicateLabel": {"xml:lang": "en", "type": "literal", "value": "applies to jurisdiction"}}, {"subjectLabel": {"xml:lang": "en", "type": "literal", "value": "Swiss Federal Council"}, "object": {"type": "uri", "value": "http://www.wikidata.org/entity/Q30911"}, "objectLabel": {"xml:lang": "en", "type": "literal", "value": "Federal Palace of Switzerland"}, "predicateLabel": {"xml:lang": "en", "type": "literal", "value": "headquarters location"}}, {"subjectLabel": {"xml:lang": "en", "type": "literal", "value": "Swiss Federal Council"}, "object": {"type": "uri", "value": "http://www.wikidata.org/entity/Q121285"}, "objectLabel": {"xml:lang": "en", "type": "literal", "value": "Elisabeth Baume-Schneider"}, "predicateLabel": {"xml:lang": "en", "type": "literal", "value": "board member"}}, {"subjectLabel": {"xml:lang": "en", "type": "literal", "value": "Swiss Federal Council"}, "object": {"type": "uri", "value": "http://www.wikidata.org/entity/Q121160"}, "objectLabel": {"xml:lang": "en", "type": "literal", "value": "Guy Parmelin"}, "predicateLabel": {"xml:lang": "en", "type": "literal", "value": "board member"}}, {"subjectLabel": {"xml:lang": "en", "type": "literal", "value": "Swiss Federal Council"}, "object": {"type": "uri", "value": "http://www.wikidata.org/entity/Q120917"}, "objectLabel": {"xml:lang": "en", "type": "literal", "value": "Viola Amherd"}, "predicateLabel": {"xml:lang": "en", "type": "literal", "value": "board member"}}, {"subjectLabel": {"xml:lang": "en", "type": "literal", "value": "Swiss Federal Council"}, "object": {"type": "uri", "value": "http://www.wikidata.org/entity/Q1006644"}, "objectLabel": {"xml:lang": "en", "type": "literal", "value": "federal government"}, "predicateLabel": {"xml:lang": "en", "type": "literal", "value": "instance of"}}, {"subjectLabel": {"xml:lang": "en", "type": "literal", "value": "Swiss Federal Council"}, "object": {"type": "uri", "value": "http://www.wikidata.org/entity/Q678661"}, "objectLabel": {"xml:lang": "en", "type": "literal", "value": "Federal Department of Environment, Transport, Energy and Communications"}, "predicateLabel": {"xml:lang": "en", "type": "literal", "value": "has subsidiary"}}, {"subjectLabel": {"xml:lang": "en", "type": "literal", "value": "Swiss Federal Council"}, "object": {"type": "uri", "value": "http://www.wikidata.org/entity/Q688584"}, "objectLabel": {"xml:lang": "en", "type": "literal", "value": "Federal Department of Home Affairs"}, "predicateLabel": {"xml:lang": "en", "type": "literal", "value": "has subsidiary"}}, {"subjectLabel": {"xml:lang": "en", "type": "literal", "value": "Swiss Federal Council"}, "object": {"type": "uri", "value": "http://www.wikidata.org/entity/Q684719"}, "objectLabel": {"xml:lang": "en", "type": "literal", "value": "Federal Assembly of Switzerland"}, "predicateLabel": {"xml:lang": "en", "type": "literal", "value": "appointed by"}}, {"subjectLabel": {"xml:lang": "en", "type": "literal", "value": "Swiss Federal Council"}, "object": {"type": "uri", "value": "http://www.wikidata.org/entity/Q662317"}, "objectLabel": {"xml:lang": "en", "type": "literal", "value": "Federal Department of Finance"}, "predicateLabel": {"xml:lang": "en", "type": "literal", "value": "has subsidiary"}}, {"subjectLabel": {"xml:lang": "en", "type": "literal", "value": "Swiss Federal Council"}, "object": {"type": "uri", "value": "http://www.wikidata.org/entity/Q281001"}, "objectLabel": {"xml:lang": "en", "type": "literal", "value": "Federal Chancellery of Switzerland"}, "predicateLabel": {"xml:lang": "en", "type": "literal", "value": "has subsidiary"}}, {"subjectLabel": {"xml:lang": "en", "type": "literal", "value": "Swiss Federal Council"}, "object": {"type": "uri", "value": "http://www.wikidata.org/entity/Q22950320"}, "objectLabel": {"xml:lang": "en", "type": "literal", "value": "collective head of state"}, "predicateLabel": {"xml:lang": "en", "type": "literal", "value": "instance of"}}, {"subjectLabel": {"xml:lang": "en", "type": "literal", "value": "Swiss Federal Council"}, "object": {"type": "uri", "value": "http://www.wikidata.org/entity/Q667135"}, "objectLabel": {"xml:lang": "en", "type": "literal", "value": "Federal Department of Defence, Civil Protection and Sports"}, "predicateLabel": {"xml:lang": "en", "type": "literal", "value": "has subsidiary"}}, {"subjectLabel": {"xml:lang": "en", "type": "literal", "value": "Swiss Federal Council"}, "object": {"type": "uri", "value": "http://www.wikidata.org/entity/Q675983"}, "objectLabel": {"xml:lang": "en", "type": "literal", "value": "Federal Department of Foreign Affairs"}, "predicateLabel": {"xml:lang": "en", "type": "literal", "value": "has subsidiary"}}, {"subjectLabel": {"xml:lang": "en", "type": "literal", "value": "Swiss Federal Council"}, "object": {"type": "uri", "value": "http://www.wikidata.org/entity/Q662528"}, "objectLabel": {"xml:lang": "en", "type": "literal", "value": "Federal Department of Economic Affairs, Education and Research"}, "predicateLabel": {"xml:lang": "en", "type": "literal", "value": "has subsidiary"}}, {"subjectLabel": {"xml:lang": "en", "type": "literal", "value": "Swiss Federal Council"}, "object": {"type": "uri", "value": "http://www.wikidata.org/entity/Q678586"}, "objectLabel": {"xml:lang": "en", "type": "literal", "value": "Federal Department of Justice and Police"}, "predicateLabel": {"xml:lang": "en", "type": "literal", "value": "has subsidiary"}}, {"subjectLabel": {"xml:lang": "en", "type": "literal", "value": "Swiss Federal Council"}, "object": {"type": "uri", "value": "http://www.wikidata.org/entity/Q867541"}, "objectLabel": {"xml:lang": "en", "type": "literal", "value": "Encyclop\u00e6dia Britannica 11th edition"}, "predicateLabel": {"xml:lang": "en", "type": "literal", "value": "described by source"}}, {"subjectLabel": {"xml:lang": "en", "type": "literal", "value": "Swiss Federal Council"}, "object": {"type": "uri", "value": "http://www.wikidata.org/entity/Q11811941"}, "objectLabel": {"xml:lang": "en", "type": "literal", "value": "Member of the Swiss Federal Council"}, "predicateLabel": {"xml:lang": "en", "type": "literal", "value": "has part(s)"}}, {"subjectLabel": {"xml:lang": "en", "type": "literal", "value": "Swiss Federal Council"}, "object": {"type": "uri", "value": "http://www.wikidata.org/entity/Q8914454"}, "objectLabel": {"xml:lang": "en", "type": "literal", "value": "Category:Federal Council (Switzerland)"}, "predicateLabel": {"xml:lang": "en", "type": "literal", "value": "topic's main category"}}, {"subjectLabel": {"xml:lang": "en", "type": "literal", "value": "Swiss Federal Council"}, "object": {"type": "uri", "value": "http://www.wikidata.org/entity/Q120917"}, "objectLabel": {"xml:lang": "en", "type": "literal", "value": "Viola Amherd"}, "predicateLabel": {"xml:lang": "en", "type": "literal", "value": "chairperson"}}, {"subjectLabel": {"xml:lang": "en", "type": "literal", "value": "Swiss Federal Council"}, "object": {"type": "uri", "value": "http://www.wikidata.org/entity/Q644324"}, "objectLabel": {"xml:lang": "en", "type": "literal", "value": "Swisscom"}, "predicateLabel": {"xml:lang": "en", "type": "literal", "value": "owner of"}}, {"subjectLabel": {"xml:lang": "en", "type": "literal", "value": "Swiss Federal Council"}, "object": {"type": "uri", "value": "http://www.wikidata.org/entity/Q813067"}, "objectLabel": {"xml:lang": "en", "type": "literal", "value": "Beat Jans"}, "predicateLabel": {"xml:lang": "en", "type": "literal", "value": "board member"}}]}