{"Q114717230": [{"subjectLabel": {"xml:lang": "en", "type": "literal", "value": "World Economic Forum Annual Meeting 2014"}, "object": {"type": "uri", "value": "http://www.wikidata.org/entity/Q114716986"}, "objectLabel": {"xml:lang": "en", "type": "literal", "value": "World Economic Forum Annual Meeting"}, "predicateLabel": {"xml:lang": "en", "type": "literal", "value": "instance of"}}, {"subjectLabel": {"xml:lang": "en", "type": "literal", "value": "World Economic Forum Annual Meeting 2014"}, "object": {"type": "uri", "value": "http://www.wikidata.org/entity/Q114717229"}, "objectLabel": {"xml:lang": "en", "type": "literal", "value": "World Economic Forum Annual Meeting 2013"}, "predicateLabel": {"xml:lang": "en", "type": "literal", "value": "follows"}}, {"subjectLabel": {"xml:lang": "en", "type": "literal", "value": "World Economic Forum Annual Meeting 2014"}, "object": {"type": "uri", "value": "http://www.wikidata.org/entity/Q114717231"}, "objectLabel": {"xml:lang": "en", "type": "literal", "value": "World Economic Forum Annual Meeting 2015"}, "predicateLabel": {"xml:lang": "en", "type": "literal", "value": "followed by"}}], "Q114717231": [{"subjectLabel": {"xml:lang": "en", "type": "literal", "value": "World Economic Forum Annual Meeting 2015"}, "object": {"type": "uri", "value": "http://www.wikidata.org/entity/Q114716986"}, "objectLabel": {"xml:lang": "en", "type": "literal", "value": "World Economic Forum Annual Meeting"}, "predicateLabel": {"xml:lang": "en", "type": "literal", "value": "instance of"}}, {"subjectLabel": {"xml:lang": "en", "type": "literal", "value": "World Economic Forum Annual Meeting 2015"}, "object": {"type": "uri", "value": "http://www.wikidata.org/entity/Q114717232"}, "objectLabel": {"xml:lang": "en", "type": "literal", "value": "World Economic Forum Annual Meeting 2016"}, "predicateLabel": {"xml:lang": "en", "type": "literal", "value": "followed by"}}, {"subjectLabel": {"xml:lang": "en", "type": "literal", "value": "World Economic Forum Annual Meeting 2015"}, "object": {"type": "uri", "value": "http://www.wikidata.org/entity/Q16019"}, "objectLabel": {"xml:lang": "en", "type": "literal", "value": "Wolfgang Sch\u00e4uble"}, "predicateLabel": {"xml:lang": "en", "type": "literal", "value": "participant"}}, {"subjectLabel": {"xml:lang": "en", "type": "literal", "value": "World Economic Forum Annual Meeting 2015"}, "object": {"type": "uri", "value": "http://www.wikidata.org/entity/Q114717230"}, "objectLabel": {"xml:lang": "en", "type": "literal", "value": "World Economic Forum Annual Meeting 2014"}, "predicateLabel": {"xml:lang": "en", "type": "literal", "value": "follows"}}], "Q114717229": [{"subjectLabel": {"xml:lang": "en", "type": "literal", "value": "World Economic Forum Annual Meeting 2013"}, "object": {"type": "uri", "value": "http://www.wikidata.org/entity/Q114716986"}, "objectLabel": {"xml:lang": "en", "type": "literal", "value": "World Economic Forum Annual Meeting"}, "predicateLabel": {"xml:lang": "en", "type": "literal", "value": "instance of"}}, {"subjectLabel": {"xml:lang": "en", "type": "literal", "value": "World Economic Forum Annual Meeting 2013"}, "object": {"type": "uri", "value": "http://www.wikidata.org/entity/Q114717230"}, "objectLabel": {"xml:lang": "en", "type": "literal", "value": "World Economic Forum Annual Meeting 2014"}, "predicateLabel": {"xml:lang": "en", "type": "literal", "value": "followed by"}}, {"subjectLabel": {"xml:lang": "en", "type": "literal", "value": "World Economic Forum Annual Meeting 2013"}, "object": {"type": "uri", "value": "http://www.wikidata.org/entity/Q114717228"}, "objectLabel": {"xml:lang": "en", "type": "literal", "value": "World Economic Forum Annual Meeting 2012"}, "predicateLabel": {"xml:lang": "en", "type": "literal", "value": "follows"}}], "Q81162": [{"subjectLabel": {"xml:lang": "en", "type": "literal", "value": "Magdalen College"}, "object": {"type": "uri", "value": "http://www.wikidata.org/entity/Q34433"}, "objectLabel": {"xml:lang": "en", "type": "literal", "value": "University of Oxford"}, "predicateLabel": {"xml:lang": "en", "type": "literal", "value": "part of"}}, {"subjectLabel": {"xml:lang": "en", "type": "literal", "value": "Magdalen College"}, "object": {"type": "uri", "value": "http://www.wikidata.org/entity/Q34433"}, "objectLabel": {"xml:lang": "en", "type": "literal", "value": "University of Oxford"}, "predicateLabel": {"xml:lang": "en", "type": "literal", "value": "parent organization"}}, {"subjectLabel": {"xml:lang": "en", "type": "literal", "value": "Magdalen College"}, "object": {"type": "uri", "value": "http://www.wikidata.org/entity/Q20986484"}, "objectLabel": {"xml:lang": "en", "type": "literal", "value": "Oxford"}, "predicateLabel": {"xml:lang": "en", "type": "literal", "value": "located in the administrative territorial entity"}}, {"subjectLabel": {"xml:lang": "en", "type": "literal", "value": "Magdalen College"}, "object": {"type": "uri", "value": "http://www.wikidata.org/entity/Q145"}, "objectLabel": {"xml:lang": "en", "type": "literal", "value": "United Kingdom"}, "predicateLabel": {"xml:lang": "en", "type": "literal", "value": "country"}}, {"subjectLabel": {"xml:lang": "en", "type": "literal", "value": "Magdalen College"}, "object": {"type": "uri", "value": "http://www.wikidata.org/entity/Q63070"}, "objectLabel": {"xml:lang": "en", "type": "literal", "value": "Mary Magdalene"}, "predicateLabel": {"xml:lang": "en", "type": "literal", "value": "named after"}}, {"subjectLabel": {"xml:lang": "en", "type": "literal", "value": "Magdalen College"}, "object": {"type": "uri", "value": "http://www.wikidata.org/entity/Q34217"}, "objectLabel": {"xml:lang": "en", "type": "literal", "value": "Oxford"}, "predicateLabel": {"xml:lang": "en", "type": "literal", "value": "located in the administrative territorial entity"}}, {"subjectLabel": {"xml:lang": "en", "type": "literal", "value": "Magdalen College"}, "object": {"type": "uri", "value": "http://www.wikidata.org/entity/Q2581649"}, "objectLabel": {"xml:lang": "en", "type": "literal", "value": "college of the University of Oxford"}, "predicateLabel": {"xml:lang": "en", "type": "literal", "value": "instance of"}}, {"subjectLabel": {"xml:lang": "en", "type": "literal", "value": "Magdalen College"}, "object": {"type": "uri", "value": "http://www.wikidata.org/entity/Q26789527"}, "objectLabel": {"xml:lang": "en", "type": "literal", "value": "Grade I listed park and garden"}, "predicateLabel": {"xml:lang": "en", "type": "literal", "value": "heritage designation"}}, {"subjectLabel": {"xml:lang": "en", "type": "literal", "value": "Magdalen College"}, "object": {"type": "uri", "value": "http://www.wikidata.org/entity/Q8237089"}, "objectLabel": {"xml:lang": "en", "type": "literal", "value": "Category:Alumni of Magdalen College, Oxford"}, "predicateLabel": {"xml:lang": "en", "type": "literal", "value": "category for alumni of educational institution"}}, {"subjectLabel": {"xml:lang": "en", "type": "literal", "value": "Magdalen College"}, "object": {"type": "uri", "value": "http://www.wikidata.org/entity/Q8445791"}, "objectLabel": {"xml:lang": "en", "type": "literal", "value": "Category:Fellows of Magdalen College, Oxford"}, "predicateLabel": {"xml:lang": "en", "type": "literal", "value": "category for employees of the organization"}}, {"subjectLabel": {"xml:lang": "en", "type": "literal", "value": "Magdalen College"}, "object": {"type": "uri", "value": "http://www.wikidata.org/entity/Q60282"}, "objectLabel": {"xml:lang": "en", "type": "literal", "value": "High Street"}, "predicateLabel": {"xml:lang": "en", "type": "literal", "value": "located on street"}}, {"subjectLabel": {"xml:lang": "en", "type": "literal", "value": "Magdalen College"}, "object": {"type": "uri", "value": "http://www.wikidata.org/entity/Q8594981"}, "objectLabel": {"xml:lang": "en", "type": "literal", "value": "Category:Magdalen College, Oxford"}, "predicateLabel": {"xml:lang": "en", "type": "literal", "value": "topic's main category"}}, {"subjectLabel": {"xml:lang": "en", "type": "literal", "value": "Magdalen College"}, "object": {"type": "uri", "value": "http://www.wikidata.org/entity/Q67311417"}, "objectLabel": {"xml:lang": "en", "type": "literal", "value": "Oxfordshire"}, "predicateLabel": {"xml:lang": "en", "type": "literal", "value": "historic county"}}, {"subjectLabel": {"xml:lang": "en", "type": "literal", "value": "Magdalen College"}, "object": {"type": "uri", "value": "http://www.wikidata.org/entity/Q2581024"}, "objectLabel": {"xml:lang": "en", "type": "literal", "value": "William Waynflete"}, "predicateLabel": {"xml:lang": "en", "type": "literal", "value": "founded by"}}], "Q201788": [{"subjectLabel": {"xml:lang": "en", "type": "literal", "value": "historian"}, "object": {"type": "uri", "value": "http://www.wikidata.org/entity/Q28640"}, "objectLabel": {"xml:lang": "en", "type": "literal", "value": "profession"}, "predicateLabel": {"xml:lang": "en", "type": "literal", "value": "instance of"}}, {"subjectLabel": {"xml:lang": "en", "type": "literal", "value": "historian"}, "object": {"type": "uri", "value": "http://www.wikidata.org/entity/Q2657718"}, "objectLabel": {"xml:lang": "en", "type": "literal", "value": "Armenian Soviet Encyclopedia"}, "predicateLabel": {"xml:lang": "en", "type": "literal", "value": "described by source"}}, {"subjectLabel": {"xml:lang": "en", "type": "literal", "value": "historian"}, "object": {"type": "uri", "value": "http://www.wikidata.org/entity/Q1066186"}, "objectLabel": {"xml:lang": "en", "type": "literal", "value": "study of history"}, "predicateLabel": {"xml:lang": "en", "type": "literal", "value": "field of this occupation"}}, {"subjectLabel": {"xml:lang": "en", "type": "literal", "value": "historian"}, "object": {"type": "uri", "value": "http://www.wikidata.org/entity/Q50675"}, "objectLabel": {"xml:lang": "en", "type": "literal", "value": "historiography"}, "predicateLabel": {"xml:lang": "en", "type": "literal", "value": "field of this occupation"}}, {"subjectLabel": {"xml:lang": "en", "type": "literal", "value": "historian"}, "object": {"type": "uri", "value": "http://www.wikidata.org/entity/Q6395208"}, "objectLabel": {"xml:lang": "en", "type": "literal", "value": "Category:Historians"}, "predicateLabel": {"xml:lang": "en", "type": "literal", "value": "topic's main category"}}, {"subjectLabel": {"xml:lang": "en", "type": "literal", "value": "historian"}, "object": {"type": "uri", "value": "http://www.wikidata.org/entity/Q289906"}, "objectLabel": {"xml:lang": "en", "type": "literal", "value": "list of historians"}, "predicateLabel": {"xml:lang": "en", "type": "literal", "value": "has list"}}, {"subjectLabel": {"xml:lang": "en", "type": "literal", "value": "historian"}, "object": {"type": "uri", "value": "http://www.wikidata.org/entity/Q6623268"}, "objectLabel": {"xml:lang": "en", "type": "literal", "value": "list of historians by area of study"}, "predicateLabel": {"xml:lang": "en", "type": "literal", "value": "has list"}}, {"subjectLabel": {"xml:lang": "en", "type": "literal", "value": "historian"}, "object": {"type": "uri", "value": "http://www.wikidata.org/entity/Q42912466"}, "objectLabel": {"xml:lang": "en", "type": "literal", "value": "list of historians by continent"}, "predicateLabel": {"xml:lang": "en", "type": "literal", "value": "has list"}}, {"subjectLabel": {"xml:lang": "en", "type": "literal", "value": "historian"}, "object": {"type": "uri", "value": "http://www.wikidata.org/entity/Q120754096"}, "objectLabel": {"xml:lang": "en", "type": "literal", "value": "Wikidata: WikiProject Systemic Racism Knowledge Graph"}, "predicateLabel": {"xml:lang": "en", "type": "literal", "value": "on focus list of Wikimedia project"}}, {"subjectLabel": {"xml:lang": "en", "type": "literal", "value": "historian"}, "object": {"type": "uri", "value": "http://www.wikidata.org/entity/Q16727193"}, "objectLabel": {"xml:lang": "en", "type": "literal", "value": "humanities scholar"}, "predicateLabel": {"xml:lang": "en", "type": "literal", "value": "subclass of"}}, {"subjectLabel": {"xml:lang": "en", "type": "literal", "value": "historian"}, "object": {"type": "uri", "value": "http://www.wikidata.org/entity/Q31960708"}, "objectLabel": {"xml:lang": "en", "type": "literal", "value": "Category:Wikipedia categories named after historians"}, "predicateLabel": {"xml:lang": "en", "type": "literal", "value": "category for eponymous categories"}}], "Q215622": [{"subjectLabel": {"xml:lang": "en", "type": "literal", "value": "2010 United Kingdom general election"}, "object": {"type": "uri", "value": "http://www.wikidata.org/entity/Q7316393"}, "objectLabel": {"xml:lang": "en", "type": "literal", "value": "results of the 2010 United Kingdom general election by parliamentary constituency"}, "predicateLabel": {"xml:lang": "en", "type": "literal", "value": "results"}}, {"subjectLabel": {"xml:lang": "en", "type": "literal", "value": "2010 United Kingdom general election"}, "object": {"type": "uri", "value": "http://www.wikidata.org/entity/Q7316364"}, "objectLabel": {"xml:lang": "en", "type": "literal", "value": "results breakdown of the 2010 United Kingdom general election"}, "predicateLabel": {"xml:lang": "en", "type": "literal", "value": "results"}}, {"subjectLabel": {"xml:lang": "en", "type": "literal", "value": "2010 United Kingdom general election"}, "object": {"type": "uri", "value": "http://www.wikidata.org/entity/Q13365595"}, "objectLabel": {"xml:lang": "en", "type": "literal", "value": "proportional representation"}, "predicateLabel": {"xml:lang": "en", "type": "literal", "value": "voting system"}}, {"subjectLabel": {"xml:lang": "en", "type": "literal", "value": "2010 United Kingdom general election"}, "object": {"type": "uri", "value": "http://www.wikidata.org/entity/Q145"}, "objectLabel": {"xml:lang": "en", "type": "literal", "value": "United Kingdom"}, "predicateLabel": {"xml:lang": "en", "type": "literal", "value": "country"}}, {"subjectLabel": {"xml:lang": "en", "type": "literal", "value": "2010 United Kingdom general election"}, "object": {"type": "uri", "value": "http://www.wikidata.org/entity/Q145"}, "objectLabel": {"xml:lang": "en", "type": "literal", "value": "United Kingdom"}, "predicateLabel": {"xml:lang": "en", "type": "literal", "value": "applies to jurisdiction"}}, {"subjectLabel": {"xml:lang": "en", "type": "literal", "value": "2010 United Kingdom general election"}, "object": {"type": "uri", "value": "http://www.wikidata.org/entity/Q9626"}, "objectLabel": {"xml:lang": "en", "type": "literal", "value": "Conservative Party"}, "predicateLabel": {"xml:lang": "en", "type": "literal", "value": "successful candidate"}}, {"subjectLabel": {"xml:lang": "en", "type": "literal", "value": "2010 United Kingdom general election"}, "object": {"type": "uri", "value": "http://www.wikidata.org/entity/Q9624"}, "objectLabel": {"xml:lang": "en", "type": "literal", "value": "Liberal Democrats"}, "predicateLabel": {"xml:lang": "en", "type": "literal", "value": "successful candidate"}}, {"subjectLabel": {"xml:lang": "en", "type": "literal", "value": "2010 United Kingdom general election"}, "object": {"type": "uri", "value": "http://www.wikidata.org/entity/Q9630"}, "objectLabel": {"xml:lang": "en", "type": "literal", "value": "Labour Party"}, "predicateLabel": {"xml:lang": "en", "type": "literal", "value": "successful candidate"}}, {"subjectLabel": {"xml:lang": "en", "type": "literal", "value": "2010 United Kingdom general election"}, "object": {"type": "uri", "value": "http://www.wikidata.org/entity/Q9626"}, "objectLabel": {"xml:lang": "en", "type": "literal", "value": "Conservative Party"}, "predicateLabel": {"xml:lang": "en", "type": "literal", "value": "candidate"}}, {"subjectLabel": {"xml:lang": "en", "type": "literal", "value": "2010 United Kingdom general election"}, "object": {"type": "uri", "value": "http://www.wikidata.org/entity/Q9624"}, "objectLabel": {"xml:lang": "en", "type": "literal", "value": "Liberal Democrats"}, "predicateLabel": {"xml:lang": "en", "type": "literal", "value": "candidate"}}, {"subjectLabel": {"xml:lang": "en", "type": "literal", "value": "2010 United Kingdom general election"}, "object": {"type": "uri", "value": "http://www.wikidata.org/entity/Q9630"}, "objectLabel": {"xml:lang": "en", "type": "literal", "value": "Labour Party"}, "predicateLabel": {"xml:lang": "en", "type": "literal", "value": "candidate"}}, {"subjectLabel": {"xml:lang": "en", "type": "literal", "value": "2010 United Kingdom general election"}, "object": {"type": "uri", "value": "http://www.wikidata.org/entity/Q10658"}, "objectLabel": {"xml:lang": "en", "type": "literal", "value": "Scottish National Party"}, "predicateLabel": {"xml:lang": "en", "type": "literal", "value": "successful candidate"}}, {"subjectLabel": {"xml:lang": "en", "type": "literal", "value": "2010 United Kingdom general election"}, "object": {"type": "uri", "value": "http://www.wikidata.org/entity/Q9669"}, "objectLabel": {"xml:lang": "en", "type": "literal", "value": "Green Party of England and Wales"}, "predicateLabel": {"xml:lang": "en", "type": "literal", "value": "candidate"}}, {"subjectLabel": {"xml:lang": "en", "type": "literal", "value": "2010 United Kingdom general election"}, "object": {"type": "uri", "value": "http://www.wikidata.org/entity/Q10647"}, "objectLabel": {"xml:lang": "en", "type": "literal", "value": "UK Independence Party"}, "predicateLabel": {"xml:lang": "en", "type": "literal", "value": "candidate"}}, {"subjectLabel": {"xml:lang": "en", "type": "literal", "value": "2010 United Kingdom general election"}, "object": {"type": "uri", "value": "http://www.wikidata.org/entity/Q9669"}, "objectLabel": {"xml:lang": "en", "type": "literal", "value": "Green Party of England and Wales"}, "predicateLabel": {"xml:lang": "en", "type": "literal", "value": "successful candidate"}}, {"subjectLabel": {"xml:lang": "en", "type": "literal", "value": "2010 United Kingdom general election"}, "object": {"type": "uri", "value": "http://www.wikidata.org/entity/Q40052"}, "objectLabel": {"xml:lang": "en", "type": "literal", "value": "Social Democratic Party"}, "predicateLabel": {"xml:lang": "en", "type": "literal", "value": "candidate"}}, {"subjectLabel": {"xml:lang": "en", "type": "literal", "value": "2010 United Kingdom general election"}, "object": {"type": "uri", "value": "http://www.wikidata.org/entity/Q10691"}, "objectLabel": {"xml:lang": "en", "type": "literal", "value": "Plaid Cymru"}, "predicateLabel": {"xml:lang": "en", "type": "literal", "value": "successful candidate"}}, {"subjectLabel": {"xml:lang": "en", "type": "literal", "value": "2010 United Kingdom general election"}, "object": {"type": "uri", "value": "http://www.wikidata.org/entity/Q10691"}, "objectLabel": {"xml:lang": "en", "type": "literal", "value": "Plaid Cymru"}, "predicateLabel": {"xml:lang": "en", "type": "literal", "value": "candidate"}}, {"subjectLabel": {"xml:lang": "en", "type": "literal", "value": "2010 United Kingdom general election"}, "object": {"type": "uri", "value": "http://www.wikidata.org/entity/Q10658"}, "objectLabel": {"xml:lang": "en", "type": "literal", "value": "Scottish National Party"}, "predicateLabel": {"xml:lang": "en", "type": "literal", "value": "candidate"}}, {"subjectLabel": {"xml:lang": "en", "type": "literal", "value": "2010 United Kingdom general election"}, "object": {"type": "uri", "value": "http://www.wikidata.org/entity/Q76382"}, "objectLabel": {"xml:lang": "en", "type": "literal", "value": "Sinn F\u00e9in"}, "predicateLabel": {"xml:lang": "en", "type": "literal", "value": "successful candidate"}}, {"subjectLabel": {"xml:lang": "en", "type": "literal", "value": "2010 United Kingdom general election"}, "object": {"type": "uri", "value": "http://www.wikidata.org/entity/Q76382"}, "objectLabel": {"xml:lang": "en", "type": "literal", "value": "Sinn F\u00e9in"}, "predicateLabel": {"xml:lang": "en", "type": "literal", "value": "candidate"}}, {"subjectLabel": {"xml:lang": "en", "type": "literal", "value": "2010 United Kingdom general election"}, "object": {"type": "uri", "value": "http://www.wikidata.org/entity/Q158093"}, "objectLabel": {"xml:lang": "en", "type": "literal", "value": "National Front"}, "predicateLabel": {"xml:lang": "en", "type": "literal", "value": "candidate"}}, {"subjectLabel": {"xml:lang": "en", "type": "literal", "value": "2010 United Kingdom general election"}, "object": {"type": "uri", "value": "http://www.wikidata.org/entity/Q244927"}, "objectLabel": {"xml:lang": "en", "type": "literal", "value": "Alliance Party of Northern Ireland"}, "predicateLabel": {"xml:lang": "en", "type": "literal", "value": "successful candidate"}}, {"subjectLabel": {"xml:lang": "en", "type": "literal", "value": "2010 United Kingdom general election"}, "object": {"type": "uri", "value": "http://www.wikidata.org/entity/Q244927"}, "objectLabel": {"xml:lang": "en", "type": "literal", "value": "Alliance Party of Northern Ireland"}, "predicateLabel": {"xml:lang": "en", "type": "literal", "value": "candidate"}}, {"subjectLabel": {"xml:lang": "en", "type": "literal", "value": "2010 United Kingdom general election"}, "object": {"type": "uri", "value": "http://www.wikidata.org/entity/Q161269"}, "objectLabel": {"xml:lang": "en", "type": "literal", "value": "British National Party"}, "predicateLabel": {"xml:lang": "en", "type": "literal", "value": "candidate"}}, {"subjectLabel": {"xml:lang": "en", "type": "literal", "value": "2010 United Kingdom general election"}, "object": {"type": "uri", "value": "http://www.wikidata.org/entity/Q161957"}, "objectLabel": {"xml:lang": "en", "type": "literal", "value": "Mebyon Kernow"}, "predicateLabel": {"xml:lang": "en", "type": "literal", "value": "candidate"}}, {"subjectLabel": {"xml:lang": "en", "type": "literal", "value": "2010 United Kingdom general election"}, "object": {"type": "uri", "value": "http://www.wikidata.org/entity/Q215519"}, "objectLabel": {"xml:lang": "en", "type": "literal", "value": "Democratic Unionist Party"}, "predicateLabel": {"xml:lang": "en", "type": "literal", "value": "candidate"}}, {"subjectLabel": {"xml:lang": "en", "type": "literal", "value": "2010 United Kingdom general election"}, "object": {"type": "uri", "value": "http://www.wikidata.org/entity/Q175443"}, "objectLabel": {"xml:lang": "en", "type": "literal", "value": "Social Democratic and Labour Party"}, "predicateLabel": {"xml:lang": "en", "type": "literal", "value": "candidate"}}, {"subjectLabel": {"xml:lang": "en", "type": "literal", "value": "2010 United Kingdom general election"}, "object": {"type": "uri", "value": "http://www.wikidata.org/entity/Q464103"}, "objectLabel": {"xml:lang": "en", "type": "literal", "value": "Speaker of the House of Commons"}, "predicateLabel": {"xml:lang": "en", "type": "literal", "value": "successful candidate"}}, {"subjectLabel": {"xml:lang": "en", "type": "literal", "value": "2010 United Kingdom general election"}, "object": {"type": "uri", "value": "http://www.wikidata.org/entity/Q215519"}, "objectLabel": {"xml:lang": "en", "type": "literal", "value": "Democratic Unionist Party"}, "predicateLabel": {"xml:lang": "en", "type": "literal", "value": "successful candidate"}}, {"subjectLabel": {"xml:lang": "en", "type": "literal", "value": "2010 United Kingdom general election"}, "object": {"type": "uri", "value": "http://www.wikidata.org/entity/Q175443"}, "objectLabel": {"xml:lang": "en", "type": "literal", "value": "Social Democratic and Labour Party"}, "predicateLabel": {"xml:lang": "en", "type": "literal", "value": "successful candidate"}}, {"subjectLabel": {"xml:lang": "en", "type": "literal", "value": "2010 United Kingdom general election"}, "object": {"type": "uri", "value": "http://www.wikidata.org/entity/Q464103"}, "objectLabel": {"xml:lang": "en", "type": "literal", "value": "Speaker of the House of Commons"}, "predicateLabel": {"xml:lang": "en", "type": "literal", "value": "candidate"}}, {"subjectLabel": {"xml:lang": "en", "type": "literal", "value": "2010 United Kingdom general election"}, "object": {"type": "uri", "value": "http://www.wikidata.org/entity/Q367894"}, "objectLabel": {"xml:lang": "en", "type": "literal", "value": "Socialist Party"}, "predicateLabel": {"xml:lang": "en", "type": "literal", "value": "candidate"}}, {"subjectLabel": {"xml:lang": "en", "type": "literal", "value": "2010 United Kingdom general election"}, "object": {"type": "uri", "value": "http://www.wikidata.org/entity/Q287031"}, "objectLabel": {"xml:lang": "en", "type": "literal", "value": "Respect Party"}, "predicateLabel": {"xml:lang": "en", "type": "literal", "value": "candidate"}}, {"subjectLabel": {"xml:lang": "en", "type": "literal", "value": "2010 United Kingdom general election"}, "object": {"type": "uri", "value": "http://www.wikidata.org/entity/Q428598"}, "objectLabel": {"xml:lang": "en", "type": "literal", "value": "2005 United Kingdom general election"}, "predicateLabel": {"xml:lang": "en", "type": "literal", "value": "follows"}}, {"subjectLabel": {"xml:lang": "en", "type": "literal", "value": "2010 United Kingdom general election"}, "object": {"type": "uri", "value": "http://www.wikidata.org/entity/Q1421227"}, "objectLabel": {"xml:lang": "en", "type": "literal", "value": "Official Monster Raving Loony Party"}, "predicateLabel": {"xml:lang": "en", "type": "literal", "value": "candidate"}}, {"subjectLabel": {"xml:lang": "en", "type": "literal", "value": "2010 United Kingdom general election"}, "object": {"type": "uri", "value": "http://www.wikidata.org/entity/Q1297754"}, "objectLabel": {"xml:lang": "en", "type": "literal", "value": "Independent Community and Health Concern"}, "predicateLabel": {"xml:lang": "en", "type": "literal", "value": "candidate"}}, {"subjectLabel": {"xml:lang": "en", "type": "literal", "value": "2010 United Kingdom general election"}, "object": {"type": "uri", "value": "http://www.wikidata.org/entity/Q1096979"}, "objectLabel": {"xml:lang": "en", "type": "literal", "value": "Green Party in Northern Ireland"}, "predicateLabel": {"xml:lang": "en", "type": "literal", "value": "candidate"}}, {"subjectLabel": {"xml:lang": "en", "type": "literal", "value": "2010 United Kingdom general election"}, "object": {"type": "uri", "value": "http://www.wikidata.org/entity/Q2479228"}, "objectLabel": {"xml:lang": "en", "type": "literal", "value": "English Democrats"}, "predicateLabel": {"xml:lang": "en", "type": "literal", "value": "candidate"}}, {"subjectLabel": {"xml:lang": "en", "type": "literal", "value": "2010 United Kingdom general election"}, "object": {"type": "uri", "value": "http://www.wikidata.org/entity/Q1574974"}, "objectLabel": {"xml:lang": "en", "type": "literal", "value": "Pirate Party UK"}, "predicateLabel": {"xml:lang": "en", "type": "literal", "value": "candidate"}}, {"subjectLabel": {"xml:lang": "en", "type": "literal", "value": "2010 United Kingdom general election"}, "object": {"type": "uri", "value": "http://www.wikidata.org/entity/Q1256956"}, "objectLabel": {"xml:lang": "en", "type": "literal", "value": "Scottish Green Party"}, "predicateLabel": {"xml:lang": "en", "type": "literal", "value": "candidate"}}, {"subjectLabel": {"xml:lang": "en", "type": "literal", "value": "2010 United Kingdom general election"}, "object": {"type": "uri", "value": "http://www.wikidata.org/entity/Q891900"}, "objectLabel": {"xml:lang": "en", "type": "literal", "value": "Scottish Socialist Party"}, "predicateLabel": {"xml:lang": "en", "type": "literal", "value": "candidate"}}, {"subjectLabel": {"xml:lang": "en", "type": "literal", "value": "2010 United Kingdom general election"}, "object": {"type": "uri", "value": "http://www.wikidata.org/entity/Q676383"}, "objectLabel": {"xml:lang": "en", "type": "literal", "value": "Sylvia Hermon"}, "predicateLabel": {"xml:lang": "en", "type": "literal", "value": "successful candidate"}}, {"subjectLabel": {"xml:lang": "en", "type": "literal", "value": "2010 United Kingdom general election"}, "object": {"type": "uri", "value": "http://www.wikidata.org/entity/Q676383"}, "objectLabel": {"xml:lang": "en", "type": "literal", "value": "Sylvia Hermon"}, "predicateLabel": {"xml:lang": "en", "type": "literal", "value": "candidate"}}, {"subjectLabel": {"xml:lang": "en", "type": "literal", "value": "2010 United Kingdom general election"}, "object": {"type": "uri", "value": "http://www.wikidata.org/entity/Q980923"}, "objectLabel": {"xml:lang": "en", "type": "literal", "value": "Trade Unionist and Socialist Coalition"}, "predicateLabel": {"xml:lang": "en", "type": "literal", "value": "candidate"}}, {"subjectLabel": {"xml:lang": "en", "type": "literal", "value": "2010 United Kingdom general election"}, "object": {"type": "uri", "value": "http://www.wikidata.org/entity/Q985076"}, "objectLabel": {"xml:lang": "en", "type": "literal", "value": "Traditional Unionist Voice"}, "predicateLabel": {"xml:lang": "en", "type": "literal", "value": "candidate"}}, {"subjectLabel": {"xml:lang": "en", "type": "literal", "value": "2010 United Kingdom general election"}, "object": {"type": "uri", "value": "http://www.wikidata.org/entity/Q3360801"}, "objectLabel": {"xml:lang": "en", "type": "literal", "value": "Liberal Party"}, "predicateLabel": {"xml:lang": "en", "type": "literal", "value": "candidate"}}, {"subjectLabel": {"xml:lang": "en", "type": "literal", "value": "2010 United Kingdom general election"}, "object": {"type": "uri", "value": "http://www.wikidata.org/entity/Q3491460"}, "objectLabel": {"xml:lang": "en", "type": "literal", "value": "Socialist Labour Party"}, "predicateLabel": {"xml:lang": "en", "type": "literal", "value": "candidate"}}, {"subjectLabel": {"xml:lang": "en", "type": "literal", "value": "2010 United Kingdom general election"}, "object": {"type": "uri", "value": "http://www.wikidata.org/entity/Q3402978"}, "objectLabel": {"xml:lang": "en", "type": "literal", "value": "Christian Party"}, "predicateLabel": {"xml:lang": "en", "type": "literal", "value": "candidate"}}, {"subjectLabel": {"xml:lang": "en", "type": "literal", "value": "2010 United Kingdom general election"}, "object": {"type": "uri", "value": "http://www.wikidata.org/entity/Q2513293"}, "objectLabel": {"xml:lang": "en", "type": "literal", "value": "Esther Rantzen"}, "predicateLabel": {"xml:lang": "en", "type": "literal", "value": "candidate"}}, {"subjectLabel": {"xml:lang": "en", "type": "literal", "value": "2010 United Kingdom general election"}, "object": {"type": "uri", "value": "http://www.wikidata.org/entity/Q3545406"}, "objectLabel": {"xml:lang": "en", "type": "literal", "value": "People Before Profit"}, "predicateLabel": {"xml:lang": "en", "type": "literal", "value": "candidate"}}, {"subjectLabel": {"xml:lang": "en", "type": "literal", "value": "2010 United Kingdom general election"}, "object": {"type": "uri", "value": "http://www.wikidata.org/entity/Q15283424"}, "objectLabel": {"xml:lang": "en", "type": "literal", "value": "United Kingdom general election"}, "predicateLabel": {"xml:lang": "en", "type": "literal", "value": "instance of"}}, {"subjectLabel": {"xml:lang": "en", "type": "literal", "value": "2010 United Kingdom general election"}, "object": {"type": "uri", "value": "http://www.wikidata.org/entity/Q3586935"}, "objectLabel": {"xml:lang": "en", "type": "literal", "value": "2015 United Kingdom general election"}, "predicateLabel": {"xml:lang": "en", "type": "literal", "value": "followed by"}}, {"subjectLabel": {"xml:lang": "en", "type": "literal", "value": "2010 United Kingdom general election"}, "object": {"type": "uri", "value": "http://www.wikidata.org/entity/Q16707842"}, "objectLabel": {"xml:lang": "en", "type": "literal", "value": "Member of Parliament"}, "predicateLabel": {"xml:lang": "en", "type": "literal", "value": "office contested"}}, {"subjectLabel": {"xml:lang": "en", "type": "literal", "value": "2010 United Kingdom general election"}, "object": {"type": "uri", "value": "http://www.wikidata.org/entity/Q6259081"}, "objectLabel": {"xml:lang": "en", "type": "literal", "value": "John Stevens"}, "predicateLabel": {"xml:lang": "en", "type": "literal", "value": "candidate"}}, {"subjectLabel": {"xml:lang": "en", "type": "literal", "value": "2010 United Kingdom general election"}, "object": {"type": "uri", "value": "http://www.wikidata.org/entity/Q7157418"}, "objectLabel": {"xml:lang": "en", "type": "literal", "value": "Peace Party"}, "predicateLabel": {"xml:lang": "en", "type": "literal", "value": "candidate"}}, {"subjectLabel": {"xml:lang": "en", "type": "literal", "value": "2010 United Kingdom general election"}, "object": {"type": "uri", "value": "http://www.wikidata.org/entity/Q7848100"}, "objectLabel": {"xml:lang": "en", "type": "literal", "value": "Trust"}, "predicateLabel": {"xml:lang": "en", "type": "literal", "value": "candidate"}}, {"subjectLabel": {"xml:lang": "en", "type": "literal", "value": "2010 United Kingdom general election"}, "object": {"type": "uri", "value": "http://www.wikidata.org/entity/Q6551253"}, "objectLabel": {"xml:lang": "en", "type": "literal", "value": "Lincolnshire Independents"}, "predicateLabel": {"xml:lang": "en", "type": "literal", "value": "candidate"}}, {"subjectLabel": {"xml:lang": "en", "type": "literal", "value": "2010 United Kingdom general election"}, "object": {"type": "uri", "value": "http://www.wikidata.org/entity/Q7356887"}, "objectLabel": {"xml:lang": "en", "type": "literal", "value": "Rodney Connor"}, "predicateLabel": {"xml:lang": "en", "type": "literal", "value": "candidate"}}, {"subjectLabel": {"xml:lang": "en", "type": "literal", "value": "2010 United Kingdom general election"}, "object": {"type": "uri", "value": "http://www.wikidata.org/entity/Q7879942"}, "objectLabel": {"xml:lang": "en", "type": "literal", "value": "Ulster Conservatives and Unionists"}, "predicateLabel": {"xml:lang": "en", "type": "literal", "value": "candidate"}}, {"subjectLabel": {"xml:lang": "en", "type": "literal", "value": "2010 United Kingdom general election"}, "object": {"type": "uri", "value": "http://www.wikidata.org/entity/Q4051005"}, "objectLabel": {"xml:lang": "en", "type": "literal", "value": "Workers Revolutionary Party"}, "predicateLabel": {"xml:lang": "en", "type": "literal", "value": "candidate"}}, {"subjectLabel": {"xml:lang": "en", "type": "literal", "value": "2010 United Kingdom general election"}, "object": {"type": "uri", "value": "http://www.wikidata.org/entity/Q5255634"}, "objectLabel": {"xml:lang": "en", "type": "literal", "value": "Democratic Labour Party"}, "predicateLabel": {"xml:lang": "en", "type": "literal", "value": "candidate"}}, {"subjectLabel": {"xml:lang": "en", "type": "literal", "value": "2010 United Kingdom general election"}, "object": {"type": "uri", "value": "http://www.wikidata.org/entity/Q4923798"}, "objectLabel": {"xml:lang": "en", "type": "literal", "value": "Blaenau Gwent People's Voice"}, "predicateLabel": {"xml:lang": "en", "type": "literal", "value": "candidate"}}, {"subjectLabel": {"xml:lang": "en", "type": "literal", "value": "2010 United Kingdom general election"}, "object": {"type": "uri", "value": "http://www.wikidata.org/entity/Q5153477"}, "objectLabel": {"xml:lang": "en", "type": "literal", "value": "Common Sense Party"}, "predicateLabel": {"xml:lang": "en", "type": "literal", "value": "candidate"}}, {"subjectLabel": {"xml:lang": "en", "type": "literal", "value": "2010 United Kingdom general election"}, "object": {"type": "uri", "value": "http://www.wikidata.org/entity/Q4934055"}, "objectLabel": {"xml:lang": "en", "type": "literal", "value": "Bob Spink"}, "predicateLabel": {"xml:lang": "en", "type": "literal", "value": "candidate"}}, {"subjectLabel": {"xml:lang": "en", "type": "literal", "value": "2010 United Kingdom general election"}, "object": {"type": "uri", "value": "http://www.wikidata.org/entity/Q5110023"}, "objectLabel": {"xml:lang": "en", "type": "literal", "value": "Christian Peoples Alliance"}, "predicateLabel": {"xml:lang": "en", "type": "literal", "value": "candidate"}}, {"subjectLabel": {"xml:lang": "en", "type": "literal", "value": "2010 United Kingdom general election"}, "object": {"type": "uri", "value": "http://www.wikidata.org/entity/Q5154341"}, "objectLabel": {"xml:lang": "en", "type": "literal", "value": "Communist Party of Britain (Marxist\u2013Leninist)"}, "predicateLabel": {"xml:lang": "en", "type": "literal", "value": "candidate"}}, {"subjectLabel": {"xml:lang": "en", "type": "literal", "value": "2010 United Kingdom general election"}, "object": {"type": "uri", "value": "http://www.wikidata.org/entity/Q4732370"}, "objectLabel": {"xml:lang": "en", "type": "literal", "value": "Alliance for Green Socialism"}, "predicateLabel": {"xml:lang": "en", "type": "literal", "value": "candidate"}}, {"subjectLabel": {"xml:lang": "en", "type": "literal", "value": "2010 United Kingdom general election"}, "object": {"type": "uri", "value": "http://www.wikidata.org/entity/Q19382920"}, "objectLabel": {"xml:lang": "en", "type": "literal", "value": "New Millennium Bean Party"}, "predicateLabel": {"xml:lang": "en", "type": "literal", "value": "candidate"}}, {"subjectLabel": {"xml:lang": "en", "type": "literal", "value": "2010 United Kingdom general election"}, "object": {"type": "uri", "value": "http://www.wikidata.org/entity/Q15980783"}, "objectLabel": {"xml:lang": "en", "type": "literal", "value": "Animal Protection Party"}, "predicateLabel": {"xml:lang": "en", "type": "literal", "value": "candidate"}}, {"subjectLabel": {"xml:lang": "en", "type": "literal", "value": "2010 United Kingdom general election"}, "object": {"type": "uri", "value": "http://www.wikidata.org/entity/Q17002036"}, "objectLabel": {"xml:lang": "en", "type": "literal", "value": "Democratic Nationalist Party"}, "predicateLabel": {"xml:lang": "en", "type": "literal", "value": "candidate"}}, {"subjectLabel": {"xml:lang": "en", "type": "literal", "value": "2010 United Kingdom general election"}, "object": {"type": "uri", "value": "http://www.wikidata.org/entity/Q19960361"}, "objectLabel": {"xml:lang": "en", "type": "literal", "value": "Solihull and Meriden Residents Association"}, "predicateLabel": {"xml:lang": "en", "type": "literal", "value": "candidate"}}, {"subjectLabel": {"xml:lang": "en", "type": "literal", "value": "2010 United Kingdom general election"}, "object": {"type": "uri", "value": "http://www.wikidata.org/entity/Q19960356"}, "objectLabel": {"xml:lang": "en", "type": "literal", "value": "Tendring First"}, "predicateLabel": {"xml:lang": "en", "type": "literal", "value": "candidate"}}, {"subjectLabel": {"xml:lang": "en", "type": "literal", "value": "2010 United Kingdom general election"}, "object": {"type": "uri", "value": "http://www.wikidata.org/entity/Q19960364"}, "objectLabel": {"xml:lang": "en", "type": "literal", "value": "English Independence Party"}, "predicateLabel": {"xml:lang": "en", "type": "literal", "value": "candidate"}}, {"subjectLabel": {"xml:lang": "en", "type": "literal", "value": "2010 United Kingdom general election"}, "object": {"type": "uri", "value": "http://www.wikidata.org/entity/Q19960336"}, "objectLabel": {"xml:lang": "en", "type": "literal", "value": "Mansfield Independent Forum"}, "predicateLabel": {"xml:lang": "en", "type": "literal", "value": "candidate"}}, {"subjectLabel": {"xml:lang": "en", "type": "literal", "value": "2010 United Kingdom general election"}, "object": {"type": "uri", "value": "http://www.wikidata.org/entity/Q19960380"}, "objectLabel": {"xml:lang": "en", "type": "literal", "value": "Christian Movement for Great Britain"}, "predicateLabel": {"xml:lang": "en", "type": "literal", "value": "candidate"}}, {"subjectLabel": {"xml:lang": "en", "type": "literal", "value": "2010 United Kingdom general election"}, "object": {"type": "uri", "value": "http://www.wikidata.org/entity/Q19960352"}, "objectLabel": {"xml:lang": "en", "type": "literal", "value": "Staffordshire Independent Group"}, "predicateLabel": {"xml:lang": "en", "type": "literal", "value": "candidate"}}, {"subjectLabel": {"xml:lang": "en", "type": "literal", "value": "2010 United Kingdom general election"}, "object": {"type": "uri", "value": "http://www.wikidata.org/entity/Q19960367"}, "objectLabel": {"xml:lang": "en", "type": "literal", "value": "Save King George Hospital"}, "predicateLabel": {"xml:lang": "en", "type": "literal", "value": "candidate"}}, {"subjectLabel": {"xml:lang": "en", "type": "literal", "value": "2010 United Kingdom general election"}, "object": {"type": "uri", "value": "http://www.wikidata.org/entity/Q19960345"}, "objectLabel": {"xml:lang": "en", "type": "literal", "value": "Local Liberals People Before Politics Party"}, "predicateLabel": {"xml:lang": "en", "type": "literal", "value": "candidate"}}, {"subjectLabel": {"xml:lang": "en", "type": "literal", "value": "2010 United Kingdom general election"}, "object": {"type": "uri", "value": "http://www.wikidata.org/entity/Q8868390"}, "objectLabel": {"xml:lang": "en", "type": "literal", "value": "Category:2010 United Kingdom general election"}, "predicateLabel": {"xml:lang": "en", "type": "literal", "value": "topic's main category"}}], "Q469039": [{"subjectLabel": {"xml:lang": "en", "type": "literal", "value": "Bullingdon Club"}, "object": {"type": "uri", "value": "http://www.wikidata.org/entity/Q145"}, "objectLabel": {"xml:lang": "en", "type": "literal", "value": "United Kingdom"}, "predicateLabel": {"xml:lang": "en", "type": "literal", "value": "country"}}, {"subjectLabel": {"xml:lang": "en", "type": "literal", "value": "Bullingdon Club"}, "object": {"type": "uri", "value": "http://www.wikidata.org/entity/Q5278332"}, "objectLabel": {"xml:lang": "en", "type": "literal", "value": "dining club"}, "predicateLabel": {"xml:lang": "en", "type": "literal", "value": "instance of"}}, {"subjectLabel": {"xml:lang": "en", "type": "literal", "value": "Bullingdon Club"}, "object": {"type": "uri", "value": "http://www.wikidata.org/entity/Q847017"}, "objectLabel": {"xml:lang": "en", "type": "literal", "value": "sports club"}, "predicateLabel": {"xml:lang": "en", "type": "literal", "value": "instance of"}}, {"subjectLabel": {"xml:lang": "en", "type": "literal", "value": "Bullingdon Club"}, "object": {"type": "uri", "value": "http://www.wikidata.org/entity/Q34217"}, "objectLabel": {"xml:lang": "en", "type": "literal", "value": "Oxford"}, "predicateLabel": {"xml:lang": "en", "type": "literal", "value": "headquarters location"}}], "Q1227526": [{"subjectLabel": {"xml:lang": "en", "type": "literal", "value": "St Paul's School"}, "object": {"type": "uri", "value": "http://www.wikidata.org/entity/Q84"}, "objectLabel": {"xml:lang": "en", "type": "literal", "value": "London"}, "predicateLabel": {"xml:lang": "en", "type": "literal", "value": "headquarters location"}}, {"subjectLabel": {"xml:lang": "en", "type": "literal", "value": "St Paul's School"}, "object": {"type": "uri", "value": "http://www.wikidata.org/entity/Q3181656"}, "objectLabel": {"xml:lang": "en", "type": "literal", "value": "The Nuttall Encyclop\u00e6dia"}, "predicateLabel": {"xml:lang": "en", "type": "literal", "value": "described by source"}}, {"subjectLabel": {"xml:lang": "en", "type": "literal", "value": "St Paul's School"}, "object": {"type": "uri", "value": "http://www.wikidata.org/entity/Q8724682"}, "objectLabel": {"xml:lang": "en", "type": "literal", "value": "Category:People educated at St Paul's School, London"}, "predicateLabel": {"xml:lang": "en", "type": "literal", "value": "category for alumni of educational institution"}}, {"subjectLabel": {"xml:lang": "en", "type": "literal", "value": "St Paul's School"}, "object": {"type": "uri", "value": "http://www.wikidata.org/entity/Q67443130"}, "objectLabel": {"xml:lang": "en", "type": "literal", "value": "Surrey"}, "predicateLabel": {"xml:lang": "en", "type": "literal", "value": "historic county"}}, {"subjectLabel": {"xml:lang": "en", "type": "literal", "value": "St Paul's School"}, "object": {"type": "uri", "value": "http://www.wikidata.org/entity/Q145"}, "objectLabel": {"xml:lang": "en", "type": "literal", "value": "United Kingdom"}, "predicateLabel": {"xml:lang": "en", "type": "literal", "value": "country"}}, {"subjectLabel": {"xml:lang": "en", "type": "literal", "value": "St Paul's School"}, "object": {"type": "uri", "value": "http://www.wikidata.org/entity/Q32515"}, "objectLabel": {"xml:lang": "en", "type": "literal", "value": "London Borough of Richmond upon Thames"}, "predicateLabel": {"xml:lang": "en", "type": "literal", "value": "located in the administrative territorial entity"}}, {"subjectLabel": {"xml:lang": "en", "type": "literal", "value": "St Paul's School"}, "object": {"type": "uri", "value": "http://www.wikidata.org/entity/Q269770"}, "objectLabel": {"xml:lang": "en", "type": "literal", "value": "boarding school"}, "predicateLabel": {"xml:lang": "en", "type": "literal", "value": "instance of"}}, {"subjectLabel": {"xml:lang": "en", "type": "literal", "value": "St Paul's School"}, "object": {"type": "uri", "value": "http://www.wikidata.org/entity/Q82708"}, "objectLabel": {"xml:lang": "en", "type": "literal", "value": "Church of England"}, "predicateLabel": {"xml:lang": "en", "type": "literal", "value": "religion or worldview"}}, {"subjectLabel": {"xml:lang": "en", "type": "literal", "value": "St Paul's School"}, "object": {"type": "uri", "value": "http://www.wikidata.org/entity/Q668140"}, "objectLabel": {"xml:lang": "en", "type": "literal", "value": "Barnes"}, "predicateLabel": {"xml:lang": "en", "type": "literal", "value": "location"}}, {"subjectLabel": {"xml:lang": "en", "type": "literal", "value": "St Paul's School"}, "object": {"type": "uri", "value": "http://www.wikidata.org/entity/Q2418495"}, "objectLabel": {"xml:lang": "en", "type": "literal", "value": "independent school"}, "predicateLabel": {"xml:lang": "en", "type": "literal", "value": "instance of"}}, {"subjectLabel": {"xml:lang": "en", "type": "literal", "value": "St Paul's School"}, "object": {"type": "uri", "value": "http://www.wikidata.org/entity/Q1713379"}, "objectLabel": {"xml:lang": "en", "type": "literal", "value": "boys' school"}, "predicateLabel": {"xml:lang": "en", "type": "literal", "value": "instance of"}}, {"subjectLabel": {"xml:lang": "en", "type": "literal", "value": "St Paul's School"}, "object": {"type": "uri", "value": "http://www.wikidata.org/entity/Q957527"}, "objectLabel": {"xml:lang": "en", "type": "literal", "value": "John Colet"}, "predicateLabel": {"xml:lang": "en", "type": "literal", "value": "founded by"}}], "Q9626": [{"subjectLabel": {"xml:lang": "en", "type": "literal", "value": "Conservative Party"}, "object": {"type": "uri", "value": "http://www.wikidata.org/entity/Q25173260"}, "objectLabel": {"xml:lang": "en", "type": "literal", "value": "Young Conservatives"}, "predicateLabel": {"xml:lang": "en", "type": "literal", "value": "youth wing"}}, {"subjectLabel": {"xml:lang": "en", "type": "literal", "value": "Conservative Party"}, "object": {"type": "uri", "value": "http://www.wikidata.org/entity/Q107242456"}, "objectLabel": {"xml:lang": "en", "type": "literal", "value": "Lubov Chernukhin"}, "predicateLabel": {"xml:lang": "en", "type": "literal", "value": "funder"}}, {"subjectLabel": {"xml:lang": "en", "type": "literal", "value": "Conservative Party"}, "object": {"type": "uri", "value": "http://www.wikidata.org/entity/Q145"}, "objectLabel": {"xml:lang": "en", "type": "literal", "value": "United Kingdom"}, "predicateLabel": {"xml:lang": "en", "type": "literal", "value": "country"}}, {"subjectLabel": {"xml:lang": "en", "type": "literal", "value": "Conservative Party"}, "object": {"type": "uri", "value": "http://www.wikidata.org/entity/Q84"}, "objectLabel": {"xml:lang": "en", "type": "literal", "value": "London"}, "predicateLabel": {"xml:lang": "en", "type": "literal", "value": "location of formation"}}, {"subjectLabel": {"xml:lang": "en", "type": "literal", "value": "Conservative Party"}, "object": {"type": "uri", "value": "http://www.wikidata.org/entity/Q7169"}, "objectLabel": {"xml:lang": "en", "type": "literal", "value": "conservatism"}, "predicateLabel": {"xml:lang": "en", "type": "literal", "value": "political ideology"}}, {"subjectLabel": {"xml:lang": "en", "type": "literal", "value": "Conservative Party"}, "object": {"type": "uri", "value": "http://www.wikidata.org/entity/Q101518200"}, "objectLabel": {"xml:lang": "en", "type": "literal", "value": "Conservative and Unionist Central Office"}, "predicateLabel": {"xml:lang": "en", "type": "literal", "value": "has subsidiary"}}, {"subjectLabel": {"xml:lang": "en", "type": "literal", "value": "Conservative Party"}, "object": {"type": "uri", "value": "http://www.wikidata.org/entity/Q124737636"}, "objectLabel": {"xml:lang": "en", "type": "literal", "value": "Armenian Soviet Encyclopedia, vol. 9"}, "predicateLabel": {"xml:lang": "en", "type": "literal", "value": "described by source"}}, {"subjectLabel": {"xml:lang": "en", "type": "literal", "value": "Conservative Party"}, "object": {"type": "uri", "value": "http://www.wikidata.org/entity/Q7278"}, "objectLabel": {"xml:lang": "en", "type": "literal", "value": "political party"}, "predicateLabel": {"xml:lang": "en", "type": "literal", "value": "instance of"}}, {"subjectLabel": {"xml:lang": "en", "type": "literal", "value": "Conservative Party"}, "object": {"type": "uri", "value": "http://www.wikidata.org/entity/Q20055561"}, "objectLabel": {"xml:lang": "en", "type": "literal", "value": "Rishi Sunak"}, "predicateLabel": {"xml:lang": "en", "type": "literal", "value": "chairperson"}}, {"subjectLabel": {"xml:lang": "en", "type": "literal", "value": "Conservative Party"}, "object": {"type": "uri", "value": "http://www.wikidata.org/entity/Q181875"}, "objectLabel": {"xml:lang": "en", "type": "literal", "value": "Robert Peel"}, "predicateLabel": {"xml:lang": "en", "type": "literal", "value": "founded by"}}, {"subjectLabel": {"xml:lang": "en", "type": "literal", "value": "Conservative Party"}, "object": {"type": "uri", "value": "http://www.wikidata.org/entity/Q729119"}, "objectLabel": {"xml:lang": "en", "type": "literal", "value": "economic liberalism"}, "predicateLabel": {"xml:lang": "en", "type": "literal", "value": "political ideology"}}, {"subjectLabel": {"xml:lang": "en", "type": "literal", "value": "Conservative Party"}, "object": {"type": "uri", "value": "http://www.wikidata.org/entity/Q499956"}, "objectLabel": {"xml:lang": "en", "type": "literal", "value": "Tories"}, "predicateLabel": {"xml:lang": "en", "type": "literal", "value": "follows"}}, {"subjectLabel": {"xml:lang": "en", "type": "literal", "value": "Conservative Party"}, "object": {"type": "uri", "value": "http://www.wikidata.org/entity/Q844072"}, "objectLabel": {"xml:lang": "en", "type": "literal", "value": "centre-right"}, "predicateLabel": {"xml:lang": "en", "type": "literal", "value": "political alignment"}}, {"subjectLabel": {"xml:lang": "en", "type": "literal", "value": "Conservative Party"}, "object": {"type": "uri", "value": "http://www.wikidata.org/entity/Q1754707"}, "objectLabel": {"xml:lang": "en", "type": "literal", "value": "Liberal Unionist Party"}, "predicateLabel": {"xml:lang": "en", "type": "literal", "value": "follows"}}, {"subjectLabel": {"xml:lang": "en", "type": "literal", "value": "Conservative Party"}, "object": {"type": "uri", "value": "http://www.wikidata.org/entity/Q862603"}, "objectLabel": {"xml:lang": "en", "type": "literal", "value": "International Democracy Union"}, "predicateLabel": {"xml:lang": "en", "type": "literal", "value": "member of"}}, {"subjectLabel": {"xml:lang": "en", "type": "literal", "value": "Conservative Party"}, "object": {"type": "uri", "value": "http://www.wikidata.org/entity/Q1577483"}, "objectLabel": {"xml:lang": "en", "type": "literal", "value": "European Conservatives and Reformists Party"}, "predicateLabel": {"xml:lang": "en", "type": "literal", "value": "member of"}}, {"subjectLabel": {"xml:lang": "en", "type": "literal", "value": "Conservative Party"}, "object": {"type": "uri", "value": "http://www.wikidata.org/entity/Q3401913"}, "objectLabel": {"xml:lang": "en", "type": "literal", "value": "unionism in the United Kingdom"}, "predicateLabel": {"xml:lang": "en", "type": "literal", "value": "political ideology"}}, {"subjectLabel": {"xml:lang": "en", "type": "literal", "value": "Conservative Party"}, "object": {"type": "uri", "value": "http://www.wikidata.org/entity/Q3243587"}, "objectLabel": {"xml:lang": "en", "type": "literal", "value": "Scottish Conservatives"}, "predicateLabel": {"xml:lang": "en", "type": "literal", "value": "has part(s)"}}, {"subjectLabel": {"xml:lang": "en", "type": "literal", "value": "Conservative Party"}, "object": {"type": "uri", "value": "http://www.wikidata.org/entity/Q3303456"}, "objectLabel": {"xml:lang": "en", "type": "literal", "value": "Leader of the Conservative Party"}, "predicateLabel": {"xml:lang": "en", "type": "literal", "value": "office held by head of the organization"}}, {"subjectLabel": {"xml:lang": "en", "type": "literal", "value": "Conservative Party"}, "object": {"type": "uri", "value": "http://www.wikidata.org/entity/Q15982365"}, "objectLabel": {"xml:lang": "en", "type": "literal", "value": "Ultra-Tories"}, "predicateLabel": {"xml:lang": "en", "type": "literal", "value": "follows"}}, {"subjectLabel": {"xml:lang": "en", "type": "literal", "value": "Conservative Party"}, "object": {"type": "uri", "value": "http://www.wikidata.org/entity/Q7438011"}, "objectLabel": {"xml:lang": "en", "type": "literal", "value": "Scottish Unionist Party"}, "predicateLabel": {"xml:lang": "en", "type": "literal", "value": "follows"}}, {"subjectLabel": {"xml:lang": "en", "type": "literal", "value": "Conservative Party"}, "object": {"type": "uri", "value": "http://www.wikidata.org/entity/Q5163028"}, "objectLabel": {"xml:lang": "en", "type": "literal", "value": "Conservative Campaign Headquarters"}, "predicateLabel": {"xml:lang": "en", "type": "literal", "value": "headquarters location"}}, {"subjectLabel": {"xml:lang": "en", "type": "literal", "value": "Conservative Party"}, "object": {"type": "uri", "value": "http://www.wikidata.org/entity/Q8415130"}, "objectLabel": {"xml:lang": "en", "type": "literal", "value": "Category:Conservative Party (UK)"}, "predicateLabel": {"xml:lang": "en", "type": "literal", "value": "topic's main category"}}, {"subjectLabel": {"xml:lang": "en", "type": "literal", "value": "Conservative Party"}, "object": {"type": "uri", "value": "http://www.wikidata.org/entity/Q7981882"}, "objectLabel": {"xml:lang": "en", "type": "literal", "value": "Welsh Conservative Party"}, "predicateLabel": {"xml:lang": "en", "type": "literal", "value": "has part(s)"}}], "Q531471": [{"subjectLabel": {"xml:lang": "en", "type": "literal", "value": "Chancellor of the Exchequer"}, "object": {"type": "uri", "value": "http://www.wikidata.org/entity/Q145"}, "objectLabel": {"xml:lang": "en", "type": "literal", "value": "United Kingdom"}, "predicateLabel": {"xml:lang": "en", "type": "literal", "value": "country"}}, {"subjectLabel": {"xml:lang": "en", "type": "literal", "value": "Chancellor of the Exchequer"}, "object": {"type": "uri", "value": "http://www.wikidata.org/entity/Q145"}, "objectLabel": {"xml:lang": "en", "type": "literal", "value": "United Kingdom"}, "predicateLabel": {"xml:lang": "en", "type": "literal", "value": "applies to jurisdiction"}}, {"subjectLabel": {"xml:lang": "en", "type": "literal", "value": "Chancellor of the Exchequer"}, "object": {"type": "uri", "value": "http://www.wikidata.org/entity/Q294414"}, "objectLabel": {"xml:lang": "en", "type": "literal", "value": "public office"}, "predicateLabel": {"xml:lang": "en", "type": "literal", "value": "instance of"}}, {"subjectLabel": {"xml:lang": "en", "type": "literal", "value": "Chancellor of the Exchequer"}, "object": {"type": "uri", "value": "http://www.wikidata.org/entity/Q112014"}, "objectLabel": {"xml:lang": "en", "type": "literal", "value": "Cabinet of the United Kingdom"}, "predicateLabel": {"xml:lang": "en", "type": "literal", "value": "part of"}}, {"subjectLabel": {"xml:lang": "en", "type": "literal", "value": "Chancellor of the Exchequer"}, "object": {"type": "uri", "value": "http://www.wikidata.org/entity/Q578269"}, "objectLabel": {"xml:lang": "en", "type": "literal", "value": "HM Treasury"}, "predicateLabel": {"xml:lang": "en", "type": "literal", "value": "organization directed by the office or position"}}, {"subjectLabel": {"xml:lang": "en", "type": "literal", "value": "Chancellor of the Exchequer"}, "object": {"type": "uri", "value": "http://www.wikidata.org/entity/Q2403633"}, "objectLabel": {"xml:lang": "en", "type": "literal", "value": "11 Downing Street"}, "predicateLabel": {"xml:lang": "en", "type": "literal", "value": "official residence"}}, {"subjectLabel": {"xml:lang": "en", "type": "literal", "value": "Chancellor of the Exchequer"}, "object": {"type": "uri", "value": "http://www.wikidata.org/entity/Q7614320"}, "objectLabel": {"xml:lang": "en", "type": "literal", "value": "finance minister"}, "predicateLabel": {"xml:lang": "en", "type": "literal", "value": "subclass of"}}, {"subjectLabel": {"xml:lang": "en", "type": "literal", "value": "Chancellor of the Exchequer"}, "object": {"type": "uri", "value": "http://www.wikidata.org/entity/Q3315109"}, "objectLabel": {"xml:lang": "en", "type": "literal", "value": "Minister of the Crown"}, "predicateLabel": {"xml:lang": "en", "type": "literal", "value": "subclass of"}}, {"subjectLabel": {"xml:lang": "en", "type": "literal", "value": "Chancellor of the Exchequer"}, "object": {"type": "uri", "value": "http://www.wikidata.org/entity/Q9111196"}, "objectLabel": {"xml:lang": "en", "type": "literal", "value": "Category:Chancellors of the Exchequer"}, "predicateLabel": {"xml:lang": "en", "type": "literal", "value": "topic's main category"}}, {"subjectLabel": {"xml:lang": "en", "type": "literal", "value": "Chancellor of the Exchequer"}, "object": {"type": "uri", "value": "http://www.wikidata.org/entity/Q9134365"}, "objectLabel": {"xml:lang": "en", "type": "literal", "value": "monarch of the United Kingdom"}, "predicateLabel": {"xml:lang": "en", "type": "literal", "value": "appointed by"}}, {"subjectLabel": {"xml:lang": "en", "type": "literal", "value": "Chancellor of the Exchequer"}, "object": {"type": "uri", "value": "http://www.wikidata.org/entity/Q6785312"}, "objectLabel": {"xml:lang": "en", "type": "literal", "value": "Master of the Mint"}, "predicateLabel": {"xml:lang": "en", "type": "literal", "value": "replaces"}}, {"subjectLabel": {"xml:lang": "en", "type": "literal", "value": "Chancellor of the Exchequer"}, "object": {"type": "uri", "value": "http://www.wikidata.org/entity/Q1480896"}, "objectLabel": {"xml:lang": "en", "type": "literal", "value": "The Right Honourable"}, "predicateLabel": {"xml:lang": "en", "type": "literal", "value": "honorific prefix"}}, {"subjectLabel": {"xml:lang": "en", "type": "literal", "value": "Chancellor of the Exchequer"}, "object": {"type": "uri", "value": "http://www.wikidata.org/entity/Q5070793"}, "objectLabel": {"xml:lang": "en", "type": "literal", "value": "Chancellor of the Exchequer of Ireland"}, "predicateLabel": {"xml:lang": "en", "type": "literal", "value": "different from"}}, {"subjectLabel": {"xml:lang": "en", "type": "literal", "value": "Chancellor of the Exchequer"}, "object": {"type": "uri", "value": "http://www.wikidata.org/entity/Q5096927"}, "objectLabel": {"xml:lang": "en", "type": "literal", "value": "Chief Secretary to the Treasury"}, "predicateLabel": {"xml:lang": "en", "type": "literal", "value": "substitute/deputy/replacement of office/officeholder"}}]}