{"Q806798": [{"subjectLabel": {"xml:lang": "en", "type": "literal", "value": "banker"}, "object": {"type": "uri", "value": "http://www.wikidata.org/entity/Q9648031"}, "objectLabel": {"xml:lang": "en", "type": "literal", "value": "banker"}, "predicateLabel": {"xml:lang": "en", "type": "literal", "value": "different from"}}, {"subjectLabel": {"xml:lang": "en", "type": "literal", "value": "banker"}, "object": {"type": "uri", "value": "http://www.wikidata.org/entity/Q28640"}, "objectLabel": {"xml:lang": "en", "type": "literal", "value": "profession"}, "predicateLabel": {"xml:lang": "en", "type": "literal", "value": "instance of"}}, {"subjectLabel": {"xml:lang": "en", "type": "literal", "value": "banker"}, "object": {"type": "uri", "value": "http://www.wikidata.org/entity/Q22687"}, "objectLabel": {"xml:lang": "en", "type": "literal", "value": "bank"}, "predicateLabel": {"xml:lang": "en", "type": "literal", "value": "field of this occupation"}}, {"subjectLabel": {"xml:lang": "en", "type": "literal", "value": "banker"}, "object": {"type": "uri", "value": "http://www.wikidata.org/entity/Q43845"}, "objectLabel": {"xml:lang": "en", "type": "literal", "value": "businessperson"}, "predicateLabel": {"xml:lang": "en", "type": "literal", "value": "subclass of"}}, {"subjectLabel": {"xml:lang": "en", "type": "literal", "value": "banker"}, "object": {"type": "uri", "value": "http://www.wikidata.org/entity/Q43600"}, "objectLabel": {"xml:lang": "en", "type": "literal", "value": "Matthew the Apostle"}, "predicateLabel": {"xml:lang": "en", "type": "literal", "value": "patron saint"}}, {"subjectLabel": {"xml:lang": "en", "type": "literal", "value": "banker"}, "object": {"type": "uri", "value": "http://www.wikidata.org/entity/Q806805"}, "objectLabel": {"xml:lang": "en", "type": "literal", "value": "bank teller"}, "predicateLabel": {"xml:lang": "en", "type": "literal", "value": "different from"}}, {"subjectLabel": {"xml:lang": "en", "type": "literal", "value": "banker"}, "object": {"type": "uri", "value": "http://www.wikidata.org/entity/Q7217435"}, "objectLabel": {"xml:lang": "en", "type": "literal", "value": "Category:Bankers"}, "predicateLabel": {"xml:lang": "en", "type": "literal", "value": "topic's main category"}}, {"subjectLabel": {"xml:lang": "en", "type": "literal", "value": "banker"}, "object": {"type": "uri", "value": "http://www.wikidata.org/entity/Q12737077"}, "objectLabel": {"xml:lang": "en", "type": "literal", "value": "occupation"}, "predicateLabel": {"xml:lang": "en", "type": "literal", "value": "instance of"}}], "Q1357573": [{"subjectLabel": {"xml:lang": "en", "type": "literal", "value": "Medici Chapels"}, "object": {"type": "uri", "value": "http://www.wikidata.org/entity/Q38"}, "objectLabel": {"xml:lang": "en", "type": "literal", "value": "Italy"}, "predicateLabel": {"xml:lang": "en", "type": "literal", "value": "country"}}, {"subjectLabel": {"xml:lang": "en", "type": "literal", "value": "Medici Chapels"}, "object": {"type": "uri", "value": "http://www.wikidata.org/entity/Q1814990"}, "objectLabel": {"xml:lang": "en", "type": "literal", "value": "no"}, "predicateLabel": {"xml:lang": "en", "type": "literal", "value": "Wi-Fi access"}}, {"subjectLabel": {"xml:lang": "en", "type": "literal", "value": "Medici Chapels"}, "object": {"type": "uri", "value": "http://www.wikidata.org/entity/Q7075"}, "objectLabel": {"xml:lang": "en", "type": "literal", "value": "library"}, "predicateLabel": {"xml:lang": "en", "type": "literal", "value": "has facility"}}, {"subjectLabel": {"xml:lang": "en", "type": "literal", "value": "Medici Chapels"}, "object": {"type": "uri", "value": "http://www.wikidata.org/entity/Q27032363"}, "objectLabel": {"xml:lang": "en", "type": "literal", "value": "photo archive"}, "predicateLabel": {"xml:lang": "en", "type": "literal", "value": "has facility"}}, {"subjectLabel": {"xml:lang": "en", "type": "literal", "value": "Medici Chapels"}, "object": {"type": "uri", "value": "http://www.wikidata.org/entity/Q114221513"}, "objectLabel": {"xml:lang": "en", "type": "literal", "value": "Category:Medici Chapel (Basilica of San Lorenzo) - Exterior"}, "predicateLabel": {"xml:lang": "en", "type": "literal", "value": "category for the exterior of the item"}}, {"subjectLabel": {"xml:lang": "en", "type": "literal", "value": "Medici Chapels"}, "object": {"type": "uri", "value": "http://www.wikidata.org/entity/Q2044"}, "objectLabel": {"xml:lang": "en", "type": "literal", "value": "Florence"}, "predicateLabel": {"xml:lang": "en", "type": "literal", "value": "located in the administrative territorial entity"}}, {"subjectLabel": {"xml:lang": "en", "type": "literal", "value": "Medici Chapels"}, "object": {"type": "uri", "value": "http://www.wikidata.org/entity/Q212805"}, "objectLabel": {"xml:lang": "en", "type": "literal", "value": "digital library"}, "predicateLabel": {"xml:lang": "en", "type": "literal", "value": "uses"}}, {"subjectLabel": {"xml:lang": "en", "type": "literal", "value": "Medici Chapels"}, "object": {"type": "uri", "value": "http://www.wikidata.org/entity/Q207694"}, "objectLabel": {"xml:lang": "en", "type": "literal", "value": "art museum"}, "predicateLabel": {"xml:lang": "en", "type": "literal", "value": "instance of"}}, {"subjectLabel": {"xml:lang": "en", "type": "literal", "value": "Medici Chapels"}, "object": {"type": "uri", "value": "http://www.wikidata.org/entity/Q33506"}, "objectLabel": {"xml:lang": "en", "type": "literal", "value": "museum"}, "predicateLabel": {"xml:lang": "en", "type": "literal", "value": "instance of"}}, {"subjectLabel": {"xml:lang": "en", "type": "literal", "value": "Medici Chapels"}, "object": {"type": "uri", "value": "http://www.wikidata.org/entity/Q108325"}, "objectLabel": {"xml:lang": "en", "type": "literal", "value": "chapel"}, "predicateLabel": {"xml:lang": "en", "type": "literal", "value": "instance of"}}, {"subjectLabel": {"xml:lang": "en", "type": "literal", "value": "Medici Chapels"}, "object": {"type": "uri", "value": "http://www.wikidata.org/entity/Q24192067"}, "objectLabel": {"xml:lang": "en", "type": "literal", "value": "wheelchair accessible"}, "predicateLabel": {"xml:lang": "en", "type": "literal", "value": "disabled accessibility"}}, {"subjectLabel": {"xml:lang": "en", "type": "literal", "value": "Medici Chapels"}, "object": {"type": "uri", "value": "http://www.wikidata.org/entity/Q26971668"}, "objectLabel": {"xml:lang": "en", "type": "literal", "value": "Italian national heritage"}, "predicateLabel": {"xml:lang": "en", "type": "literal", "value": "heritage designation"}}, {"subjectLabel": {"xml:lang": "en", "type": "literal", "value": "Medici Chapels"}, "object": {"type": "uri", "value": "http://www.wikidata.org/entity/Q92755865"}, "objectLabel": {"xml:lang": "en", "type": "literal", "value": "religious museum"}, "predicateLabel": {"xml:lang": "en", "type": "literal", "value": "instance of"}}, {"subjectLabel": {"xml:lang": "en", "type": "literal", "value": "Medici Chapels"}, "object": {"type": "uri", "value": "http://www.wikidata.org/entity/Q3867560"}, "objectLabel": {"xml:lang": "en", "type": "literal", "value": "Italian national museum"}, "predicateLabel": {"xml:lang": "en", "type": "literal", "value": "instance of"}}, {"subjectLabel": {"xml:lang": "en", "type": "literal", "value": "Medici Chapels"}, "object": {"type": "uri", "value": "http://www.wikidata.org/entity/Q200764"}, "objectLabel": {"xml:lang": "en", "type": "literal", "value": "bookstore"}, "predicateLabel": {"xml:lang": "en", "type": "literal", "value": "has facility"}}, {"subjectLabel": {"xml:lang": "en", "type": "literal", "value": "Medici Chapels"}, "object": {"type": "uri", "value": "http://www.wikidata.org/entity/Q573881"}, "objectLabel": {"xml:lang": "en", "type": "literal", "value": "Basilica of San Lorenzo"}, "predicateLabel": {"xml:lang": "en", "type": "literal", "value": "part of"}}, {"subjectLabel": {"xml:lang": "en", "type": "literal", "value": "Medici Chapels"}, "object": {"type": "uri", "value": "http://www.wikidata.org/entity/Q170022"}, "objectLabel": {"xml:lang": "en", "type": "literal", "value": "House of Medici"}, "predicateLabel": {"xml:lang": "en", "type": "literal", "value": "named after"}}, {"subjectLabel": {"xml:lang": "en", "type": "literal", "value": "Medici Chapels"}, "object": {"type": "uri", "value": "http://www.wikidata.org/entity/Q121076418"}, "objectLabel": {"xml:lang": "en", "type": "literal", "value": "Musei del Bargello"}, "predicateLabel": {"xml:lang": "en", "type": "literal", "value": "part of"}}, {"subjectLabel": {"xml:lang": "en", "type": "literal", "value": "Medici Chapels"}, "object": {"type": "uri", "value": "http://www.wikidata.org/entity/Q635719"}, "objectLabel": {"xml:lang": "en", "type": "literal", "value": "archive building"}, "predicateLabel": {"xml:lang": "en", "type": "literal", "value": "has facility"}}, {"subjectLabel": {"xml:lang": "en", "type": "literal", "value": "Medici Chapels"}, "object": {"type": "uri", "value": "http://www.wikidata.org/entity/Q660876"}, "objectLabel": {"xml:lang": "en", "type": "literal", "value": "New Sacristy"}, "predicateLabel": {"xml:lang": "en", "type": "literal", "value": "has part(s)"}}, {"subjectLabel": {"xml:lang": "en", "type": "literal", "value": "Medici Chapels"}, "object": {"type": "uri", "value": "http://www.wikidata.org/entity/Q17306865"}, "objectLabel": {"xml:lang": "en", "type": "literal", "value": "Category:Medici Chapel"}, "predicateLabel": {"xml:lang": "en", "type": "literal", "value": "topic's main category"}}, {"subjectLabel": {"xml:lang": "en", "type": "literal", "value": "Medici Chapels"}, "object": {"type": "uri", "value": "http://www.wikidata.org/entity/Q19521341"}, "objectLabel": {"xml:lang": "en", "type": "literal", "value": "Cappella dei Principi"}, "predicateLabel": {"xml:lang": "en", "type": "literal", "value": "has part(s)"}}], "Q3840478": [{"subjectLabel": {"xml:lang": "en", "type": "literal", "value": "Luisa de' Medici"}, "object": {"type": "uri", "value": "http://www.wikidata.org/entity/Q5"}, "objectLabel": {"xml:lang": "en", "type": "literal", "value": "human"}, "predicateLabel": {"xml:lang": "en", "type": "literal", "value": "instance of"}}, {"subjectLabel": {"xml:lang": "en", "type": "literal", "value": "Luisa de' Medici"}, "object": {"type": "uri", "value": "http://www.wikidata.org/entity/Q2044"}, "objectLabel": {"xml:lang": "en", "type": "literal", "value": "Florence"}, "predicateLabel": {"xml:lang": "en", "type": "literal", "value": "place of birth"}}, {"subjectLabel": {"xml:lang": "en", "type": "literal", "value": "Luisa de' Medici"}, "object": {"type": "uri", "value": "http://www.wikidata.org/entity/Q177854"}, "objectLabel": {"xml:lang": "en", "type": "literal", "value": "Lorenzo de' Medici"}, "predicateLabel": {"xml:lang": "en", "type": "literal", "value": "father"}}, {"subjectLabel": {"xml:lang": "en", "type": "literal", "value": "Luisa de' Medici"}, "object": {"type": "uri", "value": "http://www.wikidata.org/entity/Q2044"}, "objectLabel": {"xml:lang": "en", "type": "literal", "value": "Florence"}, "predicateLabel": {"xml:lang": "en", "type": "literal", "value": "place of death"}}, {"subjectLabel": {"xml:lang": "en", "type": "literal", "value": "Luisa de' Medici"}, "object": {"type": "uri", "value": "http://www.wikidata.org/entity/Q148540"}, "objectLabel": {"xml:lang": "en", "type": "literal", "value": "Republic of Florence"}, "predicateLabel": {"xml:lang": "en", "type": "literal", "value": "country of citizenship"}}, {"subjectLabel": {"xml:lang": "en", "type": "literal", "value": "Luisa de' Medici"}, "object": {"type": "uri", "value": "http://www.wikidata.org/entity/Q6581072"}, "objectLabel": {"xml:lang": "en", "type": "literal", "value": "female"}, "predicateLabel": {"xml:lang": "en", "type": "literal", "value": "sex or gender"}}, {"subjectLabel": {"xml:lang": "en", "type": "literal", "value": "Luisa de' Medici"}, "object": {"type": "uri", "value": "http://www.wikidata.org/entity/Q261871"}, "objectLabel": {"xml:lang": "en", "type": "literal", "value": "Clarice Orsini"}, "predicateLabel": {"xml:lang": "en", "type": "literal", "value": "mother"}}, {"subjectLabel": {"xml:lang": "en", "type": "literal", "value": "Luisa de' Medici"}, "object": {"type": "uri", "value": "http://www.wikidata.org/entity/Q18092018"}, "objectLabel": {"xml:lang": "en", "type": "literal", "value": "Luisa"}, "predicateLabel": {"xml:lang": "en", "type": "literal", "value": "given name"}}, {"subjectLabel": {"xml:lang": "en", "type": "literal", "value": "Luisa de' Medici"}, "object": {"type": "uri", "value": "http://www.wikidata.org/entity/Q170022"}, "objectLabel": {"xml:lang": "en", "type": "literal", "value": "House of Medici"}, "predicateLabel": {"xml:lang": "en", "type": "literal", "value": "family"}}, {"subjectLabel": {"xml:lang": "en", "type": "literal", "value": "Luisa de' Medici"}, "object": {"type": "uri", "value": "http://www.wikidata.org/entity/Q23039018"}, "objectLabel": {"xml:lang": "en", "type": "literal", "value": "Medici"}, "predicateLabel": {"xml:lang": "en", "type": "literal", "value": "family name"}}, {"subjectLabel": {"xml:lang": "en", "type": "literal", "value": "Luisa de' Medici"}, "object": {"type": "uri", "value": "http://www.wikidata.org/entity/Q610743"}, "objectLabel": {"xml:lang": "en", "type": "literal", "value": "Contessina de' Medici"}, "predicateLabel": {"xml:lang": "en", "type": "literal", "value": "sibling"}}], "Q26110993": [{"subjectLabel": {"xml:lang": "en", "type": "literal", "value": "Category:Lorenzo de' Medici"}, "object": {"type": "uri", "value": "http://www.wikidata.org/entity/Q4167836"}, "objectLabel": {"xml:lang": "en", "type": "literal", "value": "Wikimedia category"}, "predicateLabel": {"xml:lang": "en", "type": "literal", "value": "instance of"}}, {"subjectLabel": {"xml:lang": "en", "type": "literal", "value": "Category:Lorenzo de' Medici"}, "object": {"type": "uri", "value": "http://www.wikidata.org/entity/Q177854"}, "objectLabel": {"xml:lang": "en", "type": "literal", "value": "Lorenzo de' Medici"}, "predicateLabel": {"xml:lang": "en", "type": "literal", "value": "category's main topic"}}], "Q61707613": [{"subjectLabel": {"xml:lang": "en", "type": "literal", "value": "Portrait of Lorenzo de' Medici"}, "object": {"type": "uri", "value": "http://www.wikidata.org/entity/Q5599"}, "objectLabel": {"xml:lang": "en", "type": "literal", "value": "Peter Paul Rubens"}, "predicateLabel": {"xml:lang": "en", "type": "literal", "value": "creator"}}, {"subjectLabel": {"xml:lang": "en", "type": "literal", "value": "Portrait of Lorenzo de' Medici"}, "object": {"type": "uri", "value": "http://www.wikidata.org/entity/Q134307"}, "objectLabel": {"xml:lang": "en", "type": "literal", "value": "portrait"}, "predicateLabel": {"xml:lang": "en", "type": "literal", "value": "genre"}}, {"subjectLabel": {"xml:lang": "en", "type": "literal", "value": "Portrait of Lorenzo de' Medici"}, "object": {"type": "uri", "value": "http://www.wikidata.org/entity/Q19652"}, "objectLabel": {"xml:lang": "en", "type": "literal", "value": "public domain"}, "predicateLabel": {"xml:lang": "en", "type": "literal", "value": "copyright status"}}, {"subjectLabel": {"xml:lang": "en", "type": "literal", "value": "Portrait of Lorenzo de' Medici"}, "object": {"type": "uri", "value": "http://www.wikidata.org/entity/Q3305213"}, "objectLabel": {"xml:lang": "en", "type": "literal", "value": "painting"}, "predicateLabel": {"xml:lang": "en", "type": "literal", "value": "instance of"}}, {"subjectLabel": {"xml:lang": "en", "type": "literal", "value": "Portrait of Lorenzo de' Medici"}, "object": {"type": "uri", "value": "http://www.wikidata.org/entity/Q595802"}, "objectLabel": {"xml:lang": "en", "type": "literal", "value": "Museum Plantin-Moretus"}, "predicateLabel": {"xml:lang": "en", "type": "literal", "value": "collection"}}, {"subjectLabel": {"xml:lang": "en", "type": "literal", "value": "Portrait of Lorenzo de' Medici"}, "object": {"type": "uri", "value": "http://www.wikidata.org/entity/Q595802"}, "objectLabel": {"xml:lang": "en", "type": "literal", "value": "Museum Plantin-Moretus"}, "predicateLabel": {"xml:lang": "en", "type": "literal", "value": "location"}}, {"subjectLabel": {"xml:lang": "en", "type": "literal", "value": "Portrait of Lorenzo de' Medici"}, "object": {"type": "uri", "value": "http://www.wikidata.org/entity/Q177854"}, "objectLabel": {"xml:lang": "en", "type": "literal", "value": "Lorenzo de' Medici"}, "predicateLabel": {"xml:lang": "en", "type": "literal", "value": "depicts"}}, {"subjectLabel": {"xml:lang": "en", "type": "literal", "value": "Portrait of Lorenzo de' Medici"}, "object": {"type": "uri", "value": "http://www.wikidata.org/entity/Q177854"}, "objectLabel": {"xml:lang": "en", "type": "literal", "value": "Lorenzo de' Medici"}, "predicateLabel": {"xml:lang": "en", "type": "literal", "value": "main subject"}}], "Q5571": [{"subjectLabel": {"xml:lang": "en", "type": "literal", "value": "Andrea del Sarto"}, "object": {"type": "uri", "value": "http://www.wikidata.org/entity/Q5"}, "objectLabel": {"xml:lang": "en", "type": "literal", "value": "human"}, "predicateLabel": {"xml:lang": "en", "type": "literal", "value": "instance of"}}, {"subjectLabel": {"xml:lang": "en", "type": "literal", "value": "Andrea del Sarto"}, "object": {"type": "uri", "value": "http://www.wikidata.org/entity/Q5503390"}, "objectLabel": {"xml:lang": "en", "type": "literal", "value": "Frick Art Reference Library"}, "predicateLabel": {"xml:lang": "en", "type": "literal", "value": "artist files at"}}, {"subjectLabel": {"xml:lang": "en", "type": "literal", "value": "Andrea del Sarto"}, "object": {"type": "uri", "value": "http://www.wikidata.org/entity/Q511"}, "objectLabel": {"xml:lang": "en", "type": "literal", "value": "Museum of Fine Arts of Lyon"}, "predicateLabel": {"xml:lang": "en", "type": "literal", "value": "has works in the collection"}}, {"subjectLabel": {"xml:lang": "en", "type": "literal", "value": "Andrea del Sarto"}, "object": {"type": "uri", "value": "http://www.wikidata.org/entity/Q49133"}, "objectLabel": {"xml:lang": "en", "type": "literal", "value": "Museum of Fine Arts Boston"}, "predicateLabel": {"xml:lang": "en", "type": "literal", "value": "has works in the collection"}}, {"subjectLabel": {"xml:lang": "en", "type": "literal", "value": "Andrea del Sarto"}, "object": {"type": "uri", "value": "http://www.wikidata.org/entity/Q51252"}, "objectLabel": {"xml:lang": "en", "type": "literal", "value": "Uffizi Gallery"}, "predicateLabel": {"xml:lang": "en", "type": "literal", "value": "has works in the collection"}}, {"subjectLabel": {"xml:lang": "en", "type": "literal", "value": "Andrea del Sarto"}, "object": {"type": "uri", "value": "http://www.wikidata.org/entity/Q652"}, "objectLabel": {"xml:lang": "en", "type": "literal", "value": "Italian"}, "predicateLabel": {"xml:lang": "en", "type": "literal", "value": "languages spoken, written or signed"}}, {"subjectLabel": {"xml:lang": "en", "type": "literal", "value": "Andrea del Sarto"}, "object": {"type": "uri", "value": "http://www.wikidata.org/entity/Q2044"}, "objectLabel": {"xml:lang": "en", "type": "literal", "value": "Florence"}, "predicateLabel": {"xml:lang": "en", "type": "literal", "value": "place of birth"}}, {"subjectLabel": {"xml:lang": "en", "type": "literal", "value": "Andrea del Sarto"}, "object": {"type": "uri", "value": "http://www.wikidata.org/entity/Q2044"}, "objectLabel": {"xml:lang": "en", "type": "literal", "value": "Florence"}, "predicateLabel": {"xml:lang": "en", "type": "literal", "value": "work location"}}, {"subjectLabel": {"xml:lang": "en", "type": "literal", "value": "Andrea del Sarto"}, "object": {"type": "uri", "value": "http://www.wikidata.org/entity/Q2846429"}, "objectLabel": {"xml:lang": "en", "type": "literal", "value": "Andrea del Sarto"}, "predicateLabel": {"xml:lang": "en", "type": "literal", "value": "different from"}}, {"subjectLabel": {"xml:lang": "en", "type": "literal", "value": "Andrea del Sarto"}, "object": {"type": "uri", "value": "http://www.wikidata.org/entity/Q2044"}, "objectLabel": {"xml:lang": "en", "type": "literal", "value": "Florence"}, "predicateLabel": {"xml:lang": "en", "type": "literal", "value": "place of death"}}, {"subjectLabel": {"xml:lang": "en", "type": "literal", "value": "Andrea del Sarto"}, "object": {"type": "uri", "value": "http://www.wikidata.org/entity/Q132783"}, "objectLabel": {"xml:lang": "en", "type": "literal", "value": "Hermitage Museum"}, "predicateLabel": {"xml:lang": "en", "type": "literal", "value": "has works in the collection"}}, {"subjectLabel": {"xml:lang": "en", "type": "literal", "value": "Andrea del Sarto"}, "object": {"type": "uri", "value": "http://www.wikidata.org/entity/Q153306"}, "objectLabel": {"xml:lang": "en", "type": "literal", "value": "National Museum in Warsaw"}, "predicateLabel": {"xml:lang": "en", "type": "literal", "value": "has works in the collection"}}, {"subjectLabel": {"xml:lang": "en", "type": "literal", "value": "Andrea del Sarto"}, "object": {"type": "uri", "value": "http://www.wikidata.org/entity/Q154568"}, "objectLabel": {"xml:lang": "en", "type": "literal", "value": "Alte Pinakothek"}, "predicateLabel": {"xml:lang": "en", "type": "literal", "value": "has works in the collection"}}, {"subjectLabel": {"xml:lang": "en", "type": "literal", "value": "Andrea del Sarto"}, "object": {"type": "uri", "value": "http://www.wikidata.org/entity/Q95569"}, "objectLabel": {"xml:lang": "en", "type": "literal", "value": "Kunsthistorisches Museum"}, "predicateLabel": {"xml:lang": "en", "type": "literal", "value": "has works in the collection"}}, {"subjectLabel": {"xml:lang": "en", "type": "literal", "value": "Andrea del Sarto"}, "object": {"type": "uri", "value": "http://www.wikidata.org/entity/Q11629"}, "objectLabel": {"xml:lang": "en", "type": "literal", "value": "art of painting"}, "predicateLabel": {"xml:lang": "en", "type": "literal", "value": "genre"}}, {"subjectLabel": {"xml:lang": "en", "type": "literal", "value": "Andrea del Sarto"}, "object": {"type": "uri", "value": "http://www.wikidata.org/entity/Q160236"}, "objectLabel": {"xml:lang": "en", "type": "literal", "value": "Metropolitan Museum of Art"}, "predicateLabel": {"xml:lang": "en", "type": "literal", "value": "has works in the collection"}}, {"subjectLabel": {"xml:lang": "en", "type": "literal", "value": "Andrea del Sarto"}, "object": {"type": "uri", "value": "http://www.wikidata.org/entity/Q239303"}, "objectLabel": {"xml:lang": "en", "type": "literal", "value": "Art Institute of Chicago"}, "predicateLabel": {"xml:lang": "en", "type": "literal", "value": "has works in the collection"}}, {"subjectLabel": {"xml:lang": "en", "type": "literal", "value": "Andrea del Sarto"}, "object": {"type": "uri", "value": "http://www.wikidata.org/entity/Q11629"}, "objectLabel": {"xml:lang": "en", "type": "literal", "value": "art of painting"}, "predicateLabel": {"xml:lang": "en", "type": "literal", "value": "field of work"}}, {"subjectLabel": {"xml:lang": "en", "type": "literal", "value": "Andrea del Sarto"}, "object": {"type": "uri", "value": "http://www.wikidata.org/entity/Q9015338"}, "objectLabel": {"xml:lang": "en", "type": "literal", "value": "Category:Andrea del Sarto"}, "predicateLabel": {"xml:lang": "en", "type": "literal", "value": "topic's main category"}}, {"subjectLabel": {"xml:lang": "en", "type": "literal", "value": "Andrea del Sarto"}, "object": {"type": "uri", "value": "http://www.wikidata.org/entity/Q280851"}, "objectLabel": {"xml:lang": "en", "type": "literal", "value": "Piero di Cosimo"}, "predicateLabel": {"xml:lang": "en", "type": "literal", "value": "student of"}}, {"subjectLabel": {"xml:lang": "en", "type": "literal", "value": "Andrea del Sarto"}, "object": {"type": "uri", "value": "http://www.wikidata.org/entity/Q15089621"}, "objectLabel": {"xml:lang": "en", "type": "literal", "value": "Teutsche Academie der Edlen Bau- Bild- und Mahlerey-K\u00fcnste"}, "predicateLabel": {"xml:lang": "en", "type": "literal", "value": "described by source"}}, {"subjectLabel": {"xml:lang": "en", "type": "literal", "value": "Andrea del Sarto"}, "object": {"type": "uri", "value": "http://www.wikidata.org/entity/Q1235695"}, "objectLabel": {"xml:lang": "en", "type": "literal", "value": "Madonna of the Harpies"}, "predicateLabel": {"xml:lang": "en", "type": "literal", "value": "notable work"}}, {"subjectLabel": {"xml:lang": "en", "type": "literal", "value": "Andrea del Sarto"}, "object": {"type": "uri", "value": "http://www.wikidata.org/entity/Q1241129"}, "objectLabel": {"xml:lang": "en", "type": "literal", "value": "San Gallo Annunciation"}, "predicateLabel": {"xml:lang": "en", "type": "literal", "value": "notable work"}}, {"subjectLabel": {"xml:lang": "en", "type": "literal", "value": "Andrea del Sarto"}, "object": {"type": "uri", "value": "http://www.wikidata.org/entity/Q302556"}, "objectLabel": {"xml:lang": "en", "type": "literal", "value": "Catholic Encyclopedia"}, "predicateLabel": {"xml:lang": "en", "type": "literal", "value": "described by source"}}, {"subjectLabel": {"xml:lang": "en", "type": "literal", "value": "Andrea del Sarto"}, "object": {"type": "uri", "value": "http://www.wikidata.org/entity/Q1028181"}, "objectLabel": {"xml:lang": "en", "type": "literal", "value": "painter"}, "predicateLabel": {"xml:lang": "en", "type": "literal", "value": "occupation"}}, {"subjectLabel": {"xml:lang": "en", "type": "literal", "value": "Andrea del Sarto"}, "object": {"type": "uri", "value": "http://www.wikidata.org/entity/Q1157807"}, "objectLabel": {"xml:lang": "en", "type": "literal", "value": "Schilder-boeck"}, "predicateLabel": {"xml:lang": "en", "type": "literal", "value": "described by source"}}, {"subjectLabel": {"xml:lang": "en", "type": "literal", "value": "Andrea del Sarto"}, "object": {"type": "uri", "value": "http://www.wikidata.org/entity/Q1645493"}, "objectLabel": {"xml:lang": "en", "type": "literal", "value": "Lives of the Most Excellent Painters, Sculptors, and Architects"}, "predicateLabel": {"xml:lang": "en", "type": "literal", "value": "described by source"}}, {"subjectLabel": {"xml:lang": "en", "type": "literal", "value": "Andrea del Sarto"}, "object": {"type": "uri", "value": "http://www.wikidata.org/entity/Q377500"}, "objectLabel": {"xml:lang": "en", "type": "literal", "value": "Royal Museums of Fine Arts of Belgium"}, "predicateLabel": {"xml:lang": "en", "type": "literal", "value": "has works in the collection"}}, {"subjectLabel": {"xml:lang": "en", "type": "literal", "value": "Andrea del Sarto"}, "object": {"type": "uri", "value": "http://www.wikidata.org/entity/Q290549"}, "objectLabel": {"xml:lang": "en", "type": "literal", "value": "National Museum of Capodimonte"}, "predicateLabel": {"xml:lang": "en", "type": "literal", "value": "has works in the collection"}}, {"subjectLabel": {"xml:lang": "en", "type": "literal", "value": "Andrea del Sarto"}, "object": {"type": "uri", "value": "http://www.wikidata.org/entity/Q475667"}, "objectLabel": {"xml:lang": "en", "type": "literal", "value": "F\u00fchrermuseum"}, "predicateLabel": {"xml:lang": "en", "type": "literal", "value": "has works in the collection"}}, {"subjectLabel": {"xml:lang": "en", "type": "literal", "value": "Andrea del Sarto"}, "object": {"type": "uri", "value": "http://www.wikidata.org/entity/Q569079"}, "objectLabel": {"xml:lang": "en", "type": "literal", "value": "Mus\u00e9e des Beaux-Arts de Caen"}, "predicateLabel": {"xml:lang": "en", "type": "literal", "value": "has works in the collection"}}, {"subjectLabel": {"xml:lang": "en", "type": "literal", "value": "Andrea del Sarto"}, "object": {"type": "uri", "value": "http://www.wikidata.org/entity/Q207929"}, "objectLabel": {"xml:lang": "en", "type": "literal", "value": "Pontormo"}, "predicateLabel": {"xml:lang": "en", "type": "literal", "value": "student"}}, {"subjectLabel": {"xml:lang": "en", "type": "literal", "value": "Andrea del Sarto"}, "object": {"type": "uri", "value": "http://www.wikidata.org/entity/Q733389"}, "objectLabel": {"xml:lang": "en", "type": "literal", "value": "Villa Medici"}, "predicateLabel": {"xml:lang": "en", "type": "literal", "value": "has works in the collection"}}, {"subjectLabel": {"xml:lang": "en", "type": "literal", "value": "Andrea del Sarto"}, "object": {"type": "uri", "value": "http://www.wikidata.org/entity/Q812285"}, "objectLabel": {"xml:lang": "en", "type": "literal", "value": "Bavarian State Painting Collections"}, "predicateLabel": {"xml:lang": "en", "type": "literal", "value": "has works in the collection"}}, {"subjectLabel": {"xml:lang": "en", "type": "literal", "value": "Andrea del Sarto"}, "object": {"type": "uri", "value": "http://www.wikidata.org/entity/Q840886"}, "objectLabel": {"xml:lang": "en", "type": "literal", "value": "Museum of Fine Arts, Budapest"}, "predicateLabel": {"xml:lang": "en", "type": "literal", "value": "has works in the collection"}}, {"subjectLabel": {"xml:lang": "en", "type": "literal", "value": "Andrea del Sarto"}, "object": {"type": "uri", "value": "http://www.wikidata.org/entity/Q160112"}, "objectLabel": {"xml:lang": "en", "type": "literal", "value": "Museo del Prado"}, "predicateLabel": {"xml:lang": "en", "type": "literal", "value": "has works in the collection"}}, {"subjectLabel": {"xml:lang": "en", "type": "literal", "value": "Andrea del Sarto"}, "object": {"type": "uri", "value": "http://www.wikidata.org/entity/Q954072"}, "objectLabel": {"xml:lang": "en", "type": "literal", "value": "Raffaellino del Garbo"}, "predicateLabel": {"xml:lang": "en", "type": "literal", "value": "student of"}}, {"subjectLabel": {"xml:lang": "en", "type": "literal", "value": "Andrea del Sarto"}, "object": {"type": "uri", "value": "http://www.wikidata.org/entity/Q133780"}, "objectLabel": {"xml:lang": "en", "type": "literal", "value": "plague"}, "predicateLabel": {"xml:lang": "en", "type": "literal", "value": "cause of death"}}, {"subjectLabel": {"xml:lang": "en", "type": "literal", "value": "Andrea del Sarto"}, "object": {"type": "uri", "value": "http://www.wikidata.org/entity/Q180788"}, "objectLabel": {"xml:lang": "en", "type": "literal", "value": "National Gallery"}, "predicateLabel": {"xml:lang": "en", "type": "literal", "value": "has works in the collection"}}, {"subjectLabel": {"xml:lang": "en", "type": "literal", "value": "Andrea del Sarto"}, "object": {"type": "uri", "value": "http://www.wikidata.org/entity/Q165631"}, "objectLabel": {"xml:lang": "en", "type": "literal", "value": "Gem\u00e4ldegalerie"}, "predicateLabel": {"xml:lang": "en", "type": "literal", "value": "has works in the collection"}}, {"subjectLabel": {"xml:lang": "en", "type": "literal", "value": "Andrea del Sarto"}, "object": {"type": "uri", "value": "http://www.wikidata.org/entity/Q163804"}, "objectLabel": {"xml:lang": "en", "type": "literal", "value": "St\u00e4del Museum"}, "predicateLabel": {"xml:lang": "en", "type": "literal", "value": "has works in the collection"}}, {"subjectLabel": {"xml:lang": "en", "type": "literal", "value": "Andrea del Sarto"}, "object": {"type": "uri", "value": "http://www.wikidata.org/entity/Q602358"}, "objectLabel": {"xml:lang": "en", "type": "literal", "value": "Brockhaus and Efron Encyclopedic Dictionary"}, "predicateLabel": {"xml:lang": "en", "type": "literal", "value": "described by source"}}, {"subjectLabel": {"xml:lang": "en", "type": "literal", "value": "Andrea del Sarto"}, "object": {"type": "uri", "value": "http://www.wikidata.org/entity/Q2790378"}, "objectLabel": {"xml:lang": "en", "type": "literal", "value": "Last Supper"}, "predicateLabel": {"xml:lang": "en", "type": "literal", "value": "notable work"}}, {"subjectLabel": {"xml:lang": "en", "type": "literal", "value": "Andrea del Sarto"}, "object": {"type": "uri", "value": "http://www.wikidata.org/entity/Q3265978"}, "objectLabel": {"xml:lang": "en", "type": "literal", "value": "Lucrezia del Fede"}, "predicateLabel": {"xml:lang": "en", "type": "literal", "value": "spouse"}}, {"subjectLabel": {"xml:lang": "en", "type": "literal", "value": "Andrea del Sarto"}, "object": {"type": "uri", "value": "http://www.wikidata.org/entity/Q18177306"}, "objectLabel": {"xml:lang": "en", "type": "literal", "value": "Andrea"}, "predicateLabel": {"xml:lang": "en", "type": "literal", "value": "given name"}}, {"subjectLabel": {"xml:lang": "en", "type": "literal", "value": "Andrea del Sarto"}, "object": {"type": "uri", "value": "http://www.wikidata.org/entity/Q6581097"}, "objectLabel": {"xml:lang": "en", "type": "literal", "value": "male"}, "predicateLabel": {"xml:lang": "en", "type": "literal", "value": "sex or gender"}}, {"subjectLabel": {"xml:lang": "en", "type": "literal", "value": "Andrea del Sarto"}, "object": {"type": "uri", "value": "http://www.wikidata.org/entity/Q16082057"}, "objectLabel": {"xml:lang": "en", "type": "literal", "value": "The New Student's Reference Work"}, "predicateLabel": {"xml:lang": "en", "type": "literal", "value": "described by source"}}, {"subjectLabel": {"xml:lang": "en", "type": "literal", "value": "Andrea del Sarto"}, "object": {"type": "uri", "value": "http://www.wikidata.org/entity/Q17329836"}, "objectLabel": {"xml:lang": "en", "type": "literal", "value": "Larousse Encyclopedia online"}, "predicateLabel": {"xml:lang": "en", "type": "literal", "value": "described by source"}}, {"subjectLabel": {"xml:lang": "en", "type": "literal", "value": "Andrea del Sarto"}, "object": {"type": "uri", "value": "http://www.wikidata.org/entity/Q21510687"}, "objectLabel": {"xml:lang": "en", "type": "literal", "value": "Sarto"}, "predicateLabel": {"xml:lang": "en", "type": "literal", "value": "family name"}}, {"subjectLabel": {"xml:lang": "en", "type": "literal", "value": "Andrea del Sarto"}, "object": {"type": "uri", "value": "http://www.wikidata.org/entity/Q19180675"}, "objectLabel": {"xml:lang": "en", "type": "literal", "value": "Small Brockhaus and Efron Encyclopedic Dictionary"}, "predicateLabel": {"xml:lang": "en", "type": "literal", "value": "described by source"}}, {"subjectLabel": {"xml:lang": "en", "type": "literal", "value": "Andrea del Sarto"}, "object": {"type": "uri", "value": "http://www.wikidata.org/entity/Q19219752"}, "objectLabel": {"xml:lang": "en", "type": "literal", "value": "Meyers Konversations-Lexikon, 4th edition (1885\u20131890)"}, "predicateLabel": {"xml:lang": "en", "type": "literal", "value": "described by source"}}, {"subjectLabel": {"xml:lang": "en", "type": "literal", "value": "Andrea del Sarto"}, "object": {"type": "uri", "value": "http://www.wikidata.org/entity/Q51166851"}, "objectLabel": {"xml:lang": "en", "type": "literal", "value": "1000 Mesterv\u00e6rker: Europ\u00e6isk malerkunst fra 13. til 19. \u00e5rhundrede"}, "predicateLabel": {"xml:lang": "en", "type": "literal", "value": "described by source"}}, {"subjectLabel": {"xml:lang": "en", "type": "literal", "value": "Andrea del Sarto"}, "object": {"type": "uri", "value": "http://www.wikidata.org/entity/Q51955019"}, "objectLabel": {"xml:lang": "en", "type": "literal", "value": "BEIC Digital Library"}, "predicateLabel": {"xml:lang": "en", "type": "literal", "value": "described by source"}}, {"subjectLabel": {"xml:lang": "en", "type": "literal", "value": "Andrea del Sarto"}, "object": {"type": "uri", "value": "http://www.wikidata.org/entity/Q3181656"}, "objectLabel": {"xml:lang": "en", "type": "literal", "value": "The Nuttall Encyclop\u00e6dia"}, "predicateLabel": {"xml:lang": "en", "type": "literal", "value": "described by source"}}, {"subjectLabel": {"xml:lang": "en", "type": "literal", "value": "Andrea del Sarto"}, "object": {"type": "uri", "value": "http://www.wikidata.org/entity/Q842858"}, "objectLabel": {"xml:lang": "en", "type": "literal", "value": "Nationalmuseum"}, "predicateLabel": {"xml:lang": "en", "type": "literal", "value": "has works in the collection"}}, {"subjectLabel": {"xml:lang": "en", "type": "literal", "value": "Andrea del Sarto"}, "object": {"type": "uri", "value": "http://www.wikidata.org/entity/Q841506"}, "objectLabel": {"xml:lang": "en", "type": "literal", "value": "Galleria Borghese"}, "predicateLabel": {"xml:lang": "en", "type": "literal", "value": "has works in the collection"}}, {"subjectLabel": {"xml:lang": "en", "type": "literal", "value": "Andrea del Sarto"}, "object": {"type": "uri", "value": "http://www.wikidata.org/entity/Q636400"}, "objectLabel": {"xml:lang": "en", "type": "literal", "value": "Ashmolean Museum"}, "predicateLabel": {"xml:lang": "en", "type": "literal", "value": "has works in the collection"}}, {"subjectLabel": {"xml:lang": "en", "type": "literal", "value": "Andrea del Sarto"}, "object": {"type": "uri", "value": "http://www.wikidata.org/entity/Q657415"}, "objectLabel": {"xml:lang": "en", "type": "literal", "value": "Cleveland Museum of Art"}, "predicateLabel": {"xml:lang": "en", "type": "literal", "value": "has works in the collection"}}, {"subjectLabel": {"xml:lang": "en", "type": "literal", "value": "Andrea del Sarto"}, "object": {"type": "uri", "value": "http://www.wikidata.org/entity/Q653002"}, "objectLabel": {"xml:lang": "en", "type": "literal", "value": "Staatliche Kunstsammlungen Dresden"}, "predicateLabel": {"xml:lang": "en", "type": "literal", "value": "has works in the collection"}}, {"subjectLabel": {"xml:lang": "en", "type": "literal", "value": "Andrea del Sarto"}, "object": {"type": "uri", "value": "http://www.wikidata.org/entity/Q214867"}, "objectLabel": {"xml:lang": "en", "type": "literal", "value": "National Gallery of Art"}, "predicateLabel": {"xml:lang": "en", "type": "literal", "value": "has works in the collection"}}, {"subjectLabel": {"xml:lang": "en", "type": "literal", "value": "Andrea del Sarto"}, "object": {"type": "uri", "value": "http://www.wikidata.org/entity/Q124737637"}, "objectLabel": {"xml:lang": "en", "type": "literal", "value": "Armenian Soviet Encyclopedia, vol. 10"}, "predicateLabel": {"xml:lang": "en", "type": "literal", "value": "described by source"}}, {"subjectLabel": {"xml:lang": "en", "type": "literal", "value": "Andrea del Sarto"}, "object": {"type": "uri", "value": "http://www.wikidata.org/entity/Q67311526"}, "objectLabel": {"xml:lang": "en", "type": "literal", "value": "Obalky knih.cz"}, "predicateLabel": {"xml:lang": "en", "type": "literal", "value": "described by source"}}, {"subjectLabel": {"xml:lang": "en", "type": "literal", "value": "Andrea del Sarto"}, "object": {"type": "uri", "value": "http://www.wikidata.org/entity/Q1474884"}, "objectLabel": {"xml:lang": "en", "type": "literal", "value": "High Renaissance"}, "predicateLabel": {"xml:lang": "en", "type": "literal", "value": "movement"}}, {"subjectLabel": {"xml:lang": "en", "type": "literal", "value": "Andrea del Sarto"}, "object": {"type": "uri", "value": "http://www.wikidata.org/entity/Q15296811"}, "objectLabel": {"xml:lang": "en", "type": "literal", "value": "drawer"}, "predicateLabel": {"xml:lang": "en", "type": "literal", "value": "occupation"}}, {"subjectLabel": {"xml:lang": "en", "type": "literal", "value": "Andrea del Sarto"}, "object": {"type": "uri", "value": "http://www.wikidata.org/entity/Q3739104"}, "objectLabel": {"xml:lang": "en", "type": "literal", "value": "natural causes"}, "predicateLabel": {"xml:lang": "en", "type": "literal", "value": "manner of death"}}, {"subjectLabel": {"xml:lang": "en", "type": "literal", "value": "Andrea del Sarto"}, "object": {"type": "uri", "value": "http://www.wikidata.org/entity/Q847508"}, "objectLabel": {"xml:lang": "en", "type": "literal", "value": "Worcester Art Museum"}, "predicateLabel": {"xml:lang": "en", "type": "literal", "value": "has works in the collection"}}, {"subjectLabel": {"xml:lang": "en", "type": "literal", "value": "Andrea del Sarto"}, "object": {"type": "uri", "value": "http://www.wikidata.org/entity/Q1043967"}, "objectLabel": {"xml:lang": "en", "type": "literal", "value": "Carnegie Museum of Art"}, "predicateLabel": {"xml:lang": "en", "type": "literal", "value": "has works in the collection"}}, {"subjectLabel": {"xml:lang": "en", "type": "literal", "value": "Andrea del Sarto"}, "object": {"type": "uri", "value": "http://www.wikidata.org/entity/Q866498"}, "objectLabel": {"xml:lang": "en", "type": "literal", "value": "Galleria Palatina"}, "predicateLabel": {"xml:lang": "en", "type": "literal", "value": "has works in the collection"}}, {"subjectLabel": {"xml:lang": "en", "type": "literal", "value": "Andrea del Sarto"}, "object": {"type": "uri", "value": "http://www.wikidata.org/entity/Q895434"}, "objectLabel": {"xml:lang": "en", "type": "literal", "value": "Bowes Museum"}, "predicateLabel": {"xml:lang": "en", "type": "literal", "value": "has works in the collection"}}, {"subjectLabel": {"xml:lang": "en", "type": "literal", "value": "Andrea del Sarto"}, "object": {"type": "uri", "value": "http://www.wikidata.org/entity/Q148540"}, "objectLabel": {"xml:lang": "en", "type": "literal", "value": "Republic of Florence"}, "predicateLabel": {"xml:lang": "en", "type": "literal", "value": "country of citizenship"}}, {"subjectLabel": {"xml:lang": "en", "type": "literal", "value": "Andrea del Sarto"}, "object": {"type": "uri", "value": "http://www.wikidata.org/entity/Q2287001"}, "objectLabel": {"xml:lang": "en", "type": "literal", "value": "Santissima Annunziata"}, "predicateLabel": {"xml:lang": "en", "type": "literal", "value": "place of burial"}}, {"subjectLabel": {"xml:lang": "en", "type": "literal", "value": "Andrea del Sarto"}, "object": {"type": "uri", "value": "http://www.wikidata.org/entity/Q1568434"}, "objectLabel": {"xml:lang": "en", "type": "literal", "value": "Yale University Art Gallery"}, "predicateLabel": {"xml:lang": "en", "type": "literal", "value": "has works in the collection"}}, {"subjectLabel": {"xml:lang": "en", "type": "literal", "value": "Andrea del Sarto"}, "object": {"type": "uri", "value": "http://www.wikidata.org/entity/Q1976985"}, "objectLabel": {"xml:lang": "en", "type": "literal", "value": "The Nelson-Atkins Museum of Art"}, "predicateLabel": {"xml:lang": "en", "type": "literal", "value": "has works in the collection"}}, {"subjectLabel": {"xml:lang": "en", "type": "literal", "value": "Andrea del Sarto"}, "object": {"type": "uri", "value": "http://www.wikidata.org/entity/Q1501215"}, "objectLabel": {"xml:lang": "en", "type": "literal", "value": "Electoral Gallery Dusseldorf"}, "predicateLabel": {"xml:lang": "en", "type": "literal", "value": "has works in the collection"}}, {"subjectLabel": {"xml:lang": "en", "type": "literal", "value": "Andrea del Sarto"}, "object": {"type": "uri", "value": "http://www.wikidata.org/entity/Q1464509"}, "objectLabel": {"xml:lang": "en", "type": "literal", "value": "National Gallery of Victoria"}, "predicateLabel": {"xml:lang": "en", "type": "literal", "value": "has works in the collection"}}, {"subjectLabel": {"xml:lang": "en", "type": "literal", "value": "Andrea del Sarto"}, "object": {"type": "uri", "value": "http://www.wikidata.org/entity/Q1327919"}, "objectLabel": {"xml:lang": "en", "type": "literal", "value": "The Wallace Collection"}, "predicateLabel": {"xml:lang": "en", "type": "literal", "value": "has works in the collection"}}, {"subjectLabel": {"xml:lang": "en", "type": "literal", "value": "Andrea del Sarto"}, "object": {"type": "uri", "value": "http://www.wikidata.org/entity/Q1068063"}, "objectLabel": {"xml:lang": "en", "type": "literal", "value": "National Gallery of Canada"}, "predicateLabel": {"xml:lang": "en", "type": "literal", "value": "has works in the collection"}}, {"subjectLabel": {"xml:lang": "en", "type": "literal", "value": "Andrea del Sarto"}, "object": {"type": "uri", "value": "http://www.wikidata.org/entity/Q1241163"}, "objectLabel": {"xml:lang": "en", "type": "literal", "value": "Dulwich Picture Gallery"}, "predicateLabel": {"xml:lang": "en", "type": "literal", "value": "has works in the collection"}}, {"subjectLabel": {"xml:lang": "en", "type": "literal", "value": "Andrea del Sarto"}, "object": {"type": "uri", "value": "http://www.wikidata.org/entity/Q679527"}, "objectLabel": {"xml:lang": "en", "type": "literal", "value": "Museum Boijmans Van Beuningen"}, "predicateLabel": {"xml:lang": "en", "type": "literal", "value": "has works in the collection"}}, {"subjectLabel": {"xml:lang": "en", "type": "literal", "value": "Andrea del Sarto"}, "object": {"type": "uri", "value": "http://www.wikidata.org/entity/Q671384"}, "objectLabel": {"xml:lang": "en", "type": "literal", "value": "Statens Museum for Kunst"}, "predicateLabel": {"xml:lang": "en", "type": "literal", "value": "has works in the collection"}}, {"subjectLabel": {"xml:lang": "en", "type": "literal", "value": "Andrea del Sarto"}, "object": {"type": "uri", "value": "http://www.wikidata.org/entity/Q731126"}, "objectLabel": {"xml:lang": "en", "type": "literal", "value": "J. Paul Getty Museum"}, "predicateLabel": {"xml:lang": "en", "type": "literal", "value": "has works in the collection"}}, {"subjectLabel": {"xml:lang": "en", "type": "literal", "value": "Andrea del Sarto"}, "object": {"type": "uri", "value": "http://www.wikidata.org/entity/Q2266081"}, "objectLabel": {"xml:lang": "en", "type": "literal", "value": "Galleria Nazionale d'Arte Antica"}, "predicateLabel": {"xml:lang": "en", "type": "literal", "value": "has works in the collection"}}, {"subjectLabel": {"xml:lang": "en", "type": "literal", "value": "Andrea del Sarto"}, "object": {"type": "uri", "value": "http://www.wikidata.org/entity/Q3816734"}, "objectLabel": {"xml:lang": "en", "type": "literal", "value": "Allen Memorial Art Museum"}, "predicateLabel": {"xml:lang": "en", "type": "literal", "value": "has works in the collection"}}, {"subjectLabel": {"xml:lang": "en", "type": "literal", "value": "Andrea del Sarto"}, "object": {"type": "uri", "value": "http://www.wikidata.org/entity/Q2051997"}, "objectLabel": {"xml:lang": "en", "type": "literal", "value": "National Galleries Scotland"}, "predicateLabel": {"xml:lang": "en", "type": "literal", "value": "has works in the collection"}}, {"subjectLabel": {"xml:lang": "en", "type": "literal", "value": "Andrea del Sarto"}, "object": {"type": "uri", "value": "http://www.wikidata.org/entity/Q2591247"}, "objectLabel": {"xml:lang": "en", "type": "literal", "value": "Museum of the Last Supper of Andrea del Sarto"}, "predicateLabel": {"xml:lang": "en", "type": "literal", "value": "has works in the collection"}}, {"subjectLabel": {"xml:lang": "en", "type": "literal", "value": "Andrea del Sarto"}, "object": {"type": "uri", "value": "http://www.wikidata.org/entity/Q4804060"}, "objectLabel": {"xml:lang": "en", "type": "literal", "value": "Ascott House"}, "predicateLabel": {"xml:lang": "en", "type": "literal", "value": "has works in the collection"}}, {"subjectLabel": {"xml:lang": "en", "type": "literal", "value": "Andrea del Sarto"}, "object": {"type": "uri", "value": "http://www.wikidata.org/entity/Q5878811"}, "objectLabel": {"xml:lang": "en", "type": "literal", "value": "Holburne Museum"}, "predicateLabel": {"xml:lang": "en", "type": "literal", "value": "has works in the collection"}}, {"subjectLabel": {"xml:lang": "en", "type": "literal", "value": "Andrea del Sarto"}, "object": {"type": "uri", "value": "http://www.wikidata.org/entity/Q8055361"}, "objectLabel": {"xml:lang": "en", "type": "literal", "value": "York Art Gallery"}, "predicateLabel": {"xml:lang": "en", "type": "literal", "value": "has works in the collection"}}, {"subjectLabel": {"xml:lang": "en", "type": "literal", "value": "Andrea del Sarto"}, "object": {"type": "uri", "value": "http://www.wikidata.org/entity/Q5682144"}, "objectLabel": {"xml:lang": "en", "type": "literal", "value": "Hatton Gallery"}, "predicateLabel": {"xml:lang": "en", "type": "literal", "value": "has works in the collection"}}, {"subjectLabel": {"xml:lang": "en", "type": "literal", "value": "Andrea del Sarto"}, "object": {"type": "uri", "value": "http://www.wikidata.org/entity/Q7381305"}, "objectLabel": {"xml:lang": "en", "type": "literal", "value": "Russell-Cotes Art Gallery & Museum"}, "predicateLabel": {"xml:lang": "en", "type": "literal", "value": "has works in the collection"}}, {"subjectLabel": {"xml:lang": "en", "type": "literal", "value": "Andrea del Sarto"}, "object": {"type": "uri", "value": "http://www.wikidata.org/entity/Q4859590"}, "objectLabel": {"xml:lang": "en", "type": "literal", "value": "Barber Institute of Fine Arts"}, "predicateLabel": {"xml:lang": "en", "type": "literal", "value": "has works in the collection"}}, {"subjectLabel": {"xml:lang": "en", "type": "literal", "value": "Andrea del Sarto"}, "object": {"type": "uri", "value": "http://www.wikidata.org/entity/Q7895060"}, "objectLabel": {"xml:lang": "en", "type": "literal", "value": "University of Arizona Museum of Art"}, "predicateLabel": {"xml:lang": "en", "type": "literal", "value": "has works in the collection"}}, {"subjectLabel": {"xml:lang": "en", "type": "literal", "value": "Andrea del Sarto"}, "object": {"type": "uri", "value": "http://www.wikidata.org/entity/Q6173448"}, "objectLabel": {"xml:lang": "en", "type": "literal", "value": "Wikipedia:Vital articles/Level/4"}, "predicateLabel": {"xml:lang": "en", "type": "literal", "value": "on focus list of Wikimedia project"}}, {"subjectLabel": {"xml:lang": "en", "type": "literal", "value": "Andrea del Sarto"}, "object": {"type": "uri", "value": "http://www.wikidata.org/entity/Q104694359"}, "objectLabel": {"xml:lang": "en", "type": "literal", "value": "WikiProject PCC Wikidata Pilot/Frick Art Reference Library"}, "predicateLabel": {"xml:lang": "en", "type": "literal", "value": "on focus list of Wikimedia project"}}, {"subjectLabel": {"xml:lang": "en", "type": "literal", "value": "Andrea del Sarto"}, "object": {"type": "uri", "value": "http://www.wikidata.org/entity/Q71887839"}, "objectLabel": {"xml:lang": "en", "type": "literal", "value": "copyrights on works have expired"}, "predicateLabel": {"xml:lang": "en", "type": "literal", "value": "copyright status as a creator"}}], "Q1229770": [{"subjectLabel": {"xml:lang": "en", "type": "literal", "value": "Museum of John Paul II Collection"}, "object": {"type": "uri", "value": "http://www.wikidata.org/entity/Q6723"}, "objectLabel": {"xml:lang": "en", "type": "literal", "value": "UTC+02:00"}, "predicateLabel": {"xml:lang": "en", "type": "literal", "value": "located in time zone"}}, {"subjectLabel": {"xml:lang": "en", "type": "literal", "value": "Museum of John Paul II Collection"}, "object": {"type": "uri", "value": "http://www.wikidata.org/entity/Q36"}, "objectLabel": {"xml:lang": "en", "type": "literal", "value": "Poland"}, "predicateLabel": {"xml:lang": "en", "type": "literal", "value": "country"}}, {"subjectLabel": {"xml:lang": "en", "type": "literal", "value": "Museum of John Paul II Collection"}, "object": {"type": "uri", "value": "http://www.wikidata.org/entity/Q6655"}, "objectLabel": {"xml:lang": "en", "type": "literal", "value": "UTC+01:00"}, "predicateLabel": {"xml:lang": "en", "type": "literal", "value": "located in time zone"}}, {"subjectLabel": {"xml:lang": "en", "type": "literal", "value": "Museum of John Paul II Collection"}, "object": {"type": "uri", "value": "http://www.wikidata.org/entity/Q207694"}, "objectLabel": {"xml:lang": "en", "type": "literal", "value": "art museum"}, "predicateLabel": {"xml:lang": "en", "type": "literal", "value": "instance of"}}, {"subjectLabel": {"xml:lang": "en", "type": "literal", "value": "Museum of John Paul II Collection"}, "object": {"type": "uri", "value": "http://www.wikidata.org/entity/Q1017591"}, "objectLabel": {"xml:lang": "en", "type": "literal", "value": "Bank Square"}, "predicateLabel": {"xml:lang": "en", "type": "literal", "value": "located in the administrative territorial entity"}}], "Q2418618": [{"subjectLabel": {"xml:lang": "en", "type": "literal", "value": "Casa Buonarroti"}, "object": {"type": "uri", "value": "http://www.wikidata.org/entity/Q38"}, "objectLabel": {"xml:lang": "en", "type": "literal", "value": "Italy"}, "predicateLabel": {"xml:lang": "en", "type": "literal", "value": "country"}}, {"subjectLabel": {"xml:lang": "en", "type": "literal", "value": "Casa Buonarroti"}, "object": {"type": "uri", "value": "http://www.wikidata.org/entity/Q28800293"}, "objectLabel": {"xml:lang": "en", "type": "literal", "value": "Alessandro Cecchi"}, "predicateLabel": {"xml:lang": "en", "type": "literal", "value": "director / manager"}}, {"subjectLabel": {"xml:lang": "en", "type": "literal", "value": "Casa Buonarroti"}, "object": {"type": "uri", "value": "http://www.wikidata.org/entity/Q1814990"}, "objectLabel": {"xml:lang": "en", "type": "literal", "value": "no"}, "predicateLabel": {"xml:lang": "en", "type": "literal", "value": "Wi-Fi access"}}, {"subjectLabel": {"xml:lang": "en", "type": "literal", "value": "Casa Buonarroti"}, "object": {"type": "uri", "value": "http://www.wikidata.org/entity/Q2044"}, "objectLabel": {"xml:lang": "en", "type": "literal", "value": "Florence"}, "predicateLabel": {"xml:lang": "en", "type": "literal", "value": "located in the administrative territorial entity"}}, {"subjectLabel": {"xml:lang": "en", "type": "literal", "value": "Casa Buonarroti"}, "object": {"type": "uri", "value": "http://www.wikidata.org/entity/Q212805"}, "objectLabel": {"xml:lang": "en", "type": "literal", "value": "digital library"}, "predicateLabel": {"xml:lang": "en", "type": "literal", "value": "uses"}}, {"subjectLabel": {"xml:lang": "en", "type": "literal", "value": "Casa Buonarroti"}, "object": {"type": "uri", "value": "http://www.wikidata.org/entity/Q24192067"}, "objectLabel": {"xml:lang": "en", "type": "literal", "value": "wheelchair accessible"}, "predicateLabel": {"xml:lang": "en", "type": "literal", "value": "disabled accessibility"}}, {"subjectLabel": {"xml:lang": "en", "type": "literal", "value": "Casa Buonarroti"}, "object": {"type": "uri", "value": "http://www.wikidata.org/entity/Q26971668"}, "objectLabel": {"xml:lang": "en", "type": "literal", "value": "Italian national heritage"}, "predicateLabel": {"xml:lang": "en", "type": "literal", "value": "heritage designation"}}, {"subjectLabel": {"xml:lang": "en", "type": "literal", "value": "Casa Buonarroti"}, "object": {"type": "uri", "value": "http://www.wikidata.org/entity/Q5592"}, "objectLabel": {"xml:lang": "en", "type": "literal", "value": "Michelangelo"}, "predicateLabel": {"xml:lang": "en", "type": "literal", "value": "named after"}}, {"subjectLabel": {"xml:lang": "en", "type": "literal", "value": "Casa Buonarroti"}, "object": {"type": "uri", "value": "http://www.wikidata.org/entity/Q200764"}, "objectLabel": {"xml:lang": "en", "type": "literal", "value": "bookstore"}, "predicateLabel": {"xml:lang": "en", "type": "literal", "value": "has facility"}}, {"subjectLabel": {"xml:lang": "en", "type": "literal", "value": "Casa Buonarroti"}, "object": {"type": "uri", "value": "http://www.wikidata.org/entity/Q7075"}, "objectLabel": {"xml:lang": "en", "type": "literal", "value": "library"}, "predicateLabel": {"xml:lang": "en", "type": "literal", "value": "has facility"}}, {"subjectLabel": {"xml:lang": "en", "type": "literal", "value": "Casa Buonarroti"}, "object": {"type": "uri", "value": "http://www.wikidata.org/entity/Q2087181"}, "objectLabel": {"xml:lang": "en", "type": "literal", "value": "house museum"}, "predicateLabel": {"xml:lang": "en", "type": "literal", "value": "instance of"}}, {"subjectLabel": {"xml:lang": "en", "type": "literal", "value": "Casa Buonarroti"}, "object": {"type": "uri", "value": "http://www.wikidata.org/entity/Q207694"}, "objectLabel": {"xml:lang": "en", "type": "literal", "value": "art museum"}, "predicateLabel": {"xml:lang": "en", "type": "literal", "value": "instance of"}}, {"subjectLabel": {"xml:lang": "en", "type": "literal", "value": "Casa Buonarroti"}, "object": {"type": "uri", "value": "http://www.wikidata.org/entity/Q33506"}, "objectLabel": {"xml:lang": "en", "type": "literal", "value": "museum"}, "predicateLabel": {"xml:lang": "en", "type": "literal", "value": "instance of"}}, {"subjectLabel": {"xml:lang": "en", "type": "literal", "value": "Casa Buonarroti"}, "object": {"type": "uri", "value": "http://www.wikidata.org/entity/Q166118"}, "objectLabel": {"xml:lang": "en", "type": "literal", "value": "archive"}, "predicateLabel": {"xml:lang": "en", "type": "literal", "value": "instance of"}}, {"subjectLabel": {"xml:lang": "en", "type": "literal", "value": "Casa Buonarroti"}, "object": {"type": "uri", "value": "http://www.wikidata.org/entity/Q965173"}, "objectLabel": {"xml:lang": "en", "type": "literal", "value": "cloakroom"}, "predicateLabel": {"xml:lang": "en", "type": "literal", "value": "has facility"}}, {"subjectLabel": {"xml:lang": "en", "type": "literal", "value": "Casa Buonarroti"}, "object": {"type": "uri", "value": "http://www.wikidata.org/entity/Q684740"}, "objectLabel": {"xml:lang": "en", "type": "literal", "value": "real property"}, "predicateLabel": {"xml:lang": "en", "type": "literal", "value": "instance of"}}, {"subjectLabel": {"xml:lang": "en", "type": "literal", "value": "Casa Buonarroti"}, "object": {"type": "uri", "value": "http://www.wikidata.org/entity/Q635719"}, "objectLabel": {"xml:lang": "en", "type": "literal", "value": "archive building"}, "predicateLabel": {"xml:lang": "en", "type": "literal", "value": "has facility"}}, {"subjectLabel": {"xml:lang": "en", "type": "literal", "value": "Casa Buonarroti"}, "object": {"type": "uri", "value": "http://www.wikidata.org/entity/Q9092204"}, "objectLabel": {"xml:lang": "en", "type": "literal", "value": "Category:Casa Buonarroti"}, "predicateLabel": {"xml:lang": "en", "type": "literal", "value": "topic's main category"}}, {"subjectLabel": {"xml:lang": "en", "type": "literal", "value": "Casa Buonarroti"}, "object": {"type": "uri", "value": "http://www.wikidata.org/entity/Q4010629"}, "objectLabel": {"xml:lang": "en", "type": "literal", "value": "Via Ghibellina"}, "predicateLabel": {"xml:lang": "en", "type": "literal", "value": "located on street"}}, {"subjectLabel": {"xml:lang": "en", "type": "literal", "value": "Casa Buonarroti"}, "object": {"type": "uri", "value": "http://www.wikidata.org/entity/Q27032363"}, "objectLabel": {"xml:lang": "en", "type": "literal", "value": "photo archive"}, "predicateLabel": {"xml:lang": "en", "type": "literal", "value": "has facility"}}, {"subjectLabel": {"xml:lang": "en", "type": "literal", "value": "Casa Buonarroti"}, "object": {"type": "uri", "value": "http://www.wikidata.org/entity/Q112203425"}, "objectLabel": {"xml:lang": "en", "type": "literal", "value": "restoration laboratory"}, "predicateLabel": {"xml:lang": "en", "type": "literal", "value": "has facility"}}], "Q2219262": [{"subjectLabel": {"xml:lang": "en", "type": "literal", "value": "Palazzo Mansi National Museum"}, "object": {"type": "uri", "value": "http://www.wikidata.org/entity/Q7075"}, "objectLabel": {"xml:lang": "en", "type": "literal", "value": "library"}, "predicateLabel": {"xml:lang": "en", "type": "literal", "value": "has facility"}}, {"subjectLabel": {"xml:lang": "en", "type": "literal", "value": "Palazzo Mansi National Museum"}, "object": {"type": "uri", "value": "http://www.wikidata.org/entity/Q38"}, "objectLabel": {"xml:lang": "en", "type": "literal", "value": "Italy"}, "predicateLabel": {"xml:lang": "en", "type": "literal", "value": "country"}}, {"subjectLabel": {"xml:lang": "en", "type": "literal", "value": "Palazzo Mansi National Museum"}, "object": {"type": "uri", "value": "http://www.wikidata.org/entity/Q207241"}, "objectLabel": {"xml:lang": "en", "type": "literal", "value": "applied arts"}, "predicateLabel": {"xml:lang": "en", "type": "literal", "value": "main subject"}}, {"subjectLabel": {"xml:lang": "en", "type": "literal", "value": "Palazzo Mansi National Museum"}, "object": {"type": "uri", "value": "http://www.wikidata.org/entity/Q207694"}, "objectLabel": {"xml:lang": "en", "type": "literal", "value": "art museum"}, "predicateLabel": {"xml:lang": "en", "type": "literal", "value": "instance of"}}, {"subjectLabel": {"xml:lang": "en", "type": "literal", "value": "Palazzo Mansi National Museum"}, "object": {"type": "uri", "value": "http://www.wikidata.org/entity/Q965173"}, "objectLabel": {"xml:lang": "en", "type": "literal", "value": "cloakroom"}, "predicateLabel": {"xml:lang": "en", "type": "literal", "value": "has facility"}}, {"subjectLabel": {"xml:lang": "en", "type": "literal", "value": "Palazzo Mansi National Museum"}, "object": {"type": "uri", "value": "http://www.wikidata.org/entity/Q635719"}, "objectLabel": {"xml:lang": "en", "type": "literal", "value": "archive building"}, "predicateLabel": {"xml:lang": "en", "type": "literal", "value": "has facility"}}, {"subjectLabel": {"xml:lang": "en", "type": "literal", "value": "Palazzo Mansi National Museum"}, "object": {"type": "uri", "value": "http://www.wikidata.org/entity/Q684740"}, "objectLabel": {"xml:lang": "en", "type": "literal", "value": "real property"}, "predicateLabel": {"xml:lang": "en", "type": "literal", "value": "instance of"}}, {"subjectLabel": {"xml:lang": "en", "type": "literal", "value": "Palazzo Mansi National Museum"}, "object": {"type": "uri", "value": "http://www.wikidata.org/entity/Q13373"}, "objectLabel": {"xml:lang": "en", "type": "literal", "value": "Lucca"}, "predicateLabel": {"xml:lang": "en", "type": "literal", "value": "located in the administrative territorial entity"}}, {"subjectLabel": {"xml:lang": "en", "type": "literal", "value": "Palazzo Mansi National Museum"}, "object": {"type": "uri", "value": "http://www.wikidata.org/entity/Q108860593"}, "objectLabel": {"xml:lang": "en", "type": "literal", "value": "museum of modern art"}, "predicateLabel": {"xml:lang": "en", "type": "literal", "value": "instance of"}}, {"subjectLabel": {"xml:lang": "en", "type": "literal", "value": "Palazzo Mansi National Museum"}, "object": {"type": "uri", "value": "http://www.wikidata.org/entity/Q33506"}, "objectLabel": {"xml:lang": "en", "type": "literal", "value": "museum"}, "predicateLabel": {"xml:lang": "en", "type": "literal", "value": "instance of"}}, {"subjectLabel": {"xml:lang": "en", "type": "literal", "value": "Palazzo Mansi National Museum"}, "object": {"type": "uri", "value": "http://www.wikidata.org/entity/Q27032363"}, "objectLabel": {"xml:lang": "en", "type": "literal", "value": "photo archive"}, "predicateLabel": {"xml:lang": "en", "type": "literal", "value": "has facility"}}, {"subjectLabel": {"xml:lang": "en", "type": "literal", "value": "Palazzo Mansi National Museum"}, "object": {"type": "uri", "value": "http://www.wikidata.org/entity/Q26971668"}, "objectLabel": {"xml:lang": "en", "type": "literal", "value": "Italian national heritage"}, "predicateLabel": {"xml:lang": "en", "type": "literal", "value": "heritage designation"}}, {"subjectLabel": {"xml:lang": "en", "type": "literal", "value": "Palazzo Mansi National Museum"}, "object": {"type": "uri", "value": "http://www.wikidata.org/entity/Q3867560"}, "objectLabel": {"xml:lang": "en", "type": "literal", "value": "Italian national museum"}, "predicateLabel": {"xml:lang": "en", "type": "literal", "value": "instance of"}}, {"subjectLabel": {"xml:lang": "en", "type": "literal", "value": "Palazzo Mansi National Museum"}, "object": {"type": "uri", "value": "http://www.wikidata.org/entity/Q12104174"}, "objectLabel": {"xml:lang": "en", "type": "literal", "value": "ethnographic museum"}, "predicateLabel": {"xml:lang": "en", "type": "literal", "value": "instance of"}}, {"subjectLabel": {"xml:lang": "en", "type": "literal", "value": "Palazzo Mansi National Museum"}, "object": {"type": "uri", "value": "http://www.wikidata.org/entity/Q1814990"}, "objectLabel": {"xml:lang": "en", "type": "literal", "value": "no"}, "predicateLabel": {"xml:lang": "en", "type": "literal", "value": "Wi-Fi access"}}, {"subjectLabel": {"xml:lang": "en", "type": "literal", "value": "Palazzo Mansi National Museum"}, "object": {"type": "uri", "value": "http://www.wikidata.org/entity/Q17431399"}, "objectLabel": {"xml:lang": "en", "type": "literal", "value": "national museum"}, "predicateLabel": {"xml:lang": "en", "type": "literal", "value": "instance of"}}, {"subjectLabel": {"xml:lang": "en", "type": "literal", "value": "Palazzo Mansi National Museum"}, "object": {"type": "uri", "value": "http://www.wikidata.org/entity/Q24192067"}, "objectLabel": {"xml:lang": "en", "type": "literal", "value": "wheelchair accessible"}, "predicateLabel": {"xml:lang": "en", "type": "literal", "value": "disabled accessibility"}}, {"subjectLabel": {"xml:lang": "en", "type": "literal", "value": "Palazzo Mansi National Museum"}, "object": {"type": "uri", "value": "http://www.wikidata.org/entity/Q112203425"}, "objectLabel": {"xml:lang": "en", "type": "literal", "value": "restoration laboratory"}, "predicateLabel": {"xml:lang": "en", "type": "literal", "value": "has facility"}}], "Q210081": [{"subjectLabel": {"xml:lang": "en", "type": "literal", "value": "Walters Art Museum"}, "object": {"type": "uri", "value": "http://www.wikidata.org/entity/Q30"}, "objectLabel": {"xml:lang": "en", "type": "literal", "value": "United States of America"}, "predicateLabel": {"xml:lang": "en", "type": "literal", "value": "country"}}, {"subjectLabel": {"xml:lang": "en", "type": "literal", "value": "Walters Art Museum"}, "object": {"type": "uri", "value": "http://www.wikidata.org/entity/Q5092"}, "objectLabel": {"xml:lang": "en", "type": "literal", "value": "Baltimore"}, "predicateLabel": {"xml:lang": "en", "type": "literal", "value": "located in the administrative territorial entity"}}, {"subjectLabel": {"xml:lang": "en", "type": "literal", "value": "Walters Art Museum"}, "object": {"type": "uri", "value": "http://www.wikidata.org/entity/Q5092"}, "objectLabel": {"xml:lang": "en", "type": "literal", "value": "Baltimore"}, "predicateLabel": {"xml:lang": "en", "type": "literal", "value": "headquarters location"}}, {"subjectLabel": {"xml:lang": "en", "type": "literal", "value": "Walters Art Museum"}, "object": {"type": "uri", "value": "http://www.wikidata.org/entity/Q6924327"}, "objectLabel": {"xml:lang": "en", "type": "literal", "value": "Mount Vernon"}, "predicateLabel": {"xml:lang": "en", "type": "literal", "value": "location"}}, {"subjectLabel": {"xml:lang": "en", "type": "literal", "value": "Walters Art Museum"}, "object": {"type": "uri", "value": "http://www.wikidata.org/entity/Q475225"}, "objectLabel": {"xml:lang": "en", "type": "literal", "value": "World Digital Library"}, "predicateLabel": {"xml:lang": "en", "type": "literal", "value": "member of"}}, {"subjectLabel": {"xml:lang": "en", "type": "literal", "value": "Walters Art Museum"}, "object": {"type": "uri", "value": "http://www.wikidata.org/entity/Q73357989"}, "objectLabel": {"xml:lang": "en", "type": "literal", "value": "Survey of GLAM open access policy and practice"}, "predicateLabel": {"xml:lang": "en", "type": "literal", "value": "described by source"}}, {"subjectLabel": {"xml:lang": "en", "type": "literal", "value": "Walters Art Museum"}, "object": {"type": "uri", "value": "http://www.wikidata.org/entity/Q19085957"}, "objectLabel": {"xml:lang": "en", "type": "literal", "value": "The Encyclopedia Americana"}, "predicateLabel": {"xml:lang": "en", "type": "literal", "value": "described by source"}}, {"subjectLabel": {"xml:lang": "en", "type": "literal", "value": "Walters Art Museum"}, "object": {"type": "uri", "value": "http://www.wikidata.org/entity/Q207694"}, "objectLabel": {"xml:lang": "en", "type": "literal", "value": "art museum"}, "predicateLabel": {"xml:lang": "en", "type": "literal", "value": "instance of"}}, {"subjectLabel": {"xml:lang": "en", "type": "literal", "value": "Walters Art Museum"}, "object": {"type": "uri", "value": "http://www.wikidata.org/entity/Q2085381"}, "objectLabel": {"xml:lang": "en", "type": "literal", "value": "publisher"}, "predicateLabel": {"xml:lang": "en", "type": "literal", "value": "instance of"}}, {"subjectLabel": {"xml:lang": "en", "type": "literal", "value": "Walters Art Museum"}, "object": {"type": "uri", "value": "http://www.wikidata.org/entity/Q18343248"}, "objectLabel": {"xml:lang": "en", "type": "literal", "value": "\"Bourgeois\" W---r, and His Squaw"}, "predicateLabel": {"xml:lang": "en", "type": "literal", "value": "owner of"}}, {"subjectLabel": {"xml:lang": "en", "type": "literal", "value": "Walters Art Museum"}, "object": {"type": "uri", "value": "http://www.wikidata.org/entity/Q18343236"}, "objectLabel": {"xml:lang": "en", "type": "literal", "value": "\"Big Bowl\" (A Crow Chief)"}, "predicateLabel": {"xml:lang": "en", "type": "literal", "value": "owner of"}}, {"subjectLabel": {"xml:lang": "en", "type": "literal", "value": "Walters Art Museum"}, "object": {"type": "uri", "value": "http://www.wikidata.org/entity/Q18346971"}, "objectLabel": {"xml:lang": "en", "type": "literal", "value": "Resurrection"}, "predicateLabel": {"xml:lang": "en", "type": "literal", "value": "owner of"}}, {"subjectLabel": {"xml:lang": "en", "type": "literal", "value": "Walters Art Museum"}, "object": {"type": "uri", "value": "http://www.wikidata.org/entity/Q18748474"}, "objectLabel": {"xml:lang": "en", "type": "literal", "value": "Christ on the Sea of Galilee"}, "predicateLabel": {"xml:lang": "en", "type": "literal", "value": "owner of"}}, {"subjectLabel": {"xml:lang": "en", "type": "literal", "value": "Walters Art Museum"}, "object": {"type": "uri", "value": "http://www.wikidata.org/entity/Q18343261"}, "objectLabel": {"xml:lang": "en", "type": "literal", "value": "Homme en Grande Bottes"}, "predicateLabel": {"xml:lang": "en", "type": "literal", "value": "owner of"}}, {"subjectLabel": {"xml:lang": "en", "type": "literal", "value": "Walters Art Museum"}, "object": {"type": "uri", "value": "http://www.wikidata.org/entity/Q8004151"}, "objectLabel": {"xml:lang": "en", "type": "literal", "value": "William Adams Delano"}, "predicateLabel": {"xml:lang": "en", "type": "literal", "value": "architect"}}, {"subjectLabel": {"xml:lang": "en", "type": "literal", "value": "Walters Art Museum"}, "object": {"type": "uri", "value": "http://www.wikidata.org/entity/Q107404505"}, "objectLabel": {"xml:lang": "en", "type": "literal", "value": "The Museum System"}, "predicateLabel": {"xml:lang": "en", "type": "literal", "value": "uses"}}, {"subjectLabel": {"xml:lang": "en", "type": "literal", "value": "Walters Art Museum"}, "object": {"type": "uri", "value": "http://www.wikidata.org/entity/Q9317822"}, "objectLabel": {"xml:lang": "en", "type": "literal", "value": "Category:Walters Art Museum"}, "predicateLabel": {"xml:lang": "en", "type": "literal", "value": "topic's main category"}}, {"subjectLabel": {"xml:lang": "en", "type": "literal", "value": "Walters Art Museum"}, "object": {"type": "uri", "value": "http://www.wikidata.org/entity/Q60506844"}, "objectLabel": {"xml:lang": "en", "type": "literal", "value": "Charles Street: Second Floor: Collector's Study"}, "predicateLabel": {"xml:lang": "en", "type": "literal", "value": "has part(s)"}}, {"subjectLabel": {"xml:lang": "en", "type": "literal", "value": "Walters Art Museum"}, "object": {"type": "uri", "value": "http://www.wikidata.org/entity/Q1607379"}, "objectLabel": {"xml:lang": "en", "type": "literal", "value": "Henry Walters"}, "predicateLabel": {"xml:lang": "en", "type": "literal", "value": "founded by"}}, {"subjectLabel": {"xml:lang": "en", "type": "literal", "value": "Walters Art Museum"}, "object": {"type": "uri", "value": "http://www.wikidata.org/entity/P4713"}, "objectLabel": {"xml:lang": "en", "type": "literal", "value": "Walters Art Museum artwork ID"}, "predicateLabel": {"xml:lang": "en", "type": "literal", "value": "Wikidata property"}}, {"subjectLabel": {"xml:lang": "en", "type": "literal", "value": "Walters Art Museum"}, "object": {"type": "uri", "value": "http://www.wikidata.org/entity/Q2842849"}, "objectLabel": {"xml:lang": "en", "type": "literal", "value": "American Alliance of Museums"}, "predicateLabel": {"xml:lang": "en", "type": "literal", "value": "accredited by"}}]}