{"Q15830109": [{"subjectLabel": {"xml:lang": "en", "type": "literal", "value": "Gustav Kabrhel"}, "object": {"type": "uri", "value": "http://www.wikidata.org/entity/Q5"}, "objectLabel": {"xml:lang": "en", "type": "literal", "value": "human"}, "predicateLabel": {"xml:lang": "en", "type": "literal", "value": "instance of"}}, {"subjectLabel": {"xml:lang": "en", "type": "literal", "value": "Gustav Kabrhel"}, "object": {"type": "uri", "value": "http://www.wikidata.org/entity/Q9056"}, "objectLabel": {"xml:lang": "en", "type": "literal", "value": "Czech"}, "predicateLabel": {"xml:lang": "en", "type": "literal", "value": "languages spoken, written or signed"}}, {"subjectLabel": {"xml:lang": "en", "type": "literal", "value": "Gustav Kabrhel"}, "object": {"type": "uri", "value": "http://www.wikidata.org/entity/Q28513"}, "objectLabel": {"xml:lang": "en", "type": "literal", "value": "Austria-Hungary"}, "predicateLabel": {"xml:lang": "en", "type": "literal", "value": "country of citizenship"}}, {"subjectLabel": {"xml:lang": "en", "type": "literal", "value": "Gustav Kabrhel"}, "object": {"type": "uri", "value": "http://www.wikidata.org/entity/Q33946"}, "objectLabel": {"xml:lang": "en", "type": "literal", "value": "Czechoslovakia"}, "predicateLabel": {"xml:lang": "en", "type": "literal", "value": "country of citizenship"}}, {"subjectLabel": {"xml:lang": "en", "type": "literal", "value": "Gustav Kabrhel"}, "object": {"type": "uri", "value": "http://www.wikidata.org/entity/Q39631"}, "objectLabel": {"xml:lang": "en", "type": "literal", "value": "physician"}, "predicateLabel": {"xml:lang": "en", "type": "literal", "value": "occupation"}}, {"subjectLabel": {"xml:lang": "en", "type": "literal", "value": "Gustav Kabrhel"}, "object": {"type": "uri", "value": "http://www.wikidata.org/entity/Q746076"}, "objectLabel": {"xml:lang": "en", "type": "literal", "value": "Gustav"}, "predicateLabel": {"xml:lang": "en", "type": "literal", "value": "given name"}}, {"subjectLabel": {"xml:lang": "en", "type": "literal", "value": "Gustav Kabrhel"}, "object": {"type": "uri", "value": "http://www.wikidata.org/entity/Q986070"}, "objectLabel": {"xml:lang": "en", "type": "literal", "value": "Chrudim"}, "predicateLabel": {"xml:lang": "en", "type": "literal", "value": "place of death"}}, {"subjectLabel": {"xml:lang": "en", "type": "literal", "value": "Gustav Kabrhel"}, "object": {"type": "uri", "value": "http://www.wikidata.org/entity/Q6581097"}, "objectLabel": {"xml:lang": "en", "type": "literal", "value": "male"}, "predicateLabel": {"xml:lang": "en", "type": "literal", "value": "sex or gender"}}, {"subjectLabel": {"xml:lang": "en", "type": "literal", "value": "Gustav Kabrhel"}, "object": {"type": "uri", "value": "http://www.wikidata.org/entity/Q1028181"}, "objectLabel": {"xml:lang": "en", "type": "literal", "value": "painter"}, "predicateLabel": {"xml:lang": "en", "type": "literal", "value": "occupation"}}, {"subjectLabel": {"xml:lang": "en", "type": "literal", "value": "Gustav Kabrhel"}, "object": {"type": "uri", "value": "http://www.wikidata.org/entity/Q11827581"}, "objectLabel": {"xml:lang": "en", "type": "literal", "value": "Dra\u017ekovice"}, "predicateLabel": {"xml:lang": "en", "type": "literal", "value": "place of birth"}}, {"subjectLabel": {"xml:lang": "en", "type": "literal", "value": "Gustav Kabrhel"}, "object": {"type": "uri", "value": "http://www.wikidata.org/entity/Q17121339"}, "objectLabel": {"xml:lang": "en", "type": "literal", "value": "Category:Gustav Kabrhel"}, "predicateLabel": {"xml:lang": "en", "type": "literal", "value": "topic's main category"}}, {"subjectLabel": {"xml:lang": "en", "type": "literal", "value": "Gustav Kabrhel"}, "object": {"type": "uri", "value": "http://www.wikidata.org/entity/Q67311526"}, "objectLabel": {"xml:lang": "en", "type": "literal", "value": "Obalky knih.cz"}, "predicateLabel": {"xml:lang": "en", "type": "literal", "value": "described by source"}}, {"subjectLabel": {"xml:lang": "en", "type": "literal", "value": "Gustav Kabrhel"}, "object": {"type": "uri", "value": "http://www.wikidata.org/entity/Q71887839"}, "objectLabel": {"xml:lang": "en", "type": "literal", "value": "copyrights on works have expired"}, "predicateLabel": {"xml:lang": "en", "type": "literal", "value": "copyright status as a creator"}}, {"subjectLabel": {"xml:lang": "en", "type": "literal", "value": "Gustav Kabrhel"}, "object": {"type": "uri", "value": "http://www.wikidata.org/entity/Q82011912"}, "objectLabel": {"xml:lang": "en", "type": "literal", "value": "Kabrhel"}, "predicateLabel": {"xml:lang": "en", "type": "literal", "value": "family name"}}, {"subjectLabel": {"xml:lang": "en", "type": "literal", "value": "Gustav Kabrhel"}, "object": {"type": "uri", "value": "http://www.wikidata.org/entity/Q99413897"}, "objectLabel": {"xml:lang": "en", "type": "literal", "value": "Medvik"}, "predicateLabel": {"xml:lang": "en", "type": "literal", "value": "described by source"}}, {"subjectLabel": {"xml:lang": "en", "type": "literal", "value": "Gustav Kabrhel"}, "object": {"type": "uri", "value": "http://www.wikidata.org/entity/Q96888274"}, "objectLabel": {"xml:lang": "en", "type": "literal", "value": "Almanach \u010desk\u00fdch l\u00e9ka\u0159\u016f s podobiznami a 1000 \u017eivotopisy"}, "predicateLabel": {"xml:lang": "en", "type": "literal", "value": "described by source"}}], "Q15830081": [{"subjectLabel": {"xml:lang": "en", "type": "literal", "value": "Franti\u0161ek \u0160imek"}, "object": {"type": "uri", "value": "http://www.wikidata.org/entity/Q5"}, "objectLabel": {"xml:lang": "en", "type": "literal", "value": "human"}, "predicateLabel": {"xml:lang": "en", "type": "literal", "value": "instance of"}}, {"subjectLabel": {"xml:lang": "en", "type": "literal", "value": "Franti\u0161ek \u0160imek"}, "object": {"type": "uri", "value": "http://www.wikidata.org/entity/Q37226"}, "objectLabel": {"xml:lang": "en", "type": "literal", "value": "teacher"}, "predicateLabel": {"xml:lang": "en", "type": "literal", "value": "occupation"}}, {"subjectLabel": {"xml:lang": "en", "type": "literal", "value": "Franti\u0161ek \u0160imek"}, "object": {"type": "uri", "value": "http://www.wikidata.org/entity/Q330409"}, "objectLabel": {"xml:lang": "en", "type": "literal", "value": "\u00dast\u00ed nad Orlic\u00ed"}, "predicateLabel": {"xml:lang": "en", "type": "literal", "value": "place of birth"}}, {"subjectLabel": {"xml:lang": "en", "type": "literal", "value": "Franti\u0161ek \u0160imek"}, "object": {"type": "uri", "value": "http://www.wikidata.org/entity/Q2648973"}, "objectLabel": {"xml:lang": "en", "type": "literal", "value": "Franti\u0161ek"}, "predicateLabel": {"xml:lang": "en", "type": "literal", "value": "given name"}}, {"subjectLabel": {"xml:lang": "en", "type": "literal", "value": "Franti\u0161ek \u0160imek"}, "object": {"type": "uri", "value": "http://www.wikidata.org/entity/Q6581097"}, "objectLabel": {"xml:lang": "en", "type": "literal", "value": "male"}, "predicateLabel": {"xml:lang": "en", "type": "literal", "value": "sex or gender"}}, {"subjectLabel": {"xml:lang": "en", "type": "literal", "value": "Franti\u0161ek \u0160imek"}, "object": {"type": "uri", "value": "http://www.wikidata.org/entity/Q615138"}, "objectLabel": {"xml:lang": "en", "type": "literal", "value": "Sob\u011bslav"}, "predicateLabel": {"xml:lang": "en", "type": "literal", "value": "place of death"}}, {"subjectLabel": {"xml:lang": "en", "type": "literal", "value": "Franti\u0161ek \u0160imek"}, "object": {"type": "uri", "value": "http://www.wikidata.org/entity/Q15146476"}, "objectLabel": {"xml:lang": "en", "type": "literal", "value": "\u0160imek"}, "predicateLabel": {"xml:lang": "en", "type": "literal", "value": "family name"}}, {"subjectLabel": {"xml:lang": "en", "type": "literal", "value": "Franti\u0161ek \u0160imek"}, "object": {"type": "uri", "value": "http://www.wikidata.org/entity/Q96735938"}, "objectLabel": {"xml:lang": "en", "type": "literal", "value": "Obraz \u010dinnosti liter\u00e1rn\u00ed u\u010ditelstva \u010deskoslovansk\u00e9ho za posledn\u00edch 100 let"}, "predicateLabel": {"xml:lang": "en", "type": "literal", "value": "described by source"}}], "Q15830084": [{"subjectLabel": {"xml:lang": "en", "type": "literal", "value": "Franti\u0161ek \u0160ujan"}, "object": {"type": "uri", "value": "http://www.wikidata.org/entity/Q5"}, "objectLabel": {"xml:lang": "en", "type": "literal", "value": "human"}, "predicateLabel": {"xml:lang": "en", "type": "literal", "value": "instance of"}}, {"subjectLabel": {"xml:lang": "en", "type": "literal", "value": "Franti\u0161ek \u0160ujan"}, "object": {"type": "uri", "value": "http://www.wikidata.org/entity/Q987080"}, "objectLabel": {"xml:lang": "en", "type": "literal", "value": "honorary citizenship"}, "predicateLabel": {"xml:lang": "en", "type": "literal", "value": "award received"}}, {"subjectLabel": {"xml:lang": "en", "type": "literal", "value": "Franti\u0161ek \u0160ujan"}, "object": {"type": "uri", "value": "http://www.wikidata.org/entity/Q14960"}, "objectLabel": {"xml:lang": "en", "type": "literal", "value": "Brno"}, "predicateLabel": {"xml:lang": "en", "type": "literal", "value": "place of death"}}, {"subjectLabel": {"xml:lang": "en", "type": "literal", "value": "Franti\u0161ek \u0160ujan"}, "object": {"type": "uri", "value": "http://www.wikidata.org/entity/Q3563550"}, "objectLabel": {"xml:lang": "en", "type": "literal", "value": "Faculty of Arts, Charles University in Prague"}, "predicateLabel": {"xml:lang": "en", "type": "literal", "value": "educated at"}}, {"subjectLabel": {"xml:lang": "en", "type": "literal", "value": "Franti\u0161ek \u0160ujan"}, "object": {"type": "uri", "value": "http://www.wikidata.org/entity/Q6581097"}, "objectLabel": {"xml:lang": "en", "type": "literal", "value": "male"}, "predicateLabel": {"xml:lang": "en", "type": "literal", "value": "sex or gender"}}, {"subjectLabel": {"xml:lang": "en", "type": "literal", "value": "Franti\u0161ek \u0160ujan"}, "object": {"type": "uri", "value": "http://www.wikidata.org/entity/Q2648973"}, "objectLabel": {"xml:lang": "en", "type": "literal", "value": "Franti\u0161ek"}, "predicateLabel": {"xml:lang": "en", "type": "literal", "value": "given name"}}, {"subjectLabel": {"xml:lang": "en", "type": "literal", "value": "Franti\u0161ek \u0160ujan"}, "object": {"type": "uri", "value": "http://www.wikidata.org/entity/Q82015124"}, "objectLabel": {"xml:lang": "en", "type": "literal", "value": "\u0160ujan"}, "predicateLabel": {"xml:lang": "en", "type": "literal", "value": "family name"}}, {"subjectLabel": {"xml:lang": "en", "type": "literal", "value": "Franti\u0161ek \u0160ujan"}, "object": {"type": "uri", "value": "http://www.wikidata.org/entity/Q11088399"}, "objectLabel": {"xml:lang": "en", "type": "literal", "value": "Brno Central Cemetery"}, "predicateLabel": {"xml:lang": "en", "type": "literal", "value": "place of burial"}}, {"subjectLabel": {"xml:lang": "en", "type": "literal", "value": "Franti\u0161ek \u0160ujan"}, "object": {"type": "uri", "value": "http://www.wikidata.org/entity/Q12029413"}, "objectLabel": {"xml:lang": "en", "type": "literal", "value": "Klobou\u010dky"}, "predicateLabel": {"xml:lang": "en", "type": "literal", "value": "place of birth"}}, {"subjectLabel": {"xml:lang": "en", "type": "literal", "value": "Franti\u0161ek \u0160ujan"}, "object": {"type": "uri", "value": "http://www.wikidata.org/entity/Q201788"}, "objectLabel": {"xml:lang": "en", "type": "literal", "value": "historian"}, "predicateLabel": {"xml:lang": "en", "type": "literal", "value": "occupation"}}, {"subjectLabel": {"xml:lang": "en", "type": "literal", "value": "Franti\u0161ek \u0160ujan"}, "object": {"type": "uri", "value": "http://www.wikidata.org/entity/Q12029413"}, "objectLabel": {"xml:lang": "en", "type": "literal", "value": "Klobou\u010dky"}, "predicateLabel": {"xml:lang": "en", "type": "literal", "value": "residence"}}, {"subjectLabel": {"xml:lang": "en", "type": "literal", "value": "Franti\u0161ek \u0160ujan"}, "object": {"type": "uri", "value": "http://www.wikidata.org/entity/Q43402565"}, "objectLabel": {"xml:lang": "en", "type": "literal", "value": "Sokolsk\u00e1"}, "predicateLabel": {"xml:lang": "en", "type": "literal", "value": "residence"}}, {"subjectLabel": {"xml:lang": "en", "type": "literal", "value": "Franti\u0161ek \u0160ujan"}, "object": {"type": "uri", "value": "http://www.wikidata.org/entity/Q43402455"}, "objectLabel": {"xml:lang": "en", "type": "literal", "value": "K\u0159enov\u00e1"}, "predicateLabel": {"xml:lang": "en", "type": "literal", "value": "residence"}}], "Q15830110": [{"subjectLabel": {"xml:lang": "en", "type": "literal", "value": "Gustav Z\u00e1ba"}, "object": {"type": "uri", "value": "http://www.wikidata.org/entity/Q5"}, "objectLabel": {"xml:lang": "en", "type": "literal", "value": "human"}, "predicateLabel": {"xml:lang": "en", "type": "literal", "value": "instance of"}}, {"subjectLabel": {"xml:lang": "en", "type": "literal", "value": "Gustav Z\u00e1ba"}, "object": {"type": "uri", "value": "http://www.wikidata.org/entity/Q33946"}, "objectLabel": {"xml:lang": "en", "type": "literal", "value": "Czechoslovakia"}, "predicateLabel": {"xml:lang": "en", "type": "literal", "value": "country of citizenship"}}, {"subjectLabel": {"xml:lang": "en", "type": "literal", "value": "Gustav Z\u00e1ba"}, "object": {"type": "uri", "value": "http://www.wikidata.org/entity/Q722732"}, "objectLabel": {"xml:lang": "en", "type": "literal", "value": "Litomy\u0161l"}, "predicateLabel": {"xml:lang": "en", "type": "literal", "value": "place of birth"}}, {"subjectLabel": {"xml:lang": "en", "type": "literal", "value": "Gustav Z\u00e1ba"}, "object": {"type": "uri", "value": "http://www.wikidata.org/entity/Q662985"}, "objectLabel": {"xml:lang": "en", "type": "literal", "value": "Vinohrady"}, "predicateLabel": {"xml:lang": "en", "type": "literal", "value": "place of death"}}, {"subjectLabel": {"xml:lang": "en", "type": "literal", "value": "Gustav Z\u00e1ba"}, "object": {"type": "uri", "value": "http://www.wikidata.org/entity/Q6581097"}, "objectLabel": {"xml:lang": "en", "type": "literal", "value": "male"}, "predicateLabel": {"xml:lang": "en", "type": "literal", "value": "sex or gender"}}, {"subjectLabel": {"xml:lang": "en", "type": "literal", "value": "Gustav Z\u00e1ba"}, "object": {"type": "uri", "value": "http://www.wikidata.org/entity/Q746076"}, "objectLabel": {"xml:lang": "en", "type": "literal", "value": "Gustav"}, "predicateLabel": {"xml:lang": "en", "type": "literal", "value": "given name"}}, {"subjectLabel": {"xml:lang": "en", "type": "literal", "value": "Gustav Z\u00e1ba"}, "object": {"type": "uri", "value": "http://www.wikidata.org/entity/Q3563550"}, "objectLabel": {"xml:lang": "en", "type": "literal", "value": "Faculty of Arts, Charles University in Prague"}, "predicateLabel": {"xml:lang": "en", "type": "literal", "value": "educated at"}}, {"subjectLabel": {"xml:lang": "en", "type": "literal", "value": "Gustav Z\u00e1ba"}, "object": {"type": "uri", "value": "http://www.wikidata.org/entity/Q17120907"}, "objectLabel": {"xml:lang": "en", "type": "literal", "value": "Category:Gustav Z\u00e1ba"}, "predicateLabel": {"xml:lang": "en", "type": "literal", "value": "topic's main category"}}], "Q743785": [{"subjectLabel": {"xml:lang": "en", "type": "literal", "value": "Ladislav Josef \u010celakovsk\u00fd"}, "object": {"type": "uri", "value": "http://www.wikidata.org/entity/Q5"}, "objectLabel": {"xml:lang": "en", "type": "literal", "value": "human"}, "predicateLabel": {"xml:lang": "en", "type": "literal", "value": "instance of"}}, {"subjectLabel": {"xml:lang": "en", "type": "literal", "value": "Ladislav Josef \u010celakovsk\u00fd"}, "object": {"type": "uri", "value": "http://www.wikidata.org/entity/Q1085"}, "objectLabel": {"xml:lang": "en", "type": "literal", "value": "Prague"}, "predicateLabel": {"xml:lang": "en", "type": "literal", "value": "work location"}}, {"subjectLabel": {"xml:lang": "en", "type": "literal", "value": "Ladislav Josef \u010celakovsk\u00fd"}, "object": {"type": "uri", "value": "http://www.wikidata.org/entity/Q1085"}, "objectLabel": {"xml:lang": "en", "type": "literal", "value": "Prague"}, "predicateLabel": {"xml:lang": "en", "type": "literal", "value": "place of birth"}}, {"subjectLabel": {"xml:lang": "en", "type": "literal", "value": "Ladislav Josef \u010celakovsk\u00fd"}, "object": {"type": "uri", "value": "http://www.wikidata.org/entity/Q9056"}, "objectLabel": {"xml:lang": "en", "type": "literal", "value": "Czech"}, "predicateLabel": {"xml:lang": "en", "type": "literal", "value": "languages spoken, written or signed"}}, {"subjectLabel": {"xml:lang": "en", "type": "literal", "value": "Ladislav Josef \u010celakovsk\u00fd"}, "object": {"type": "uri", "value": "http://www.wikidata.org/entity/Q665807"}, "objectLabel": {"xml:lang": "en", "type": "literal", "value": "Biographisches Lexikon des Kaiserthums Oesterreich"}, "predicateLabel": {"xml:lang": "en", "type": "literal", "value": "described by source"}}, {"subjectLabel": {"xml:lang": "en", "type": "literal", "value": "Ladislav Josef \u010celakovsk\u00fd"}, "object": {"type": "uri", "value": "http://www.wikidata.org/entity/Q1029706"}, "objectLabel": {"xml:lang": "en", "type": "literal", "value": "New International Encyclopedia"}, "predicateLabel": {"xml:lang": "en", "type": "literal", "value": "described by source"}}, {"subjectLabel": {"xml:lang": "en", "type": "literal", "value": "Ladislav Josef \u010celakovsk\u00fd"}, "object": {"type": "uri", "value": "http://www.wikidata.org/entity/Q117831991"}, "objectLabel": {"xml:lang": "en", "type": "literal", "value": "Lexikon \u010desk\u00e9 literatury. Osobnosti, d\u00edla, instituce"}, "predicateLabel": {"xml:lang": "en", "type": "literal", "value": "described by source"}}, {"subjectLabel": {"xml:lang": "en", "type": "literal", "value": "Ladislav Josef \u010celakovsk\u00fd"}, "object": {"type": "uri", "value": "http://www.wikidata.org/entity/Q28513"}, "objectLabel": {"xml:lang": "en", "type": "literal", "value": "Austria-Hungary"}, "predicateLabel": {"xml:lang": "en", "type": "literal", "value": "country of citizenship"}}, {"subjectLabel": {"xml:lang": "en", "type": "literal", "value": "Ladislav Josef \u010celakovsk\u00fd"}, "object": {"type": "uri", "value": "http://www.wikidata.org/entity/Q18986701"}, "objectLabel": {"xml:lang": "en", "type": "literal", "value": "Category:Ladislav Josef \u010celakovsk\u00fd"}, "predicateLabel": {"xml:lang": "en", "type": "literal", "value": "topic's main category"}}, {"subjectLabel": {"xml:lang": "en", "type": "literal", "value": "Ladislav Josef \u010celakovsk\u00fd"}, "object": {"type": "uri", "value": "http://www.wikidata.org/entity/Q872815"}, "objectLabel": {"xml:lang": "en", "type": "literal", "value": "Jarom\u00edr \u010celakovsk\u00fd"}, "predicateLabel": {"xml:lang": "en", "type": "literal", "value": "sibling"}}, {"subjectLabel": {"xml:lang": "en", "type": "literal", "value": "Ladislav Josef \u010celakovsk\u00fd"}, "object": {"type": "uri", "value": "http://www.wikidata.org/entity/Q441"}, "objectLabel": {"xml:lang": "en", "type": "literal", "value": "botany"}, "predicateLabel": {"xml:lang": "en", "type": "literal", "value": "field of work"}}, {"subjectLabel": {"xml:lang": "en", "type": "literal", "value": "Ladislav Josef \u010celakovsk\u00fd"}, "object": {"type": "uri", "value": "http://www.wikidata.org/entity/Q31519"}, "objectLabel": {"xml:lang": "en", "type": "literal", "value": "Charles University"}, "predicateLabel": {"xml:lang": "en", "type": "literal", "value": "employer"}}, {"subjectLabel": {"xml:lang": "en", "type": "literal", "value": "Ladislav Josef \u010celakovsk\u00fd"}, "object": {"type": "uri", "value": "http://www.wikidata.org/entity/Q1766280"}, "objectLabel": {"xml:lang": "en", "type": "literal", "value": "Svensk uppslagsbok"}, "predicateLabel": {"xml:lang": "en", "type": "literal", "value": "described by source"}}, {"subjectLabel": {"xml:lang": "en", "type": "literal", "value": "Ladislav Josef \u010celakovsk\u00fd"}, "object": {"type": "uri", "value": "http://www.wikidata.org/entity/Q2041543"}, "objectLabel": {"xml:lang": "en", "type": "literal", "value": "Ott\u016fv slovn\u00edk nau\u010dn\u00fd"}, "predicateLabel": {"xml:lang": "en", "type": "literal", "value": "described by source"}}, {"subjectLabel": {"xml:lang": "en", "type": "literal", "value": "Ladislav Josef \u010celakovsk\u00fd"}, "object": {"type": "uri", "value": "http://www.wikidata.org/entity/Q99413897"}, "objectLabel": {"xml:lang": "en", "type": "literal", "value": "Medvik"}, "predicateLabel": {"xml:lang": "en", "type": "literal", "value": "described by source"}}, {"subjectLabel": {"xml:lang": "en", "type": "literal", "value": "Ladislav Josef \u010celakovsk\u00fd"}, "object": {"type": "uri", "value": "http://www.wikidata.org/entity/Q20078554"}, "objectLabel": {"xml:lang": "en", "type": "literal", "value": "Great Soviet Encyclopedia (1926\u20131947)"}, "predicateLabel": {"xml:lang": "en", "type": "literal", "value": "described by source"}}, {"subjectLabel": {"xml:lang": "en", "type": "literal", "value": "Ladislav Josef \u010celakovsk\u00fd"}, "object": {"type": "uri", "value": "http://www.wikidata.org/entity/Q67311526"}, "objectLabel": {"xml:lang": "en", "type": "literal", "value": "Obalky knih.cz"}, "predicateLabel": {"xml:lang": "en", "type": "literal", "value": "described by source"}}, {"subjectLabel": {"xml:lang": "en", "type": "literal", "value": "Ladislav Josef \u010celakovsk\u00fd"}, "object": {"type": "uri", "value": "http://www.wikidata.org/entity/Q131964"}, "objectLabel": {"xml:lang": "en", "type": "literal", "value": "Austrian Empire"}, "predicateLabel": {"xml:lang": "en", "type": "literal", "value": "country of citizenship"}}, {"subjectLabel": {"xml:lang": "en", "type": "literal", "value": "Ladislav Josef \u010celakovsk\u00fd"}, "object": {"type": "uri", "value": "http://www.wikidata.org/entity/Q121594"}, "objectLabel": {"xml:lang": "en", "type": "literal", "value": "professor"}, "predicateLabel": {"xml:lang": "en", "type": "literal", "value": "academic degree"}}, {"subjectLabel": {"xml:lang": "en", "type": "literal", "value": "Ladislav Josef \u010celakovsk\u00fd"}, "object": {"type": "uri", "value": "http://www.wikidata.org/entity/Q382358"}, "objectLabel": {"xml:lang": "en", "type": "literal", "value": "Ladislav Franti\u0161ek \u010celakovsk\u00fd"}, "predicateLabel": {"xml:lang": "en", "type": "literal", "value": "child"}}, {"subjectLabel": {"xml:lang": "en", "type": "literal", "value": "Ladislav Josef \u010celakovsk\u00fd"}, "object": {"type": "uri", "value": "http://www.wikidata.org/entity/Q49757"}, "objectLabel": {"xml:lang": "en", "type": "literal", "value": "poet"}, "predicateLabel": {"xml:lang": "en", "type": "literal", "value": "occupation"}}, {"subjectLabel": {"xml:lang": "en", "type": "literal", "value": "Ladislav Josef \u010celakovsk\u00fd"}, "object": {"type": "uri", "value": "http://www.wikidata.org/entity/Q37226"}, "objectLabel": {"xml:lang": "en", "type": "literal", "value": "teacher"}, "predicateLabel": {"xml:lang": "en", "type": "literal", "value": "occupation"}}, {"subjectLabel": {"xml:lang": "en", "type": "literal", "value": "Ladislav Josef \u010celakovsk\u00fd"}, "object": {"type": "uri", "value": "http://www.wikidata.org/entity/Q201788"}, "objectLabel": {"xml:lang": "en", "type": "literal", "value": "historian"}, "predicateLabel": {"xml:lang": "en", "type": "literal", "value": "occupation"}}, {"subjectLabel": {"xml:lang": "en", "type": "literal", "value": "Ladislav Josef \u010celakovsk\u00fd"}, "object": {"type": "uri", "value": "http://www.wikidata.org/entity/Q753219"}, "objectLabel": {"xml:lang": "en", "type": "literal", "value": "New Town, Prague"}, "predicateLabel": {"xml:lang": "en", "type": "literal", "value": "place of death"}}, {"subjectLabel": {"xml:lang": "en", "type": "literal", "value": "Ladislav Josef \u010celakovsk\u00fd"}, "object": {"type": "uri", "value": "http://www.wikidata.org/entity/Q1160233"}, "objectLabel": {"xml:lang": "en", "type": "literal", "value": "Ladislav"}, "predicateLabel": {"xml:lang": "en", "type": "literal", "value": "given name"}}, {"subjectLabel": {"xml:lang": "en", "type": "literal", "value": "Ladislav Josef \u010celakovsk\u00fd"}, "object": {"type": "uri", "value": "http://www.wikidata.org/entity/Q1231865"}, "objectLabel": {"xml:lang": "en", "type": "literal", "value": "pedagogue"}, "predicateLabel": {"xml:lang": "en", "type": "literal", "value": "occupation"}}, {"subjectLabel": {"xml:lang": "en", "type": "literal", "value": "Ladislav Josef \u010celakovsk\u00fd"}, "object": {"type": "uri", "value": "http://www.wikidata.org/entity/Q50807595"}, "objectLabel": {"xml:lang": "en", "type": "literal", "value": "Auckland War Memorial Museum Herbarium"}, "predicateLabel": {"xml:lang": "en", "type": "literal", "value": "collection items at"}}, {"subjectLabel": {"xml:lang": "en", "type": "literal", "value": "Ladislav Josef \u010celakovsk\u00fd"}, "object": {"type": "uri", "value": "http://www.wikidata.org/entity/Q2374149"}, "objectLabel": {"xml:lang": "en", "type": "literal", "value": "botanist"}, "predicateLabel": {"xml:lang": "en", "type": "literal", "value": "occupation"}}, {"subjectLabel": {"xml:lang": "en", "type": "literal", "value": "Ladislav Josef \u010celakovsk\u00fd"}, "object": {"type": "uri", "value": "http://www.wikidata.org/entity/Q545818"}, "objectLabel": {"xml:lang": "en", "type": "literal", "value": "Franti\u0161ek \u010celakovsk\u00fd"}, "predicateLabel": {"xml:lang": "en", "type": "literal", "value": "father"}}, {"subjectLabel": {"xml:lang": "en", "type": "literal", "value": "Ladislav Josef \u010celakovsk\u00fd"}, "object": {"type": "uri", "value": "http://www.wikidata.org/entity/Q21487804"}, "objectLabel": {"xml:lang": "en", "type": "literal", "value": "\u010celakovsk\u00fd"}, "predicateLabel": {"xml:lang": "en", "type": "literal", "value": "family name"}}, {"subjectLabel": {"xml:lang": "en", "type": "literal", "value": "Ladislav Josef \u010celakovsk\u00fd"}, "object": {"type": "uri", "value": "http://www.wikidata.org/entity/Q112345614"}, "objectLabel": {"xml:lang": "en", "type": "literal", "value": "Louisa \u010celakovsk\u00e1"}, "predicateLabel": {"xml:lang": "en", "type": "literal", "value": "spouse"}}, {"subjectLabel": {"xml:lang": "en", "type": "literal", "value": "Ladislav Josef \u010celakovsk\u00fd"}, "object": {"type": "uri", "value": "http://www.wikidata.org/entity/Q333634"}, "objectLabel": {"xml:lang": "en", "type": "literal", "value": "translator"}, "predicateLabel": {"xml:lang": "en", "type": "literal", "value": "occupation"}}, {"subjectLabel": {"xml:lang": "en", "type": "literal", "value": "Ladislav Josef \u010celakovsk\u00fd"}, "object": {"type": "uri", "value": "http://www.wikidata.org/entity/Q2661974"}, "objectLabel": {"xml:lang": "en", "type": "literal", "value": "Ol\u0161any Cemetery"}, "predicateLabel": {"xml:lang": "en", "type": "literal", "value": "place of burial"}}, {"subjectLabel": {"xml:lang": "en", "type": "literal", "value": "Ladislav Josef \u010celakovsk\u00fd"}, "object": {"type": "uri", "value": "http://www.wikidata.org/entity/Q6581097"}, "objectLabel": {"xml:lang": "en", "type": "literal", "value": "male"}, "predicateLabel": {"xml:lang": "en", "type": "literal", "value": "sex or gender"}}], "Q857545": [{"subjectLabel": {"xml:lang": "en", "type": "literal", "value": "Josef Durd\u00edk"}, "object": {"type": "uri", "value": "http://www.wikidata.org/entity/Q5"}, "objectLabel": {"xml:lang": "en", "type": "literal", "value": "human"}, "predicateLabel": {"xml:lang": "en", "type": "literal", "value": "instance of"}}, {"subjectLabel": {"xml:lang": "en", "type": "literal", "value": "Josef Durd\u00edk"}, "object": {"type": "uri", "value": "http://www.wikidata.org/entity/Q9056"}, "objectLabel": {"xml:lang": "en", "type": "literal", "value": "Czech"}, "predicateLabel": {"xml:lang": "en", "type": "literal", "value": "languages spoken, written or signed"}}, {"subjectLabel": {"xml:lang": "en", "type": "literal", "value": "Josef Durd\u00edk"}, "object": {"type": "uri", "value": "http://www.wikidata.org/entity/Q5891"}, "objectLabel": {"xml:lang": "en", "type": "literal", "value": "philosophy"}, "predicateLabel": {"xml:lang": "en", "type": "literal", "value": "field of work"}}, {"subjectLabel": {"xml:lang": "en", "type": "literal", "value": "Josef Durd\u00edk"}, "object": {"type": "uri", "value": "http://www.wikidata.org/entity/Q7163"}, "objectLabel": {"xml:lang": "en", "type": "literal", "value": "politics"}, "predicateLabel": {"xml:lang": "en", "type": "literal", "value": "field of work"}}, {"subjectLabel": {"xml:lang": "en", "type": "literal", "value": "Josef Durd\u00edk"}, "object": {"type": "uri", "value": "http://www.wikidata.org/entity/Q333634"}, "objectLabel": {"xml:lang": "en", "type": "literal", "value": "translator"}, "predicateLabel": {"xml:lang": "en", "type": "literal", "value": "occupation"}}, {"subjectLabel": {"xml:lang": "en", "type": "literal", "value": "Josef Durd\u00edk"}, "object": {"type": "uri", "value": "http://www.wikidata.org/entity/Q602358"}, "objectLabel": {"xml:lang": "en", "type": "literal", "value": "Brockhaus and Efron Encyclopedic Dictionary"}, "predicateLabel": {"xml:lang": "en", "type": "literal", "value": "described by source"}}, {"subjectLabel": {"xml:lang": "en", "type": "literal", "value": "Josef Durd\u00edk"}, "object": {"type": "uri", "value": "http://www.wikidata.org/entity/Q4964182"}, "objectLabel": {"xml:lang": "en", "type": "literal", "value": "philosopher"}, "predicateLabel": {"xml:lang": "en", "type": "literal", "value": "occupation"}}, {"subjectLabel": {"xml:lang": "en", "type": "literal", "value": "Josef Durd\u00edk"}, "object": {"type": "uri", "value": "http://www.wikidata.org/entity/Q4263842"}, "objectLabel": {"xml:lang": "en", "type": "literal", "value": "literary critic"}, "predicateLabel": {"xml:lang": "en", "type": "literal", "value": "occupation"}}, {"subjectLabel": {"xml:lang": "en", "type": "literal", "value": "Josef Durd\u00edk"}, "object": {"type": "uri", "value": "http://www.wikidata.org/entity/Q2661974"}, "objectLabel": {"xml:lang": "en", "type": "literal", "value": "Ol\u0161any Cemetery"}, "predicateLabel": {"xml:lang": "en", "type": "literal", "value": "place of burial"}}, {"subjectLabel": {"xml:lang": "en", "type": "literal", "value": "Josef Durd\u00edk"}, "object": {"type": "uri", "value": "http://www.wikidata.org/entity/Q35986"}, "objectLabel": {"xml:lang": "en", "type": "literal", "value": "aesthetics"}, "predicateLabel": {"xml:lang": "en", "type": "literal", "value": "field of work"}}, {"subjectLabel": {"xml:lang": "en", "type": "literal", "value": "Josef Durd\u00edk"}, "object": {"type": "uri", "value": "http://www.wikidata.org/entity/Q9418"}, "objectLabel": {"xml:lang": "en", "type": "literal", "value": "psychology"}, "predicateLabel": {"xml:lang": "en", "type": "literal", "value": "field of work"}}, {"subjectLabel": {"xml:lang": "en", "type": "literal", "value": "Josef Durd\u00edk"}, "object": {"type": "uri", "value": "http://www.wikidata.org/entity/Q36180"}, "objectLabel": {"xml:lang": "en", "type": "literal", "value": "writer"}, "predicateLabel": {"xml:lang": "en", "type": "literal", "value": "occupation"}}, {"subjectLabel": {"xml:lang": "en", "type": "literal", "value": "Josef Durd\u00edk"}, "object": {"type": "uri", "value": "http://www.wikidata.org/entity/Q67311526"}, "objectLabel": {"xml:lang": "en", "type": "literal", "value": "Obalky knih.cz"}, "predicateLabel": {"xml:lang": "en", "type": "literal", "value": "described by source"}}, {"subjectLabel": {"xml:lang": "en", "type": "literal", "value": "Josef Durd\u00edk"}, "object": {"type": "uri", "value": "http://www.wikidata.org/entity/Q99413897"}, "objectLabel": {"xml:lang": "en", "type": "literal", "value": "Medvik"}, "predicateLabel": {"xml:lang": "en", "type": "literal", "value": "described by source"}}, {"subjectLabel": {"xml:lang": "en", "type": "literal", "value": "Josef Durd\u00edk"}, "object": {"type": "uri", "value": "http://www.wikidata.org/entity/Q117831991"}, "objectLabel": {"xml:lang": "en", "type": "literal", "value": "Lexikon \u010desk\u00e9 literatury. Osobnosti, d\u00edla, instituce"}, "predicateLabel": {"xml:lang": "en", "type": "literal", "value": "described by source"}}, {"subjectLabel": {"xml:lang": "en", "type": "literal", "value": "Josef Durd\u00edk"}, "object": {"type": "uri", "value": "http://www.wikidata.org/entity/Q15730712"}, "objectLabel": {"xml:lang": "en", "type": "literal", "value": "Josef"}, "predicateLabel": {"xml:lang": "en", "type": "literal", "value": "given name"}}, {"subjectLabel": {"xml:lang": "en", "type": "literal", "value": "Josef Durd\u00edk"}, "object": {"type": "uri", "value": "http://www.wikidata.org/entity/Q21550346"}, "objectLabel": {"xml:lang": "en", "type": "literal", "value": "aesthetician"}, "predicateLabel": {"xml:lang": "en", "type": "literal", "value": "occupation"}}, {"subjectLabel": {"xml:lang": "en", "type": "literal", "value": "Josef Durd\u00edk"}, "object": {"type": "uri", "value": "http://www.wikidata.org/entity/Q212980"}, "objectLabel": {"xml:lang": "en", "type": "literal", "value": "psychologist"}, "predicateLabel": {"xml:lang": "en", "type": "literal", "value": "occupation"}}, {"subjectLabel": {"xml:lang": "en", "type": "literal", "value": "Josef Durd\u00edk"}, "object": {"type": "uri", "value": "http://www.wikidata.org/entity/Q58854"}, "objectLabel": {"xml:lang": "en", "type": "literal", "value": "literary criticism"}, "predicateLabel": {"xml:lang": "en", "type": "literal", "value": "field of work"}}, {"subjectLabel": {"xml:lang": "en", "type": "literal", "value": "Josef Durd\u00edk"}, "object": {"type": "uri", "value": "http://www.wikidata.org/entity/Q19180675"}, "objectLabel": {"xml:lang": "en", "type": "literal", "value": "Small Brockhaus and Efron Encyclopedic Dictionary"}, "predicateLabel": {"xml:lang": "en", "type": "literal", "value": "described by source"}}, {"subjectLabel": {"xml:lang": "en", "type": "literal", "value": "Josef Durd\u00edk"}, "object": {"type": "uri", "value": "http://www.wikidata.org/entity/Q17120900"}, "objectLabel": {"xml:lang": "en", "type": "literal", "value": "Category:Josef Durd\u00edk"}, "predicateLabel": {"xml:lang": "en", "type": "literal", "value": "topic's main category"}}, {"subjectLabel": {"xml:lang": "en", "type": "literal", "value": "Josef Durd\u00edk"}, "object": {"type": "uri", "value": "http://www.wikidata.org/entity/Q15111341"}, "objectLabel": {"xml:lang": "en", "type": "literal", "value": "Durd\u00edk"}, "predicateLabel": {"xml:lang": "en", "type": "literal", "value": "family name"}}, {"subjectLabel": {"xml:lang": "en", "type": "literal", "value": "Josef Durd\u00edk"}, "object": {"type": "uri", "value": "http://www.wikidata.org/entity/Q753289"}, "objectLabel": {"xml:lang": "en", "type": "literal", "value": "Mal\u00e1 Strana"}, "predicateLabel": {"xml:lang": "en", "type": "literal", "value": "place of death"}}, {"subjectLabel": {"xml:lang": "en", "type": "literal", "value": "Josef Durd\u00edk"}, "object": {"type": "uri", "value": "http://www.wikidata.org/entity/Q6581097"}, "objectLabel": {"xml:lang": "en", "type": "literal", "value": "male"}, "predicateLabel": {"xml:lang": "en", "type": "literal", "value": "sex or gender"}}, {"subjectLabel": {"xml:lang": "en", "type": "literal", "value": "Josef Durd\u00edk"}, "object": {"type": "uri", "value": "http://www.wikidata.org/entity/Q115160303"}, "objectLabel": {"xml:lang": "en", "type": "literal", "value": "translating activity"}, "predicateLabel": {"xml:lang": "en", "type": "literal", "value": "field of work"}}, {"subjectLabel": {"xml:lang": "en", "type": "literal", "value": "Josef Durd\u00edk"}, "object": {"type": "uri", "value": "http://www.wikidata.org/entity/Q927541"}, "objectLabel": {"xml:lang": "en", "type": "literal", "value": "Ho\u0159ice"}, "predicateLabel": {"xml:lang": "en", "type": "literal", "value": "place of birth"}}, {"subjectLabel": {"xml:lang": "en", "type": "literal", "value": "Josef Durd\u00edk"}, "object": {"type": "uri", "value": "http://www.wikidata.org/entity/Q99193556"}, "objectLabel": {"xml:lang": "en", "type": "literal", "value": "Member of the Bohemian Diet"}, "predicateLabel": {"xml:lang": "en", "type": "literal", "value": "position held"}}], "Q872815": [{"subjectLabel": {"xml:lang": "en", "type": "literal", "value": "Jarom\u00edr \u010celakovsk\u00fd"}, "object": {"type": "uri", "value": "http://www.wikidata.org/entity/Q5"}, "objectLabel": {"xml:lang": "en", "type": "literal", "value": "human"}, "predicateLabel": {"xml:lang": "en", "type": "literal", "value": "instance of"}}, {"subjectLabel": {"xml:lang": "en", "type": "literal", "value": "Jarom\u00edr \u010celakovsk\u00fd"}, "object": {"type": "uri", "value": "http://www.wikidata.org/entity/Q1085"}, "objectLabel": {"xml:lang": "en", "type": "literal", "value": "Prague"}, "predicateLabel": {"xml:lang": "en", "type": "literal", "value": "work location"}}, {"subjectLabel": {"xml:lang": "en", "type": "literal", "value": "Jarom\u00edr \u010celakovsk\u00fd"}, "object": {"type": "uri", "value": "http://www.wikidata.org/entity/Q9056"}, "objectLabel": {"xml:lang": "en", "type": "literal", "value": "Czech"}, "predicateLabel": {"xml:lang": "en", "type": "literal", "value": "languages spoken, written or signed"}}, {"subjectLabel": {"xml:lang": "en", "type": "literal", "value": "Jarom\u00edr \u010celakovsk\u00fd"}, "object": {"type": "uri", "value": "http://www.wikidata.org/entity/Q602358"}, "objectLabel": {"xml:lang": "en", "type": "literal", "value": "Brockhaus and Efron Encyclopedic Dictionary"}, "predicateLabel": {"xml:lang": "en", "type": "literal", "value": "described by source"}}, {"subjectLabel": {"xml:lang": "en", "type": "literal", "value": "Jarom\u00edr \u010celakovsk\u00fd"}, "object": {"type": "uri", "value": "http://www.wikidata.org/entity/Q1799"}, "objectLabel": {"xml:lang": "en", "type": "literal", "value": "Wroc\u0142aw"}, "predicateLabel": {"xml:lang": "en", "type": "literal", "value": "place of birth"}}, {"subjectLabel": {"xml:lang": "en", "type": "literal", "value": "Jarom\u00edr \u010celakovsk\u00fd"}, "object": {"type": "uri", "value": "http://www.wikidata.org/entity/Q1085"}, "objectLabel": {"xml:lang": "en", "type": "literal", "value": "Prague"}, "predicateLabel": {"xml:lang": "en", "type": "literal", "value": "place of death"}}, {"subjectLabel": {"xml:lang": "en", "type": "literal", "value": "Jarom\u00edr \u010celakovsk\u00fd"}, "object": {"type": "uri", "value": "http://www.wikidata.org/entity/Q67311526"}, "objectLabel": {"xml:lang": "en", "type": "literal", "value": "Obalky knih.cz"}, "predicateLabel": {"xml:lang": "en", "type": "literal", "value": "described by source"}}, {"subjectLabel": {"xml:lang": "en", "type": "literal", "value": "Jarom\u00edr \u010celakovsk\u00fd"}, "object": {"type": "uri", "value": "http://www.wikidata.org/entity/Q21487804"}, "objectLabel": {"xml:lang": "en", "type": "literal", "value": "\u010celakovsk\u00fd"}, "predicateLabel": {"xml:lang": "en", "type": "literal", "value": "family name"}}, {"subjectLabel": {"xml:lang": "en", "type": "literal", "value": "Jarom\u00edr \u010celakovsk\u00fd"}, "object": {"type": "uri", "value": "http://www.wikidata.org/entity/Q19818088"}, "objectLabel": {"xml:lang": "en", "type": "literal", "value": "Jarom\u00edr"}, "predicateLabel": {"xml:lang": "en", "type": "literal", "value": "given name"}}, {"subjectLabel": {"xml:lang": "en", "type": "literal", "value": "Jarom\u00edr \u010celakovsk\u00fd"}, "object": {"type": "uri", "value": "http://www.wikidata.org/entity/Q31519"}, "objectLabel": {"xml:lang": "en", "type": "literal", "value": "Charles University"}, "predicateLabel": {"xml:lang": "en", "type": "literal", "value": "employer"}}, {"subjectLabel": {"xml:lang": "en", "type": "literal", "value": "Jarom\u00edr \u010celakovsk\u00fd"}, "object": {"type": "uri", "value": "http://www.wikidata.org/entity/Q17121549"}, "objectLabel": {"xml:lang": "en", "type": "literal", "value": "Category:Jarom\u00edr \u010celakovsk\u00fd"}, "predicateLabel": {"xml:lang": "en", "type": "literal", "value": "topic's main category"}}, {"subjectLabel": {"xml:lang": "en", "type": "literal", "value": "Jarom\u00edr \u010celakovsk\u00fd"}, "object": {"type": "uri", "value": "http://www.wikidata.org/entity/Q2041543"}, "objectLabel": {"xml:lang": "en", "type": "literal", "value": "Ott\u016fv slovn\u00edk nau\u010dn\u00fd"}, "predicateLabel": {"xml:lang": "en", "type": "literal", "value": "described by source"}}, {"subjectLabel": {"xml:lang": "en", "type": "literal", "value": "Jarom\u00edr \u010celakovsk\u00fd"}, "object": {"type": "uri", "value": "http://www.wikidata.org/entity/Q36180"}, "objectLabel": {"xml:lang": "en", "type": "literal", "value": "writer"}, "predicateLabel": {"xml:lang": "en", "type": "literal", "value": "occupation"}}, {"subjectLabel": {"xml:lang": "en", "type": "literal", "value": "Jarom\u00edr \u010celakovsk\u00fd"}, "object": {"type": "uri", "value": "http://www.wikidata.org/entity/Q37226"}, "objectLabel": {"xml:lang": "en", "type": "literal", "value": "teacher"}, "predicateLabel": {"xml:lang": "en", "type": "literal", "value": "occupation"}}, {"subjectLabel": {"xml:lang": "en", "type": "literal", "value": "Jarom\u00edr \u010celakovsk\u00fd"}, "object": {"type": "uri", "value": "http://www.wikidata.org/entity/Q28513"}, "objectLabel": {"xml:lang": "en", "type": "literal", "value": "Austria-Hungary"}, "predicateLabel": {"xml:lang": "en", "type": "literal", "value": "country of citizenship"}}, {"subjectLabel": {"xml:lang": "en", "type": "literal", "value": "Jarom\u00edr \u010celakovsk\u00fd"}, "object": {"type": "uri", "value": "http://www.wikidata.org/entity/Q743785"}, "objectLabel": {"xml:lang": "en", "type": "literal", "value": "Ladislav Josef \u010celakovsk\u00fd"}, "predicateLabel": {"xml:lang": "en", "type": "literal", "value": "sibling"}}, {"subjectLabel": {"xml:lang": "en", "type": "literal", "value": "Jarom\u00edr \u010celakovsk\u00fd"}, "object": {"type": "uri", "value": "http://www.wikidata.org/entity/Q1231865"}, "objectLabel": {"xml:lang": "en", "type": "literal", "value": "pedagogue"}, "predicateLabel": {"xml:lang": "en", "type": "literal", "value": "occupation"}}, {"subjectLabel": {"xml:lang": "en", "type": "literal", "value": "Jarom\u00edr \u010celakovsk\u00fd"}, "object": {"type": "uri", "value": "http://www.wikidata.org/entity/Q1622272"}, "objectLabel": {"xml:lang": "en", "type": "literal", "value": "university teacher"}, "predicateLabel": {"xml:lang": "en", "type": "literal", "value": "occupation"}}, {"subjectLabel": {"xml:lang": "en", "type": "literal", "value": "Jarom\u00edr \u010celakovsk\u00fd"}, "object": {"type": "uri", "value": "http://www.wikidata.org/entity/Q18702986"}, "objectLabel": {"xml:lang": "en", "type": "literal", "value": "National Museum Library"}, "predicateLabel": {"xml:lang": "en", "type": "literal", "value": "personal library at"}}, {"subjectLabel": {"xml:lang": "en", "type": "literal", "value": "Jarom\u00edr \u010celakovsk\u00fd"}, "object": {"type": "uri", "value": "http://www.wikidata.org/entity/Q82955"}, "objectLabel": {"xml:lang": "en", "type": "literal", "value": "politician"}, "predicateLabel": {"xml:lang": "en", "type": "literal", "value": "occupation"}}, {"subjectLabel": {"xml:lang": "en", "type": "literal", "value": "Jarom\u00edr \u010celakovsk\u00fd"}, "object": {"type": "uri", "value": "http://www.wikidata.org/entity/Q2135538"}, "objectLabel": {"xml:lang": "en", "type": "literal", "value": "legal historian"}, "predicateLabel": {"xml:lang": "en", "type": "literal", "value": "occupation"}}, {"subjectLabel": {"xml:lang": "en", "type": "literal", "value": "Jarom\u00edr \u010celakovsk\u00fd"}, "object": {"type": "uri", "value": "http://www.wikidata.org/entity/Q1930187"}, "objectLabel": {"xml:lang": "en", "type": "literal", "value": "journalist"}, "predicateLabel": {"xml:lang": "en", "type": "literal", "value": "occupation"}}, {"subjectLabel": {"xml:lang": "en", "type": "literal", "value": "Jarom\u00edr \u010celakovsk\u00fd"}, "object": {"type": "uri", "value": "http://www.wikidata.org/entity/Q1713492"}, "objectLabel": {"xml:lang": "en", "type": "literal", "value": "Young Czech Party"}, "predicateLabel": {"xml:lang": "en", "type": "literal", "value": "member of political party"}}, {"subjectLabel": {"xml:lang": "en", "type": "literal", "value": "Jarom\u00edr \u010celakovsk\u00fd"}, "object": {"type": "uri", "value": "http://www.wikidata.org/entity/Q96939010"}, "objectLabel": {"xml:lang": "en", "type": "literal", "value": "Almanach \u010deskoslovensk\u00fdch pr\u00e1vn\u00edk\u016f"}, "predicateLabel": {"xml:lang": "en", "type": "literal", "value": "described by source"}}, {"subjectLabel": {"xml:lang": "en", "type": "literal", "value": "Jarom\u00edr \u010celakovsk\u00fd"}, "object": {"type": "uri", "value": "http://www.wikidata.org/entity/Q185351"}, "objectLabel": {"xml:lang": "en", "type": "literal", "value": "jurist"}, "predicateLabel": {"xml:lang": "en", "type": "literal", "value": "occupation"}}, {"subjectLabel": {"xml:lang": "en", "type": "literal", "value": "Jarom\u00edr \u010celakovsk\u00fd"}, "object": {"type": "uri", "value": "http://www.wikidata.org/entity/Q2661974"}, "objectLabel": {"xml:lang": "en", "type": "literal", "value": "Ol\u0161any Cemetery"}, "predicateLabel": {"xml:lang": "en", "type": "literal", "value": "place of burial"}}, {"subjectLabel": {"xml:lang": "en", "type": "literal", "value": "Jarom\u00edr \u010celakovsk\u00fd"}, "object": {"type": "uri", "value": "http://www.wikidata.org/entity/Q42744067"}, "objectLabel": {"xml:lang": "en", "type": "literal", "value": "Member of Abgeordnetenhaus"}, "predicateLabel": {"xml:lang": "en", "type": "literal", "value": "position held"}}, {"subjectLabel": {"xml:lang": "en", "type": "literal", "value": "Jarom\u00edr \u010celakovsk\u00fd"}, "object": {"type": "uri", "value": "http://www.wikidata.org/entity/Q99193556"}, "objectLabel": {"xml:lang": "en", "type": "literal", "value": "Member of the Bohemian Diet"}, "predicateLabel": {"xml:lang": "en", "type": "literal", "value": "position held"}}, {"subjectLabel": {"xml:lang": "en", "type": "literal", "value": "Jarom\u00edr \u010celakovsk\u00fd"}, "object": {"type": "uri", "value": "http://www.wikidata.org/entity/Q12049166"}, "objectLabel": {"xml:lang": "en", "type": "literal", "value": "Rector of Charles University"}, "predicateLabel": {"xml:lang": "en", "type": "literal", "value": "position held"}}, {"subjectLabel": {"xml:lang": "en", "type": "literal", "value": "Jarom\u00edr \u010celakovsk\u00fd"}, "object": {"type": "uri", "value": "http://www.wikidata.org/entity/Q6581097"}, "objectLabel": {"xml:lang": "en", "type": "literal", "value": "male"}, "predicateLabel": {"xml:lang": "en", "type": "literal", "value": "sex or gender"}}, {"subjectLabel": {"xml:lang": "en", "type": "literal", "value": "Jarom\u00edr \u010celakovsk\u00fd"}, "object": {"type": "uri", "value": "http://www.wikidata.org/entity/Q12047389"}, "objectLabel": {"xml:lang": "en", "type": "literal", "value": "Faculty of Law, Charles University in Prague"}, "predicateLabel": {"xml:lang": "en", "type": "literal", "value": "educated at"}}, {"subjectLabel": {"xml:lang": "en", "type": "literal", "value": "Jarom\u00edr \u010celakovsk\u00fd"}, "object": {"type": "uri", "value": "http://www.wikidata.org/entity/Q20901922"}, "objectLabel": {"xml:lang": "en", "type": "literal", "value": "\u010cesk\u00fd klub"}, "predicateLabel": {"xml:lang": "en", "type": "literal", "value": "member of political party"}}, {"subjectLabel": {"xml:lang": "en", "type": "literal", "value": "Jarom\u00edr \u010celakovsk\u00fd"}, "object": {"type": "uri", "value": "http://www.wikidata.org/entity/Q201788"}, "objectLabel": {"xml:lang": "en", "type": "literal", "value": "historian"}, "predicateLabel": {"xml:lang": "en", "type": "literal", "value": "occupation"}}, {"subjectLabel": {"xml:lang": "en", "type": "literal", "value": "Jarom\u00edr \u010celakovsk\u00fd"}, "object": {"type": "uri", "value": "http://www.wikidata.org/entity/Q545818"}, "objectLabel": {"xml:lang": "en", "type": "literal", "value": "Franti\u0161ek \u010celakovsk\u00fd"}, "predicateLabel": {"xml:lang": "en", "type": "literal", "value": "father"}}, {"subjectLabel": {"xml:lang": "en", "type": "literal", "value": "Jarom\u00edr \u010celakovsk\u00fd"}, "object": {"type": "uri", "value": "http://www.wikidata.org/entity/Q635734"}, "objectLabel": {"xml:lang": "en", "type": "literal", "value": "archivist"}, "predicateLabel": {"xml:lang": "en", "type": "literal", "value": "occupation"}}], "Q762176": [{"subjectLabel": {"xml:lang": "en", "type": "literal", "value": "Augustin B\u0115lohoubek"}, "object": {"type": "uri", "value": "http://www.wikidata.org/entity/Q5"}, "objectLabel": {"xml:lang": "en", "type": "literal", "value": "human"}, "predicateLabel": {"xml:lang": "en", "type": "literal", "value": "instance of"}}, {"subjectLabel": {"xml:lang": "en", "type": "literal", "value": "Augustin B\u0115lohoubek"}, "object": {"type": "uri", "value": "http://www.wikidata.org/entity/Q28513"}, "objectLabel": {"xml:lang": "en", "type": "literal", "value": "Austria-Hungary"}, "predicateLabel": {"xml:lang": "en", "type": "literal", "value": "country of citizenship"}}, {"subjectLabel": {"xml:lang": "en", "type": "literal", "value": "Augustin B\u0115lohoubek"}, "object": {"type": "uri", "value": "http://www.wikidata.org/entity/Q31519"}, "objectLabel": {"xml:lang": "en", "type": "literal", "value": "Charles University"}, "predicateLabel": {"xml:lang": "en", "type": "literal", "value": "employer"}}, {"subjectLabel": {"xml:lang": "en", "type": "literal", "value": "Augustin B\u0115lohoubek"}, "object": {"type": "uri", "value": "http://www.wikidata.org/entity/Q131964"}, "objectLabel": {"xml:lang": "en", "type": "literal", "value": "Austrian Empire"}, "predicateLabel": {"xml:lang": "en", "type": "literal", "value": "country of citizenship"}}, {"subjectLabel": {"xml:lang": "en", "type": "literal", "value": "Augustin B\u0115lohoubek"}, "object": {"type": "uri", "value": "http://www.wikidata.org/entity/Q37226"}, "objectLabel": {"xml:lang": "en", "type": "literal", "value": "teacher"}, "predicateLabel": {"xml:lang": "en", "type": "literal", "value": "occupation"}}, {"subjectLabel": {"xml:lang": "en", "type": "literal", "value": "Augustin B\u0115lohoubek"}, "object": {"type": "uri", "value": "http://www.wikidata.org/entity/Q593644"}, "objectLabel": {"xml:lang": "en", "type": "literal", "value": "chemist"}, "predicateLabel": {"xml:lang": "en", "type": "literal", "value": "occupation"}}, {"subjectLabel": {"xml:lang": "en", "type": "literal", "value": "Augustin B\u0115lohoubek"}, "object": {"type": "uri", "value": "http://www.wikidata.org/entity/Q118967"}, "objectLabel": {"xml:lang": "en", "type": "literal", "value": "Vy\u0161ehrad cemetery"}, "predicateLabel": {"xml:lang": "en", "type": "literal", "value": "place of burial"}}, {"subjectLabel": {"xml:lang": "en", "type": "literal", "value": "Augustin B\u0115lohoubek"}, "object": {"type": "uri", "value": "http://www.wikidata.org/entity/Q604863"}, "objectLabel": {"xml:lang": "en", "type": "literal", "value": "Je\u0159ice"}, "predicateLabel": {"xml:lang": "en", "type": "literal", "value": "place of birth"}}, {"subjectLabel": {"xml:lang": "en", "type": "literal", "value": "Augustin B\u0115lohoubek"}, "object": {"type": "uri", "value": "http://www.wikidata.org/entity/Q99413897"}, "objectLabel": {"xml:lang": "en", "type": "literal", "value": "Medvik"}, "predicateLabel": {"xml:lang": "en", "type": "literal", "value": "described by source"}}, {"subjectLabel": {"xml:lang": "en", "type": "literal", "value": "Augustin B\u0115lohoubek"}, "object": {"type": "uri", "value": "http://www.wikidata.org/entity/Q370731"}, "objectLabel": {"xml:lang": "en", "type": "literal", "value": "August"}, "predicateLabel": {"xml:lang": "en", "type": "literal", "value": "given name"}}, {"subjectLabel": {"xml:lang": "en", "type": "literal", "value": "Augustin B\u0115lohoubek"}, "object": {"type": "uri", "value": "http://www.wikidata.org/entity/Q1622272"}, "objectLabel": {"xml:lang": "en", "type": "literal", "value": "university teacher"}, "predicateLabel": {"xml:lang": "en", "type": "literal", "value": "occupation"}}, {"subjectLabel": {"xml:lang": "en", "type": "literal", "value": "Augustin B\u0115lohoubek"}, "object": {"type": "uri", "value": "http://www.wikidata.org/entity/Q753219"}, "objectLabel": {"xml:lang": "en", "type": "literal", "value": "New Town, Prague"}, "predicateLabel": {"xml:lang": "en", "type": "literal", "value": "place of death"}}, {"subjectLabel": {"xml:lang": "en", "type": "literal", "value": "Augustin B\u0115lohoubek"}, "object": {"type": "uri", "value": "http://www.wikidata.org/entity/Q6581097"}, "objectLabel": {"xml:lang": "en", "type": "literal", "value": "male"}, "predicateLabel": {"xml:lang": "en", "type": "literal", "value": "sex or gender"}}], "Q15830008": [{"subjectLabel": {"xml:lang": "en", "type": "literal", "value": "Franti\u0161ek Berou\u0161ek"}, "object": {"type": "uri", "value": "http://www.wikidata.org/entity/Q5"}, "objectLabel": {"xml:lang": "en", "type": "literal", "value": "human"}, "predicateLabel": {"xml:lang": "en", "type": "literal", "value": "instance of"}}, {"subjectLabel": {"xml:lang": "en", "type": "literal", "value": "Franti\u0161ek Berou\u0161ek"}, "object": {"type": "uri", "value": "http://www.wikidata.org/entity/Q1303768"}, "objectLabel": {"xml:lang": "en", "type": "literal", "value": "Lomnice nad Popelkou"}, "predicateLabel": {"xml:lang": "en", "type": "literal", "value": "place of death"}}, {"subjectLabel": {"xml:lang": "en", "type": "literal", "value": "Franti\u0161ek Berou\u0161ek"}, "object": {"type": "uri", "value": "http://www.wikidata.org/entity/Q6581097"}, "objectLabel": {"xml:lang": "en", "type": "literal", "value": "male"}, "predicateLabel": {"xml:lang": "en", "type": "literal", "value": "sex or gender"}}, {"subjectLabel": {"xml:lang": "en", "type": "literal", "value": "Franti\u0161ek Berou\u0161ek"}, "object": {"type": "uri", "value": "http://www.wikidata.org/entity/Q2648973"}, "objectLabel": {"xml:lang": "en", "type": "literal", "value": "Franti\u0161ek"}, "predicateLabel": {"xml:lang": "en", "type": "literal", "value": "given name"}}], "Q15830021": [{"subjectLabel": {"xml:lang": "en", "type": "literal", "value": "Franti\u0161ek Farsk\u00fd"}, "object": {"type": "uri", "value": "http://www.wikidata.org/entity/Q5"}, "objectLabel": {"xml:lang": "en", "type": "literal", "value": "human"}, "predicateLabel": {"xml:lang": "en", "type": "literal", "value": "instance of"}}, {"subjectLabel": {"xml:lang": "en", "type": "literal", "value": "Franti\u0161ek Farsk\u00fd"}, "object": {"type": "uri", "value": "http://www.wikidata.org/entity/Q188"}, "objectLabel": {"xml:lang": "en", "type": "literal", "value": "German"}, "predicateLabel": {"xml:lang": "en", "type": "literal", "value": "languages spoken, written or signed"}}, {"subjectLabel": {"xml:lang": "en", "type": "literal", "value": "Franti\u0161ek Farsk\u00fd"}, "object": {"type": "uri", "value": "http://www.wikidata.org/entity/Q9056"}, "objectLabel": {"xml:lang": "en", "type": "literal", "value": "Czech"}, "predicateLabel": {"xml:lang": "en", "type": "literal", "value": "languages spoken, written or signed"}}, {"subjectLabel": {"xml:lang": "en", "type": "literal", "value": "Franti\u0161ek Farsk\u00fd"}, "object": {"type": "uri", "value": "http://www.wikidata.org/entity/Q193721"}, "objectLabel": {"xml:lang": "en", "type": "literal", "value": "T\u00e1bor"}, "predicateLabel": {"xml:lang": "en", "type": "literal", "value": "work location"}}, {"subjectLabel": {"xml:lang": "en", "type": "literal", "value": "Franti\u0161ek Farsk\u00fd"}, "object": {"type": "uri", "value": "http://www.wikidata.org/entity/Q397334"}, "objectLabel": {"xml:lang": "en", "type": "literal", "value": "agricultural chemistry"}, "predicateLabel": {"xml:lang": "en", "type": "literal", "value": "field of work"}}, {"subjectLabel": {"xml:lang": "en", "type": "literal", "value": "Franti\u0161ek Farsk\u00fd"}, "object": {"type": "uri", "value": "http://www.wikidata.org/entity/Q2648973"}, "objectLabel": {"xml:lang": "en", "type": "literal", "value": "Franti\u0161ek"}, "predicateLabel": {"xml:lang": "en", "type": "literal", "value": "given name"}}, {"subjectLabel": {"xml:lang": "en", "type": "literal", "value": "Franti\u0161ek Farsk\u00fd"}, "object": {"type": "uri", "value": "http://www.wikidata.org/entity/Q2107827"}, "objectLabel": {"xml:lang": "en", "type": "literal", "value": "Roprachtice"}, "predicateLabel": {"xml:lang": "en", "type": "literal", "value": "place of birth"}}, {"subjectLabel": {"xml:lang": "en", "type": "literal", "value": "Franti\u0161ek Farsk\u00fd"}, "object": {"type": "uri", "value": "http://www.wikidata.org/entity/Q6581097"}, "objectLabel": {"xml:lang": "en", "type": "literal", "value": "male"}, "predicateLabel": {"xml:lang": "en", "type": "literal", "value": "sex or gender"}}, {"subjectLabel": {"xml:lang": "en", "type": "literal", "value": "Franti\u0161ek Farsk\u00fd"}, "object": {"type": "uri", "value": "http://www.wikidata.org/entity/Q3055126"}, "objectLabel": {"xml:lang": "en", "type": "literal", "value": "entomologist"}, "predicateLabel": {"xml:lang": "en", "type": "literal", "value": "occupation"}}, {"subjectLabel": {"xml:lang": "en", "type": "literal", "value": "Franti\u0161ek Farsk\u00fd"}, "object": {"type": "uri", "value": "http://www.wikidata.org/entity/Q662985"}, "objectLabel": {"xml:lang": "en", "type": "literal", "value": "Vinohrady"}, "predicateLabel": {"xml:lang": "en", "type": "literal", "value": "place of death"}}, {"subjectLabel": {"xml:lang": "en", "type": "literal", "value": "Franti\u0161ek Farsk\u00fd"}, "object": {"type": "uri", "value": "http://www.wikidata.org/entity/Q593644"}, "objectLabel": {"xml:lang": "en", "type": "literal", "value": "chemist"}, "predicateLabel": {"xml:lang": "en", "type": "literal", "value": "occupation"}}, {"subjectLabel": {"xml:lang": "en", "type": "literal", "value": "Franti\u0161ek Farsk\u00fd"}, "object": {"type": "uri", "value": "http://www.wikidata.org/entity/Q11995929"}, "objectLabel": {"xml:lang": "en", "type": "literal", "value": "Farsk\u00fd"}, "predicateLabel": {"xml:lang": "en", "type": "literal", "value": "family name"}}, {"subjectLabel": {"xml:lang": "en", "type": "literal", "value": "Franti\u0161ek Farsk\u00fd"}, "object": {"type": "uri", "value": "http://www.wikidata.org/entity/Q99413897"}, "objectLabel": {"xml:lang": "en", "type": "literal", "value": "Medvik"}, "predicateLabel": {"xml:lang": "en", "type": "literal", "value": "described by source"}}]}