{"Q139": [{"subjectLabel": {"xml:lang": "en", "type": "literal", "value": "queen"}, "object": {"type": "uri", "value": "http://www.wikidata.org/entity/Q718"}, "objectLabel": {"xml:lang": "en", "type": "literal", "value": "chess"}, "predicateLabel": {"xml:lang": "en", "type": "literal", "value": "sport"}}, {"subjectLabel": {"xml:lang": "en", "type": "literal", "value": "queen"}, "object": {"type": "uri", "value": "http://www.wikidata.org/entity/Q413981"}, "objectLabel": {"xml:lang": "en", "type": "literal", "value": "Dama"}, "predicateLabel": {"xml:lang": "en", "type": "literal", "value": "different from"}}, {"subjectLabel": {"xml:lang": "en", "type": "literal", "value": "queen"}, "object": {"type": "uri", "value": "http://www.wikidata.org/entity/Q229756"}, "objectLabel": {"xml:lang": "en", "type": "literal", "value": "Dame"}, "predicateLabel": {"xml:lang": "en", "type": "literal", "value": "different from"}}, {"subjectLabel": {"xml:lang": "en", "type": "literal", "value": "queen"}, "object": {"type": "uri", "value": "http://www.wikidata.org/entity/Q12221306"}, "objectLabel": {"xml:lang": "en", "type": "literal", "value": "major piece"}, "predicateLabel": {"xml:lang": "en", "type": "literal", "value": "subclass of"}}, {"subjectLabel": {"xml:lang": "en", "type": "literal", "value": "queen"}, "object": {"type": "uri", "value": "http://www.wikidata.org/entity/Q66739595"}, "objectLabel": {"xml:lang": "en", "type": "literal", "value": "chess terminology"}, "predicateLabel": {"xml:lang": "en", "type": "literal", "value": "part of"}}, {"subjectLabel": {"xml:lang": "en", "type": "literal", "value": "queen"}, "object": {"type": "uri", "value": "http://www.wikidata.org/entity/Q1244248"}, "objectLabel": {"xml:lang": "en", "type": "literal", "value": "Queen"}, "predicateLabel": {"xml:lang": "en", "type": "literal", "value": "different from"}}, {"subjectLabel": {"xml:lang": "en", "type": "literal", "value": "queen"}, "object": {"type": "uri", "value": "http://www.wikidata.org/entity/Q1970746"}, "objectLabel": {"xml:lang": "en", "type": "literal", "value": "Explanatory Dictionary of the Living Great Russian Language"}, "predicateLabel": {"xml:lang": "en", "type": "literal", "value": "described by source"}}, {"subjectLabel": {"xml:lang": "en", "type": "literal", "value": "queen"}, "object": {"type": "uri", "value": "http://www.wikidata.org/entity/Q19180675"}, "objectLabel": {"xml:lang": "en", "type": "literal", "value": "Small Brockhaus and Efron Encyclopedic Dictionary"}, "predicateLabel": {"xml:lang": "en", "type": "literal", "value": "described by source"}}], "Q718": [{"subjectLabel": {"xml:lang": "en", "type": "literal", "value": "chess"}, "object": {"type": "uri", "value": "http://www.wikidata.org/entity/Q102178"}, "objectLabel": {"xml:lang": "en", "type": "literal", "value": "FIDE"}, "predicateLabel": {"xml:lang": "en", "type": "literal", "value": "regulated by"}}, {"subjectLabel": {"xml:lang": "en", "type": "literal", "value": "chess"}, "object": {"type": "uri", "value": "http://www.wikidata.org/entity/Q2229544"}, "objectLabel": {"xml:lang": "en", "type": "literal", "value": "chess arbiter"}, "predicateLabel": {"xml:lang": "en", "type": "literal", "value": "practiced by"}}, {"subjectLabel": {"xml:lang": "en", "type": "literal", "value": "chess"}, "object": {"type": "uri", "value": "http://www.wikidata.org/entity/Q5460604"}, "objectLabel": {"xml:lang": "en", "type": "literal", "value": "Wikipedia:List of articles all languages should have"}, "predicateLabel": {"xml:lang": "en", "type": "literal", "value": "on focus list of Wikimedia project"}}, {"subjectLabel": {"xml:lang": "en", "type": "literal", "value": "chess"}, "object": {"type": "uri", "value": "http://www.wikidata.org/entity/Q2106721"}, "objectLabel": {"xml:lang": "en", "type": "literal", "value": "chess coach"}, "predicateLabel": {"xml:lang": "en", "type": "literal", "value": "practiced by"}}, {"subjectLabel": {"xml:lang": "en", "type": "literal", "value": "chess"}, "object": {"type": "uri", "value": "http://www.wikidata.org/entity/Q31629"}, "objectLabel": {"xml:lang": "en", "type": "literal", "value": "type of sport"}, "predicateLabel": {"xml:lang": "en", "type": "literal", "value": "instance of"}}, {"subjectLabel": {"xml:lang": "en", "type": "literal", "value": "chess"}, "object": {"type": "uri", "value": "http://www.wikidata.org/entity/Q131436"}, "objectLabel": {"xml:lang": "en", "type": "literal", "value": "board game"}, "predicateLabel": {"xml:lang": "en", "type": "literal", "value": "instance of"}}, {"subjectLabel": {"xml:lang": "en", "type": "literal", "value": "chess"}, "object": {"type": "uri", "value": "http://www.wikidata.org/entity/Q831765"}, "objectLabel": {"xml:lang": "en", "type": "literal", "value": "chess clock"}, "predicateLabel": {"xml:lang": "en", "type": "literal", "value": "uses"}}, {"subjectLabel": {"xml:lang": "en", "type": "literal", "value": "chess"}, "object": {"type": "uri", "value": "http://www.wikidata.org/entity/Q208440"}, "objectLabel": {"xml:lang": "en", "type": "literal", "value": "chess piece"}, "predicateLabel": {"xml:lang": "en", "type": "literal", "value": "uses"}}, {"subjectLabel": {"xml:lang": "en", "type": "literal", "value": "chess"}, "object": {"type": "uri", "value": "http://www.wikidata.org/entity/Q6173448"}, "objectLabel": {"xml:lang": "en", "type": "literal", "value": "Wikipedia:Vital articles/Level/4"}, "predicateLabel": {"xml:lang": "en", "type": "literal", "value": "on focus list of Wikimedia project"}}, {"subjectLabel": {"xml:lang": "en", "type": "literal", "value": "chess"}, "object": {"type": "uri", "value": "http://www.wikidata.org/entity/Q4438147"}, "objectLabel": {"xml:lang": "en", "type": "literal", "value": "game-based sport"}, "predicateLabel": {"xml:lang": "en", "type": "literal", "value": "instance of"}}, {"subjectLabel": {"xml:lang": "en", "type": "literal", "value": "chess"}, "object": {"type": "uri", "value": "http://www.wikidata.org/entity/Q2755547"}, "objectLabel": {"xml:lang": "en", "type": "literal", "value": "individual sport"}, "predicateLabel": {"xml:lang": "en", "type": "literal", "value": "subclass of"}}, {"subjectLabel": {"xml:lang": "en", "type": "literal", "value": "chess"}, "object": {"type": "uri", "value": "http://www.wikidata.org/entity/Q110079"}, "objectLabel": {"xml:lang": "en", "type": "literal", "value": "chessboard"}, "predicateLabel": {"xml:lang": "en", "type": "literal", "value": "uses"}}, {"subjectLabel": {"xml:lang": "en", "type": "literal", "value": "chess"}, "object": {"type": "uri", "value": "http://www.wikidata.org/entity/Q2041543"}, "objectLabel": {"xml:lang": "en", "type": "literal", "value": "Ott\u016fv slovn\u00edk nau\u010dn\u00fd"}, "predicateLabel": {"xml:lang": "en", "type": "literal", "value": "described by source"}}, {"subjectLabel": {"xml:lang": "en", "type": "literal", "value": "chess"}, "object": {"type": "uri", "value": "http://www.wikidata.org/entity/Q1029706"}, "objectLabel": {"xml:lang": "en", "type": "literal", "value": "New International Encyclopedia"}, "predicateLabel": {"xml:lang": "en", "type": "literal", "value": "described by source"}}, {"subjectLabel": {"xml:lang": "en", "type": "literal", "value": "chess"}, "object": {"type": "uri", "value": "http://www.wikidata.org/entity/Q2631085"}, "objectLabel": {"xml:lang": "en", "type": "literal", "value": "Deep Blue versus Kasparov, 1997, Game 6"}, "predicateLabel": {"xml:lang": "en", "type": "literal", "value": "significant event"}}, {"subjectLabel": {"xml:lang": "en", "type": "literal", "value": "chess"}, "object": {"type": "uri", "value": "http://www.wikidata.org/entity/Q1188693"}, "objectLabel": {"xml:lang": "en", "type": "literal", "value": "mind sport"}, "predicateLabel": {"xml:lang": "en", "type": "literal", "value": "subclass of"}}, {"subjectLabel": {"xml:lang": "en", "type": "literal", "value": "chess"}, "object": {"type": "uri", "value": "http://www.wikidata.org/entity/Q7858742"}, "objectLabel": {"xml:lang": "en", "type": "literal", "value": "two-player game"}, "predicateLabel": {"xml:lang": "en", "type": "literal", "value": "instance of"}}, {"subjectLabel": {"xml:lang": "en", "type": "literal", "value": "chess"}, "object": {"type": "uri", "value": "http://www.wikidata.org/entity/Q6872478"}, "objectLabel": {"xml:lang": "en", "type": "literal", "value": "Template:Chess"}, "predicateLabel": {"xml:lang": "en", "type": "literal", "value": "topic's main template"}}, {"subjectLabel": {"xml:lang": "en", "type": "literal", "value": "chess"}, "object": {"type": "uri", "value": "http://www.wikidata.org/entity/Q7163386"}, "objectLabel": {"xml:lang": "en", "type": "literal", "value": "Category:Chess"}, "predicateLabel": {"xml:lang": "en", "type": "literal", "value": "topic's main category"}}, {"subjectLabel": {"xml:lang": "en", "type": "literal", "value": "chess"}, "object": {"type": "uri", "value": "http://www.wikidata.org/entity/Q8288922"}, "objectLabel": {"xml:lang": "en", "type": "literal", "value": "Portal:Chess"}, "predicateLabel": {"xml:lang": "en", "type": "literal", "value": "topic's main Wikimedia portal"}}, {"subjectLabel": {"xml:lang": "en", "type": "literal", "value": "chess"}, "object": {"type": "uri", "value": "http://www.wikidata.org/entity/Q41595400"}, "objectLabel": {"xml:lang": "en", "type": "literal", "value": "mind game"}, "predicateLabel": {"xml:lang": "en", "type": "literal", "value": "genre"}}, {"subjectLabel": {"xml:lang": "en", "type": "literal", "value": "chess"}, "object": {"type": "uri", "value": "http://www.wikidata.org/entity/Q279829"}, "objectLabel": {"xml:lang": "en", "type": "literal", "value": "Shatranj"}, "predicateLabel": {"xml:lang": "en", "type": "literal", "value": "inspired by"}}, {"subjectLabel": {"xml:lang": "en", "type": "literal", "value": "chess"}, "object": {"type": "uri", "value": "http://www.wikidata.org/entity/Q19180675"}, "objectLabel": {"xml:lang": "en", "type": "literal", "value": "Small Brockhaus and Efron Encyclopedic Dictionary"}, "predicateLabel": {"xml:lang": "en", "type": "literal", "value": "described by source"}}, {"subjectLabel": {"xml:lang": "en", "type": "literal", "value": "chess"}, "object": {"type": "uri", "value": "http://www.wikidata.org/entity/Q19219752"}, "objectLabel": {"xml:lang": "en", "type": "literal", "value": "Meyers Konversations-Lexikon, 4th edition (1885\u20131890)"}, "predicateLabel": {"xml:lang": "en", "type": "literal", "value": "described by source"}}, {"subjectLabel": {"xml:lang": "en", "type": "literal", "value": "chess"}, "object": {"type": "uri", "value": "http://www.wikidata.org/entity/Q287618"}, "objectLabel": {"xml:lang": "en", "type": "literal", "value": "sequential game"}, "predicateLabel": {"xml:lang": "en", "type": "literal", "value": "subclass of"}}, {"subjectLabel": {"xml:lang": "en", "type": "literal", "value": "chess"}, "object": {"type": "uri", "value": "http://www.wikidata.org/entity/Q63284758"}, "objectLabel": {"xml:lang": "en", "type": "literal", "value": "Desktop Encyclopedic Dictionary"}, "predicateLabel": {"xml:lang": "en", "type": "literal", "value": "described by source"}}, {"subjectLabel": {"xml:lang": "en", "type": "literal", "value": "chess"}, "object": {"type": "uri", "value": "http://www.wikidata.org/entity/Q106727050"}, "objectLabel": {"xml:lang": "en", "type": "literal", "value": "Metropolitan Museum of Art Tagging Vocabulary"}, "predicateLabel": {"xml:lang": "en", "type": "literal", "value": "described by source"}}, {"subjectLabel": {"xml:lang": "en", "type": "literal", "value": "chess"}, "object": {"type": "uri", "value": "http://www.wikidata.org/entity/Q8487137"}, "objectLabel": {"xml:lang": "en", "type": "literal", "value": "WikiProject Mathematics"}, "predicateLabel": {"xml:lang": "en", "type": "literal", "value": "maintained by WikiProject"}}, {"subjectLabel": {"xml:lang": "en", "type": "literal", "value": "chess"}, "object": {"type": "uri", "value": "http://www.wikidata.org/entity/Q7112579"}, "objectLabel": {"xml:lang": "en", "type": "literal", "value": "outline of chess"}, "predicateLabel": {"xml:lang": "en", "type": "literal", "value": "Wikimedia outline"}}, {"subjectLabel": {"xml:lang": "en", "type": "literal", "value": "chess"}, "object": {"type": "uri", "value": "http://www.wikidata.org/entity/Q10873124"}, "objectLabel": {"xml:lang": "en", "type": "literal", "value": "chess player"}, "predicateLabel": {"xml:lang": "en", "type": "literal", "value": "practiced by"}}, {"subjectLabel": {"xml:lang": "en", "type": "literal", "value": "chess"}, "object": {"type": "uri", "value": "http://www.wikidata.org/entity/Q71679871"}, "objectLabel": {"xml:lang": "en", "type": "literal", "value": "chess video game"}, "predicateLabel": {"xml:lang": "en", "type": "literal", "value": "different from"}}, {"subjectLabel": {"xml:lang": "en", "type": "literal", "value": "chess"}, "object": {"type": "uri", "value": "http://www.wikidata.org/entity/Q573573"}, "objectLabel": {"xml:lang": "en", "type": "literal", "value": "abstract strategy game"}, "predicateLabel": {"xml:lang": "en", "type": "literal", "value": "genre"}}, {"subjectLabel": {"xml:lang": "en", "type": "literal", "value": "chess"}, "object": {"type": "uri", "value": "http://www.wikidata.org/entity/Q602358"}, "objectLabel": {"xml:lang": "en", "type": "literal", "value": "Brockhaus and Efron Encyclopedic Dictionary"}, "predicateLabel": {"xml:lang": "en", "type": "literal", "value": "described by source"}}, {"subjectLabel": {"xml:lang": "en", "type": "literal", "value": "chess"}, "object": {"type": "uri", "value": "http://www.wikidata.org/entity/Q471257"}, "objectLabel": {"xml:lang": "en", "type": "literal", "value": "history of chess"}, "predicateLabel": {"xml:lang": "en", "type": "literal", "value": "history of topic"}}, {"subjectLabel": {"xml:lang": "en", "type": "literal", "value": "chess"}, "object": {"type": "uri", "value": "http://www.wikidata.org/entity/Q867541"}, "objectLabel": {"xml:lang": "en", "type": "literal", "value": "Encyclop\u00e6dia Britannica 11th edition"}, "predicateLabel": {"xml:lang": "en", "type": "literal", "value": "described by source"}}, {"subjectLabel": {"xml:lang": "en", "type": "literal", "value": "chess"}, "object": {"type": "uri", "value": "http://www.wikidata.org/entity/Q10998176"}, "objectLabel": {"xml:lang": "en", "type": "literal", "value": "WikiProject Chess"}, "predicateLabel": {"xml:lang": "en", "type": "literal", "value": "maintained by WikiProject"}}, {"subjectLabel": {"xml:lang": "en", "type": "literal", "value": "chess"}, "object": {"type": "uri", "value": "http://www.wikidata.org/entity/Q22827605"}, "objectLabel": {"xml:lang": "en", "type": "literal", "value": "Chess"}, "predicateLabel": {"xml:lang": "en", "type": "literal", "value": "permanent duplicated item"}}], "Q82001": [{"subjectLabel": {"xml:lang": "en", "type": "literal", "value": "ivory"}, "object": {"type": "uri", "value": "http://www.wikidata.org/entity/Q30059240"}, "objectLabel": {"xml:lang": "en", "type": "literal", "value": "Real'nyj slovar' klassicheskih drevnostej po Ljubkeru"}, "predicateLabel": {"xml:lang": "en", "type": "literal", "value": "described by source"}}, {"subjectLabel": {"xml:lang": "en", "type": "literal", "value": "ivory"}, "object": {"type": "uri", "value": "http://www.wikidata.org/entity/Q56441911"}, "objectLabel": {"xml:lang": "en", "type": "literal", "value": "The Domestic Encyclop\u00e6dia; Or, A Dictionary Of Facts, And Useful Knowledge"}, "predicateLabel": {"xml:lang": "en", "type": "literal", "value": "described by source"}}, {"subjectLabel": {"xml:lang": "en", "type": "literal", "value": "ivory"}, "object": {"type": "uri", "value": "http://www.wikidata.org/entity/Q189637"}, "objectLabel": {"xml:lang": "en", "type": "literal", "value": "dentine"}, "predicateLabel": {"xml:lang": "en", "type": "literal", "value": "subclass of"}}, {"subjectLabel": {"xml:lang": "en", "type": "literal", "value": "ivory"}, "object": {"type": "uri", "value": "http://www.wikidata.org/entity/Q602358"}, "objectLabel": {"xml:lang": "en", "type": "literal", "value": "Brockhaus and Efron Encyclopedic Dictionary"}, "predicateLabel": {"xml:lang": "en", "type": "literal", "value": "described by source"}}, {"subjectLabel": {"xml:lang": "en", "type": "literal", "value": "ivory"}, "object": {"type": "uri", "value": "http://www.wikidata.org/entity/Q4173137"}, "objectLabel": {"xml:lang": "en", "type": "literal", "value": "Jewish Encyclopedia of Brockhaus and Efron"}, "predicateLabel": {"xml:lang": "en", "type": "literal", "value": "described by source"}}, {"subjectLabel": {"xml:lang": "en", "type": "literal", "value": "ivory"}, "object": {"type": "uri", "value": "http://www.wikidata.org/entity/Q867541"}, "objectLabel": {"xml:lang": "en", "type": "literal", "value": "Encyclop\u00e6dia Britannica 11th edition"}, "predicateLabel": {"xml:lang": "en", "type": "literal", "value": "described by source"}}, {"subjectLabel": {"xml:lang": "en", "type": "literal", "value": "ivory"}, "object": {"type": "uri", "value": "http://www.wikidata.org/entity/Q4532138"}, "objectLabel": {"xml:lang": "en", "type": "literal", "value": "Granat Encyclopedic Dictionary"}, "predicateLabel": {"xml:lang": "en", "type": "literal", "value": "described by source"}}, {"subjectLabel": {"xml:lang": "en", "type": "literal", "value": "ivory"}, "object": {"type": "uri", "value": "http://www.wikidata.org/entity/Q6173448"}, "objectLabel": {"xml:lang": "en", "type": "literal", "value": "Wikipedia:Vital articles/Level/4"}, "predicateLabel": {"xml:lang": "en", "type": "literal", "value": "on focus list of Wikimedia project"}}, {"subjectLabel": {"xml:lang": "en", "type": "literal", "value": "ivory"}, "object": {"type": "uri", "value": "http://www.wikidata.org/entity/Q7024325"}, "objectLabel": {"xml:lang": "en", "type": "literal", "value": "Category:Ivory"}, "predicateLabel": {"xml:lang": "en", "type": "literal", "value": "topic's main category"}}, {"subjectLabel": {"xml:lang": "en", "type": "literal", "value": "ivory"}, "object": {"type": "uri", "value": "http://www.wikidata.org/entity/Q16082057"}, "objectLabel": {"xml:lang": "en", "type": "literal", "value": "The New Student's Reference Work"}, "predicateLabel": {"xml:lang": "en", "type": "literal", "value": "described by source"}}, {"subjectLabel": {"xml:lang": "en", "type": "literal", "value": "ivory"}, "object": {"type": "uri", "value": "http://www.wikidata.org/entity/Q19180675"}, "objectLabel": {"xml:lang": "en", "type": "literal", "value": "Small Brockhaus and Efron Encyclopedic Dictionary"}, "predicateLabel": {"xml:lang": "en", "type": "literal", "value": "described by source"}}, {"subjectLabel": {"xml:lang": "en", "type": "literal", "value": "ivory"}, "object": {"type": "uri", "value": "http://www.wikidata.org/entity/Q29838213"}, "objectLabel": {"xml:lang": "en", "type": "literal", "value": "elephant ivory"}, "predicateLabel": {"xml:lang": "en", "type": "literal", "value": "different from"}}], "Q1633842": [{"subjectLabel": {"xml:lang": "en", "type": "literal", "value": "National Museum of Scotland"}, "object": {"type": "uri", "value": "http://www.wikidata.org/entity/Q67317221"}, "objectLabel": {"xml:lang": "en", "type": "literal", "value": "Midlothian"}, "predicateLabel": {"xml:lang": "en", "type": "literal", "value": "historic county"}}, {"subjectLabel": {"xml:lang": "en", "type": "literal", "value": "National Museum of Scotland"}, "object": {"type": "uri", "value": "http://www.wikidata.org/entity/Q97584332"}, "objectLabel": {"xml:lang": "en", "type": "literal", "value": "Category:Images from the National Museum of Scotland"}, "predicateLabel": {"xml:lang": "en", "type": "literal", "value": "content partnership category"}}, {"subjectLabel": {"xml:lang": "en", "type": "literal", "value": "National Museum of Scotland"}, "object": {"type": "uri", "value": "http://www.wikidata.org/entity/Q23436"}, "objectLabel": {"xml:lang": "en", "type": "literal", "value": "Edinburgh"}, "predicateLabel": {"xml:lang": "en", "type": "literal", "value": "headquarters location"}}, {"subjectLabel": {"xml:lang": "en", "type": "literal", "value": "National Museum of Scotland"}, "object": {"type": "uri", "value": "http://www.wikidata.org/entity/Q145"}, "objectLabel": {"xml:lang": "en", "type": "literal", "value": "United Kingdom"}, "predicateLabel": {"xml:lang": "en", "type": "literal", "value": "country"}}, {"subjectLabel": {"xml:lang": "en", "type": "literal", "value": "National Museum of Scotland"}, "object": {"type": "uri", "value": "http://www.wikidata.org/entity/Q23436"}, "objectLabel": {"xml:lang": "en", "type": "literal", "value": "Edinburgh"}, "predicateLabel": {"xml:lang": "en", "type": "literal", "value": "location"}}, {"subjectLabel": {"xml:lang": "en", "type": "literal", "value": "National Museum of Scotland"}, "object": {"type": "uri", "value": "http://www.wikidata.org/entity/Q33506"}, "objectLabel": {"xml:lang": "en", "type": "literal", "value": "museum"}, "predicateLabel": {"xml:lang": "en", "type": "literal", "value": "instance of"}}, {"subjectLabel": {"xml:lang": "en", "type": "literal", "value": "National Museum of Scotland"}, "object": {"type": "uri", "value": "http://www.wikidata.org/entity/Q1967502"}, "objectLabel": {"xml:lang": "en", "type": "literal", "value": "National Museums Scotland"}, "predicateLabel": {"xml:lang": "en", "type": "literal", "value": "part of"}}, {"subjectLabel": {"xml:lang": "en", "type": "literal", "value": "National Museum of Scotland"}, "object": {"type": "uri", "value": "http://www.wikidata.org/entity/Q4890237"}, "objectLabel": {"xml:lang": "en", "type": "literal", "value": "Benson & Forsyth"}, "predicateLabel": {"xml:lang": "en", "type": "literal", "value": "architect"}}, {"subjectLabel": {"xml:lang": "en", "type": "literal", "value": "National Museum of Scotland"}, "object": {"type": "uri", "value": "http://www.wikidata.org/entity/Q5069660"}, "objectLabel": {"xml:lang": "en", "type": "literal", "value": "Chambers Street"}, "predicateLabel": {"xml:lang": "en", "type": "literal", "value": "located on street"}}, {"subjectLabel": {"xml:lang": "en", "type": "literal", "value": "National Museum of Scotland"}, "object": {"type": "uri", "value": "http://www.wikidata.org/entity/Q81165347"}, "objectLabel": {"xml:lang": "en", "type": "literal", "value": "National Museums Scotland Library"}, "predicateLabel": {"xml:lang": "en", "type": "literal", "value": "has part(s)"}}, {"subjectLabel": {"xml:lang": "en", "type": "literal", "value": "National Museum of Scotland"}, "object": {"type": "uri", "value": "http://www.wikidata.org/entity/Q26847027"}, "objectLabel": {"xml:lang": "en", "type": "literal", "value": "Museum of Scotland"}, "predicateLabel": {"xml:lang": "en", "type": "literal", "value": "has part(s)"}}, {"subjectLabel": {"xml:lang": "en", "type": "literal", "value": "National Museum of Scotland"}, "object": {"type": "uri", "value": "http://www.wikidata.org/entity/Q1819945"}, "objectLabel": {"xml:lang": "en", "type": "literal", "value": "Royal Museum of Scotland"}, "predicateLabel": {"xml:lang": "en", "type": "literal", "value": "has part(s)"}}, {"subjectLabel": {"xml:lang": "en", "type": "literal", "value": "National Museum of Scotland"}, "object": {"type": "uri", "value": "http://www.wikidata.org/entity/Q2775009"}, "objectLabel": {"xml:lang": "en", "type": "literal", "value": "accessible toilet"}, "predicateLabel": {"xml:lang": "en", "type": "literal", "value": "has facility"}}, {"subjectLabel": {"xml:lang": "en", "type": "literal", "value": "National Museum of Scotland"}, "object": {"type": "uri", "value": "http://www.wikidata.org/entity/Q115144693"}, "objectLabel": {"xml:lang": "en", "type": "literal", "value": "Changing Places toilet"}, "predicateLabel": {"xml:lang": "en", "type": "literal", "value": "has facility"}}, {"subjectLabel": {"xml:lang": "en", "type": "literal", "value": "National Museum of Scotland"}, "object": {"type": "uri", "value": "http://www.wikidata.org/entity/Q2379199"}, "objectLabel": {"xml:lang": "en", "type": "literal", "value": "City of Edinburgh"}, "predicateLabel": {"xml:lang": "en", "type": "literal", "value": "located in the administrative territorial entity"}}, {"subjectLabel": {"xml:lang": "en", "type": "literal", "value": "National Museum of Scotland"}, "object": {"type": "uri", "value": "http://www.wikidata.org/entity/Q89929597"}, "objectLabel": {"xml:lang": "en", "type": "literal", "value": "hedendaagsesieraden.nl"}, "predicateLabel": {"xml:lang": "en", "type": "literal", "value": "described by source"}}, {"subjectLabel": {"xml:lang": "en", "type": "literal", "value": "National Museum of Scotland"}, "object": {"type": "uri", "value": "http://www.wikidata.org/entity/Q61628902"}, "objectLabel": {"xml:lang": "en", "type": "literal", "value": "Royal Scottish Museum"}, "predicateLabel": {"xml:lang": "en", "type": "literal", "value": "replaces"}}, {"subjectLabel": {"xml:lang": "en", "type": "literal", "value": "National Museum of Scotland"}, "object": {"type": "uri", "value": "http://www.wikidata.org/entity/Q61628736"}, "objectLabel": {"xml:lang": "en", "type": "literal", "value": "National Museum of Antiquities of Scotland"}, "predicateLabel": {"xml:lang": "en", "type": "literal", "value": "replaces"}}, {"subjectLabel": {"xml:lang": "en", "type": "literal", "value": "National Museum of Scotland"}, "object": {"type": "uri", "value": "http://www.wikidata.org/entity/Q81165347"}, "objectLabel": {"xml:lang": "en", "type": "literal", "value": "National Museums Scotland Library"}, "predicateLabel": {"xml:lang": "en", "type": "literal", "value": "archives at"}}], "Q208440": [{"subjectLabel": {"xml:lang": "en", "type": "literal", "value": "chess piece"}, "object": {"type": "uri", "value": "http://www.wikidata.org/entity/Q718"}, "objectLabel": {"xml:lang": "en", "type": "literal", "value": "chess"}, "predicateLabel": {"xml:lang": "en", "type": "literal", "value": "sport"}}, {"subjectLabel": {"xml:lang": "en", "type": "literal", "value": "chess piece"}, "object": {"type": "uri", "value": "http://www.wikidata.org/entity/Q718"}, "objectLabel": {"xml:lang": "en", "type": "literal", "value": "chess"}, "predicateLabel": {"xml:lang": "en", "type": "literal", "value": "used by"}}, {"subjectLabel": {"xml:lang": "en", "type": "literal", "value": "chess piece"}, "object": {"type": "uri", "value": "http://www.wikidata.org/entity/Q3449901"}, "objectLabel": {"xml:lang": "en", "type": "literal", "value": "game piece"}, "predicateLabel": {"xml:lang": "en", "type": "literal", "value": "subclass of"}}, {"subjectLabel": {"xml:lang": "en", "type": "literal", "value": "chess piece"}, "object": {"type": "uri", "value": "http://www.wikidata.org/entity/Q6006001"}, "objectLabel": {"xml:lang": "en", "type": "literal", "value": "chess equipment"}, "predicateLabel": {"xml:lang": "en", "type": "literal", "value": "subclass of"}}, {"subjectLabel": {"xml:lang": "en", "type": "literal", "value": "chess piece"}, "object": {"type": "uri", "value": "http://www.wikidata.org/entity/Q8358083"}, "objectLabel": {"xml:lang": "en", "type": "literal", "value": "Category:Chess pieces"}, "predicateLabel": {"xml:lang": "en", "type": "literal", "value": "topic's main category"}}, {"subjectLabel": {"xml:lang": "en", "type": "literal", "value": "chess piece"}, "object": {"type": "uri", "value": "http://www.wikidata.org/entity/Q8083795"}, "objectLabel": {"xml:lang": "en", "type": "literal", "value": "Template:Chess piece"}, "predicateLabel": {"xml:lang": "en", "type": "literal", "value": "topic's main template"}}, {"subjectLabel": {"xml:lang": "en", "type": "literal", "value": "chess piece"}, "object": {"type": "uri", "value": "http://www.wikidata.org/entity/Q54889657"}, "objectLabel": {"xml:lang": "en", "type": "literal", "value": "white bishop"}, "predicateLabel": {"xml:lang": "en", "type": "literal", "value": "has part(s)"}}, {"subjectLabel": {"xml:lang": "en", "type": "literal", "value": "chess piece"}, "object": {"type": "uri", "value": "http://www.wikidata.org/entity/Q54889769"}, "objectLabel": {"xml:lang": "en", "type": "literal", "value": "black bishop"}, "predicateLabel": {"xml:lang": "en", "type": "literal", "value": "has part(s)"}}, {"subjectLabel": {"xml:lang": "en", "type": "literal", "value": "chess piece"}, "object": {"type": "uri", "value": "http://www.wikidata.org/entity/Q54890177"}, "objectLabel": {"xml:lang": "en", "type": "literal", "value": "black knight"}, "predicateLabel": {"xml:lang": "en", "type": "literal", "value": "has part(s)"}}, {"subjectLabel": {"xml:lang": "en", "type": "literal", "value": "chess piece"}, "object": {"type": "uri", "value": "http://www.wikidata.org/entity/Q54890173"}, "objectLabel": {"xml:lang": "en", "type": "literal", "value": "white knight"}, "predicateLabel": {"xml:lang": "en", "type": "literal", "value": "has part(s)"}}, {"subjectLabel": {"xml:lang": "en", "type": "literal", "value": "chess piece"}, "object": {"type": "uri", "value": "http://www.wikidata.org/entity/Q54890489"}, "objectLabel": {"xml:lang": "en", "type": "literal", "value": "white rook"}, "predicateLabel": {"xml:lang": "en", "type": "literal", "value": "has part(s)"}}, {"subjectLabel": {"xml:lang": "en", "type": "literal", "value": "chess piece"}, "object": {"type": "uri", "value": "http://www.wikidata.org/entity/Q54890496"}, "objectLabel": {"xml:lang": "en", "type": "literal", "value": "black rook"}, "predicateLabel": {"xml:lang": "en", "type": "literal", "value": "has part(s)"}}, {"subjectLabel": {"xml:lang": "en", "type": "literal", "value": "chess piece"}, "object": {"type": "uri", "value": "http://www.wikidata.org/entity/Q54890836"}, "objectLabel": {"xml:lang": "en", "type": "literal", "value": "white queen"}, "predicateLabel": {"xml:lang": "en", "type": "literal", "value": "has part(s)"}}, {"subjectLabel": {"xml:lang": "en", "type": "literal", "value": "chess piece"}, "object": {"type": "uri", "value": "http://www.wikidata.org/entity/Q54891172"}, "objectLabel": {"xml:lang": "en", "type": "literal", "value": "white king"}, "predicateLabel": {"xml:lang": "en", "type": "literal", "value": "has part(s)"}}, {"subjectLabel": {"xml:lang": "en", "type": "literal", "value": "chess piece"}, "object": {"type": "uri", "value": "http://www.wikidata.org/entity/Q54891173"}, "objectLabel": {"xml:lang": "en", "type": "literal", "value": "black king"}, "predicateLabel": {"xml:lang": "en", "type": "literal", "value": "has part(s)"}}, {"subjectLabel": {"xml:lang": "en", "type": "literal", "value": "chess piece"}, "object": {"type": "uri", "value": "http://www.wikidata.org/entity/Q54890893"}, "objectLabel": {"xml:lang": "en", "type": "literal", "value": "black queen"}, "predicateLabel": {"xml:lang": "en", "type": "literal", "value": "has part(s)"}}, {"subjectLabel": {"xml:lang": "en", "type": "literal", "value": "chess piece"}, "object": {"type": "uri", "value": "http://www.wikidata.org/entity/Q54891361"}, "objectLabel": {"xml:lang": "en", "type": "literal", "value": "black pawn"}, "predicateLabel": {"xml:lang": "en", "type": "literal", "value": "has part(s)"}}, {"subjectLabel": {"xml:lang": "en", "type": "literal", "value": "chess piece"}, "object": {"type": "uri", "value": "http://www.wikidata.org/entity/Q54891360"}, "objectLabel": {"xml:lang": "en", "type": "literal", "value": "white pawn"}, "predicateLabel": {"xml:lang": "en", "type": "literal", "value": "has part(s)"}}], "Q19479037": [{"subjectLabel": {"xml:lang": "en", "type": "literal", "value": "sculpture series"}, "object": {"type": "uri", "value": "http://www.wikidata.org/entity/Q15709879"}, "objectLabel": {"xml:lang": "en", "type": "literal", "value": "artwork series"}, "predicateLabel": {"xml:lang": "en", "type": "literal", "value": "subclass of"}}, {"subjectLabel": {"xml:lang": "en", "type": "literal", "value": "sculpture series"}, "object": {"type": "uri", "value": "http://www.wikidata.org/entity/Q2293362"}, "objectLabel": {"xml:lang": "en", "type": "literal", "value": "group of sculptures"}, "predicateLabel": {"xml:lang": "en", "type": "literal", "value": "subclass of"}}, {"subjectLabel": {"xml:lang": "en", "type": "literal", "value": "sculpture series"}, "object": {"type": "uri", "value": "http://www.wikidata.org/entity/Q2293362"}, "objectLabel": {"xml:lang": "en", "type": "literal", "value": "group of sculptures"}, "predicateLabel": {"xml:lang": "en", "type": "literal", "value": "different from"}}, {"subjectLabel": {"xml:lang": "en", "type": "literal", "value": "sculpture series"}, "object": {"type": "uri", "value": "http://www.wikidata.org/entity/Q8723608"}, "objectLabel": {"xml:lang": "en", "type": "literal", "value": "Category:Sculpture series"}, "predicateLabel": {"xml:lang": "en", "type": "literal", "value": "topic's main category"}}, {"subjectLabel": {"xml:lang": "en", "type": "literal", "value": "sculpture series"}, "object": {"type": "uri", "value": "http://www.wikidata.org/entity/Q860861"}, "objectLabel": {"xml:lang": "en", "type": "literal", "value": "sculpture"}, "predicateLabel": {"xml:lang": "en", "type": "literal", "value": "has part(s) of the class"}}], "Q6453423": [{"subjectLabel": {"xml:lang": "en", "type": "literal", "value": "Isle of Lewis"}, "object": {"type": "uri", "value": "http://www.wikidata.org/entity/Q145"}, "objectLabel": {"xml:lang": "en", "type": "literal", "value": "United Kingdom"}, "predicateLabel": {"xml:lang": "en", "type": "literal", "value": "country"}}, {"subjectLabel": {"xml:lang": "en", "type": "literal", "value": "Isle of Lewis"}, "object": {"type": "uri", "value": "http://www.wikidata.org/entity/Q8587836"}, "objectLabel": {"xml:lang": "en", "type": "literal", "value": "Category:Isle of Lewis"}, "predicateLabel": {"xml:lang": "en", "type": "literal", "value": "topic's main category"}}, {"subjectLabel": {"xml:lang": "en", "type": "literal", "value": "Isle of Lewis"}, "object": {"type": "uri", "value": "http://www.wikidata.org/entity/Q80967"}, "objectLabel": {"xml:lang": "en", "type": "literal", "value": "Outer Hebrides"}, "predicateLabel": {"xml:lang": "en", "type": "literal", "value": "located in the administrative territorial entity"}}, {"subjectLabel": {"xml:lang": "en", "type": "literal", "value": "Isle of Lewis"}, "object": {"type": "uri", "value": "http://www.wikidata.org/entity/Q363778"}, "objectLabel": {"xml:lang": "en", "type": "literal", "value": "Lewis and Harris"}, "predicateLabel": {"xml:lang": "en", "type": "literal", "value": "located in/on physical feature"}}, {"subjectLabel": {"xml:lang": "en", "type": "literal", "value": "Isle of Lewis"}, "object": {"type": "uri", "value": "http://www.wikidata.org/entity/Q34763"}, "objectLabel": {"xml:lang": "en", "type": "literal", "value": "peninsula"}, "predicateLabel": {"xml:lang": "en", "type": "literal", "value": "instance of"}}, {"subjectLabel": {"xml:lang": "en", "type": "literal", "value": "Isle of Lewis"}, "object": {"type": "uri", "value": "http://www.wikidata.org/entity/Q978599"}, "objectLabel": {"xml:lang": "en", "type": "literal", "value": "Ross-shire"}, "predicateLabel": {"xml:lang": "en", "type": "literal", "value": "historic county"}}], "Q55277621": [{"subjectLabel": {"xml:lang": "en", "type": "literal", "value": "Category:Lewis chessmen"}, "object": {"type": "uri", "value": "http://www.wikidata.org/entity/Q4167836"}, "objectLabel": {"xml:lang": "en", "type": "literal", "value": "Wikimedia category"}, "predicateLabel": {"xml:lang": "en", "type": "literal", "value": "instance of"}}, {"subjectLabel": {"xml:lang": "en", "type": "literal", "value": "Category:Lewis chessmen"}, "object": {"type": "uri", "value": "http://www.wikidata.org/entity/Q217796"}, "objectLabel": {"xml:lang": "en", "type": "literal", "value": "Lewis chessmen"}, "predicateLabel": {"xml:lang": "en", "type": "literal", "value": "category's main topic"}}, {"subjectLabel": {"xml:lang": "en", "type": "literal", "value": "Category:Lewis chessmen"}, "object": {"type": "uri", "value": "http://www.wikidata.org/entity/Q55267305"}, "objectLabel": {"xml:lang": "en", "type": "literal", "value": "Commons categories: recently created wikidata items 2"}, "predicateLabel": {"xml:lang": "en", "type": "literal", "value": "on focus list of Wikimedia project"}}], "Q104968492": [{"subjectLabel": {"xml:lang": "en", "type": "literal", "value": "Catalogue of the ivory carvings of the Christian era with examples of Mohammedan art and carvings in bone in the Department of British and Mediaeval Antiquities and Ethnography of the British Museum"}, "object": {"type": "uri", "value": "http://www.wikidata.org/entity/Q63161834"}, "objectLabel": {"xml:lang": "en", "type": "literal", "value": "museum catalogue"}, "predicateLabel": {"xml:lang": "en", "type": "literal", "value": "instance of"}}, {"subjectLabel": {"xml:lang": "en", "type": "literal", "value": "Catalogue of the ivory carvings of the Christian era with examples of Mohammedan art and carvings in bone in the Department of British and Mediaeval Antiquities and Ethnography of the British Museum"}, "object": {"type": "uri", "value": "http://www.wikidata.org/entity/Q5616240"}, "objectLabel": {"xml:lang": "en", "type": "literal", "value": "Ormonde Maddock Dalton"}, "predicateLabel": {"xml:lang": "en", "type": "literal", "value": "author"}}, {"subjectLabel": {"xml:lang": "en", "type": "literal", "value": "Catalogue of the ivory carvings of the Christian era with examples of Mohammedan art and carvings in bone in the Department of British and Mediaeval Antiquities and Ethnography of the British Museum"}, "object": {"type": "uri", "value": "http://www.wikidata.org/entity/Q217796"}, "objectLabel": {"xml:lang": "en", "type": "literal", "value": "Lewis chessmen"}, "predicateLabel": {"xml:lang": "en", "type": "literal", "value": "main subject"}}], "Q114717232": [{"subjectLabel": {"xml:lang": "en", "type": "literal", "value": "World Economic Forum Annual Meeting 2016"}, "object": {"type": "uri", "value": "http://www.wikidata.org/entity/Q16019"}, "objectLabel": {"xml:lang": "en", "type": "literal", "value": "Wolfgang Sch\u00e4uble"}, "predicateLabel": {"xml:lang": "en", "type": "literal", "value": "participant"}}, {"subjectLabel": {"xml:lang": "en", "type": "literal", "value": "World Economic Forum Annual Meeting 2016"}, "object": {"type": "uri", "value": "http://www.wikidata.org/entity/Q114716986"}, "objectLabel": {"xml:lang": "en", "type": "literal", "value": "World Economic Forum Annual Meeting"}, "predicateLabel": {"xml:lang": "en", "type": "literal", "value": "instance of"}}, {"subjectLabel": {"xml:lang": "en", "type": "literal", "value": "World Economic Forum Annual Meeting 2016"}, "object": {"type": "uri", "value": "http://www.wikidata.org/entity/Q114717233"}, "objectLabel": {"xml:lang": "en", "type": "literal", "value": "World Economic Forum Annual Meeting 2017"}, "predicateLabel": {"xml:lang": "en", "type": "literal", "value": "followed by"}}, {"subjectLabel": {"xml:lang": "en", "type": "literal", "value": "World Economic Forum Annual Meeting 2016"}, "object": {"type": "uri", "value": "http://www.wikidata.org/entity/Q114717231"}, "objectLabel": {"xml:lang": "en", "type": "literal", "value": "World Economic Forum Annual Meeting 2015"}, "predicateLabel": {"xml:lang": "en", "type": "literal", "value": "follows"}}]}