{"Q126084": [{"subjectLabel": {"xml:lang": "en", "type": "literal", "value": "Acre"}, "object": {"type": "uri", "value": "http://www.wikidata.org/entity/Q109929866"}, "objectLabel": {"xml:lang": "en", "type": "literal", "value": "Told Cities"}, "predicateLabel": {"xml:lang": "en", "type": "literal", "value": "on focus list of Wikimedia project"}}, {"subjectLabel": {"xml:lang": "en", "type": "literal", "value": "Acre"}, "object": {"type": "uri", "value": "http://www.wikidata.org/entity/Q84110767"}, "objectLabel": {"xml:lang": "en", "type": "literal", "value": "Maps of Acre (city)"}, "predicateLabel": {"xml:lang": "en", "type": "literal", "value": "category for maps"}}, {"subjectLabel": {"xml:lang": "en", "type": "literal", "value": "Acre"}, "object": {"type": "uri", "value": "http://www.wikidata.org/entity/Q515"}, "objectLabel": {"xml:lang": "en", "type": "literal", "value": "city"}, "predicateLabel": {"xml:lang": "en", "type": "literal", "value": "instance of"}}, {"subjectLabel": {"xml:lang": "en", "type": "literal", "value": "Acre"}, "object": {"type": "uri", "value": "http://www.wikidata.org/entity/Q801"}, "objectLabel": {"xml:lang": "en", "type": "literal", "value": "Israel"}, "predicateLabel": {"xml:lang": "en", "type": "literal", "value": "country"}}, {"subjectLabel": {"xml:lang": "en", "type": "literal", "value": "Acre"}, "object": {"type": "uri", "value": "http://www.wikidata.org/entity/Q104598356"}, "objectLabel": {"xml:lang": "en", "type": "literal", "value": "Category:Views of Haifa from Acre"}, "predicateLabel": {"xml:lang": "en", "type": "literal", "value": "category for the view of the item"}}, {"subjectLabel": {"xml:lang": "en", "type": "literal", "value": "Acre"}, "object": {"type": "uri", "value": "http://www.wikidata.org/entity/Q104598187"}, "objectLabel": {"xml:lang": "en", "type": "literal", "value": "Category:Views of Acre (city)"}, "predicateLabel": {"xml:lang": "en", "type": "literal", "value": "category for the view of the item"}}, {"subjectLabel": {"xml:lang": "en", "type": "literal", "value": "Acre"}, "object": {"type": "uri", "value": "http://www.wikidata.org/entity/Q215806"}, "objectLabel": {"xml:lang": "en", "type": "literal", "value": "Heimskringla"}, "predicateLabel": {"xml:lang": "en", "type": "literal", "value": "described by source"}}, {"subjectLabel": {"xml:lang": "en", "type": "literal", "value": "Acre"}, "object": {"type": "uri", "value": "http://www.wikidata.org/entity/Q9259"}, "objectLabel": {"xml:lang": "en", "type": "literal", "value": "World Heritage Site"}, "predicateLabel": {"xml:lang": "en", "type": "literal", "value": "heritage designation"}}, {"subjectLabel": {"xml:lang": "en", "type": "literal", "value": "Acre"}, "object": {"type": "uri", "value": "http://www.wikidata.org/entity/Q297222"}, "objectLabel": {"xml:lang": "en", "type": "literal", "value": "Akka"}, "predicateLabel": {"xml:lang": "en", "type": "literal", "value": "different from"}}, {"subjectLabel": {"xml:lang": "en", "type": "literal", "value": "Acre"}, "object": {"type": "uri", "value": "http://www.wikidata.org/entity/Q815103"}, "objectLabel": {"xml:lang": "en", "type": "literal", "value": "Siege of Acre"}, "predicateLabel": {"xml:lang": "en", "type": "literal", "value": "significant event"}}, {"subjectLabel": {"xml:lang": "en", "type": "literal", "value": "Acre"}, "object": {"type": "uri", "value": "http://www.wikidata.org/entity/Q815109"}, "objectLabel": {"xml:lang": "en", "type": "literal", "value": "Siege of Acre"}, "predicateLabel": {"xml:lang": "en", "type": "literal", "value": "significant event"}}, {"subjectLabel": {"xml:lang": "en", "type": "literal", "value": "Acre"}, "object": {"type": "uri", "value": "http://www.wikidata.org/entity/Q302556"}, "objectLabel": {"xml:lang": "en", "type": "literal", "value": "Catholic Encyclopedia"}, "predicateLabel": {"xml:lang": "en", "type": "literal", "value": "described by source"}}, {"subjectLabel": {"xml:lang": "en", "type": "literal", "value": "Acre"}, "object": {"type": "uri", "value": "http://www.wikidata.org/entity/Q815116"}, "objectLabel": {"xml:lang": "en", "type": "literal", "value": "Siege of Acre"}, "predicateLabel": {"xml:lang": "en", "type": "literal", "value": "significant event"}}, {"subjectLabel": {"xml:lang": "en", "type": "literal", "value": "Acre"}, "object": {"type": "uri", "value": "http://www.wikidata.org/entity/Q325985"}, "objectLabel": {"xml:lang": "en", "type": "literal", "value": "Siege of Acre"}, "predicateLabel": {"xml:lang": "en", "type": "literal", "value": "significant event"}}, {"subjectLabel": {"xml:lang": "en", "type": "literal", "value": "Acre"}, "object": {"type": "uri", "value": "http://www.wikidata.org/entity/Q3181656"}, "objectLabel": {"xml:lang": "en", "type": "literal", "value": "The Nuttall Encyclop\u00e6dia"}, "predicateLabel": {"xml:lang": "en", "type": "literal", "value": "described by source"}}, {"subjectLabel": {"xml:lang": "en", "type": "literal", "value": "Acre"}, "object": {"type": "uri", "value": "http://www.wikidata.org/entity/Q4114391"}, "objectLabel": {"xml:lang": "en", "type": "literal", "value": "Sytin Military Encyclopedia"}, "predicateLabel": {"xml:lang": "en", "type": "literal", "value": "described by source"}}, {"subjectLabel": {"xml:lang": "en", "type": "literal", "value": "Acre"}, "object": {"type": "uri", "value": "http://www.wikidata.org/entity/Q4086271"}, "objectLabel": {"xml:lang": "en", "type": "literal", "value": "Bible Encyclopedia of Archimandrite Nicephorus"}, "predicateLabel": {"xml:lang": "en", "type": "literal", "value": "described by source"}}, {"subjectLabel": {"xml:lang": "en", "type": "literal", "value": "Acre"}, "object": {"type": "uri", "value": "http://www.wikidata.org/entity/Q1737"}, "objectLabel": {"xml:lang": "en", "type": "literal", "value": "Bregenz"}, "predicateLabel": {"xml:lang": "en", "type": "literal", "value": "twinned administrative body"}}, {"subjectLabel": {"xml:lang": "en", "type": "literal", "value": "Acre"}, "object": {"type": "uri", "value": "http://www.wikidata.org/entity/Q3050"}, "objectLabel": {"xml:lang": "en", "type": "literal", "value": "Recklinghausen"}, "predicateLabel": {"xml:lang": "en", "type": "literal", "value": "twinned administrative body"}}, {"subjectLabel": {"xml:lang": "en", "type": "literal", "value": "Acre"}, "object": {"type": "uri", "value": "http://www.wikidata.org/entity/Q9259"}, "objectLabel": {"xml:lang": "en", "type": "literal", "value": "World Heritage Site"}, "predicateLabel": {"xml:lang": "en", "type": "literal", "value": "instance of"}}, {"subjectLabel": {"xml:lang": "en", "type": "literal", "value": "Acre"}, "object": {"type": "uri", "value": "http://www.wikidata.org/entity/Q13375"}, "objectLabel": {"xml:lang": "en", "type": "literal", "value": "Pisa"}, "predicateLabel": {"xml:lang": "en", "type": "literal", "value": "twinned administrative body"}}, {"subjectLabel": {"xml:lang": "en", "type": "literal", "value": "Acre"}, "object": {"type": "uri", "value": "http://www.wikidata.org/entity/Q23038977"}, "objectLabel": {"xml:lang": "en", "type": "literal", "value": "World Heritage selection criterion (iii)"}, "predicateLabel": {"xml:lang": "en", "type": "literal", "value": "World Heritage criteria"}}, {"subjectLabel": {"xml:lang": "en", "type": "literal", "value": "Acre"}, "object": {"type": "uri", "value": "http://www.wikidata.org/entity/Q1138524"}, "objectLabel": {"xml:lang": "en", "type": "literal", "value": "Paulys Realenzyklop\u00e4die der klassischen Altertumswissenschaft"}, "predicateLabel": {"xml:lang": "en", "type": "literal", "value": "described by source"}}, {"subjectLabel": {"xml:lang": "en", "type": "literal", "value": "Acre"}, "object": {"type": "uri", "value": "http://www.wikidata.org/entity/Q602358"}, "objectLabel": {"xml:lang": "en", "type": "literal", "value": "Brockhaus and Efron Encyclopedic Dictionary"}, "predicateLabel": {"xml:lang": "en", "type": "literal", "value": "described by source"}}, {"subjectLabel": {"xml:lang": "en", "type": "literal", "value": "Acre"}, "object": {"type": "uri", "value": "http://www.wikidata.org/entity/Q4173137"}, "objectLabel": {"xml:lang": "en", "type": "literal", "value": "Jewish Encyclopedia of Brockhaus and Efron"}, "predicateLabel": {"xml:lang": "en", "type": "literal", "value": "described by source"}}, {"subjectLabel": {"xml:lang": "en", "type": "literal", "value": "Acre"}, "object": {"type": "uri", "value": "http://www.wikidata.org/entity/Q16082057"}, "objectLabel": {"xml:lang": "en", "type": "literal", "value": "The New Student's Reference Work"}, "predicateLabel": {"xml:lang": "en", "type": "literal", "value": "described by source"}}, {"subjectLabel": {"xml:lang": "en", "type": "literal", "value": "Acre"}, "object": {"type": "uri", "value": "http://www.wikidata.org/entity/Q19180675"}, "objectLabel": {"xml:lang": "en", "type": "literal", "value": "Small Brockhaus and Efron Encyclopedic Dictionary"}, "predicateLabel": {"xml:lang": "en", "type": "literal", "value": "described by source"}}, {"subjectLabel": {"xml:lang": "en", "type": "literal", "value": "Acre"}, "object": {"type": "uri", "value": "http://www.wikidata.org/entity/Q3525082"}, "objectLabel": {"xml:lang": "en", "type": "literal", "value": "Acre Municipal Stadium"}, "predicateLabel": {"xml:lang": "en", "type": "literal", "value": "owner of"}}, {"subjectLabel": {"xml:lang": "en", "type": "literal", "value": "Acre"}, "object": {"type": "uri", "value": "http://www.wikidata.org/entity/Q8220268"}, "objectLabel": {"xml:lang": "en", "type": "literal", "value": "Category:Acre, Israel"}, "predicateLabel": {"xml:lang": "en", "type": "literal", "value": "topic's main category"}}, {"subjectLabel": {"xml:lang": "en", "type": "literal", "value": "Acre"}, "object": {"type": "uri", "value": "http://www.wikidata.org/entity/Q5423103"}, "objectLabel": {"xml:lang": "en", "type": "literal", "value": "Acre Subdistrict"}, "predicateLabel": {"xml:lang": "en", "type": "literal", "value": "capital of"}}, {"subjectLabel": {"xml:lang": "en", "type": "literal", "value": "Acre"}, "object": {"type": "uri", "value": "http://www.wikidata.org/entity/Q13575762"}, "objectLabel": {"xml:lang": "en", "type": "literal", "value": "Acre Subdistrict"}, "predicateLabel": {"xml:lang": "en", "type": "literal", "value": "capital of"}}, {"subjectLabel": {"xml:lang": "en", "type": "literal", "value": "Acre"}, "object": {"type": "uri", "value": "http://www.wikidata.org/entity/Q9228288"}, "objectLabel": {"xml:lang": "en", "type": "literal", "value": "Category:Births in Acre"}, "predicateLabel": {"xml:lang": "en", "type": "literal", "value": "category for people born here"}}, {"subjectLabel": {"xml:lang": "en", "type": "literal", "value": "Acre"}, "object": {"type": "uri", "value": "http://www.wikidata.org/entity/Q14424"}, "objectLabel": {"xml:lang": "en", "type": "literal", "value": "Nagykanizsa"}, "predicateLabel": {"xml:lang": "en", "type": "literal", "value": "twinned administrative body"}}, {"subjectLabel": {"xml:lang": "en", "type": "literal", "value": "Acre"}, "object": {"type": "uri", "value": "http://www.wikidata.org/entity/Q18102"}, "objectLabel": {"xml:lang": "en", "type": "literal", "value": "Saint-Mand\u00e9"}, "predicateLabel": {"xml:lang": "en", "type": "literal", "value": "twinned administrative body"}}, {"subjectLabel": {"xml:lang": "en", "type": "literal", "value": "Acre"}, "object": {"type": "uri", "value": "http://www.wikidata.org/entity/Q9220485"}, "objectLabel": {"xml:lang": "en", "type": "literal", "value": "Category:Deaths in Acre"}, "predicateLabel": {"xml:lang": "en", "type": "literal", "value": "category for people who died here"}}, {"subjectLabel": {"xml:lang": "en", "type": "literal", "value": "Acre"}, "object": {"type": "uri", "value": "http://www.wikidata.org/entity/Q9238180"}, "objectLabel": {"xml:lang": "en", "type": "literal", "value": "Category:People from Acre, Israel"}, "predicateLabel": {"xml:lang": "en", "type": "literal", "value": "category of associated people"}}, {"subjectLabel": {"xml:lang": "en", "type": "literal", "value": "Acre"}, "object": {"type": "uri", "value": "http://www.wikidata.org/entity/Q20078554"}, "objectLabel": {"xml:lang": "en", "type": "literal", "value": "Great Soviet Encyclopedia (1926\u20131947)"}, "predicateLabel": {"xml:lang": "en", "type": "literal", "value": "described by source"}}, {"subjectLabel": {"xml:lang": "en", "type": "literal", "value": "Acre"}, "object": {"type": "uri", "value": "http://www.wikidata.org/entity/Q20096917"}, "objectLabel": {"xml:lang": "en", "type": "literal", "value": "Encyclop\u00e6dia Britannica Ninth Edition"}, "predicateLabel": {"xml:lang": "en", "type": "literal", "value": "described by source"}}, {"subjectLabel": {"xml:lang": "en", "type": "literal", "value": "Acre"}, "object": {"type": "uri", "value": "http://www.wikidata.org/entity/Q23038976"}, "objectLabel": {"xml:lang": "en", "type": "literal", "value": "World Heritage selection criterion (ii)"}, "predicateLabel": {"xml:lang": "en", "type": "literal", "value": "World Heritage criteria"}}, {"subjectLabel": {"xml:lang": "en", "type": "literal", "value": "Acre"}, "object": {"type": "uri", "value": "http://www.wikidata.org/entity/Q106583"}, "objectLabel": {"xml:lang": "en", "type": "literal", "value": "Bielsko-Bia\u0142a"}, "predicateLabel": {"xml:lang": "en", "type": "literal", "value": "twinned administrative body"}}, {"subjectLabel": {"xml:lang": "en", "type": "literal", "value": "Acre"}, "object": {"type": "uri", "value": "http://www.wikidata.org/entity/Q82185"}, "objectLabel": {"xml:lang": "en", "type": "literal", "value": "La Rochelle"}, "predicateLabel": {"xml:lang": "en", "type": "literal", "value": "twinned administrative body"}}, {"subjectLabel": {"xml:lang": "en", "type": "literal", "value": "Acre"}, "object": {"type": "uri", "value": "http://www.wikidata.org/entity/Q5423103"}, "objectLabel": {"xml:lang": "en", "type": "literal", "value": "Acre Subdistrict"}, "predicateLabel": {"xml:lang": "en", "type": "literal", "value": "located in the administrative territorial entity"}}, {"subjectLabel": {"xml:lang": "en", "type": "literal", "value": "Acre"}, "object": {"type": "uri", "value": "http://www.wikidata.org/entity/Q584849"}, "objectLabel": {"xml:lang": "en", "type": "literal", "value": "Deerfield Beach"}, "predicateLabel": {"xml:lang": "en", "type": "literal", "value": "twinned administrative body"}}, {"subjectLabel": {"xml:lang": "en", "type": "literal", "value": "Acre"}, "object": {"type": "uri", "value": "http://www.wikidata.org/entity/Q191015"}, "objectLabel": {"xml:lang": "en", "type": "literal", "value": "Trakai"}, "predicateLabel": {"xml:lang": "en", "type": "literal", "value": "twinned administrative body"}}, {"subjectLabel": {"xml:lang": "en", "type": "literal", "value": "Acre"}, "object": {"type": "uri", "value": "http://www.wikidata.org/entity/Q23038979"}, "objectLabel": {"xml:lang": "en", "type": "literal", "value": "World Heritage selection criterion (v)"}, "predicateLabel": {"xml:lang": "en", "type": "literal", "value": "World Heritage criteria"}}, {"subjectLabel": {"xml:lang": "en", "type": "literal", "value": "Acre"}, "object": {"type": "uri", "value": "http://www.wikidata.org/entity/Q28197137"}, "objectLabel": {"xml:lang": "en", "type": "literal", "value": "Saint John of Acre"}, "predicateLabel": {"xml:lang": "en", "type": "literal", "value": "replaces"}}], "Q48671585": [{"subjectLabel": {"xml:lang": "en", "type": "literal", "value": "Paul, Apostle of Christ"}, "object": {"type": "uri", "value": "http://www.wikidata.org/entity/Q30"}, "objectLabel": {"xml:lang": "en", "type": "literal", "value": "United States of America"}, "predicateLabel": {"xml:lang": "en", "type": "literal", "value": "country of origin"}}, {"subjectLabel": {"xml:lang": "en", "type": "literal", "value": "Paul, Apostle of Christ"}, "object": {"type": "uri", "value": "http://www.wikidata.org/entity/Q41"}, "objectLabel": {"xml:lang": "en", "type": "literal", "value": "Greece"}, "predicateLabel": {"xml:lang": "en", "type": "literal", "value": "narrative location"}}, {"subjectLabel": {"xml:lang": "en", "type": "literal", "value": "Paul, Apostle of Christ"}, "object": {"type": "uri", "value": "http://www.wikidata.org/entity/Q27915575"}, "objectLabel": {"xml:lang": "en", "type": "literal", "value": "A.P. - 12"}, "predicateLabel": {"xml:lang": "en", "type": "literal", "value": "CNC film rating (Romania)"}}, {"subjectLabel": {"xml:lang": "en", "type": "literal", "value": "Paul, Apostle of Christ"}, "object": {"type": "uri", "value": "http://www.wikidata.org/entity/Q26678733"}, "objectLabel": {"xml:lang": "en", "type": "literal", "value": "12"}, "predicateLabel": {"xml:lang": "en", "type": "literal", "value": "ClassInd rating"}}, {"subjectLabel": {"xml:lang": "en", "type": "literal", "value": "Paul, Apostle of Christ"}, "object": {"type": "uri", "value": "http://www.wikidata.org/entity/Q27253945"}, "objectLabel": {"xml:lang": "en", "type": "literal", "value": "not recommended for children under 12"}, "predicateLabel": {"xml:lang": "en", "type": "literal", "value": "ICAA rating"}}, {"subjectLabel": {"xml:lang": "en", "type": "literal", "value": "Paul, Apostle of Christ"}, "object": {"type": "uri", "value": "http://www.wikidata.org/entity/Q23817729"}, "objectLabel": {"xml:lang": "en", "type": "literal", "value": "no age restriction"}, "predicateLabel": {"xml:lang": "en", "type": "literal", "value": "CNC film rating (France)"}}, {"subjectLabel": {"xml:lang": "en", "type": "literal", "value": "Paul, Apostle of Christ"}, "object": {"type": "uri", "value": "http://www.wikidata.org/entity/Q1860"}, "objectLabel": {"xml:lang": "en", "type": "literal", "value": "English"}, "predicateLabel": {"xml:lang": "en", "type": "literal", "value": "original language of film or TV show"}}, {"subjectLabel": {"xml:lang": "en", "type": "literal", "value": "Paul, Apostle of Christ"}, "object": {"type": "uri", "value": "http://www.wikidata.org/entity/Q11424"}, "objectLabel": {"xml:lang": "en", "type": "literal", "value": "film"}, "predicateLabel": {"xml:lang": "en", "type": "literal", "value": "instance of"}}, {"subjectLabel": {"xml:lang": "en", "type": "literal", "value": "Paul, Apostle of Christ"}, "object": {"type": "uri", "value": "http://www.wikidata.org/entity/Q130232"}, "objectLabel": {"xml:lang": "en", "type": "literal", "value": "drama film"}, "predicateLabel": {"xml:lang": "en", "type": "literal", "value": "genre"}}, {"subjectLabel": {"xml:lang": "en", "type": "literal", "value": "Paul, Apostle of Christ"}, "object": {"type": "uri", "value": "http://www.wikidata.org/entity/Q164069"}, "objectLabel": {"xml:lang": "en", "type": "literal", "value": "Joanne Whalley"}, "predicateLabel": {"xml:lang": "en", "type": "literal", "value": "cast member"}}, {"subjectLabel": {"xml:lang": "en", "type": "literal", "value": "Paul, Apostle of Christ"}, "object": {"type": "uri", "value": "http://www.wikidata.org/entity/Q822314"}, "objectLabel": {"xml:lang": "en", "type": "literal", "value": "Sony Pictures"}, "predicateLabel": {"xml:lang": "en", "type": "literal", "value": "distributed by"}}, {"subjectLabel": {"xml:lang": "en", "type": "literal", "value": "Paul, Apostle of Christ"}, "object": {"type": "uri", "value": "http://www.wikidata.org/entity/Q504886"}, "objectLabel": {"xml:lang": "en", "type": "literal", "value": "Olivier Martinez"}, "predicateLabel": {"xml:lang": "en", "type": "literal", "value": "cast member"}}, {"subjectLabel": {"xml:lang": "en", "type": "literal", "value": "Paul, Apostle of Christ"}, "object": {"type": "uri", "value": "http://www.wikidata.org/entity/Q645928"}, "objectLabel": {"xml:lang": "en", "type": "literal", "value": "biographical film"}, "predicateLabel": {"xml:lang": "en", "type": "literal", "value": "genre"}}, {"subjectLabel": {"xml:lang": "en", "type": "literal", "value": "Paul, Apostle of Christ"}, "object": {"type": "uri", "value": "http://www.wikidata.org/entity/Q723685"}, "objectLabel": {"xml:lang": "en", "type": "literal", "value": "video on demand"}, "predicateLabel": {"xml:lang": "en", "type": "literal", "value": "distribution format"}}, {"subjectLabel": {"xml:lang": "en", "type": "literal", "value": "Paul, Apostle of Christ"}, "object": {"type": "uri", "value": "http://www.wikidata.org/entity/Q9200"}, "objectLabel": {"xml:lang": "en", "type": "literal", "value": "Paul the Apostle"}, "predicateLabel": {"xml:lang": "en", "type": "literal", "value": "named after"}}, {"subjectLabel": {"xml:lang": "en", "type": "literal", "value": "Paul, Apostle of Christ"}, "object": {"type": "uri", "value": "http://www.wikidata.org/entity/Q907311"}, "objectLabel": {"xml:lang": "en", "type": "literal", "value": "Netflix"}, "predicateLabel": {"xml:lang": "en", "type": "literal", "value": "distributed by"}}, {"subjectLabel": {"xml:lang": "en", "type": "literal", "value": "Paul, Apostle of Christ"}, "object": {"type": "uri", "value": "http://www.wikidata.org/entity/Q200841"}, "objectLabel": {"xml:lang": "en", "type": "literal", "value": "Jim Caviezel"}, "predicateLabel": {"xml:lang": "en", "type": "literal", "value": "cast member"}}, {"subjectLabel": {"xml:lang": "en", "type": "literal", "value": "Paul, Apostle of Christ"}, "object": {"type": "uri", "value": "http://www.wikidata.org/entity/Q267356"}, "objectLabel": {"xml:lang": "en", "type": "literal", "value": "John Lynch"}, "predicateLabel": {"xml:lang": "en", "type": "literal", "value": "cast member"}}, {"subjectLabel": {"xml:lang": "en", "type": "literal", "value": "Paul, Apostle of Christ"}, "object": {"type": "uri", "value": "http://www.wikidata.org/entity/Q960311"}, "objectLabel": {"xml:lang": "en", "type": "literal", "value": "Jan A. P. Kaczmarek"}, "predicateLabel": {"xml:lang": "en", "type": "literal", "value": "composer"}}, {"subjectLabel": {"xml:lang": "en", "type": "literal", "value": "Paul, Apostle of Christ"}, "object": {"type": "uri", "value": "http://www.wikidata.org/entity/Q1343000"}, "objectLabel": {"xml:lang": "en", "type": "literal", "value": "James Faulkner"}, "predicateLabel": {"xml:lang": "en", "type": "literal", "value": "cast member"}}, {"subjectLabel": {"xml:lang": "en", "type": "literal", "value": "Paul, Apostle of Christ"}, "object": {"type": "uri", "value": "http://www.wikidata.org/entity/Q23649984"}, "objectLabel": {"xml:lang": "en", "type": "literal", "value": "16"}, "predicateLabel": {"xml:lang": "en", "type": "literal", "value": "Kijkwijzer rating"}}, {"subjectLabel": {"xml:lang": "en", "type": "literal", "value": "Paul, Apostle of Christ"}, "object": {"type": "uri", "value": "http://www.wikidata.org/entity/Q21571488"}, "objectLabel": {"xml:lang": "en", "type": "literal", "value": "Category III"}, "predicateLabel": {"xml:lang": "en", "type": "literal", "value": "NMHH film rating"}}, {"subjectLabel": {"xml:lang": "en", "type": "literal", "value": "Paul, Apostle of Christ"}, "object": {"type": "uri", "value": "http://www.wikidata.org/entity/Q4688987"}, "objectLabel": {"xml:lang": "en", "type": "literal", "value": "Affirm Films"}, "predicateLabel": {"xml:lang": "en", "type": "literal", "value": "production company"}}, {"subjectLabel": {"xml:lang": "en", "type": "literal", "value": "Paul, Apostle of Christ"}, "object": {"type": "uri", "value": "http://www.wikidata.org/entity/Q4427363"}, "objectLabel": {"xml:lang": "en", "type": "literal", "value": "Scott Richter"}, "predicateLabel": {"xml:lang": "en", "type": "literal", "value": "film editor"}}, {"subjectLabel": {"xml:lang": "en", "type": "literal", "value": "Paul, Apostle of Christ"}, "object": {"type": "uri", "value": "http://www.wikidata.org/entity/Q97658217"}, "objectLabel": {"xml:lang": "en", "type": "literal", "value": "Andrew Hyatt"}, "predicateLabel": {"xml:lang": "en", "type": "literal", "value": "director"}}, {"subjectLabel": {"xml:lang": "en", "type": "literal", "value": "Paul, Apostle of Christ"}, "object": {"type": "uri", "value": "http://www.wikidata.org/entity/Q97658217"}, "objectLabel": {"xml:lang": "en", "type": "literal", "value": "Andrew Hyatt"}, "predicateLabel": {"xml:lang": "en", "type": "literal", "value": "screenwriter"}}, {"subjectLabel": {"xml:lang": "en", "type": "literal", "value": "Paul, Apostle of Christ"}, "object": {"type": "uri", "value": "http://www.wikidata.org/entity/Q100339660"}, "objectLabel": {"xml:lang": "en", "type": "literal", "value": "Christian fiction"}, "predicateLabel": {"xml:lang": "en", "type": "literal", "value": "genre"}}, {"subjectLabel": {"xml:lang": "en", "type": "literal", "value": "Paul, Apostle of Christ"}, "object": {"type": "uri", "value": "http://www.wikidata.org/entity/Q72940958"}, "objectLabel": {"xml:lang": "en", "type": "literal", "value": "David Zelon"}, "predicateLabel": {"xml:lang": "en", "type": "literal", "value": "producer"}}, {"subjectLabel": {"xml:lang": "en", "type": "literal", "value": "Paul, Apostle of Christ"}, "object": {"type": "uri", "value": "http://www.wikidata.org/entity/Q97660554"}, "objectLabel": {"xml:lang": "en", "type": "literal", "value": "Terence Berden"}, "predicateLabel": {"xml:lang": "en", "type": "literal", "value": "producer"}}, {"subjectLabel": {"xml:lang": "en", "type": "literal", "value": "Paul, Apostle of Christ"}, "object": {"type": "uri", "value": "http://www.wikidata.org/entity/Q27834579"}, "objectLabel": {"xml:lang": "en", "type": "literal", "value": "title for Hispanic America"}, "predicateLabel": {"xml:lang": "en", "type": "literal", "value": "has characteristic"}}, {"subjectLabel": {"xml:lang": "en", "type": "literal", "value": "Paul, Apostle of Christ"}, "object": {"type": "uri", "value": "http://www.wikidata.org/entity/Q27847754"}, "objectLabel": {"xml:lang": "en", "type": "literal", "value": "title for Spain"}, "predicateLabel": {"xml:lang": "en", "type": "literal", "value": "has characteristic"}}], "Q54561871": [{"subjectLabel": {"xml:lang": "en", "type": "literal", "value": "Paul"}, "object": {"type": "uri", "value": "http://www.wikidata.org/entity/Q5"}, "objectLabel": {"xml:lang": "en", "type": "literal", "value": "human"}, "predicateLabel": {"xml:lang": "en", "type": "literal", "value": "instance of"}}, {"subjectLabel": {"xml:lang": "en", "type": "literal", "value": "Paul"}, "object": {"type": "uri", "value": "http://www.wikidata.org/entity/Q397"}, "objectLabel": {"xml:lang": "en", "type": "literal", "value": "Latin"}, "predicateLabel": {"xml:lang": "en", "type": "literal", "value": "languages spoken, written or signed"}}, {"subjectLabel": {"xml:lang": "en", "type": "literal", "value": "Paul"}, "object": {"type": "uri", "value": "http://www.wikidata.org/entity/Q43115"}, "objectLabel": {"xml:lang": "en", "type": "literal", "value": "saint"}, "predicateLabel": {"xml:lang": "en", "type": "literal", "value": "canonization status"}}, {"subjectLabel": {"xml:lang": "en", "type": "literal", "value": "Paul"}, "object": {"type": "uri", "value": "http://www.wikidata.org/entity/Q9200"}, "objectLabel": {"xml:lang": "en", "type": "literal", "value": "Paul the Apostle"}, "predicateLabel": {"xml:lang": "en", "type": "literal", "value": "different from"}}, {"subjectLabel": {"xml:lang": "en", "type": "literal", "value": "Paul"}, "object": {"type": "uri", "value": "http://www.wikidata.org/entity/Q6581097"}, "objectLabel": {"xml:lang": "en", "type": "literal", "value": "male"}, "predicateLabel": {"xml:lang": "en", "type": "literal", "value": "sex or gender"}}, {"subjectLabel": {"xml:lang": "en", "type": "literal", "value": "Paul"}, "object": {"type": "uri", "value": "http://www.wikidata.org/entity/Q6498826"}, "objectLabel": {"xml:lang": "en", "type": "literal", "value": "martyr"}, "predicateLabel": {"xml:lang": "en", "type": "literal", "value": "subject has role"}}, {"subjectLabel": {"xml:lang": "en", "type": "literal", "value": "Paul"}, "object": {"type": "uri", "value": "http://www.wikidata.org/entity/Q1698715"}, "objectLabel": {"xml:lang": "en", "type": "literal", "value": "John and Paul"}, "predicateLabel": {"xml:lang": "en", "type": "literal", "value": "part of"}}, {"subjectLabel": {"xml:lang": "en", "type": "literal", "value": "Paul"}, "object": {"type": "uri", "value": "http://www.wikidata.org/entity/Q2045138"}, "objectLabel": {"xml:lang": "en", "type": "literal", "value": "Pablo"}, "predicateLabel": {"xml:lang": "en", "type": "literal", "value": "given name"}}, {"subjectLabel": {"xml:lang": "en", "type": "literal", "value": "Paul"}, "object": {"type": "uri", "value": "http://www.wikidata.org/entity/Q54561861"}, "objectLabel": {"xml:lang": "en", "type": "literal", "value": "John"}, "predicateLabel": {"xml:lang": "en", "type": "literal", "value": "sibling"}}, {"subjectLabel": {"xml:lang": "en", "type": "literal", "value": "Paul"}, "object": {"type": "uri", "value": "http://www.wikidata.org/entity/Q54561861"}, "objectLabel": {"xml:lang": "en", "type": "literal", "value": "John"}, "predicateLabel": {"xml:lang": "en", "type": "literal", "value": "partner in business or sport"}}], "Q82070": [{"subjectLabel": {"xml:lang": "en", "type": "literal", "value": "Tyre"}, "object": {"type": "uri", "value": "http://www.wikidata.org/entity/Q16331745"}, "objectLabel": {"xml:lang": "en", "type": "literal", "value": "Tyre"}, "predicateLabel": {"xml:lang": "en", "type": "literal", "value": "different from"}}, {"subjectLabel": {"xml:lang": "en", "type": "literal", "value": "Tyre"}, "object": {"type": "uri", "value": "http://www.wikidata.org/entity/Q41642"}, "objectLabel": {"xml:lang": "en", "type": "literal", "value": "Phoenicia"}, "predicateLabel": {"xml:lang": "en", "type": "literal", "value": "different from"}}, {"subjectLabel": {"xml:lang": "en", "type": "literal", "value": "Tyre"}, "object": {"type": "uri", "value": "http://www.wikidata.org/entity/Q2385"}, "objectLabel": {"xml:lang": "en", "type": "literal", "value": "Civilization V"}, "predicateLabel": {"xml:lang": "en", "type": "literal", "value": "present in work"}}, {"subjectLabel": {"xml:lang": "en", "type": "literal", "value": "Tyre"}, "object": {"type": "uri", "value": "http://www.wikidata.org/entity/Q822"}, "objectLabel": {"xml:lang": "en", "type": "literal", "value": "Lebanon"}, "predicateLabel": {"xml:lang": "en", "type": "literal", "value": "country"}}, {"subjectLabel": {"xml:lang": "en", "type": "literal", "value": "Tyre"}, "object": {"type": "uri", "value": "http://www.wikidata.org/entity/Q515"}, "objectLabel": {"xml:lang": "en", "type": "literal", "value": "city"}, "predicateLabel": {"xml:lang": "en", "type": "literal", "value": "instance of"}}, {"subjectLabel": {"xml:lang": "en", "type": "literal", "value": "Tyre"}, "object": {"type": "uri", "value": "http://www.wikidata.org/entity/Q2250353"}, "objectLabel": {"xml:lang": "en", "type": "literal", "value": "Tyre District"}, "predicateLabel": {"xml:lang": "en", "type": "literal", "value": "capital of"}}, {"subjectLabel": {"xml:lang": "en", "type": "literal", "value": "Tyre"}, "object": {"type": "uri", "value": "http://www.wikidata.org/entity/Q11950672"}, "objectLabel": {"xml:lang": "en", "type": "literal", "value": "Syria Phoenice"}, "predicateLabel": {"xml:lang": "en", "type": "literal", "value": "capital of"}}, {"subjectLabel": {"xml:lang": "en", "type": "literal", "value": "Tyre"}, "object": {"type": "uri", "value": "http://www.wikidata.org/entity/Q9220167"}, "objectLabel": {"xml:lang": "en", "type": "literal", "value": "Category:Deaths in Tyre"}, "predicateLabel": {"xml:lang": "en", "type": "literal", "value": "category for people who died here"}}, {"subjectLabel": {"xml:lang": "en", "type": "literal", "value": "Tyre"}, "object": {"type": "uri", "value": "http://www.wikidata.org/entity/Q6173448"}, "objectLabel": {"xml:lang": "en", "type": "literal", "value": "Wikipedia:Vital articles/Level/4"}, "predicateLabel": {"xml:lang": "en", "type": "literal", "value": "on focus list of Wikimedia project"}}, {"subjectLabel": {"xml:lang": "en", "type": "literal", "value": "Tyre"}, "object": {"type": "uri", "value": "http://www.wikidata.org/entity/Q3572"}, "objectLabel": {"xml:lang": "en", "type": "literal", "value": "Tunis"}, "predicateLabel": {"xml:lang": "en", "type": "literal", "value": "twinned administrative body"}}, {"subjectLabel": {"xml:lang": "en", "type": "literal", "value": "Tyre"}, "object": {"type": "uri", "value": "http://www.wikidata.org/entity/Q8075483"}, "objectLabel": {"xml:lang": "en", "type": "literal", "value": "Category:People from Tyre, Lebanon"}, "predicateLabel": {"xml:lang": "en", "type": "literal", "value": "category of associated people"}}, {"subjectLabel": {"xml:lang": "en", "type": "literal", "value": "Tyre"}, "object": {"type": "uri", "value": "http://www.wikidata.org/entity/Q133442"}, "objectLabel": {"xml:lang": "en", "type": "literal", "value": "city-state"}, "predicateLabel": {"xml:lang": "en", "type": "literal", "value": "instance of"}}, {"subjectLabel": {"xml:lang": "en", "type": "literal", "value": "Tyre"}, "object": {"type": "uri", "value": "http://www.wikidata.org/entity/Q6723"}, "objectLabel": {"xml:lang": "en", "type": "literal", "value": "UTC+02:00"}, "predicateLabel": {"xml:lang": "en", "type": "literal", "value": "located in time zone"}}, {"subjectLabel": {"xml:lang": "en", "type": "literal", "value": "Tyre"}, "object": {"type": "uri", "value": "http://www.wikidata.org/entity/Q15760"}, "objectLabel": {"xml:lang": "en", "type": "literal", "value": "Novorossiysk"}, "predicateLabel": {"xml:lang": "en", "type": "literal", "value": "twinned administrative body"}}, {"subjectLabel": {"xml:lang": "en", "type": "literal", "value": "Tyre"}, "object": {"type": "uri", "value": "http://www.wikidata.org/entity/Q602358"}, "objectLabel": {"xml:lang": "en", "type": "literal", "value": "Brockhaus and Efron Encyclopedic Dictionary"}, "predicateLabel": {"xml:lang": "en", "type": "literal", "value": "described by source"}}, {"subjectLabel": {"xml:lang": "en", "type": "literal", "value": "Tyre"}, "object": {"type": "uri", "value": "http://www.wikidata.org/entity/Q3561"}, "objectLabel": {"xml:lang": "en", "type": "literal", "value": "Algiers"}, "predicateLabel": {"xml:lang": "en", "type": "literal", "value": "twinned administrative body"}}, {"subjectLabel": {"xml:lang": "en", "type": "literal", "value": "Tyre"}, "object": {"type": "uri", "value": "http://www.wikidata.org/entity/Q6730"}, "objectLabel": {"xml:lang": "en", "type": "literal", "value": "Perpignan"}, "predicateLabel": {"xml:lang": "en", "type": "literal", "value": "twinned administrative body"}}, {"subjectLabel": {"xml:lang": "en", "type": "literal", "value": "Tyre"}, "object": {"type": "uri", "value": "http://www.wikidata.org/entity/Q605142"}, "objectLabel": {"xml:lang": "en", "type": "literal", "value": "Dezful"}, "predicateLabel": {"xml:lang": "en", "type": "literal", "value": "twinned administrative body"}}, {"subjectLabel": {"xml:lang": "en", "type": "literal", "value": "Tyre"}, "object": {"type": "uri", "value": "http://www.wikidata.org/entity/Q1119894"}, "objectLabel": {"xml:lang": "en", "type": "literal", "value": "Perpignan M\u00e9diterran\u00e9e M\u00e9tropole"}, "predicateLabel": {"xml:lang": "en", "type": "literal", "value": "twinned administrative body"}}, {"subjectLabel": {"xml:lang": "en", "type": "literal", "value": "Tyre"}, "object": {"type": "uri", "value": "http://www.wikidata.org/entity/Q19180675"}, "objectLabel": {"xml:lang": "en", "type": "literal", "value": "Small Brockhaus and Efron Encyclopedic Dictionary"}, "predicateLabel": {"xml:lang": "en", "type": "literal", "value": "described by source"}}, {"subjectLabel": {"xml:lang": "en", "type": "literal", "value": "Tyre"}, "object": {"type": "uri", "value": "http://www.wikidata.org/entity/Q19219752"}, "objectLabel": {"xml:lang": "en", "type": "literal", "value": "Meyers Konversations-Lexikon, 4th edition (1885\u20131890)"}, "predicateLabel": {"xml:lang": "en", "type": "literal", "value": "described by source"}}, {"subjectLabel": {"xml:lang": "en", "type": "literal", "value": "Tyre"}, "object": {"type": "uri", "value": "http://www.wikidata.org/entity/Q1549591"}, "objectLabel": {"xml:lang": "en", "type": "literal", "value": "big city"}, "predicateLabel": {"xml:lang": "en", "type": "literal", "value": "instance of"}}, {"subjectLabel": {"xml:lang": "en", "type": "literal", "value": "Tyre"}, "object": {"type": "uri", "value": "http://www.wikidata.org/entity/Q15661340"}, "objectLabel": {"xml:lang": "en", "type": "literal", "value": "ancient city"}, "predicateLabel": {"xml:lang": "en", "type": "literal", "value": "instance of"}}, {"subjectLabel": {"xml:lang": "en", "type": "literal", "value": "Tyre"}, "object": {"type": "uri", "value": "http://www.wikidata.org/entity/Q6760"}, "objectLabel": {"xml:lang": "en", "type": "literal", "value": "UTC+03:00"}, "predicateLabel": {"xml:lang": "en", "type": "literal", "value": "located in time zone"}}, {"subjectLabel": {"xml:lang": "en", "type": "literal", "value": "Tyre"}, "object": {"type": "uri", "value": "http://www.wikidata.org/entity/Q2250353"}, "objectLabel": {"xml:lang": "en", "type": "literal", "value": "Tyre District"}, "predicateLabel": {"xml:lang": "en", "type": "literal", "value": "located in the administrative territorial entity"}}, {"subjectLabel": {"xml:lang": "en", "type": "literal", "value": "Tyre"}, "object": {"type": "uri", "value": "http://www.wikidata.org/entity/Q23828039"}, "objectLabel": {"xml:lang": "en", "type": "literal", "value": "village/town/city in Lebanon"}, "predicateLabel": {"xml:lang": "en", "type": "literal", "value": "instance of"}}, {"subjectLabel": {"xml:lang": "en", "type": "literal", "value": "Tyre"}, "object": {"type": "uri", "value": "http://www.wikidata.org/entity/Q3181656"}, "objectLabel": {"xml:lang": "en", "type": "literal", "value": "The Nuttall Encyclop\u00e6dia"}, "predicateLabel": {"xml:lang": "en", "type": "literal", "value": "described by source"}}, {"subjectLabel": {"xml:lang": "en", "type": "literal", "value": "Tyre"}, "object": {"type": "uri", "value": "http://www.wikidata.org/entity/Q4086271"}, "objectLabel": {"xml:lang": "en", "type": "literal", "value": "Bible Encyclopedia of Archimandrite Nicephorus"}, "predicateLabel": {"xml:lang": "en", "type": "literal", "value": "described by source"}}, {"subjectLabel": {"xml:lang": "en", "type": "literal", "value": "Tyre"}, "object": {"type": "uri", "value": "http://www.wikidata.org/entity/Q30059240"}, "objectLabel": {"xml:lang": "en", "type": "literal", "value": "Real'nyj slovar' klassicheskih drevnostej po Ljubkeru"}, "predicateLabel": {"xml:lang": "en", "type": "literal", "value": "described by source"}}, {"subjectLabel": {"xml:lang": "en", "type": "literal", "value": "Tyre"}, "object": {"type": "uri", "value": "http://www.wikidata.org/entity/Q124737664"}, "objectLabel": {"xml:lang": "en", "type": "literal", "value": "Armenian Soviet Encyclopedia, vol. 12"}, "predicateLabel": {"xml:lang": "en", "type": "literal", "value": "described by source"}}, {"subjectLabel": {"xml:lang": "en", "type": "literal", "value": "Tyre"}, "object": {"type": "uri", "value": "http://www.wikidata.org/entity/Q8963350"}, "objectLabel": {"xml:lang": "en", "type": "literal", "value": "Category:Tyre, Lebanon"}, "predicateLabel": {"xml:lang": "en", "type": "literal", "value": "topic's main category"}}, {"subjectLabel": {"xml:lang": "en", "type": "literal", "value": "Tyre"}, "object": {"type": "uri", "value": "http://www.wikidata.org/entity/Q4173137"}, "objectLabel": {"xml:lang": "en", "type": "literal", "value": "Jewish Encyclopedia of Brockhaus and Efron"}, "predicateLabel": {"xml:lang": "en", "type": "literal", "value": "described by source"}}, {"subjectLabel": {"xml:lang": "en", "type": "literal", "value": "Tyre"}, "object": {"type": "uri", "value": "http://www.wikidata.org/entity/Q8851"}, "objectLabel": {"xml:lang": "en", "type": "literal", "value": "M\u00e1laga"}, "predicateLabel": {"xml:lang": "en", "type": "literal", "value": "twinned administrative body"}}], "Q201722": [{"subjectLabel": {"xml:lang": "en", "type": "literal", "value": "Veroia"}, "object": {"type": "uri", "value": "http://www.wikidata.org/entity/Q84030015"}, "objectLabel": {"xml:lang": "en", "type": "literal", "value": "Category:Maps of Veria"}, "predicateLabel": {"xml:lang": "en", "type": "literal", "value": "category for maps"}}, {"subjectLabel": {"xml:lang": "en", "type": "literal", "value": "Veroia"}, "object": {"type": "uri", "value": "http://www.wikidata.org/entity/Q104595133"}, "objectLabel": {"xml:lang": "en", "type": "literal", "value": "Category:Views of Veria"}, "predicateLabel": {"xml:lang": "en", "type": "literal", "value": "category for the view of the item"}}, {"subjectLabel": {"xml:lang": "en", "type": "literal", "value": "Veroia"}, "object": {"type": "uri", "value": "http://www.wikidata.org/entity/Q41"}, "objectLabel": {"xml:lang": "en", "type": "literal", "value": "Greece"}, "predicateLabel": {"xml:lang": "en", "type": "literal", "value": "country"}}, {"subjectLabel": {"xml:lang": "en", "type": "literal", "value": "Veroia"}, "object": {"type": "uri", "value": "http://www.wikidata.org/entity/Q3159"}, "objectLabel": {"xml:lang": "en", "type": "literal", "value": "Kursk"}, "predicateLabel": {"xml:lang": "en", "type": "literal", "value": "twinned administrative body"}}, {"subjectLabel": {"xml:lang": "en", "type": "literal", "value": "Veroia"}, "object": {"type": "uri", "value": "http://www.wikidata.org/entity/Q515"}, "objectLabel": {"xml:lang": "en", "type": "literal", "value": "city"}, "predicateLabel": {"xml:lang": "en", "type": "literal", "value": "instance of"}}, {"subjectLabel": {"xml:lang": "en", "type": "literal", "value": "Veroia"}, "object": {"type": "uri", "value": "http://www.wikidata.org/entity/Q6760"}, "objectLabel": {"xml:lang": "en", "type": "literal", "value": "UTC+03:00"}, "predicateLabel": {"xml:lang": "en", "type": "literal", "value": "located in time zone"}}, {"subjectLabel": {"xml:lang": "en", "type": "literal", "value": "Veroia"}, "object": {"type": "uri", "value": "http://www.wikidata.org/entity/Q192926"}, "objectLabel": {"xml:lang": "en", "type": "literal", "value": "Kazanlak"}, "predicateLabel": {"xml:lang": "en", "type": "literal", "value": "twinned administrative body"}}, {"subjectLabel": {"xml:lang": "en", "type": "literal", "value": "Veroia"}, "object": {"type": "uri", "value": "http://www.wikidata.org/entity/Q6723"}, "objectLabel": {"xml:lang": "en", "type": "literal", "value": "UTC+02:00"}, "predicateLabel": {"xml:lang": "en", "type": "literal", "value": "located in time zone"}}, {"subjectLabel": {"xml:lang": "en", "type": "literal", "value": "Veroia"}, "object": {"type": "uri", "value": "http://www.wikidata.org/entity/Q59473"}, "objectLabel": {"xml:lang": "en", "type": "literal", "value": "U\u017eice"}, "predicateLabel": {"xml:lang": "en", "type": "literal", "value": "twinned administrative body"}}, {"subjectLabel": {"xml:lang": "en", "type": "literal", "value": "Veroia"}, "object": {"type": "uri", "value": "http://www.wikidata.org/entity/Q189419"}, "objectLabel": {"xml:lang": "en", "type": "literal", "value": "Zemun"}, "predicateLabel": {"xml:lang": "en", "type": "literal", "value": "twinned administrative body"}}, {"subjectLabel": {"xml:lang": "en", "type": "literal", "value": "Veroia"}, "object": {"type": "uri", "value": "http://www.wikidata.org/entity/Q17152"}, "objectLabel": {"xml:lang": "en", "type": "literal", "value": "Central Macedonia"}, "predicateLabel": {"xml:lang": "en", "type": "literal", "value": "located in/on physical feature"}}, {"subjectLabel": {"xml:lang": "en", "type": "literal", "value": "Veroia"}, "object": {"type": "uri", "value": "http://www.wikidata.org/entity/Q675965"}, "objectLabel": {"xml:lang": "en", "type": "literal", "value": "Rognac"}, "predicateLabel": {"xml:lang": "en", "type": "literal", "value": "twinned administrative body"}}, {"subjectLabel": {"xml:lang": "en", "type": "literal", "value": "Veroia"}, "object": {"type": "uri", "value": "http://www.wikidata.org/entity/Q668370"}, "objectLabel": {"xml:lang": "en", "type": "literal", "value": "Strovolos"}, "predicateLabel": {"xml:lang": "en", "type": "literal", "value": "twinned administrative body"}}, {"subjectLabel": {"xml:lang": "en", "type": "literal", "value": "Veroia"}, "object": {"type": "uri", "value": "http://www.wikidata.org/entity/Q21451936"}, "objectLabel": {"xml:lang": "en", "type": "literal", "value": "Illustrirovannaya polnaya populyarnaya biblyeiskaya entsiklopediya. Vipusk \u0412\u044b\u043f\u0443\u0441\u043a I, 1891"}, "predicateLabel": {"xml:lang": "en", "type": "literal", "value": "described by source"}}, {"subjectLabel": {"xml:lang": "en", "type": "literal", "value": "Veroia"}, "object": {"type": "uri", "value": "http://www.wikidata.org/entity/Q30059240"}, "objectLabel": {"xml:lang": "en", "type": "literal", "value": "Real'nyj slovar' klassicheskih drevnostej po Ljubkeru"}, "predicateLabel": {"xml:lang": "en", "type": "literal", "value": "described by source"}}, {"subjectLabel": {"xml:lang": "en", "type": "literal", "value": "Veroia"}, "object": {"type": "uri", "value": "http://www.wikidata.org/entity/Q19219752"}, "objectLabel": {"xml:lang": "en", "type": "literal", "value": "Meyers Konversations-Lexikon, 4th edition (1885\u20131890)"}, "predicateLabel": {"xml:lang": "en", "type": "literal", "value": "described by source"}}, {"subjectLabel": {"xml:lang": "en", "type": "literal", "value": "Veroia"}, "object": {"type": "uri", "value": "http://www.wikidata.org/entity/Q207840"}, "objectLabel": {"xml:lang": "en", "type": "literal", "value": "Imathia Regional Unit"}, "predicateLabel": {"xml:lang": "en", "type": "literal", "value": "capital of"}}, {"subjectLabel": {"xml:lang": "en", "type": "literal", "value": "Veroia"}, "object": {"type": "uri", "value": "http://www.wikidata.org/entity/Q7377991"}, "objectLabel": {"xml:lang": "en", "type": "literal", "value": "Category:Veria"}, "predicateLabel": {"xml:lang": "en", "type": "literal", "value": "topic's main category"}}, {"subjectLabel": {"xml:lang": "en", "type": "literal", "value": "Veroia"}, "object": {"type": "uri", "value": "http://www.wikidata.org/entity/Q602358"}, "objectLabel": {"xml:lang": "en", "type": "literal", "value": "Brockhaus and Efron Encyclopedic Dictionary"}, "predicateLabel": {"xml:lang": "en", "type": "literal", "value": "described by source"}}, {"subjectLabel": {"xml:lang": "en", "type": "literal", "value": "Veroia"}, "object": {"type": "uri", "value": "http://www.wikidata.org/entity/Q4086271"}, "objectLabel": {"xml:lang": "en", "type": "literal", "value": "Bible Encyclopedia of Archimandrite Nicephorus"}, "predicateLabel": {"xml:lang": "en", "type": "literal", "value": "described by source"}}, {"subjectLabel": {"xml:lang": "en", "type": "literal", "value": "Veroia"}, "object": {"type": "uri", "value": "http://www.wikidata.org/entity/Q19180675"}, "objectLabel": {"xml:lang": "en", "type": "literal", "value": "Small Brockhaus and Efron Encyclopedic Dictionary"}, "predicateLabel": {"xml:lang": "en", "type": "literal", "value": "described by source"}}, {"subjectLabel": {"xml:lang": "en", "type": "literal", "value": "Veroia"}, "object": {"type": "uri", "value": "http://www.wikidata.org/entity/Q12875641"}, "objectLabel": {"xml:lang": "en", "type": "literal", "value": "Veria Municipality"}, "predicateLabel": {"xml:lang": "en", "type": "literal", "value": "capital of"}}, {"subjectLabel": {"xml:lang": "en", "type": "literal", "value": "Veroia"}, "object": {"type": "uri", "value": "http://www.wikidata.org/entity/Q15712213"}, "objectLabel": {"xml:lang": "en", "type": "literal", "value": "Berroea"}, "predicateLabel": {"xml:lang": "en", "type": "literal", "value": "replaces"}}, {"subjectLabel": {"xml:lang": "en", "type": "literal", "value": "Veroia"}, "object": {"type": "uri", "value": "http://www.wikidata.org/entity/Q12875641"}, "objectLabel": {"xml:lang": "en", "type": "literal", "value": "Veria Municipality"}, "predicateLabel": {"xml:lang": "en", "type": "literal", "value": "located in the administrative territorial entity"}}, {"subjectLabel": {"xml:lang": "en", "type": "literal", "value": "Veroia"}, "object": {"type": "uri", "value": "http://www.wikidata.org/entity/Q8048720"}, "objectLabel": {"xml:lang": "en", "type": "literal", "value": "Category:People from Veria"}, "predicateLabel": {"xml:lang": "en", "type": "literal", "value": "category of associated people"}}], "Q1393407": [{"subjectLabel": {"xml:lang": "en", "type": "literal", "value": "Alexandria Troas"}, "object": {"type": "uri", "value": "http://www.wikidata.org/entity/Q43"}, "objectLabel": {"xml:lang": "en", "type": "literal", "value": "Turkey"}, "predicateLabel": {"xml:lang": "en", "type": "literal", "value": "country"}}, {"subjectLabel": {"xml:lang": "en", "type": "literal", "value": "Alexandria Troas"}, "object": {"type": "uri", "value": "http://www.wikidata.org/entity/Q6760"}, "objectLabel": {"xml:lang": "en", "type": "literal", "value": "UTC+03:00"}, "predicateLabel": {"xml:lang": "en", "type": "literal", "value": "located in time zone"}}, {"subjectLabel": {"xml:lang": "en", "type": "literal", "value": "Alexandria Troas"}, "object": {"type": "uri", "value": "http://www.wikidata.org/entity/Q839954"}, "objectLabel": {"xml:lang": "en", "type": "literal", "value": "archaeological site"}, "predicateLabel": {"xml:lang": "en", "type": "literal", "value": "instance of"}}, {"subjectLabel": {"xml:lang": "en", "type": "literal", "value": "Alexandria Troas"}, "object": {"type": "uri", "value": "http://www.wikidata.org/entity/Q1017752"}, "objectLabel": {"xml:lang": "en", "type": "literal", "value": "Ezine"}, "predicateLabel": {"xml:lang": "en", "type": "literal", "value": "located in the administrative territorial entity"}}, {"subjectLabel": {"xml:lang": "en", "type": "literal", "value": "Alexandria Troas"}, "object": {"type": "uri", "value": "http://www.wikidata.org/entity/Q47813"}, "objectLabel": {"xml:lang": "en", "type": "literal", "value": "\u00c7anakkale Province"}, "predicateLabel": {"xml:lang": "en", "type": "literal", "value": "located in the administrative territorial entity"}}, {"subjectLabel": {"xml:lang": "en", "type": "literal", "value": "Alexandria Troas"}, "object": {"type": "uri", "value": "http://www.wikidata.org/entity/Q15661340"}, "objectLabel": {"xml:lang": "en", "type": "literal", "value": "ancient city"}, "predicateLabel": {"xml:lang": "en", "type": "literal", "value": "instance of"}}, {"subjectLabel": {"xml:lang": "en", "type": "literal", "value": "Alexandria Troas"}, "object": {"type": "uri", "value": "http://www.wikidata.org/entity/Q1138524"}, "objectLabel": {"xml:lang": "en", "type": "literal", "value": "Paulys Realenzyklop\u00e4die der klassischen Altertumswissenschaft"}, "predicateLabel": {"xml:lang": "en", "type": "literal", "value": "described by source"}}, {"subjectLabel": {"xml:lang": "en", "type": "literal", "value": "Alexandria Troas"}, "object": {"type": "uri", "value": "http://www.wikidata.org/entity/Q302556"}, "objectLabel": {"xml:lang": "en", "type": "literal", "value": "Catholic Encyclopedia"}, "predicateLabel": {"xml:lang": "en", "type": "literal", "value": "described by source"}}, {"subjectLabel": {"xml:lang": "en", "type": "literal", "value": "Alexandria Troas"}, "object": {"type": "uri", "value": "http://www.wikidata.org/entity/Q115285590"}, "objectLabel": {"xml:lang": "en", "type": "literal", "value": "Ancient Theater of Alexandria Troas"}, "predicateLabel": {"xml:lang": "en", "type": "literal", "value": "has part(s)"}}, {"subjectLabel": {"xml:lang": "en", "type": "literal", "value": "Alexandria Troas"}, "object": {"type": "uri", "value": "http://www.wikidata.org/entity/Q115291915"}, "objectLabel": {"xml:lang": "en", "type": "literal", "value": "Baths of Herodes Atticus"}, "predicateLabel": {"xml:lang": "en", "type": "literal", "value": "has part(s)"}}, {"subjectLabel": {"xml:lang": "en", "type": "literal", "value": "Alexandria Troas"}, "object": {"type": "uri", "value": "http://www.wikidata.org/entity/Q4086271"}, "objectLabel": {"xml:lang": "en", "type": "literal", "value": "Bible Encyclopedia of Archimandrite Nicephorus"}, "predicateLabel": {"xml:lang": "en", "type": "literal", "value": "described by source"}}, {"subjectLabel": {"xml:lang": "en", "type": "literal", "value": "Alexandria Troas"}, "object": {"type": "uri", "value": "http://www.wikidata.org/entity/Q108564072"}, "objectLabel": {"xml:lang": "en", "type": "literal", "value": "Museum Directorate of \u00c7anakkale"}, "predicateLabel": {"xml:lang": "en", "type": "literal", "value": "affiliation"}}], "Q204933": [{"subjectLabel": {"xml:lang": "en", "type": "literal", "value": "decapitation"}, "object": {"type": "uri", "value": "http://www.wikidata.org/entity/Q23640"}, "objectLabel": {"xml:lang": "en", "type": "literal", "value": "head"}, "predicateLabel": {"xml:lang": "en", "type": "literal", "value": "named after"}}, {"subjectLabel": {"xml:lang": "en", "type": "literal", "value": "decapitation"}, "object": {"type": "uri", "value": "http://www.wikidata.org/entity/Q8454"}, "objectLabel": {"xml:lang": "en", "type": "literal", "value": "capital punishment"}, "predicateLabel": {"xml:lang": "en", "type": "literal", "value": "subclass of"}}, {"subjectLabel": {"xml:lang": "en", "type": "literal", "value": "decapitation"}, "object": {"type": "uri", "value": "http://www.wikidata.org/entity/Q867541"}, "objectLabel": {"xml:lang": "en", "type": "literal", "value": "Encyclop\u00e6dia Britannica 11th edition"}, "predicateLabel": {"xml:lang": "en", "type": "literal", "value": "described by source"}}, {"subjectLabel": {"xml:lang": "en", "type": "literal", "value": "decapitation"}, "object": {"type": "uri", "value": "http://www.wikidata.org/entity/Q1931388"}, "objectLabel": {"xml:lang": "en", "type": "literal", "value": "cause of death"}, "predicateLabel": {"xml:lang": "en", "type": "literal", "value": "instance of"}}, {"subjectLabel": {"xml:lang": "en", "type": "literal", "value": "decapitation"}, "object": {"type": "uri", "value": "http://www.wikidata.org/entity/Q3966286"}, "objectLabel": {"xml:lang": "en", "type": "literal", "value": "execution"}, "predicateLabel": {"xml:lang": "en", "type": "literal", "value": "subclass of"}}, {"subjectLabel": {"xml:lang": "en", "type": "literal", "value": "decapitation"}, "object": {"type": "uri", "value": "http://www.wikidata.org/entity/Q15169167"}, "objectLabel": {"xml:lang": "en", "type": "literal", "value": "execution method"}, "predicateLabel": {"xml:lang": "en", "type": "literal", "value": "instance of"}}, {"subjectLabel": {"xml:lang": "en", "type": "literal", "value": "decapitation"}, "object": {"type": "uri", "value": "http://www.wikidata.org/entity/Q7135224"}, "objectLabel": {"xml:lang": "en", "type": "literal", "value": "Category:People executed by decapitation"}, "predicateLabel": {"xml:lang": "en", "type": "literal", "value": "topic's main category"}}, {"subjectLabel": {"xml:lang": "en", "type": "literal", "value": "decapitation"}, "object": {"type": "uri", "value": "http://www.wikidata.org/entity/Q877524"}, "objectLabel": {"xml:lang": "en", "type": "literal", "value": "hanged, drawn, quartered and decapitated"}, "predicateLabel": {"xml:lang": "en", "type": "literal", "value": "part of"}}, {"subjectLabel": {"xml:lang": "en", "type": "literal", "value": "decapitation"}, "object": {"type": "uri", "value": "http://www.wikidata.org/entity/Q9675231"}, "objectLabel": {"xml:lang": "en", "type": "literal", "value": "Category:Decapitation"}, "predicateLabel": {"xml:lang": "en", "type": "literal", "value": "topic's main category"}}], "Q11085604": [{"subjectLabel": {"xml:lang": "en", "type": "literal", "value": "Priscilla and Aquila"}, "object": {"type": "uri", "value": "http://www.wikidata.org/entity/Q2692"}, "objectLabel": {"xml:lang": "en", "type": "literal", "value": "July 8"}, "predicateLabel": {"xml:lang": "en", "type": "literal", "value": "feast day"}}, {"subjectLabel": {"xml:lang": "en", "type": "literal", "value": "Priscilla and Aquila"}, "object": {"type": "uri", "value": "http://www.wikidata.org/entity/Q302556"}, "objectLabel": {"xml:lang": "en", "type": "literal", "value": "Catholic Encyclopedia"}, "predicateLabel": {"xml:lang": "en", "type": "literal", "value": "described by source"}}, {"subjectLabel": {"xml:lang": "en", "type": "literal", "value": "Priscilla and Aquila"}, "object": {"type": "uri", "value": "http://www.wikidata.org/entity/Q43115"}, "objectLabel": {"xml:lang": "en", "type": "literal", "value": "saint"}, "predicateLabel": {"xml:lang": "en", "type": "literal", "value": "canonization status"}}, {"subjectLabel": {"xml:lang": "en", "type": "literal", "value": "Priscilla and Aquila"}, "object": {"type": "uri", "value": "http://www.wikidata.org/entity/Q602358"}, "objectLabel": {"xml:lang": "en", "type": "literal", "value": "Brockhaus and Efron Encyclopedic Dictionary"}, "predicateLabel": {"xml:lang": "en", "type": "literal", "value": "described by source"}}, {"subjectLabel": {"xml:lang": "en", "type": "literal", "value": "Priscilla and Aquila"}, "object": {"type": "uri", "value": "http://www.wikidata.org/entity/Q867541"}, "objectLabel": {"xml:lang": "en", "type": "literal", "value": "Encyclop\u00e6dia Britannica 11th edition"}, "predicateLabel": {"xml:lang": "en", "type": "literal", "value": "described by source"}}, {"subjectLabel": {"xml:lang": "en", "type": "literal", "value": "Priscilla and Aquila"}, "object": {"type": "uri", "value": "http://www.wikidata.org/entity/Q36180"}, "objectLabel": {"xml:lang": "en", "type": "literal", "value": "writer"}, "predicateLabel": {"xml:lang": "en", "type": "literal", "value": "occupation"}}, {"subjectLabel": {"xml:lang": "en", "type": "literal", "value": "Priscilla and Aquila"}, "object": {"type": "uri", "value": "http://www.wikidata.org/entity/Q19211082"}, "objectLabel": {"xml:lang": "en", "type": "literal", "value": "Orthodox Theological Encyclopedia"}, "predicateLabel": {"xml:lang": "en", "type": "literal", "value": "described by source"}}, {"subjectLabel": {"xml:lang": "en", "type": "literal", "value": "Priscilla and Aquila"}, "object": {"type": "uri", "value": "http://www.wikidata.org/entity/Q19180675"}, "objectLabel": {"xml:lang": "en", "type": "literal", "value": "Small Brockhaus and Efron Encyclopedic Dictionary"}, "predicateLabel": {"xml:lang": "en", "type": "literal", "value": "described by source"}}, {"subjectLabel": {"xml:lang": "en", "type": "literal", "value": "Priscilla and Aquila"}, "object": {"type": "uri", "value": "http://www.wikidata.org/entity/Q4086271"}, "objectLabel": {"xml:lang": "en", "type": "literal", "value": "Bible Encyclopedia of Archimandrite Nicephorus"}, "predicateLabel": {"xml:lang": "en", "type": "literal", "value": "described by source"}}, {"subjectLabel": {"xml:lang": "en", "type": "literal", "value": "Priscilla and Aquila"}, "object": {"type": "uri", "value": "http://www.wikidata.org/entity/Q2886278"}, "objectLabel": {"xml:lang": "en", "type": "literal", "value": "Low Roman Empire"}, "predicateLabel": {"xml:lang": "en", "type": "literal", "value": "time period"}}, {"subjectLabel": {"xml:lang": "en", "type": "literal", "value": "Priscilla and Aquila"}, "object": {"type": "uri", "value": "http://www.wikidata.org/entity/Q3046146"}, "objectLabel": {"xml:lang": "en", "type": "literal", "value": "married couple"}, "predicateLabel": {"xml:lang": "en", "type": "literal", "value": "instance of"}}, {"subjectLabel": {"xml:lang": "en", "type": "literal", "value": "Priscilla and Aquila"}, "object": {"type": "uri", "value": "http://www.wikidata.org/entity/Q46512139"}, "objectLabel": {"xml:lang": "en", "type": "literal", "value": "Aquila"}, "predicateLabel": {"xml:lang": "en", "type": "literal", "value": "has part(s)"}}, {"subjectLabel": {"xml:lang": "en", "type": "literal", "value": "Priscilla and Aquila"}, "object": {"type": "uri", "value": "http://www.wikidata.org/entity/Q22569877"}, "objectLabel": {"xml:lang": "en", "type": "literal", "value": "Category:Priscilla and Aquila"}, "predicateLabel": {"xml:lang": "en", "type": "literal", "value": "topic's main category"}}, {"subjectLabel": {"xml:lang": "en", "type": "literal", "value": "Priscilla and Aquila"}, "object": {"type": "uri", "value": "http://www.wikidata.org/entity/Q22661413"}, "objectLabel": {"xml:lang": "en", "type": "literal", "value": "Priscilla"}, "predicateLabel": {"xml:lang": "en", "type": "literal", "value": "has part(s)"}}, {"subjectLabel": {"xml:lang": "en", "type": "literal", "value": "Priscilla and Aquila"}, "object": {"type": "uri", "value": "http://www.wikidata.org/entity/Q71887839"}, "objectLabel": {"xml:lang": "en", "type": "literal", "value": "copyrights on works have expired"}, "predicateLabel": {"xml:lang": "en", "type": "literal", "value": "copyright status as a creator"}}], "Q1211351": [{"subjectLabel": {"xml:lang": "en", "type": "literal", "value": "San Paolo"}, "object": {"type": "uri", "value": "http://www.wikidata.org/entity/Q21571488"}, "objectLabel": {"xml:lang": "en", "type": "literal", "value": "Category III"}, "predicateLabel": {"xml:lang": "en", "type": "literal", "value": "NMHH film rating"}}, {"subjectLabel": {"xml:lang": "en", "type": "literal", "value": "San Paolo"}, "object": {"type": "uri", "value": "http://www.wikidata.org/entity/Q38"}, "objectLabel": {"xml:lang": "en", "type": "literal", "value": "Italy"}, "predicateLabel": {"xml:lang": "en", "type": "literal", "value": "country of origin"}}, {"subjectLabel": {"xml:lang": "en", "type": "literal", "value": "San Paolo"}, "object": {"type": "uri", "value": "http://www.wikidata.org/entity/Q183"}, "objectLabel": {"xml:lang": "en", "type": "literal", "value": "Germany"}, "predicateLabel": {"xml:lang": "en", "type": "literal", "value": "country of origin"}}, {"subjectLabel": {"xml:lang": "en", "type": "literal", "value": "San Paolo"}, "object": {"type": "uri", "value": "http://www.wikidata.org/entity/Q213"}, "objectLabel": {"xml:lang": "en", "type": "literal", "value": "Czech Republic"}, "predicateLabel": {"xml:lang": "en", "type": "literal", "value": "country of origin"}}, {"subjectLabel": {"xml:lang": "en", "type": "literal", "value": "San Paolo"}, "object": {"type": "uri", "value": "http://www.wikidata.org/entity/Q233"}, "objectLabel": {"xml:lang": "en", "type": "literal", "value": "Malta"}, "predicateLabel": {"xml:lang": "en", "type": "literal", "value": "filming location"}}, {"subjectLabel": {"xml:lang": "en", "type": "literal", "value": "San Paolo"}, "object": {"type": "uri", "value": "http://www.wikidata.org/entity/Q1860"}, "objectLabel": {"xml:lang": "en", "type": "literal", "value": "English"}, "predicateLabel": {"xml:lang": "en", "type": "literal", "value": "original language of film or TV show"}}, {"subjectLabel": {"xml:lang": "en", "type": "literal", "value": "San Paolo"}, "object": {"type": "uri", "value": "http://www.wikidata.org/entity/Q258131"}, "objectLabel": {"xml:lang": "en", "type": "literal", "value": "Rai 1"}, "predicateLabel": {"xml:lang": "en", "type": "literal", "value": "original broadcaster"}}, {"subjectLabel": {"xml:lang": "en", "type": "literal", "value": "San Paolo"}, "object": {"type": "uri", "value": "http://www.wikidata.org/entity/Q62740"}, "objectLabel": {"xml:lang": "en", "type": "literal", "value": "Johannes Brandrup"}, "predicateLabel": {"xml:lang": "en", "type": "literal", "value": "cast member"}}, {"subjectLabel": {"xml:lang": "en", "type": "literal", "value": "San Paolo"}, "object": {"type": "uri", "value": "http://www.wikidata.org/entity/Q311716"}, "objectLabel": {"xml:lang": "en", "type": "literal", "value": "Franco Nero"}, "predicateLabel": {"xml:lang": "en", "type": "literal", "value": "cast member"}}, {"subjectLabel": {"xml:lang": "en", "type": "literal", "value": "San Paolo"}, "object": {"type": "uri", "value": "http://www.wikidata.org/entity/Q370632"}, "objectLabel": {"xml:lang": "en", "type": "literal", "value": "Giovanni Lombardo Radice"}, "predicateLabel": {"xml:lang": "en", "type": "literal", "value": "cast member"}}, {"subjectLabel": {"xml:lang": "en", "type": "literal", "value": "San Paolo"}, "object": {"type": "uri", "value": "http://www.wikidata.org/entity/Q435132"}, "objectLabel": {"xml:lang": "en", "type": "literal", "value": "Barbora Bobulov\u00e1"}, "predicateLabel": {"xml:lang": "en", "type": "literal", "value": "cast member"}}, {"subjectLabel": {"xml:lang": "en", "type": "literal", "value": "San Paolo"}, "object": {"type": "uri", "value": "http://www.wikidata.org/entity/Q381046"}, "objectLabel": {"xml:lang": "en", "type": "literal", "value": "G. W. Bailey"}, "predicateLabel": {"xml:lang": "en", "type": "literal", "value": "cast member"}}, {"subjectLabel": {"xml:lang": "en", "type": "literal", "value": "San Paolo"}, "object": {"type": "uri", "value": "http://www.wikidata.org/entity/Q130232"}, "objectLabel": {"xml:lang": "en", "type": "literal", "value": "drama film"}, "predicateLabel": {"xml:lang": "en", "type": "literal", "value": "genre"}}, {"subjectLabel": {"xml:lang": "en", "type": "literal", "value": "San Paolo"}, "object": {"type": "uri", "value": "http://www.wikidata.org/entity/Q319221"}, "objectLabel": {"xml:lang": "en", "type": "literal", "value": "adventure film"}, "predicateLabel": {"xml:lang": "en", "type": "literal", "value": "genre"}}, {"subjectLabel": {"xml:lang": "en", "type": "literal", "value": "San Paolo"}, "object": {"type": "uri", "value": "http://www.wikidata.org/entity/Q439962"}, "objectLabel": {"xml:lang": "en", "type": "literal", "value": "Faith Brook"}, "predicateLabel": {"xml:lang": "en", "type": "literal", "value": "cast member"}}, {"subjectLabel": {"xml:lang": "en", "type": "literal", "value": "San Paolo"}, "object": {"type": "uri", "value": "http://www.wikidata.org/entity/Q506240"}, "objectLabel": {"xml:lang": "en", "type": "literal", "value": "television film"}, "predicateLabel": {"xml:lang": "en", "type": "literal", "value": "instance of"}}, {"subjectLabel": {"xml:lang": "en", "type": "literal", "value": "San Paolo"}, "object": {"type": "uri", "value": "http://www.wikidata.org/entity/Q505208"}, "objectLabel": {"xml:lang": "en", "type": "literal", "value": "Ouarzazate"}, "predicateLabel": {"xml:lang": "en", "type": "literal", "value": "filming location"}}, {"subjectLabel": {"xml:lang": "en", "type": "literal", "value": "San Paolo"}, "object": {"type": "uri", "value": "http://www.wikidata.org/entity/Q555190"}, "objectLabel": {"xml:lang": "en", "type": "literal", "value": "Ennio Fantastichini"}, "predicateLabel": {"xml:lang": "en", "type": "literal", "value": "cast member"}}, {"subjectLabel": {"xml:lang": "en", "type": "literal", "value": "San Paolo"}, "object": {"type": "uri", "value": "http://www.wikidata.org/entity/Q723685"}, "objectLabel": {"xml:lang": "en", "type": "literal", "value": "video on demand"}, "predicateLabel": {"xml:lang": "en", "type": "literal", "value": "distribution format"}}, {"subjectLabel": {"xml:lang": "en", "type": "literal", "value": "San Paolo"}, "object": {"type": "uri", "value": "http://www.wikidata.org/entity/Q943378"}, "objectLabel": {"xml:lang": "en", "type": "literal", "value": "Umberto Orsini"}, "predicateLabel": {"xml:lang": "en", "type": "literal", "value": "cast member"}}, {"subjectLabel": {"xml:lang": "en", "type": "literal", "value": "San Paolo"}, "object": {"type": "uri", "value": "http://www.wikidata.org/entity/Q929406"}, "objectLabel": {"xml:lang": "en", "type": "literal", "value": "Alessandro Lucidi"}, "predicateLabel": {"xml:lang": "en", "type": "literal", "value": "film editor"}}, {"subjectLabel": {"xml:lang": "en", "type": "literal", "value": "San Paolo"}, "object": {"type": "uri", "value": "http://www.wikidata.org/entity/Q968685"}, "objectLabel": {"xml:lang": "en", "type": "literal", "value": "Daniela Poggi"}, "predicateLabel": {"xml:lang": "en", "type": "literal", "value": "cast member"}}, {"subjectLabel": {"xml:lang": "en", "type": "literal", "value": "San Paolo"}, "object": {"type": "uri", "value": "http://www.wikidata.org/entity/Q950495"}, "objectLabel": {"xml:lang": "en", "type": "literal", "value": "Giorgio Pasotti"}, "predicateLabel": {"xml:lang": "en", "type": "literal", "value": "cast member"}}, {"subjectLabel": {"xml:lang": "en", "type": "literal", "value": "San Paolo"}, "object": {"type": "uri", "value": "http://www.wikidata.org/entity/Q1485079"}, "objectLabel": {"xml:lang": "en", "type": "literal", "value": "Giovanni Galasso"}, "predicateLabel": {"xml:lang": "en", "type": "literal", "value": "director of photography"}}, {"subjectLabel": {"xml:lang": "en", "type": "literal", "value": "San Paolo"}, "object": {"type": "uri", "value": "http://www.wikidata.org/entity/Q1042512"}, "objectLabel": {"xml:lang": "en", "type": "literal", "value": "Carlo Siliotto"}, "predicateLabel": {"xml:lang": "en", "type": "literal", "value": "composer"}}, {"subjectLabel": {"xml:lang": "en", "type": "literal", "value": "San Paolo"}, "object": {"type": "uri", "value": "http://www.wikidata.org/entity/Q3157206"}, "objectLabel": {"xml:lang": "en", "type": "literal", "value": "Jack Hedley"}, "predicateLabel": {"xml:lang": "en", "type": "literal", "value": "cast member"}}, {"subjectLabel": {"xml:lang": "en", "type": "literal", "value": "San Paolo"}, "object": {"type": "uri", "value": "http://www.wikidata.org/entity/Q108224332"}, "objectLabel": {"xml:lang": "en", "type": "literal", "value": "Mohamed Bensouda"}, "predicateLabel": {"xml:lang": "en", "type": "literal", "value": "cast member"}}, {"subjectLabel": {"xml:lang": "en", "type": "literal", "value": "San Paolo"}, "object": {"type": "uri", "value": "http://www.wikidata.org/entity/Q87463859"}, "objectLabel": {"xml:lang": "en", "type": "literal", "value": "Jeremy Zimmermann"}, "predicateLabel": {"xml:lang": "en", "type": "literal", "value": "cast member"}}, {"subjectLabel": {"xml:lang": "en", "type": "literal", "value": "San Paolo"}, "object": {"type": "uri", "value": "http://www.wikidata.org/entity/Q87463784"}, "objectLabel": {"xml:lang": "en", "type": "literal", "value": "Craig Huston"}, "predicateLabel": {"xml:lang": "en", "type": "literal", "value": "cast member"}}, {"subjectLabel": {"xml:lang": "en", "type": "literal", "value": "San Paolo"}, "object": {"type": "uri", "value": "http://www.wikidata.org/entity/Q2965082"}, "objectLabel": {"xml:lang": "en", "type": "literal", "value": "Christian Brendel"}, "predicateLabel": {"xml:lang": "en", "type": "literal", "value": "cast member"}}, {"subjectLabel": {"xml:lang": "en", "type": "literal", "value": "San Paolo"}, "object": {"type": "uri", "value": "http://www.wikidata.org/entity/Q1558748"}, "objectLabel": {"xml:lang": "en", "type": "literal", "value": "Massimo Sarchielli"}, "predicateLabel": {"xml:lang": "en", "type": "literal", "value": "cast member"}}, {"subjectLabel": {"xml:lang": "en", "type": "literal", "value": "San Paolo"}, "object": {"type": "uri", "value": "http://www.wikidata.org/entity/Q2036181"}, "objectLabel": {"xml:lang": "en", "type": "literal", "value": "Roger Young"}, "predicateLabel": {"xml:lang": "en", "type": "literal", "value": "director"}}, {"subjectLabel": {"xml:lang": "en", "type": "literal", "value": "San Paolo"}, "object": {"type": "uri", "value": "http://www.wikidata.org/entity/Q15990091"}, "objectLabel": {"xml:lang": "en", "type": "literal", "value": "Gareth Jones"}, "predicateLabel": {"xml:lang": "en", "type": "literal", "value": "screenwriter"}}, {"subjectLabel": {"xml:lang": "en", "type": "literal", "value": "San Paolo"}, "object": {"type": "uri", "value": "http://www.wikidata.org/entity/Q3934616"}, "objectLabel": {"xml:lang": "en", "type": "literal", "value": "Riccardo Sardon\u00e8"}, "predicateLabel": {"xml:lang": "en", "type": "literal", "value": "cast member"}}, {"subjectLabel": {"xml:lang": "en", "type": "literal", "value": "San Paolo"}, "object": {"type": "uri", "value": "http://www.wikidata.org/entity/Q87462769"}, "objectLabel": {"xml:lang": "en", "type": "literal", "value": "Ian Ricketts"}, "predicateLabel": {"xml:lang": "en", "type": "literal", "value": "cast member"}}, {"subjectLabel": {"xml:lang": "en", "type": "literal", "value": "San Paolo"}, "object": {"type": "uri", "value": "http://www.wikidata.org/entity/Q87463491"}, "objectLabel": {"xml:lang": "en", "type": "literal", "value": "Maria Cristina Heller"}, "predicateLabel": {"xml:lang": "en", "type": "literal", "value": "cast member"}}, {"subjectLabel": {"xml:lang": "en", "type": "literal", "value": "San Paolo"}, "object": {"type": "uri", "value": "http://www.wikidata.org/entity/Q87461892"}, "objectLabel": {"xml:lang": "en", "type": "literal", "value": "Thomas Lockyer"}, "predicateLabel": {"xml:lang": "en", "type": "literal", "value": "cast member"}}, {"subjectLabel": {"xml:lang": "en", "type": "literal", "value": "San Paolo"}, "object": {"type": "uri", "value": "http://www.wikidata.org/entity/Q3757151"}, "objectLabel": {"xml:lang": "en", "type": "literal", "value": "Gaetano Varcasia"}, "predicateLabel": {"xml:lang": "en", "type": "literal", "value": "cast member"}}, {"subjectLabel": {"xml:lang": "en", "type": "literal", "value": "San Paolo"}, "object": {"type": "uri", "value": "http://www.wikidata.org/entity/Q3838037"}, "objectLabel": {"xml:lang": "en", "type": "literal", "value": "Luca Bernabei"}, "predicateLabel": {"xml:lang": "en", "type": "literal", "value": "producer"}}], "Q1282652": [{"subjectLabel": {"xml:lang": "en", "type": "literal", "value": "Acts of Paul and Thecla"}, "object": {"type": "uri", "value": "http://www.wikidata.org/entity/Q170207"}, "objectLabel": {"xml:lang": "en", "type": "literal", "value": "Biblical apocrypha"}, "predicateLabel": {"xml:lang": "en", "type": "literal", "value": "instance of"}}, {"subjectLabel": {"xml:lang": "en", "type": "literal", "value": "Acts of Paul and Thecla"}, "object": {"type": "uri", "value": "http://www.wikidata.org/entity/Q19652"}, "objectLabel": {"xml:lang": "en", "type": "literal", "value": "public domain"}, "predicateLabel": {"xml:lang": "en", "type": "literal", "value": "copyright status"}}, {"subjectLabel": {"xml:lang": "en", "type": "literal", "value": "Acts of Paul and Thecla"}, "object": {"type": "uri", "value": "http://www.wikidata.org/entity/Q764765"}, "objectLabel": {"xml:lang": "en", "type": "literal", "value": "Acts of Paul"}, "predicateLabel": {"xml:lang": "en", "type": "literal", "value": "different from"}}, {"subjectLabel": {"xml:lang": "en", "type": "literal", "value": "Acts of Paul and Thecla"}, "object": {"type": "uri", "value": "http://www.wikidata.org/entity/Q9200"}, "objectLabel": {"xml:lang": "en", "type": "literal", "value": "Paul the Apostle"}, "predicateLabel": {"xml:lang": "en", "type": "literal", "value": "characters"}}, {"subjectLabel": {"xml:lang": "en", "type": "literal", "value": "Acts of Paul and Thecla"}, "object": {"type": "uri", "value": "http://www.wikidata.org/entity/Q51885"}, "objectLabel": {"xml:lang": "en", "type": "literal", "value": "Thecla"}, "predicateLabel": {"xml:lang": "en", "type": "literal", "value": "characters"}}]}