{"Q2566388": [{"subjectLabel": {"xml:lang": "en", "type": "literal", "value": "Sergius Paulus"}, "object": {"type": "uri", "value": "http://www.wikidata.org/entity/Q5"}, "objectLabel": {"xml:lang": "en", "type": "literal", "value": "human"}, "predicateLabel": {"xml:lang": "en", "type": "literal", "value": "instance of"}}, {"subjectLabel": {"xml:lang": "en", "type": "literal", "value": "Sergius Paulus"}, "object": {"type": "uri", "value": "http://www.wikidata.org/entity/Q2277"}, "objectLabel": {"xml:lang": "en", "type": "literal", "value": "Roman Empire"}, "predicateLabel": {"xml:lang": "en", "type": "literal", "value": "time period"}}, {"subjectLabel": {"xml:lang": "en", "type": "literal", "value": "Sergius Paulus"}, "object": {"type": "uri", "value": "http://www.wikidata.org/entity/Q5043"}, "objectLabel": {"xml:lang": "en", "type": "literal", "value": "Christianity"}, "predicateLabel": {"xml:lang": "en", "type": "literal", "value": "religion or worldview"}}, {"subjectLabel": {"xml:lang": "en", "type": "literal", "value": "Sergius Paulus"}, "object": {"type": "uri", "value": "http://www.wikidata.org/entity/Q40779"}, "objectLabel": {"xml:lang": "en", "type": "literal", "value": "Roman consul"}, "predicateLabel": {"xml:lang": "en", "type": "literal", "value": "position held"}}, {"subjectLabel": {"xml:lang": "en", "type": "literal", "value": "Sergius Paulus"}, "object": {"type": "uri", "value": "http://www.wikidata.org/entity/Q30059150"}, "objectLabel": {"xml:lang": "en", "type": "literal", "value": "Sergius"}, "predicateLabel": {"xml:lang": "en", "type": "literal", "value": "Roman nomen gentilicium"}}, {"subjectLabel": {"xml:lang": "en", "type": "literal", "value": "Sergius Paulus"}, "object": {"type": "uri", "value": "http://www.wikidata.org/entity/Q47064"}, "objectLabel": {"xml:lang": "en", "type": "literal", "value": "military personnel"}, "predicateLabel": {"xml:lang": "en", "type": "literal", "value": "occupation"}}, {"subjectLabel": {"xml:lang": "en", "type": "literal", "value": "Sergius Paulus"}, "object": {"type": "uri", "value": "http://www.wikidata.org/entity/Q82955"}, "objectLabel": {"xml:lang": "en", "type": "literal", "value": "politician"}, "predicateLabel": {"xml:lang": "en", "type": "literal", "value": "occupation"}}, {"subjectLabel": {"xml:lang": "en", "type": "literal", "value": "Sergius Paulus"}, "object": {"type": "uri", "value": "http://www.wikidata.org/entity/Q1190123"}, "objectLabel": {"xml:lang": "en", "type": "literal", "value": "Roman governor"}, "predicateLabel": {"xml:lang": "en", "type": "literal", "value": "position held"}}, {"subjectLabel": {"xml:lang": "en", "type": "literal", "value": "Sergius Paulus"}, "object": {"type": "uri", "value": "http://www.wikidata.org/entity/Q602358"}, "objectLabel": {"xml:lang": "en", "type": "literal", "value": "Brockhaus and Efron Encyclopedic Dictionary"}, "predicateLabel": {"xml:lang": "en", "type": "literal", "value": "described by source"}}, {"subjectLabel": {"xml:lang": "en", "type": "literal", "value": "Sergius Paulus"}, "object": {"type": "uri", "value": "http://www.wikidata.org/entity/Q1509456"}, "objectLabel": {"xml:lang": "en", "type": "literal", "value": "Sergia gens"}, "predicateLabel": {"xml:lang": "en", "type": "literal", "value": "gens"}}, {"subjectLabel": {"xml:lang": "en", "type": "literal", "value": "Sergius Paulus"}, "object": {"type": "uri", "value": "http://www.wikidata.org/entity/Q6581097"}, "objectLabel": {"xml:lang": "en", "type": "literal", "value": "male"}, "predicateLabel": {"xml:lang": "en", "type": "literal", "value": "sex or gender"}}, {"subjectLabel": {"xml:lang": "en", "type": "literal", "value": "Sergius Paulus"}, "object": {"type": "uri", "value": "http://www.wikidata.org/entity/Q1747689"}, "objectLabel": {"xml:lang": "en", "type": "literal", "value": "Ancient Rome"}, "predicateLabel": {"xml:lang": "en", "type": "literal", "value": "country of citizenship"}}], "Q3438613": [{"subjectLabel": {"xml:lang": "en", "type": "literal", "value": "Eutychus"}, "object": {"type": "uri", "value": "http://www.wikidata.org/entity/Q40309"}, "objectLabel": {"xml:lang": "en", "type": "literal", "value": "Acts of the Apostles"}, "predicateLabel": {"xml:lang": "en", "type": "literal", "value": "present in work"}}, {"subjectLabel": {"xml:lang": "en", "type": "literal", "value": "Eutychus"}, "object": {"type": "uri", "value": "http://www.wikidata.org/entity/Q1393407"}, "objectLabel": {"xml:lang": "en", "type": "literal", "value": "Alexandria Troas"}, "predicateLabel": {"xml:lang": "en", "type": "literal", "value": "place of birth"}}, {"subjectLabel": {"xml:lang": "en", "type": "literal", "value": "Eutychus"}, "object": {"type": "uri", "value": "http://www.wikidata.org/entity/Q188681"}, "objectLabel": {"xml:lang": "en", "type": "literal", "value": "resurrection"}, "predicateLabel": {"xml:lang": "en", "type": "literal", "value": "significant event"}}, {"subjectLabel": {"xml:lang": "en", "type": "literal", "value": "Eutychus"}, "object": {"type": "uri", "value": "http://www.wikidata.org/entity/Q6581097"}, "objectLabel": {"xml:lang": "en", "type": "literal", "value": "male"}, "predicateLabel": {"xml:lang": "en", "type": "literal", "value": "sex or gender"}}, {"subjectLabel": {"xml:lang": "en", "type": "literal", "value": "Eutychus"}, "object": {"type": "uri", "value": "http://www.wikidata.org/entity/Q20643955"}, "objectLabel": {"xml:lang": "en", "type": "literal", "value": "human biblical figure"}, "predicateLabel": {"xml:lang": "en", "type": "literal", "value": "instance of"}}, {"subjectLabel": {"xml:lang": "en", "type": "literal", "value": "Eutychus"}, "object": {"type": "uri", "value": "http://www.wikidata.org/entity/Q11637534"}, "objectLabel": {"xml:lang": "en", "type": "literal", "value": "falling from height"}, "predicateLabel": {"xml:lang": "en", "type": "literal", "value": "cause of death"}}, {"subjectLabel": {"xml:lang": "en", "type": "literal", "value": "Eutychus"}, "object": {"type": "uri", "value": "http://www.wikidata.org/entity/Q4086271"}, "objectLabel": {"xml:lang": "en", "type": "literal", "value": "Bible Encyclopedia of Archimandrite Nicephorus"}, "predicateLabel": {"xml:lang": "en", "type": "literal", "value": "described by source"}}], "Q2376069": [{"subjectLabel": {"xml:lang": "en", "type": "literal", "value": "Claudius Lysias"}, "object": {"type": "uri", "value": "http://www.wikidata.org/entity/Q5"}, "objectLabel": {"xml:lang": "en", "type": "literal", "value": "human"}, "predicateLabel": {"xml:lang": "en", "type": "literal", "value": "instance of"}}, {"subjectLabel": {"xml:lang": "en", "type": "literal", "value": "Claudius Lysias"}, "object": {"type": "uri", "value": "http://www.wikidata.org/entity/Q30006705"}, "objectLabel": {"xml:lang": "en", "type": "literal", "value": "Claudius"}, "predicateLabel": {"xml:lang": "en", "type": "literal", "value": "Roman nomen gentilicium"}}, {"subjectLabel": {"xml:lang": "en", "type": "literal", "value": "Claudius Lysias"}, "object": {"type": "uri", "value": "http://www.wikidata.org/entity/Q4086271"}, "objectLabel": {"xml:lang": "en", "type": "literal", "value": "Bible Encyclopedia of Archimandrite Nicephorus"}, "predicateLabel": {"xml:lang": "en", "type": "literal", "value": "described by source"}}, {"subjectLabel": {"xml:lang": "en", "type": "literal", "value": "Claudius Lysias"}, "object": {"type": "uri", "value": "http://www.wikidata.org/entity/Q6581097"}, "objectLabel": {"xml:lang": "en", "type": "literal", "value": "male"}, "predicateLabel": {"xml:lang": "en", "type": "literal", "value": "sex or gender"}}, {"subjectLabel": {"xml:lang": "en", "type": "literal", "value": "Claudius Lysias"}, "object": {"type": "uri", "value": "http://www.wikidata.org/entity/Q101324773"}, "objectLabel": {"xml:lang": "en", "type": "literal", "value": "Lysias"}, "predicateLabel": {"xml:lang": "en", "type": "literal", "value": "Roman cognomen"}}, {"subjectLabel": {"xml:lang": "en", "type": "literal", "value": "Claudius Lysias"}, "object": {"type": "uri", "value": "http://www.wikidata.org/entity/Q1747689"}, "objectLabel": {"xml:lang": "en", "type": "literal", "value": "Ancient Rome"}, "predicateLabel": {"xml:lang": "en", "type": "literal", "value": "country of citizenship"}}, {"subjectLabel": {"xml:lang": "en", "type": "literal", "value": "Claudius Lysias"}, "object": {"type": "uri", "value": "http://www.wikidata.org/entity/Q98103687"}, "objectLabel": {"xml:lang": "en", "type": "literal", "value": "Ancient Roman military personnel"}, "predicateLabel": {"xml:lang": "en", "type": "literal", "value": "occupation"}}, {"subjectLabel": {"xml:lang": "en", "type": "literal", "value": "Claudius Lysias"}, "object": {"type": "uri", "value": "http://www.wikidata.org/entity/Q879753"}, "objectLabel": {"xml:lang": "en", "type": "literal", "value": "Prosopographia Imperii Romani"}, "predicateLabel": {"xml:lang": "en", "type": "literal", "value": "described by source"}}, {"subjectLabel": {"xml:lang": "en", "type": "literal", "value": "Claudius Lysias"}, "object": {"type": "uri", "value": "http://www.wikidata.org/entity/Q849288"}, "objectLabel": {"xml:lang": "en", "type": "literal", "value": "Military tribune"}, "predicateLabel": {"xml:lang": "en", "type": "literal", "value": "position held"}}, {"subjectLabel": {"xml:lang": "en", "type": "literal", "value": "Claudius Lysias"}, "object": {"type": "uri", "value": "http://www.wikidata.org/entity/Q385338"}, "objectLabel": {"xml:lang": "en", "type": "literal", "value": "Claudia gens"}, "predicateLabel": {"xml:lang": "en", "type": "literal", "value": "gens"}}, {"subjectLabel": {"xml:lang": "en", "type": "literal", "value": "Claudius Lysias"}, "object": {"type": "uri", "value": "http://www.wikidata.org/entity/Q787204"}, "objectLabel": {"xml:lang": "en", "type": "literal", "value": "High Roman Empire"}, "predicateLabel": {"xml:lang": "en", "type": "literal", "value": "time period"}}], "Q55270754": [{"subjectLabel": {"xml:lang": "en", "type": "literal", "value": "Justification: yesterday, today, and forever"}, "object": {"type": "uri", "value": "http://www.wikidata.org/entity/Q48203"}, "objectLabel": {"xml:lang": "en", "type": "literal", "value": "Epistle to the Romans"}, "predicateLabel": {"xml:lang": "en", "type": "literal", "value": "main subject"}}, {"subjectLabel": {"xml:lang": "en", "type": "literal", "value": "Justification: yesterday, today, and forever"}, "object": {"type": "uri", "value": "http://www.wikidata.org/entity/Q9200"}, "objectLabel": {"xml:lang": "en", "type": "literal", "value": "Paul the Apostle"}, "predicateLabel": {"xml:lang": "en", "type": "literal", "value": "main subject"}}, {"subjectLabel": {"xml:lang": "en", "type": "literal", "value": "Justification: yesterday, today, and forever"}, "object": {"type": "uri", "value": "http://www.wikidata.org/entity/Q653345"}, "objectLabel": {"xml:lang": "en", "type": "literal", "value": "justification"}, "predicateLabel": {"xml:lang": "en", "type": "literal", "value": "main subject"}}, {"subjectLabel": {"xml:lang": "en", "type": "literal", "value": "Justification: yesterday, today, and forever"}, "object": {"type": "uri", "value": "http://www.wikidata.org/entity/Q13442814"}, "objectLabel": {"xml:lang": "en", "type": "literal", "value": "scholarly article"}, "predicateLabel": {"xml:lang": "en", "type": "literal", "value": "instance of"}}, {"subjectLabel": {"xml:lang": "en", "type": "literal", "value": "Justification: yesterday, today, and forever"}, "object": {"type": "uri", "value": "http://www.wikidata.org/entity/Q335125"}, "objectLabel": {"xml:lang": "en", "type": "literal", "value": "N. T. Wright"}, "predicateLabel": {"xml:lang": "en", "type": "literal", "value": "author"}}, {"subjectLabel": {"xml:lang": "en", "type": "literal", "value": "Justification: yesterday, today, and forever"}, "object": {"type": "uri", "value": "http://www.wikidata.org/entity/Q6296139"}, "objectLabel": {"xml:lang": "en", "type": "literal", "value": "Journal of the Evangelical Theological Society"}, "predicateLabel": {"xml:lang": "en", "type": "literal", "value": "published in"}}], "Q55345266": [{"subjectLabel": {"xml:lang": "en", "type": "literal", "value": "Romans as the completion of Bonhoeffer's hermeneutics"}, "object": {"type": "uri", "value": "http://www.wikidata.org/entity/Q9200"}, "objectLabel": {"xml:lang": "en", "type": "literal", "value": "Paul the Apostle"}, "predicateLabel": {"xml:lang": "en", "type": "literal", "value": "main subject"}}, {"subjectLabel": {"xml:lang": "en", "type": "literal", "value": "Romans as the completion of Bonhoeffer's hermeneutics"}, "object": {"type": "uri", "value": "http://www.wikidata.org/entity/Q48203"}, "objectLabel": {"xml:lang": "en", "type": "literal", "value": "Epistle to the Romans"}, "predicateLabel": {"xml:lang": "en", "type": "literal", "value": "main subject"}}, {"subjectLabel": {"xml:lang": "en", "type": "literal", "value": "Romans as the completion of Bonhoeffer's hermeneutics"}, "object": {"type": "uri", "value": "http://www.wikidata.org/entity/Q76326"}, "objectLabel": {"xml:lang": "en", "type": "literal", "value": "Dietrich Bonhoeffer"}, "predicateLabel": {"xml:lang": "en", "type": "literal", "value": "main subject"}}, {"subjectLabel": {"xml:lang": "en", "type": "literal", "value": "Romans as the completion of Bonhoeffer's hermeneutics"}, "object": {"type": "uri", "value": "http://www.wikidata.org/entity/Q55345220"}, "objectLabel": {"xml:lang": "en", "type": "literal", "value": "Timo Laato"}, "predicateLabel": {"xml:lang": "en", "type": "literal", "value": "author"}}, {"subjectLabel": {"xml:lang": "en", "type": "literal", "value": "Romans as the completion of Bonhoeffer's hermeneutics"}, "object": {"type": "uri", "value": "http://www.wikidata.org/entity/Q13442814"}, "objectLabel": {"xml:lang": "en", "type": "literal", "value": "scholarly article"}, "predicateLabel": {"xml:lang": "en", "type": "literal", "value": "instance of"}}, {"subjectLabel": {"xml:lang": "en", "type": "literal", "value": "Romans as the completion of Bonhoeffer's hermeneutics"}, "object": {"type": "uri", "value": "http://www.wikidata.org/entity/Q6296139"}, "objectLabel": {"xml:lang": "en", "type": "literal", "value": "Journal of the Evangelical Theological Society"}, "predicateLabel": {"xml:lang": "en", "type": "literal", "value": "published in"}}], "Q55269651": [{"subjectLabel": {"xml:lang": "en", "type": "literal", "value": "Hope deferred?: against the dogma of delay"}, "object": {"type": "uri", "value": "http://www.wikidata.org/entity/Q49325"}, "objectLabel": {"xml:lang": "en", "type": "literal", "value": "Albert Schweitzer"}, "predicateLabel": {"xml:lang": "en", "type": "literal", "value": "main subject"}}, {"subjectLabel": {"xml:lang": "en", "type": "literal", "value": "Hope deferred?: against the dogma of delay"}, "object": {"type": "uri", "value": "http://www.wikidata.org/entity/Q51639"}, "objectLabel": {"xml:lang": "en", "type": "literal", "value": "Second Coming"}, "predicateLabel": {"xml:lang": "en", "type": "literal", "value": "main subject"}}, {"subjectLabel": {"xml:lang": "en", "type": "literal", "value": "Hope deferred?: against the dogma of delay"}, "object": {"type": "uri", "value": "http://www.wikidata.org/entity/Q9200"}, "objectLabel": {"xml:lang": "en", "type": "literal", "value": "Paul the Apostle"}, "predicateLabel": {"xml:lang": "en", "type": "literal", "value": "main subject"}}, {"subjectLabel": {"xml:lang": "en", "type": "literal", "value": "Hope deferred?: against the dogma of delay"}, "object": {"type": "uri", "value": "http://www.wikidata.org/entity/Q106782"}, "objectLabel": {"xml:lang": "en", "type": "literal", "value": "God as king"}, "predicateLabel": {"xml:lang": "en", "type": "literal", "value": "main subject"}}, {"subjectLabel": {"xml:lang": "en", "type": "literal", "value": "Hope deferred?: against the dogma of delay"}, "object": {"type": "uri", "value": "http://www.wikidata.org/entity/Q170337"}, "objectLabel": {"xml:lang": "en", "type": "literal", "value": "eschatology"}, "predicateLabel": {"xml:lang": "en", "type": "literal", "value": "main subject"}}, {"subjectLabel": {"xml:lang": "en", "type": "literal", "value": "Hope deferred?: against the dogma of delay"}, "object": {"type": "uri", "value": "http://www.wikidata.org/entity/Q7560691"}, "objectLabel": {"xml:lang": "en", "type": "literal", "value": "Son of man (Christianity)"}, "predicateLabel": {"xml:lang": "en", "type": "literal", "value": "main subject"}}, {"subjectLabel": {"xml:lang": "en", "type": "literal", "value": "Hope deferred?: against the dogma of delay"}, "object": {"type": "uri", "value": "http://www.wikidata.org/entity/Q3199667"}, "objectLabel": {"xml:lang": "en", "type": "literal", "value": "apocalyptic literature"}, "predicateLabel": {"xml:lang": "en", "type": "literal", "value": "main subject"}}, {"subjectLabel": {"xml:lang": "en", "type": "literal", "value": "Hope deferred?: against the dogma of delay"}, "object": {"type": "uri", "value": "http://www.wikidata.org/entity/Q335125"}, "objectLabel": {"xml:lang": "en", "type": "literal", "value": "N. T. Wright"}, "predicateLabel": {"xml:lang": "en", "type": "literal", "value": "author"}}, {"subjectLabel": {"xml:lang": "en", "type": "literal", "value": "Hope deferred?: against the dogma of delay"}, "object": {"type": "uri", "value": "http://www.wikidata.org/entity/Q13442814"}, "objectLabel": {"xml:lang": "en", "type": "literal", "value": "scholarly article"}, "predicateLabel": {"xml:lang": "en", "type": "literal", "value": "instance of"}}, {"subjectLabel": {"xml:lang": "en", "type": "literal", "value": "Hope deferred?: against the dogma of delay"}, "object": {"type": "uri", "value": "http://www.wikidata.org/entity/Q1277507"}, "objectLabel": {"xml:lang": "en", "type": "literal", "value": "Early Christianity"}, "predicateLabel": {"xml:lang": "en", "type": "literal", "value": "published in"}}], "Q21065550": [{"subjectLabel": {"xml:lang": "en", "type": "literal", "value": "Dictionary of Biblical Criticism and Interpretation (2007 ed.)"}, "object": {"type": "uri", "value": "http://www.wikidata.org/entity/Q60"}, "objectLabel": {"xml:lang": "en", "type": "literal", "value": "New York City"}, "predicateLabel": {"xml:lang": "en", "type": "literal", "value": "place of publication"}}, {"subjectLabel": {"xml:lang": "en", "type": "literal", "value": "Dictionary of Biblical Criticism and Interpretation (2007 ed.)"}, "object": {"type": "uri", "value": "http://www.wikidata.org/entity/Q1860"}, "objectLabel": {"xml:lang": "en", "type": "literal", "value": "English"}, "predicateLabel": {"xml:lang": "en", "type": "literal", "value": "language of work or name"}}, {"subjectLabel": {"xml:lang": "en", "type": "literal", "value": "Dictionary of Biblical Criticism and Interpretation (2007 ed.)"}, "object": {"type": "uri", "value": "http://www.wikidata.org/entity/Q21065547"}, "objectLabel": {"xml:lang": "en", "type": "literal", "value": "Dictionary of Biblical Criticism and Interpretation"}, "predicateLabel": {"xml:lang": "en", "type": "literal", "value": "edition or translation of"}}, {"subjectLabel": {"xml:lang": "en", "type": "literal", "value": "Dictionary of Biblical Criticism and Interpretation (2007 ed.)"}, "object": {"type": "uri", "value": "http://www.wikidata.org/entity/Q3331189"}, "objectLabel": {"xml:lang": "en", "type": "literal", "value": "version, edition or translation"}, "predicateLabel": {"xml:lang": "en", "type": "literal", "value": "instance of"}}, {"subjectLabel": {"xml:lang": "en", "type": "literal", "value": "Dictionary of Biblical Criticism and Interpretation (2007 ed.)"}, "object": {"type": "uri", "value": "http://www.wikidata.org/entity/Q1508259"}, "objectLabel": {"xml:lang": "en", "type": "literal", "value": "Routledge"}, "predicateLabel": {"xml:lang": "en", "type": "literal", "value": "publisher"}}], "Q55270326": [{"subjectLabel": {"xml:lang": "en", "type": "literal", "value": "Paul and the patriarch: the role of Abraham in Romans 4"}, "object": {"type": "uri", "value": "http://www.wikidata.org/entity/Q9200"}, "objectLabel": {"xml:lang": "en", "type": "literal", "value": "Paul the Apostle"}, "predicateLabel": {"xml:lang": "en", "type": "literal", "value": "main subject"}}, {"subjectLabel": {"xml:lang": "en", "type": "literal", "value": "Paul and the patriarch: the role of Abraham in Romans 4"}, "object": {"type": "uri", "value": "http://www.wikidata.org/entity/Q9184"}, "objectLabel": {"xml:lang": "en", "type": "literal", "value": "Book of Genesis"}, "predicateLabel": {"xml:lang": "en", "type": "literal", "value": "main subject"}}, {"subjectLabel": {"xml:lang": "en", "type": "literal", "value": "Paul and the patriarch: the role of Abraham in Romans 4"}, "object": {"type": "uri", "value": "http://www.wikidata.org/entity/Q9181"}, "objectLabel": {"xml:lang": "en", "type": "literal", "value": "Abraham"}, "predicateLabel": {"xml:lang": "en", "type": "literal", "value": "main subject"}}, {"subjectLabel": {"xml:lang": "en", "type": "literal", "value": "Paul and the patriarch: the role of Abraham in Romans 4"}, "object": {"type": "uri", "value": "http://www.wikidata.org/entity/Q48203"}, "objectLabel": {"xml:lang": "en", "type": "literal", "value": "Epistle to the Romans"}, "predicateLabel": {"xml:lang": "en", "type": "literal", "value": "main subject"}}, {"subjectLabel": {"xml:lang": "en", "type": "literal", "value": "Paul and the patriarch: the role of Abraham in Romans 4"}, "object": {"type": "uri", "value": "http://www.wikidata.org/entity/Q13442814"}, "objectLabel": {"xml:lang": "en", "type": "literal", "value": "scholarly article"}, "predicateLabel": {"xml:lang": "en", "type": "literal", "value": "instance of"}}, {"subjectLabel": {"xml:lang": "en", "type": "literal", "value": "Paul and the patriarch: the role of Abraham in Romans 4"}, "object": {"type": "uri", "value": "http://www.wikidata.org/entity/Q653345"}, "objectLabel": {"xml:lang": "en", "type": "literal", "value": "justification"}, "predicateLabel": {"xml:lang": "en", "type": "literal", "value": "main subject"}}, {"subjectLabel": {"xml:lang": "en", "type": "literal", "value": "Paul and the patriarch: the role of Abraham in Romans 4"}, "object": {"type": "uri", "value": "http://www.wikidata.org/entity/Q335125"}, "objectLabel": {"xml:lang": "en", "type": "literal", "value": "N. T. Wright"}, "predicateLabel": {"xml:lang": "en", "type": "literal", "value": "author"}}, {"subjectLabel": {"xml:lang": "en", "type": "literal", "value": "Paul and the patriarch: the role of Abraham in Romans 4"}, "object": {"type": "uri", "value": "http://www.wikidata.org/entity/Q6294706"}, "objectLabel": {"xml:lang": "en", "type": "literal", "value": "Journal for the Study of the New Testament"}, "predicateLabel": {"xml:lang": "en", "type": "literal", "value": "published in"}}], "Q767089": [{"subjectLabel": {"xml:lang": "en", "type": "literal", "value": "Salamis"}, "object": {"type": "uri", "value": "http://www.wikidata.org/entity/Q229"}, "objectLabel": {"xml:lang": "en", "type": "literal", "value": "Cyprus"}, "predicateLabel": {"xml:lang": "en", "type": "literal", "value": "country"}}, {"subjectLabel": {"xml:lang": "en", "type": "literal", "value": "Salamis"}, "object": {"type": "uri", "value": "http://www.wikidata.org/entity/Q23681"}, "objectLabel": {"xml:lang": "en", "type": "literal", "value": "Northern Cyprus"}, "predicateLabel": {"xml:lang": "en", "type": "literal", "value": "country"}}, {"subjectLabel": {"xml:lang": "en", "type": "literal", "value": "Salamis"}, "object": {"type": "uri", "value": "http://www.wikidata.org/entity/Q229"}, "objectLabel": {"xml:lang": "en", "type": "literal", "value": "Cyprus"}, "predicateLabel": {"xml:lang": "en", "type": "literal", "value": "located in the present-day administrative territorial entity"}}, {"subjectLabel": {"xml:lang": "en", "type": "literal", "value": "Salamis"}, "object": {"type": "uri", "value": "http://www.wikidata.org/entity/Q867541"}, "objectLabel": {"xml:lang": "en", "type": "literal", "value": "Encyclop\u00e6dia Britannica 11th edition"}, "predicateLabel": {"xml:lang": "en", "type": "literal", "value": "described by source"}}, {"subjectLabel": {"xml:lang": "en", "type": "literal", "value": "Salamis"}, "object": {"type": "uri", "value": "http://www.wikidata.org/entity/Q602358"}, "objectLabel": {"xml:lang": "en", "type": "literal", "value": "Brockhaus and Efron Encyclopedic Dictionary"}, "predicateLabel": {"xml:lang": "en", "type": "literal", "value": "described by source"}}, {"subjectLabel": {"xml:lang": "en", "type": "literal", "value": "Salamis"}, "object": {"type": "uri", "value": "http://www.wikidata.org/entity/Q59148"}, "objectLabel": {"xml:lang": "en", "type": "literal", "value": "Famagusta District"}, "predicateLabel": {"xml:lang": "en", "type": "literal", "value": "located in the administrative territorial entity"}}, {"subjectLabel": {"xml:lang": "en", "type": "literal", "value": "Salamis"}, "object": {"type": "uri", "value": "http://www.wikidata.org/entity/Q1138524"}, "objectLabel": {"xml:lang": "en", "type": "literal", "value": "Paulys Realenzyklop\u00e4die der klassischen Altertumswissenschaft"}, "predicateLabel": {"xml:lang": "en", "type": "literal", "value": "described by source"}}, {"subjectLabel": {"xml:lang": "en", "type": "literal", "value": "Salamis"}, "object": {"type": "uri", "value": "http://www.wikidata.org/entity/Q19180675"}, "objectLabel": {"xml:lang": "en", "type": "literal", "value": "Small Brockhaus and Efron Encyclopedic Dictionary"}, "predicateLabel": {"xml:lang": "en", "type": "literal", "value": "described by source"}}, {"subjectLabel": {"xml:lang": "en", "type": "literal", "value": "Salamis"}, "object": {"type": "uri", "value": "http://www.wikidata.org/entity/Q4086271"}, "objectLabel": {"xml:lang": "en", "type": "literal", "value": "Bible Encyclopedia of Archimandrite Nicephorus"}, "predicateLabel": {"xml:lang": "en", "type": "literal", "value": "described by source"}}, {"subjectLabel": {"xml:lang": "en", "type": "literal", "value": "Salamis"}, "object": {"type": "uri", "value": "http://www.wikidata.org/entity/Q10145844"}, "objectLabel": {"xml:lang": "en", "type": "literal", "value": "Category:Salamis (Cyprus)"}, "predicateLabel": {"xml:lang": "en", "type": "literal", "value": "topic's main category"}}, {"subjectLabel": {"xml:lang": "en", "type": "literal", "value": "Salamis"}, "object": {"type": "uri", "value": "http://www.wikidata.org/entity/Q2561694"}, "objectLabel": {"xml:lang": "en", "type": "literal", "value": "City-kingdom of Cyprus"}, "predicateLabel": {"xml:lang": "en", "type": "literal", "value": "instance of"}}, {"subjectLabel": {"xml:lang": "en", "type": "literal", "value": "Salamis"}, "object": {"type": "uri", "value": "http://www.wikidata.org/entity/Q3024240"}, "objectLabel": {"xml:lang": "en", "type": "literal", "value": "historical country"}, "predicateLabel": {"xml:lang": "en", "type": "literal", "value": "instance of"}}, {"subjectLabel": {"xml:lang": "en", "type": "literal", "value": "Salamis"}, "object": {"type": "uri", "value": "http://www.wikidata.org/entity/Q15661340"}, "objectLabel": {"xml:lang": "en", "type": "literal", "value": "ancient city"}, "predicateLabel": {"xml:lang": "en", "type": "literal", "value": "instance of"}}, {"subjectLabel": {"xml:lang": "en", "type": "literal", "value": "Salamis"}, "object": {"type": "uri", "value": "http://www.wikidata.org/entity/Q148837"}, "objectLabel": {"xml:lang": "en", "type": "literal", "value": "polis"}, "predicateLabel": {"xml:lang": "en", "type": "literal", "value": "instance of"}}, {"subjectLabel": {"xml:lang": "en", "type": "literal", "value": "Salamis"}, "object": {"type": "uri", "value": "http://www.wikidata.org/entity/Q68086222"}, "objectLabel": {"xml:lang": "en", "type": "literal", "value": "Aqueduct of Salamis"}, "predicateLabel": {"xml:lang": "en", "type": "literal", "value": "has part(s)"}}, {"subjectLabel": {"xml:lang": "en", "type": "literal", "value": "Salamis"}, "object": {"type": "uri", "value": "http://www.wikidata.org/entity/Q68086575"}, "objectLabel": {"xml:lang": "en", "type": "literal", "value": "Cistern of Salamis"}, "predicateLabel": {"xml:lang": "en", "type": "literal", "value": "has part(s)"}}, {"subjectLabel": {"xml:lang": "en", "type": "literal", "value": "Salamis"}, "object": {"type": "uri", "value": "http://www.wikidata.org/entity/Q30059240"}, "objectLabel": {"xml:lang": "en", "type": "literal", "value": "Real'nyj slovar' klassicheskih drevnostej po Ljubkeru"}, "predicateLabel": {"xml:lang": "en", "type": "literal", "value": "described by source"}}, {"subjectLabel": {"xml:lang": "en", "type": "literal", "value": "Salamis"}, "object": {"type": "uri", "value": "http://www.wikidata.org/entity/Q100403855"}, "objectLabel": {"xml:lang": "en", "type": "literal", "value": "king of Salamis of Cyprus"}, "predicateLabel": {"xml:lang": "en", "type": "literal", "value": "office held by head of the organization"}}], "Q652024": [{"subjectLabel": {"xml:lang": "en", "type": "literal", "value": "Myra"}, "object": {"type": "uri", "value": "http://www.wikidata.org/entity/Q412574"}, "objectLabel": {"xml:lang": "en", "type": "literal", "value": "Myra"}, "predicateLabel": {"xml:lang": "en", "type": "literal", "value": "different from"}}, {"subjectLabel": {"xml:lang": "en", "type": "literal", "value": "Myra"}, "object": {"type": "uri", "value": "http://www.wikidata.org/entity/Q43"}, "objectLabel": {"xml:lang": "en", "type": "literal", "value": "Turkey"}, "predicateLabel": {"xml:lang": "en", "type": "literal", "value": "country"}}, {"subjectLabel": {"xml:lang": "en", "type": "literal", "value": "Myra"}, "object": {"type": "uri", "value": "http://www.wikidata.org/entity/Q188950"}, "objectLabel": {"xml:lang": "en", "type": "literal", "value": "Demre"}, "predicateLabel": {"xml:lang": "en", "type": "literal", "value": "located in the administrative territorial entity"}}, {"subjectLabel": {"xml:lang": "en", "type": "literal", "value": "Myra"}, "object": {"type": "uri", "value": "http://www.wikidata.org/entity/Q6760"}, "objectLabel": {"xml:lang": "en", "type": "literal", "value": "UTC+03:00"}, "predicateLabel": {"xml:lang": "en", "type": "literal", "value": "located in time zone"}}, {"subjectLabel": {"xml:lang": "en", "type": "literal", "value": "Myra"}, "object": {"type": "uri", "value": "http://www.wikidata.org/entity/Q839954"}, "objectLabel": {"xml:lang": "en", "type": "literal", "value": "archaeological site"}, "predicateLabel": {"xml:lang": "en", "type": "literal", "value": "instance of"}}, {"subjectLabel": {"xml:lang": "en", "type": "literal", "value": "Myra"}, "object": {"type": "uri", "value": "http://www.wikidata.org/entity/Q486972"}, "objectLabel": {"xml:lang": "en", "type": "literal", "value": "human settlement"}, "predicateLabel": {"xml:lang": "en", "type": "literal", "value": "instance of"}}, {"subjectLabel": {"xml:lang": "en", "type": "literal", "value": "Myra"}, "object": {"type": "uri", "value": "http://www.wikidata.org/entity/Q602358"}, "objectLabel": {"xml:lang": "en", "type": "literal", "value": "Brockhaus and Efron Encyclopedic Dictionary"}, "predicateLabel": {"xml:lang": "en", "type": "literal", "value": "described by source"}}, {"subjectLabel": {"xml:lang": "en", "type": "literal", "value": "Myra"}, "object": {"type": "uri", "value": "http://www.wikidata.org/entity/Q19219752"}, "objectLabel": {"xml:lang": "en", "type": "literal", "value": "Meyers Konversations-Lexikon, 4th edition (1885\u20131890)"}, "predicateLabel": {"xml:lang": "en", "type": "literal", "value": "described by source"}}, {"subjectLabel": {"xml:lang": "en", "type": "literal", "value": "Myra"}, "object": {"type": "uri", "value": "http://www.wikidata.org/entity/Q867541"}, "objectLabel": {"xml:lang": "en", "type": "literal", "value": "Encyclop\u00e6dia Britannica 11th edition"}, "predicateLabel": {"xml:lang": "en", "type": "literal", "value": "described by source"}}, {"subjectLabel": {"xml:lang": "en", "type": "literal", "value": "Myra"}, "object": {"type": "uri", "value": "http://www.wikidata.org/entity/Q108557212"}, "objectLabel": {"xml:lang": "en", "type": "literal", "value": "Museum Directorate of Demre"}, "predicateLabel": {"xml:lang": "en", "type": "literal", "value": "affiliation"}}]}