{"Q19906011": [{"subjectLabel": {"xml:lang": "en", "type": "literal", "value": "Peasant Woman Cooking by a Fireplace"}, "object": {"type": "uri", "value": "http://www.wikidata.org/entity/Q19652"}, "objectLabel": {"xml:lang": "en", "type": "literal", "value": "public domain"}, "predicateLabel": {"xml:lang": "en", "type": "literal", "value": "copyright status"}}, {"subjectLabel": {"xml:lang": "en", "type": "literal", "value": "Peasant Woman Cooking by a Fireplace"}, "object": {"type": "uri", "value": "http://www.wikidata.org/entity/Q3196"}, "objectLabel": {"xml:lang": "en", "type": "literal", "value": "fire"}, "predicateLabel": {"xml:lang": "en", "type": "literal", "value": "depicts"}}, {"subjectLabel": {"xml:lang": "en", "type": "literal", "value": "Peasant Woman Cooking by a Fireplace"}, "object": {"type": "uri", "value": "http://www.wikidata.org/entity/Q467"}, "objectLabel": {"xml:lang": "en", "type": "literal", "value": "woman"}, "predicateLabel": {"xml:lang": "en", "type": "literal", "value": "depicts"}}, {"subjectLabel": {"xml:lang": "en", "type": "literal", "value": "Peasant Woman Cooking by a Fireplace"}, "object": {"type": "uri", "value": "http://www.wikidata.org/entity/Q44541"}, "objectLabel": {"xml:lang": "en", "type": "literal", "value": "pancake"}, "predicateLabel": {"xml:lang": "en", "type": "literal", "value": "depicts"}}, {"subjectLabel": {"xml:lang": "en", "type": "literal", "value": "Peasant Woman Cooking by a Fireplace"}, "object": {"type": "uri", "value": "http://www.wikidata.org/entity/Q160236"}, "objectLabel": {"xml:lang": "en", "type": "literal", "value": "Metropolitan Museum of Art"}, "predicateLabel": {"xml:lang": "en", "type": "literal", "value": "owned by"}}, {"subjectLabel": {"xml:lang": "en", "type": "literal", "value": "Peasant Woman Cooking by a Fireplace"}, "object": {"type": "uri", "value": "http://www.wikidata.org/entity/Q3305213"}, "objectLabel": {"xml:lang": "en", "type": "literal", "value": "painting"}, "predicateLabel": {"xml:lang": "en", "type": "literal", "value": "instance of"}}, {"subjectLabel": {"xml:lang": "en", "type": "literal", "value": "Peasant Woman Cooking by a Fireplace"}, "object": {"type": "uri", "value": "http://www.wikidata.org/entity/Q160236"}, "objectLabel": {"xml:lang": "en", "type": "literal", "value": "Metropolitan Museum of Art"}, "predicateLabel": {"xml:lang": "en", "type": "literal", "value": "collection"}}, {"subjectLabel": {"xml:lang": "en", "type": "literal", "value": "Peasant Woman Cooking by a Fireplace"}, "object": {"type": "uri", "value": "http://www.wikidata.org/entity/Q160236"}, "objectLabel": {"xml:lang": "en", "type": "literal", "value": "Metropolitan Museum of Art"}, "predicateLabel": {"xml:lang": "en", "type": "literal", "value": "location"}}, {"subjectLabel": {"xml:lang": "en", "type": "literal", "value": "Peasant Woman Cooking by a Fireplace"}, "object": {"type": "uri", "value": "http://www.wikidata.org/entity/Q28837176"}, "objectLabel": {"xml:lang": "en", "type": "literal", "value": "Heilbrunn Timeline of Art History"}, "predicateLabel": {"xml:lang": "en", "type": "literal", "value": "described by source"}}, {"subjectLabel": {"xml:lang": "en", "type": "literal", "value": "Peasant Woman Cooking by a Fireplace"}, "object": {"type": "uri", "value": "http://www.wikidata.org/entity/Q153516"}, "objectLabel": {"xml:lang": "en", "type": "literal", "value": "Nuenen"}, "predicateLabel": {"xml:lang": "en", "type": "literal", "value": "location of creation"}}, {"subjectLabel": {"xml:lang": "en", "type": "literal", "value": "Peasant Woman Cooking by a Fireplace"}, "object": {"type": "uri", "value": "http://www.wikidata.org/entity/Q28860339"}, "objectLabel": {"xml:lang": "en", "type": "literal", "value": "Vincent van Gogh"}, "predicateLabel": {"xml:lang": "en", "type": "literal", "value": "exhibition history"}}, {"subjectLabel": {"xml:lang": "en", "type": "literal", "value": "Peasant Woman Cooking by a Fireplace"}, "object": {"type": "uri", "value": "http://www.wikidata.org/entity/Q28860334"}, "objectLabel": {"xml:lang": "en", "type": "literal", "value": "Van Gogh"}, "predicateLabel": {"xml:lang": "en", "type": "literal", "value": "exhibition history"}}, {"subjectLabel": {"xml:lang": "en", "type": "literal", "value": "Peasant Woman Cooking by a Fireplace"}, "object": {"type": "uri", "value": "http://www.wikidata.org/entity/Q28860340"}, "objectLabel": {"xml:lang": "en", "type": "literal", "value": "Van Gogh and Expressionism"}, "predicateLabel": {"xml:lang": "en", "type": "literal", "value": "exhibition history"}}, {"subjectLabel": {"xml:lang": "en", "type": "literal", "value": "Peasant Woman Cooking by a Fireplace"}, "object": {"type": "uri", "value": "http://www.wikidata.org/entity/Q28860362"}, "objectLabel": {"xml:lang": "en", "type": "literal", "value": "The Masterpieces of French Painting from The Metropolitan Museum of Art: 1800\u20131920"}, "predicateLabel": {"xml:lang": "en", "type": "literal", "value": "exhibition history"}}, {"subjectLabel": {"xml:lang": "en", "type": "literal", "value": "Peasant Woman Cooking by a Fireplace"}, "object": {"type": "uri", "value": "http://www.wikidata.org/entity/Q28860131"}, "objectLabel": {"xml:lang": "en", "type": "literal", "value": "Vincent van Gogh Retrospective Exhibition"}, "predicateLabel": {"xml:lang": "en", "type": "literal", "value": "exhibition history"}}, {"subjectLabel": {"xml:lang": "en", "type": "literal", "value": "Peasant Woman Cooking by a Fireplace"}, "object": {"type": "uri", "value": "http://www.wikidata.org/entity/Q28860139"}, "objectLabel": {"xml:lang": "en", "type": "literal", "value": "Gauguin, his friends: the Pont-Aven School and the Julian Academy"}, "predicateLabel": {"xml:lang": "en", "type": "literal", "value": "exhibition history"}}, {"subjectLabel": {"xml:lang": "en", "type": "literal", "value": "Peasant Woman Cooking by a Fireplace"}, "object": {"type": "uri", "value": "http://www.wikidata.org/entity/Q28860330"}, "objectLabel": {"xml:lang": "en", "type": "literal", "value": "The Art and Life of Vincent van Gogh"}, "predicateLabel": {"xml:lang": "en", "type": "literal", "value": "exhibition history"}}, {"subjectLabel": {"xml:lang": "en", "type": "literal", "value": "Peasant Woman Cooking by a Fireplace"}, "object": {"type": "uri", "value": "http://www.wikidata.org/entity/Q28860136"}, "objectLabel": {"xml:lang": "en", "type": "literal", "value": "International Exhibition of Art and Horticulture"}, "predicateLabel": {"xml:lang": "en", "type": "literal", "value": "exhibition history"}}, {"subjectLabel": {"xml:lang": "en", "type": "literal", "value": "Peasant Woman Cooking by a Fireplace"}, "object": {"type": "uri", "value": "http://www.wikidata.org/entity/Q188669"}, "objectLabel": {"xml:lang": "en", "type": "literal", "value": "fireplace"}, "predicateLabel": {"xml:lang": "en", "type": "literal", "value": "depicts"}}, {"subjectLabel": {"xml:lang": "en", "type": "literal", "value": "Peasant Woman Cooking by a Fireplace"}, "object": {"type": "uri", "value": "http://www.wikidata.org/entity/Q28860119"}, "objectLabel": {"xml:lang": "en", "type": "literal", "value": "Mr. and Mrs. Mortimer Hays"}, "predicateLabel": {"xml:lang": "en", "type": "literal", "value": "owned by"}}, {"subjectLabel": {"xml:lang": "en", "type": "literal", "value": "Peasant Woman Cooking by a Fireplace"}, "object": {"type": "uri", "value": "http://www.wikidata.org/entity/Q28860082"}, "objectLabel": {"xml:lang": "en", "type": "literal", "value": "Am\u00e9d\u00e9e Schuffenecker"}, "predicateLabel": {"xml:lang": "en", "type": "literal", "value": "owned by"}}, {"subjectLabel": {"xml:lang": "en", "type": "literal", "value": "Peasant Woman Cooking by a Fireplace"}, "object": {"type": "uri", "value": "http://www.wikidata.org/entity/Q28860117"}, "objectLabel": {"xml:lang": "en", "type": "literal", "value": "Levy-Hermanos"}, "predicateLabel": {"xml:lang": "en", "type": "literal", "value": "owned by"}}, {"subjectLabel": {"xml:lang": "en", "type": "literal", "value": "Peasant Woman Cooking by a Fireplace"}, "object": {"type": "uri", "value": "http://www.wikidata.org/entity/Q235155"}, "objectLabel": {"xml:lang": "en", "type": "literal", "value": "white people"}, "predicateLabel": {"xml:lang": "en", "type": "literal", "value": "depicts"}}, {"subjectLabel": {"xml:lang": "en", "type": "literal", "value": "Peasant Woman Cooking by a Fireplace"}, "object": {"type": "uri", "value": "http://www.wikidata.org/entity/Q17280421"}, "objectLabel": {"xml:lang": "en", "type": "literal", "value": "L'\u0152uvre de Vincent van Gogh: catalogue raisonn\u00e9"}, "predicateLabel": {"xml:lang": "en", "type": "literal", "value": "published in"}}, {"subjectLabel": {"xml:lang": "en", "type": "literal", "value": "Peasant Woman Cooking by a Fireplace"}, "object": {"type": "uri", "value": "http://www.wikidata.org/entity/Q28861964"}, "objectLabel": {"xml:lang": "en", "type": "literal", "value": "Notable Acquisitions, 1984\u20131985"}, "predicateLabel": {"xml:lang": "en", "type": "literal", "value": "published in"}}, {"subjectLabel": {"xml:lang": "en", "type": "literal", "value": "Peasant Woman Cooking by a Fireplace"}, "object": {"type": "uri", "value": "http://www.wikidata.org/entity/Q28862103"}, "objectLabel": {"xml:lang": "en", "type": "literal", "value": "Vincent van Gogh's \"Independents\""}, "predicateLabel": {"xml:lang": "en", "type": "literal", "value": "published in"}}, {"subjectLabel": {"xml:lang": "en", "type": "literal", "value": "Peasant Woman Cooking by a Fireplace"}, "object": {"type": "uri", "value": "http://www.wikidata.org/entity/Q28862234"}, "objectLabel": {"xml:lang": "en", "type": "literal", "value": "Vincent van Gogh & Paul Cassirer, Berlin: The Reception of Van Gogh in Germany from 1901 to 1914"}, "predicateLabel": {"xml:lang": "en", "type": "literal", "value": "published in"}}, {"subjectLabel": {"xml:lang": "en", "type": "literal", "value": "Peasant Woman Cooking by a Fireplace"}, "object": {"type": "uri", "value": "http://www.wikidata.org/entity/Q28841471"}, "objectLabel": {"xml:lang": "en", "type": "literal", "value": "The Complete Van Gogh: Paintings, Drawings, Sketches"}, "predicateLabel": {"xml:lang": "en", "type": "literal", "value": "published in"}}, {"subjectLabel": {"xml:lang": "en", "type": "literal", "value": "Peasant Woman Cooking by a Fireplace"}, "object": {"type": "uri", "value": "http://www.wikidata.org/entity/Q28860366"}, "objectLabel": {"xml:lang": "en", "type": "literal", "value": "Tragic Life of Vincent van Gogh"}, "predicateLabel": {"xml:lang": "en", "type": "literal", "value": "published in"}}, {"subjectLabel": {"xml:lang": "en", "type": "literal", "value": "Peasant Woman Cooking by a Fireplace"}, "object": {"type": "uri", "value": "http://www.wikidata.org/entity/Q28862261"}, "objectLabel": {"xml:lang": "en", "type": "literal", "value": "The Paintings of Vincent van Gogh in the Collection of the Kr\u00f6ller-M\u00fcller Museum"}, "predicateLabel": {"xml:lang": "en", "type": "literal", "value": "published in"}}, {"subjectLabel": {"xml:lang": "en", "type": "literal", "value": "Peasant Woman Cooking by a Fireplace"}, "object": {"type": "uri", "value": "http://www.wikidata.org/entity/Q28857734"}, "objectLabel": {"xml:lang": "en", "type": "literal", "value": "The Complete Van Gogh with Pictures"}, "predicateLabel": {"xml:lang": "en", "type": "literal", "value": "published in"}}, {"subjectLabel": {"xml:lang": "en", "type": "literal", "value": "Peasant Woman Cooking by a Fireplace"}, "object": {"type": "uri", "value": "http://www.wikidata.org/entity/Q28861951"}, "objectLabel": {"xml:lang": "en", "type": "literal", "value": "European Paintings in The Metropolitan Museum of Art by Artists Born before 1865: A Summary Catalogue"}, "predicateLabel": {"xml:lang": "en", "type": "literal", "value": "published in"}}, {"subjectLabel": {"xml:lang": "en", "type": "literal", "value": "Peasant Woman Cooking by a Fireplace"}, "object": {"type": "uri", "value": "http://www.wikidata.org/entity/Q17280428"}, "objectLabel": {"xml:lang": "en", "type": "literal", "value": "The Works of Vincent van Gogh: His Paintings and Drawings (revised, augmented and annotated edition)"}, "predicateLabel": {"xml:lang": "en", "type": "literal", "value": "published in"}}, {"subjectLabel": {"xml:lang": "en", "type": "literal", "value": "Peasant Woman Cooking by a Fireplace"}, "object": {"type": "uri", "value": "http://www.wikidata.org/entity/Q28862182"}, "objectLabel": {"xml:lang": "en", "type": "literal", "value": "The International Art Exhibition in 1907 in Mannheim"}, "predicateLabel": {"xml:lang": "en", "type": "literal", "value": "published in"}}, {"subjectLabel": {"xml:lang": "en", "type": "literal", "value": "Peasant Woman Cooking by a Fireplace"}, "object": {"type": "uri", "value": "http://www.wikidata.org/entity/Q28862041"}, "objectLabel": {"xml:lang": "en", "type": "literal", "value": "Van Gogh"}, "predicateLabel": {"xml:lang": "en", "type": "literal", "value": "published in"}}, {"subjectLabel": {"xml:lang": "en", "type": "literal", "value": "Peasant Woman Cooking by a Fireplace"}, "object": {"type": "uri", "value": "http://www.wikidata.org/entity/Q28862063"}, "objectLabel": {"xml:lang": "en", "type": "literal", "value": "Van Gogh"}, "predicateLabel": {"xml:lang": "en", "type": "literal", "value": "published in"}}, {"subjectLabel": {"xml:lang": "en", "type": "literal", "value": "Peasant Woman Cooking by a Fireplace"}, "object": {"type": "uri", "value": "http://www.wikidata.org/entity/Q28862241"}, "objectLabel": {"xml:lang": "en", "type": "literal", "value": "Vincent van Gogh Drawings: Nuenen 1883-85 Volume 2"}, "predicateLabel": {"xml:lang": "en", "type": "literal", "value": "published in"}}, {"subjectLabel": {"xml:lang": "en", "type": "literal", "value": "Peasant Woman Cooking by a Fireplace"}, "object": {"type": "uri", "value": "http://www.wikidata.org/entity/Q28862046"}, "objectLabel": {"xml:lang": "en", "type": "literal", "value": "The Dutch Period (1880-1885) in Vincent van Gogh's Work (1853-1890)"}, "predicateLabel": {"xml:lang": "en", "type": "literal", "value": "published in"}}, {"subjectLabel": {"xml:lang": "en", "type": "literal", "value": "Peasant Woman Cooking by a Fireplace"}, "object": {"type": "uri", "value": "http://www.wikidata.org/entity/Q5582"}, "objectLabel": {"xml:lang": "en", "type": "literal", "value": "Vincent van Gogh"}, "predicateLabel": {"xml:lang": "en", "type": "literal", "value": "creator"}}, {"subjectLabel": {"xml:lang": "en", "type": "literal", "value": "Peasant Woman Cooking by a Fireplace"}, "object": {"type": "uri", "value": "http://www.wikidata.org/entity/Q766863"}, "objectLabel": {"xml:lang": "en", "type": "literal", "value": "Auguste Pellerin"}, "predicateLabel": {"xml:lang": "en", "type": "literal", "value": "owned by"}}, {"subjectLabel": {"xml:lang": "en", "type": "literal", "value": "Peasant Woman Cooking by a Fireplace"}, "object": {"type": "uri", "value": "http://www.wikidata.org/entity/Q296955"}, "objectLabel": {"xml:lang": "en", "type": "literal", "value": "oil paint"}, "predicateLabel": {"xml:lang": "en", "type": "literal", "value": "made from material"}}, {"subjectLabel": {"xml:lang": "en", "type": "literal", "value": "Peasant Woman Cooking by a Fireplace"}, "object": {"type": "uri", "value": "http://www.wikidata.org/entity/Q12321255"}, "objectLabel": {"xml:lang": "en", "type": "literal", "value": "canvas"}, "predicateLabel": {"xml:lang": "en", "type": "literal", "value": "made from material"}}, {"subjectLabel": {"xml:lang": "en", "type": "literal", "value": "Peasant Woman Cooking by a Fireplace"}, "object": {"type": "uri", "value": "http://www.wikidata.org/entity/Q28841471"}, "objectLabel": {"xml:lang": "en", "type": "literal", "value": "The Complete Van Gogh: Paintings, Drawings, Sketches"}, "predicateLabel": {"xml:lang": "en", "type": "literal", "value": "exhibition history"}}, {"subjectLabel": {"xml:lang": "en", "type": "literal", "value": "Peasant Woman Cooking by a Fireplace"}, "object": {"type": "uri", "value": "http://www.wikidata.org/entity/Q28860120"}, "objectLabel": {"xml:lang": "en", "type": "literal", "value": "Vincent van Gogh Exposition"}, "predicateLabel": {"xml:lang": "en", "type": "literal", "value": "exhibition history"}}, {"subjectLabel": {"xml:lang": "en", "type": "literal", "value": "Peasant Woman Cooking by a Fireplace"}, "object": {"type": "uri", "value": "http://www.wikidata.org/entity/Q1047337"}, "objectLabel": {"xml:lang": "en", "type": "literal", "value": "genre art"}, "predicateLabel": {"xml:lang": "en", "type": "literal", "value": "genre"}}, {"subjectLabel": {"xml:lang": "en", "type": "literal", "value": "Peasant Woman Cooking by a Fireplace"}, "object": {"type": "uri", "value": "http://www.wikidata.org/entity/Q28863416"}, "objectLabel": {"xml:lang": "en", "type": "literal", "value": "Irises: Vincent van Gogh in the Garden"}, "predicateLabel": {"xml:lang": "en", "type": "literal", "value": "published in"}}, {"subjectLabel": {"xml:lang": "en", "type": "literal", "value": "Peasant Woman Cooking by a Fireplace"}, "object": {"type": "uri", "value": "http://www.wikidata.org/entity/Q28863283"}, "objectLabel": {"xml:lang": "en", "type": "literal", "value": "Vincent Van Gogh Drawings: Arles, Saint-Remy & Auvers-Sur-Oise 1888-1890"}, "predicateLabel": {"xml:lang": "en", "type": "literal", "value": "published in"}}, {"subjectLabel": {"xml:lang": "en", "type": "literal", "value": "Peasant Woman Cooking by a Fireplace"}, "object": {"type": "uri", "value": "http://www.wikidata.org/entity/Q28863316"}, "objectLabel": {"xml:lang": "en", "type": "literal", "value": "The Masterpieces of European Painting from The Metropolitan Museum of Art: 1800\u20131920"}, "predicateLabel": {"xml:lang": "en", "type": "literal", "value": "published in"}}, {"subjectLabel": {"xml:lang": "en", "type": "literal", "value": "Peasant Woman Cooking by a Fireplace"}, "object": {"type": "uri", "value": "http://www.wikidata.org/entity/Q28863367"}, "objectLabel": {"xml:lang": "en", "type": "literal", "value": "Claude-Emile Schuffenecker: Catalogue Raisonn\u00e9, Supplement"}, "predicateLabel": {"xml:lang": "en", "type": "literal", "value": "published in"}}, {"subjectLabel": {"xml:lang": "en", "type": "literal", "value": "Peasant Woman Cooking by a Fireplace"}, "object": {"type": "uri", "value": "http://www.wikidata.org/entity/Q38695"}, "objectLabel": {"xml:lang": "en", "type": "literal", "value": "cooking"}, "predicateLabel": {"xml:lang": "en", "type": "literal", "value": "depicts"}}, {"subjectLabel": {"xml:lang": "en", "type": "literal", "value": "Peasant Woman Cooking by a Fireplace"}, "object": {"type": "uri", "value": "http://www.wikidata.org/entity/Q38695"}, "objectLabel": {"xml:lang": "en", "type": "literal", "value": "cooking"}, "predicateLabel": {"xml:lang": "en", "type": "literal", "value": "main subject"}}, {"subjectLabel": {"xml:lang": "en", "type": "literal", "value": "Peasant Woman Cooking by a Fireplace"}, "object": {"type": "uri", "value": "http://www.wikidata.org/entity/Q116234000"}, "objectLabel": {"xml:lang": "en", "type": "literal", "value": "Met Museum artworks on display"}, "predicateLabel": {"xml:lang": "en", "type": "literal", "value": "on focus list of Wikimedia project"}}], "Q53445802": [{"subjectLabel": {"xml:lang": "en", "type": "literal", "value": "Mandora (ca.1420) from Milan?, Italy. MET 64.101.1409"}, "object": {"type": "uri", "value": "http://www.wikidata.org/entity/Q34379"}, "objectLabel": {"xml:lang": "en", "type": "literal", "value": "musical instrument"}, "predicateLabel": {"xml:lang": "en", "type": "literal", "value": "depicts"}}, {"subjectLabel": {"xml:lang": "en", "type": "literal", "value": "Mandora (ca.1420) from Milan?, Italy. MET 64.101.1409"}, "object": {"type": "uri", "value": "http://www.wikidata.org/entity/Q160236"}, "objectLabel": {"xml:lang": "en", "type": "literal", "value": "Metropolitan Museum of Art"}, "predicateLabel": {"xml:lang": "en", "type": "literal", "value": "owned by"}}, {"subjectLabel": {"xml:lang": "en", "type": "literal", "value": "Mandora (ca.1420) from Milan?, Italy. MET 64.101.1409"}, "object": {"type": "uri", "value": "http://www.wikidata.org/entity/Q160236"}, "objectLabel": {"xml:lang": "en", "type": "literal", "value": "Metropolitan Museum of Art"}, "predicateLabel": {"xml:lang": "en", "type": "literal", "value": "collection"}}, {"subjectLabel": {"xml:lang": "en", "type": "literal", "value": "Mandora (ca.1420) from Milan?, Italy. MET 64.101.1409"}, "object": {"type": "uri", "value": "http://www.wikidata.org/entity/Q490"}, "objectLabel": {"xml:lang": "en", "type": "literal", "value": "Milan"}, "predicateLabel": {"xml:lang": "en", "type": "literal", "value": "location of creation"}}, {"subjectLabel": {"xml:lang": "en", "type": "literal", "value": "Mandora (ca.1420) from Milan?, Italy. MET 64.101.1409"}, "object": {"type": "uri", "value": "http://www.wikidata.org/entity/Q160236"}, "objectLabel": {"xml:lang": "en", "type": "literal", "value": "Metropolitan Museum of Art"}, "predicateLabel": {"xml:lang": "en", "type": "literal", "value": "location"}}, {"subjectLabel": {"xml:lang": "en", "type": "literal", "value": "Mandora (ca.1420) from Milan?, Italy. MET 64.101.1409"}, "object": {"type": "uri", "value": "http://www.wikidata.org/entity/Q156005"}, "objectLabel": {"xml:lang": "en", "type": "literal", "value": "ebony"}, "predicateLabel": {"xml:lang": "en", "type": "literal", "value": "made from material"}}, {"subjectLabel": {"xml:lang": "en", "type": "literal", "value": "Mandora (ca.1420) from Milan?, Italy. MET 64.101.1409"}, "object": {"type": "uri", "value": "http://www.wikidata.org/entity/Q851751"}, "objectLabel": {"xml:lang": "en", "type": "literal", "value": "boxwood"}, "predicateLabel": {"xml:lang": "en", "type": "literal", "value": "made from material"}}, {"subjectLabel": {"xml:lang": "en", "type": "literal", "value": "Mandora (ca.1420) from Milan?, Italy. MET 64.101.1409"}, "object": {"type": "uri", "value": "http://www.wikidata.org/entity/Q180733"}, "objectLabel": {"xml:lang": "en", "type": "literal", "value": "lute"}, "predicateLabel": {"xml:lang": "en", "type": "literal", "value": "instance of"}}, {"subjectLabel": {"xml:lang": "en", "type": "literal", "value": "Mandora (ca.1420) from Milan?, Italy. MET 64.101.1409"}, "object": {"type": "uri", "value": "http://www.wikidata.org/entity/Q122421"}, "objectLabel": {"xml:lang": "en", "type": "literal", "value": "rosewood"}, "predicateLabel": {"xml:lang": "en", "type": "literal", "value": "made from material"}}, {"subjectLabel": {"xml:lang": "en", "type": "literal", "value": "Mandora (ca.1420) from Milan?, Italy. MET 64.101.1409"}, "object": {"type": "uri", "value": "http://www.wikidata.org/entity/Q47240181"}, "objectLabel": {"xml:lang": "en", "type": "literal", "value": "Irwin Untermyer"}, "predicateLabel": {"xml:lang": "en", "type": "literal", "value": "donated by"}}, {"subjectLabel": {"xml:lang": "en", "type": "literal", "value": "Mandora (ca.1420) from Milan?, Italy. MET 64.101.1409"}, "object": {"type": "uri", "value": "http://www.wikidata.org/entity/Q47240181"}, "objectLabel": {"xml:lang": "en", "type": "literal", "value": "Irwin Untermyer"}, "predicateLabel": {"xml:lang": "en", "type": "literal", "value": "owned by"}}, {"subjectLabel": {"xml:lang": "en", "type": "literal", "value": "Mandora (ca.1420) from Milan?, Italy. MET 64.101.1409"}, "object": {"type": "uri", "value": "http://www.wikidata.org/entity/Q15428578"}, "objectLabel": {"xml:lang": "en", "type": "literal", "value": "Oscar Bondy"}, "predicateLabel": {"xml:lang": "en", "type": "literal", "value": "owned by"}}, {"subjectLabel": {"xml:lang": "en", "type": "literal", "value": "Mandora (ca.1420) from Milan?, Italy. MET 64.101.1409"}, "object": {"type": "uri", "value": "http://www.wikidata.org/entity/Q1552207"}, "objectLabel": {"xml:lang": "en", "type": "literal", "value": "Albert Figdor"}, "predicateLabel": {"xml:lang": "en", "type": "literal", "value": "owned by"}}, {"subjectLabel": {"xml:lang": "en", "type": "literal", "value": "Mandora (ca.1420) from Milan?, Italy. MET 64.101.1409"}, "object": {"type": "uri", "value": "http://www.wikidata.org/entity/Q55249180"}, "objectLabel": {"xml:lang": "en", "type": "literal", "value": "E. de Miller-Aichholz"}, "predicateLabel": {"xml:lang": "en", "type": "literal", "value": "owned by"}}, {"subjectLabel": {"xml:lang": "en", "type": "literal", "value": "Mandora (ca.1420) from Milan?, Italy. MET 64.101.1409"}, "object": {"type": "uri", "value": "http://www.wikidata.org/entity/Q116234000"}, "objectLabel": {"xml:lang": "en", "type": "literal", "value": "Met Museum artworks on display"}, "predicateLabel": {"xml:lang": "en", "type": "literal", "value": "on focus list of Wikimedia project"}}, {"subjectLabel": {"xml:lang": "en", "type": "literal", "value": "Mandora (ca.1420) from Milan?, Italy. MET 64.101.1409"}, "object": {"type": "uri", "value": "http://www.wikidata.org/entity/Q28837176"}, "objectLabel": {"xml:lang": "en", "type": "literal", "value": "Heilbrunn Timeline of Art History"}, "predicateLabel": {"xml:lang": "en", "type": "literal", "value": "described by source"}}], "Q42144264": [{"subjectLabel": {"xml:lang": "en", "type": "literal", "value": "Terracotta oinochoe: olpe (round-mouthed jug)"}, "object": {"type": "uri", "value": "http://www.wikidata.org/entity/Q1524"}, "objectLabel": {"xml:lang": "en", "type": "literal", "value": "Athens"}, "predicateLabel": {"xml:lang": "en", "type": "literal", "value": "location of creation"}}, {"subjectLabel": {"xml:lang": "en", "type": "literal", "value": "Terracotta oinochoe: olpe (round-mouthed jug)"}, "object": {"type": "uri", "value": "http://www.wikidata.org/entity/Q37340"}, "objectLabel": {"xml:lang": "en", "type": "literal", "value": "Apollo"}, "predicateLabel": {"xml:lang": "en", "type": "literal", "value": "depicts"}}, {"subjectLabel": {"xml:lang": "en", "type": "literal", "value": "Terracotta oinochoe: olpe (round-mouthed jug)"}, "object": {"type": "uri", "value": "http://www.wikidata.org/entity/Q132543"}, "objectLabel": {"xml:lang": "en", "type": "literal", "value": "Diana"}, "predicateLabel": {"xml:lang": "en", "type": "literal", "value": "depicts"}}, {"subjectLabel": {"xml:lang": "en", "type": "literal", "value": "Terracotta oinochoe: olpe (round-mouthed jug)"}, "object": {"type": "uri", "value": "http://www.wikidata.org/entity/Q160236"}, "objectLabel": {"xml:lang": "en", "type": "literal", "value": "Metropolitan Museum of Art"}, "predicateLabel": {"xml:lang": "en", "type": "literal", "value": "owned by"}}, {"subjectLabel": {"xml:lang": "en", "type": "literal", "value": "Terracotta oinochoe: olpe (round-mouthed jug)"}, "object": {"type": "uri", "value": "http://www.wikidata.org/entity/Q151098"}, "objectLabel": {"xml:lang": "en", "type": "literal", "value": "Lucien Bonaparte"}, "predicateLabel": {"xml:lang": "en", "type": "literal", "value": "owned by"}}, {"subjectLabel": {"xml:lang": "en", "type": "literal", "value": "Terracotta oinochoe: olpe (round-mouthed jug)"}, "object": {"type": "uri", "value": "http://www.wikidata.org/entity/Q160236"}, "objectLabel": {"xml:lang": "en", "type": "literal", "value": "Metropolitan Museum of Art"}, "predicateLabel": {"xml:lang": "en", "type": "literal", "value": "collection"}}, {"subjectLabel": {"xml:lang": "en", "type": "literal", "value": "Terracotta oinochoe: olpe (round-mouthed jug)"}, "object": {"type": "uri", "value": "http://www.wikidata.org/entity/Q177923"}, "objectLabel": {"xml:lang": "en", "type": "literal", "value": "auction"}, "predicateLabel": {"xml:lang": "en", "type": "literal", "value": "significant event"}}, {"subjectLabel": {"xml:lang": "en", "type": "literal", "value": "Terracotta oinochoe: olpe (round-mouthed jug)"}, "object": {"type": "uri", "value": "http://www.wikidata.org/entity/Q160236"}, "objectLabel": {"xml:lang": "en", "type": "literal", "value": "Metropolitan Museum of Art"}, "predicateLabel": {"xml:lang": "en", "type": "literal", "value": "location"}}, {"subjectLabel": {"xml:lang": "en", "type": "literal", "value": "Terracotta oinochoe: olpe (round-mouthed jug)"}, "object": {"type": "uri", "value": "http://www.wikidata.org/entity/Q220659"}, "objectLabel": {"xml:lang": "en", "type": "literal", "value": "archaeological artifact"}, "predicateLabel": {"xml:lang": "en", "type": "literal", "value": "instance of"}}, {"subjectLabel": {"xml:lang": "en", "type": "literal", "value": "Terracotta oinochoe: olpe (round-mouthed jug)"}, "object": {"type": "uri", "value": "http://www.wikidata.org/entity/Q316263"}, "objectLabel": {"xml:lang": "en", "type": "literal", "value": "Desir\u00e9-Raoul Rochette"}, "predicateLabel": {"xml:lang": "en", "type": "literal", "value": "owned by"}}, {"subjectLabel": {"xml:lang": "en", "type": "literal", "value": "Terracotta oinochoe: olpe (round-mouthed jug)"}, "object": {"type": "uri", "value": "http://www.wikidata.org/entity/Q629602"}, "objectLabel": {"xml:lang": "en", "type": "literal", "value": "black-figure pottery"}, "predicateLabel": {"xml:lang": "en", "type": "literal", "value": "genre"}}, {"subjectLabel": {"xml:lang": "en", "type": "literal", "value": "Terracotta oinochoe: olpe (round-mouthed jug)"}, "object": {"type": "uri", "value": "http://www.wikidata.org/entity/Q12634515"}, "objectLabel": {"xml:lang": "en", "type": "literal", "value": "kithara"}, "predicateLabel": {"xml:lang": "en", "type": "literal", "value": "depicts"}}, {"subjectLabel": {"xml:lang": "en", "type": "literal", "value": "Terracotta oinochoe: olpe (round-mouthed jug)"}, "object": {"type": "uri", "value": "http://www.wikidata.org/entity/Q116234000"}, "objectLabel": {"xml:lang": "en", "type": "literal", "value": "Met Museum artworks on display"}, "predicateLabel": {"xml:lang": "en", "type": "literal", "value": "on focus list of Wikimedia project"}}, {"subjectLabel": {"xml:lang": "en", "type": "literal", "value": "Terracotta oinochoe: olpe (round-mouthed jug)"}, "object": {"type": "uri", "value": "http://www.wikidata.org/entity/Q1369832"}, "objectLabel": {"xml:lang": "en", "type": "literal", "value": "purchasing"}, "predicateLabel": {"xml:lang": "en", "type": "literal", "value": "significant event"}}, {"subjectLabel": {"xml:lang": "en", "type": "literal", "value": "Terracotta oinochoe: olpe (round-mouthed jug)"}, "object": {"type": "uri", "value": "http://www.wikidata.org/entity/Q931172"}, "objectLabel": {"xml:lang": "en", "type": "literal", "value": "Vulci"}, "predicateLabel": {"xml:lang": "en", "type": "literal", "value": "location of discovery"}}, {"subjectLabel": {"xml:lang": "en", "type": "literal", "value": "Terracotta oinochoe: olpe (round-mouthed jug)"}, "object": {"type": "uri", "value": "http://www.wikidata.org/entity/Q1374087"}, "objectLabel": {"xml:lang": "en", "type": "literal", "value": "Euphiletos Painter"}, "predicateLabel": {"xml:lang": "en", "type": "literal", "value": "creator"}}], "Q55656666": [{"subjectLabel": {"xml:lang": "en", "type": "literal", "value": "Roman period shears from Trabzon, MET 39.2.2"}, "object": {"type": "uri", "value": "http://www.wikidata.org/entity/Q140"}, "objectLabel": {"xml:lang": "en", "type": "literal", "value": "lion"}, "predicateLabel": {"xml:lang": "en", "type": "literal", "value": "depicts"}}, {"subjectLabel": {"xml:lang": "en", "type": "literal", "value": "Roman period shears from Trabzon, MET 39.2.2"}, "object": {"type": "uri", "value": "http://www.wikidata.org/entity/Q144"}, "objectLabel": {"xml:lang": "en", "type": "literal", "value": "dog"}, "predicateLabel": {"xml:lang": "en", "type": "literal", "value": "depicts"}}, {"subjectLabel": {"xml:lang": "en", "type": "literal", "value": "Roman period shears from Trabzon, MET 39.2.2"}, "object": {"type": "uri", "value": "http://www.wikidata.org/entity/Q146"}, "objectLabel": {"xml:lang": "en", "type": "literal", "value": "house cat"}, "predicateLabel": {"xml:lang": "en", "type": "literal", "value": "depicts"}}, {"subjectLabel": {"xml:lang": "en", "type": "literal", "value": "Roman period shears from Trabzon, MET 39.2.2"}, "object": {"type": "uri", "value": "http://www.wikidata.org/entity/Q1090"}, "objectLabel": {"xml:lang": "en", "type": "literal", "value": "silver"}, "predicateLabel": {"xml:lang": "en", "type": "literal", "value": "made from material"}}, {"subjectLabel": {"xml:lang": "en", "type": "literal", "value": "Roman period shears from Trabzon, MET 39.2.2"}, "object": {"type": "uri", "value": "http://www.wikidata.org/entity/Q34095"}, "objectLabel": {"xml:lang": "en", "type": "literal", "value": "bronze"}, "predicateLabel": {"xml:lang": "en", "type": "literal", "value": "made from material"}}, {"subjectLabel": {"xml:lang": "en", "type": "literal", "value": "Roman period shears from Trabzon, MET 39.2.2"}, "object": {"type": "uri", "value": "http://www.wikidata.org/entity/Q2277"}, "objectLabel": {"xml:lang": "en", "type": "literal", "value": "Roman Empire"}, "predicateLabel": {"xml:lang": "en", "type": "literal", "value": "creator"}}, {"subjectLabel": {"xml:lang": "en", "type": "literal", "value": "Roman period shears from Trabzon, MET 39.2.2"}, "object": {"type": "uri", "value": "http://www.wikidata.org/entity/Q2277"}, "objectLabel": {"xml:lang": "en", "type": "literal", "value": "Roman Empire"}, "predicateLabel": {"xml:lang": "en", "type": "literal", "value": "culture"}}, {"subjectLabel": {"xml:lang": "en", "type": "literal", "value": "Roman period shears from Trabzon, MET 39.2.2"}, "object": {"type": "uri", "value": "http://www.wikidata.org/entity/Q45301"}, "objectLabel": {"xml:lang": "en", "type": "literal", "value": "Trabzon"}, "predicateLabel": {"xml:lang": "en", "type": "literal", "value": "location of discovery"}}, {"subjectLabel": {"xml:lang": "en", "type": "literal", "value": "Roman period shears from Trabzon, MET 39.2.2"}, "object": {"type": "uri", "value": "http://www.wikidata.org/entity/Q40847"}, "objectLabel": {"xml:lang": "en", "type": "literal", "value": "scissors"}, "predicateLabel": {"xml:lang": "en", "type": "literal", "value": "instance of"}}, {"subjectLabel": {"xml:lang": "en", "type": "literal", "value": "Roman period shears from Trabzon, MET 39.2.2"}, "object": {"type": "uri", "value": "http://www.wikidata.org/entity/Q838948"}, "objectLabel": {"xml:lang": "en", "type": "literal", "value": "work of art"}, "predicateLabel": {"xml:lang": "en", "type": "literal", "value": "instance of"}}, {"subjectLabel": {"xml:lang": "en", "type": "literal", "value": "Roman period shears from Trabzon, MET 39.2.2"}, "object": {"type": "uri", "value": "http://www.wikidata.org/entity/Q160236"}, "objectLabel": {"xml:lang": "en", "type": "literal", "value": "Metropolitan Museum of Art"}, "predicateLabel": {"xml:lang": "en", "type": "literal", "value": "owned by"}}, {"subjectLabel": {"xml:lang": "en", "type": "literal", "value": "Roman period shears from Trabzon, MET 39.2.2"}, "object": {"type": "uri", "value": "http://www.wikidata.org/entity/Q518350"}, "objectLabel": {"xml:lang": "en", "type": "literal", "value": "copper alloy"}, "predicateLabel": {"xml:lang": "en", "type": "literal", "value": "made from material"}}, {"subjectLabel": {"xml:lang": "en", "type": "literal", "value": "Roman period shears from Trabzon, MET 39.2.2"}, "object": {"type": "uri", "value": "http://www.wikidata.org/entity/Q160236"}, "objectLabel": {"xml:lang": "en", "type": "literal", "value": "Metropolitan Museum of Art"}, "predicateLabel": {"xml:lang": "en", "type": "literal", "value": "collection"}}, {"subjectLabel": {"xml:lang": "en", "type": "literal", "value": "Roman period shears from Trabzon, MET 39.2.2"}, "object": {"type": "uri", "value": "http://www.wikidata.org/entity/Q51614"}, "objectLabel": {"xml:lang": "en", "type": "literal", "value": "Anatolia"}, "predicateLabel": {"xml:lang": "en", "type": "literal", "value": "location of discovery"}}, {"subjectLabel": {"xml:lang": "en", "type": "literal", "value": "Roman period shears from Trabzon, MET 39.2.2"}, "object": {"type": "uri", "value": "http://www.wikidata.org/entity/Q953045"}, "objectLabel": {"xml:lang": "en", "type": "literal", "value": "metalworking"}, "predicateLabel": {"xml:lang": "en", "type": "literal", "value": "fabrication method"}}, {"subjectLabel": {"xml:lang": "en", "type": "literal", "value": "Roman period shears from Trabzon, MET 39.2.2"}, "object": {"type": "uri", "value": "http://www.wikidata.org/entity/Q4390114"}, "objectLabel": {"xml:lang": "en", "type": "literal", "value": "bronze object"}, "predicateLabel": {"xml:lang": "en", "type": "literal", "value": "instance of"}}, {"subjectLabel": {"xml:lang": "en", "type": "literal", "value": "Roman period shears from Trabzon, MET 39.2.2"}, "object": {"type": "uri", "value": "http://www.wikidata.org/entity/Q1281067"}, "objectLabel": {"xml:lang": "en", "type": "literal", "value": "inlay"}, "predicateLabel": {"xml:lang": "en", "type": "literal", "value": "fabrication method"}}, {"subjectLabel": {"xml:lang": "en", "type": "literal", "value": "Roman period shears from Trabzon, MET 39.2.2"}, "object": {"type": "uri", "value": "http://www.wikidata.org/entity/Q13693861"}, "objectLabel": {"xml:lang": "en", "type": "literal", "value": "Jacob Hirsch"}, "predicateLabel": {"xml:lang": "en", "type": "literal", "value": "owned by"}}, {"subjectLabel": {"xml:lang": "en", "type": "literal", "value": "Roman period shears from Trabzon, MET 39.2.2"}, "object": {"type": "uri", "value": "http://www.wikidata.org/entity/Q55664886"}, "objectLabel": {"xml:lang": "en", "type": "literal", "value": "Gallery 137"}, "predicateLabel": {"xml:lang": "en", "type": "literal", "value": "location"}}, {"subjectLabel": {"xml:lang": "en", "type": "literal", "value": "Roman period shears from Trabzon, MET 39.2.2"}, "object": {"type": "uri", "value": "http://www.wikidata.org/entity/Q116234000"}, "objectLabel": {"xml:lang": "en", "type": "literal", "value": "Met Museum artworks on display"}, "predicateLabel": {"xml:lang": "en", "type": "literal", "value": "on focus list of Wikimedia project"}}, {"subjectLabel": {"xml:lang": "en", "type": "literal", "value": "Roman period shears from Trabzon, MET 39.2.2"}, "object": {"type": "uri", "value": "http://www.wikidata.org/entity/Q3157587"}, "objectLabel": {"xml:lang": "en", "type": "literal", "value": "Jacob S. Rogers"}, "predicateLabel": {"xml:lang": "en", "type": "literal", "value": "donated by"}}], "Q8030760": [{"subjectLabel": {"xml:lang": "en", "type": "literal", "value": "Woman with a Parrot"}, "object": {"type": "uri", "value": "http://www.wikidata.org/entity/Q17115656"}, "objectLabel": {"xml:lang": "en", "type": "literal", "value": "Salon of 1866"}, "predicateLabel": {"xml:lang": "en", "type": "literal", "value": "exhibition history"}}, {"subjectLabel": {"xml:lang": "en", "type": "literal", "value": "Woman with a Parrot"}, "object": {"type": "uri", "value": "http://www.wikidata.org/entity/Q487"}, "objectLabel": {"xml:lang": "en", "type": "literal", "value": "smile"}, "predicateLabel": {"xml:lang": "en", "type": "literal", "value": "depicts"}}, {"subjectLabel": {"xml:lang": "en", "type": "literal", "value": "Woman with a Parrot"}, "object": {"type": "uri", "value": "http://www.wikidata.org/entity/Q467"}, "objectLabel": {"xml:lang": "en", "type": "literal", "value": "woman"}, "predicateLabel": {"xml:lang": "en", "type": "literal", "value": "depicts"}}, {"subjectLabel": {"xml:lang": "en", "type": "literal", "value": "Woman with a Parrot"}, "object": {"type": "uri", "value": "http://www.wikidata.org/entity/Q28837176"}, "objectLabel": {"xml:lang": "en", "type": "literal", "value": "Heilbrunn Timeline of Art History"}, "predicateLabel": {"xml:lang": "en", "type": "literal", "value": "described by source"}}, {"subjectLabel": {"xml:lang": "en", "type": "literal", "value": "Woman with a Parrot"}, "object": {"type": "uri", "value": "http://www.wikidata.org/entity/Q29167435"}, "objectLabel": {"xml:lang": "en", "type": "literal", "value": "The Metropolitan Museum of Art Guide (2012 edition)"}, "predicateLabel": {"xml:lang": "en", "type": "literal", "value": "described by source"}}, {"subjectLabel": {"xml:lang": "en", "type": "literal", "value": "Woman with a Parrot"}, "object": {"type": "uri", "value": "http://www.wikidata.org/entity/Q160236"}, "objectLabel": {"xml:lang": "en", "type": "literal", "value": "Metropolitan Museum of Art"}, "predicateLabel": {"xml:lang": "en", "type": "literal", "value": "location"}}, {"subjectLabel": {"xml:lang": "en", "type": "literal", "value": "Woman with a Parrot"}, "object": {"type": "uri", "value": "http://www.wikidata.org/entity/Q116234000"}, "objectLabel": {"xml:lang": "en", "type": "literal", "value": "Met Museum artworks on display"}, "predicateLabel": {"xml:lang": "en", "type": "literal", "value": "on focus list of Wikimedia project"}}, {"subjectLabel": {"xml:lang": "en", "type": "literal", "value": "Woman with a Parrot"}, "object": {"type": "uri", "value": "http://www.wikidata.org/entity/Q8327"}, "objectLabel": {"xml:lang": "en", "type": "literal", "value": "Psittacidae"}, "predicateLabel": {"xml:lang": "en", "type": "literal", "value": "depicts"}}, {"subjectLabel": {"xml:lang": "en", "type": "literal", "value": "Woman with a Parrot"}, "object": {"type": "uri", "value": "http://www.wikidata.org/entity/Q19652"}, "objectLabel": {"xml:lang": "en", "type": "literal", "value": "public domain"}, "predicateLabel": {"xml:lang": "en", "type": "literal", "value": "copyright status"}}, {"subjectLabel": {"xml:lang": "en", "type": "literal", "value": "Woman with a Parrot"}, "object": {"type": "uri", "value": "http://www.wikidata.org/entity/Q9103"}, "objectLabel": {"xml:lang": "en", "type": "literal", "value": "breast"}, "predicateLabel": {"xml:lang": "en", "type": "literal", "value": "depicts"}}, {"subjectLabel": {"xml:lang": "en", "type": "literal", "value": "Woman with a Parrot"}, "object": {"type": "uri", "value": "http://www.wikidata.org/entity/Q40446"}, "objectLabel": {"xml:lang": "en", "type": "literal", "value": "nude"}, "predicateLabel": {"xml:lang": "en", "type": "literal", "value": "genre"}}, {"subjectLabel": {"xml:lang": "en", "type": "literal", "value": "Woman with a Parrot"}, "object": {"type": "uri", "value": "http://www.wikidata.org/entity/Q34618"}, "objectLabel": {"xml:lang": "en", "type": "literal", "value": "Gustave Courbet"}, "predicateLabel": {"xml:lang": "en", "type": "literal", "value": "creator"}}, {"subjectLabel": {"xml:lang": "en", "type": "literal", "value": "Woman with a Parrot"}, "object": {"type": "uri", "value": "http://www.wikidata.org/entity/Q40446"}, "objectLabel": {"xml:lang": "en", "type": "literal", "value": "nude"}, "predicateLabel": {"xml:lang": "en", "type": "literal", "value": "depicts"}}, {"subjectLabel": {"xml:lang": "en", "type": "literal", "value": "Woman with a Parrot"}, "object": {"type": "uri", "value": "http://www.wikidata.org/entity/Q14130"}, "objectLabel": {"xml:lang": "en", "type": "literal", "value": "waist-length hair"}, "predicateLabel": {"xml:lang": "en", "type": "literal", "value": "depicts"}}, {"subjectLabel": {"xml:lang": "en", "type": "literal", "value": "Woman with a Parrot"}, "object": {"type": "uri", "value": "http://www.wikidata.org/entity/Q42177"}, "objectLabel": {"xml:lang": "en", "type": "literal", "value": "bed"}, "predicateLabel": {"xml:lang": "en", "type": "literal", "value": "depicts"}}, {"subjectLabel": {"xml:lang": "en", "type": "literal", "value": "Woman with a Parrot"}, "object": {"type": "uri", "value": "http://www.wikidata.org/entity/Q43801"}, "objectLabel": {"xml:lang": "en", "type": "literal", "value": "navel"}, "predicateLabel": {"xml:lang": "en", "type": "literal", "value": "depicts"}}, {"subjectLabel": {"xml:lang": "en", "type": "literal", "value": "Woman with a Parrot"}, "object": {"type": "uri", "value": "http://www.wikidata.org/entity/Q160236"}, "objectLabel": {"xml:lang": "en", "type": "literal", "value": "Metropolitan Museum of Art"}, "predicateLabel": {"xml:lang": "en", "type": "literal", "value": "owned by"}}, {"subjectLabel": {"xml:lang": "en", "type": "literal", "value": "Woman with a Parrot"}, "object": {"type": "uri", "value": "http://www.wikidata.org/entity/Q152357"}, "objectLabel": {"xml:lang": "en", "type": "literal", "value": "red hair"}, "predicateLabel": {"xml:lang": "en", "type": "literal", "value": "depicts"}}, {"subjectLabel": {"xml:lang": "en", "type": "literal", "value": "Woman with a Parrot"}, "object": {"type": "uri", "value": "http://www.wikidata.org/entity/Q160236"}, "objectLabel": {"xml:lang": "en", "type": "literal", "value": "Metropolitan Museum of Art"}, "predicateLabel": {"xml:lang": "en", "type": "literal", "value": "collection"}}, {"subjectLabel": {"xml:lang": "en", "type": "literal", "value": "Woman with a Parrot"}, "object": {"type": "uri", "value": "http://www.wikidata.org/entity/Q391788"}, "objectLabel": {"xml:lang": "en", "type": "literal", "value": "bed sheet"}, "predicateLabel": {"xml:lang": "en", "type": "literal", "value": "depicts"}}, {"subjectLabel": {"xml:lang": "en", "type": "literal", "value": "Woman with a Parrot"}, "object": {"type": "uri", "value": "http://www.wikidata.org/entity/Q296955"}, "objectLabel": {"xml:lang": "en", "type": "literal", "value": "oil paint"}, "predicateLabel": {"xml:lang": "en", "type": "literal", "value": "made from material"}}, {"subjectLabel": {"xml:lang": "en", "type": "literal", "value": "Woman with a Parrot"}, "object": {"type": "uri", "value": "http://www.wikidata.org/entity/Q189458"}, "objectLabel": {"xml:lang": "en", "type": "literal", "value": "academic art"}, "predicateLabel": {"xml:lang": "en", "type": "literal", "value": "movement"}}, {"subjectLabel": {"xml:lang": "en", "type": "literal", "value": "Woman with a Parrot"}, "object": {"type": "uri", "value": "http://www.wikidata.org/entity/Q12321255"}, "objectLabel": {"xml:lang": "en", "type": "literal", "value": "canvas"}, "predicateLabel": {"xml:lang": "en", "type": "literal", "value": "made from material"}}, {"subjectLabel": {"xml:lang": "en", "type": "literal", "value": "Woman with a Parrot"}, "object": {"type": "uri", "value": "http://www.wikidata.org/entity/Q457483"}, "objectLabel": {"xml:lang": "en", "type": "literal", "value": "Joanna Hiffernan"}, "predicateLabel": {"xml:lang": "en", "type": "literal", "value": "depicts"}}, {"subjectLabel": {"xml:lang": "en", "type": "literal", "value": "Woman with a Parrot"}, "object": {"type": "uri", "value": "http://www.wikidata.org/entity/Q2268776"}, "objectLabel": {"xml:lang": "en", "type": "literal", "value": "lying"}, "predicateLabel": {"xml:lang": "en", "type": "literal", "value": "depicts"}}, {"subjectLabel": {"xml:lang": "en", "type": "literal", "value": "Woman with a Parrot"}, "object": {"type": "uri", "value": "http://www.wikidata.org/entity/Q3375147"}, "objectLabel": {"xml:lang": "en", "type": "literal", "value": "perch"}, "predicateLabel": {"xml:lang": "en", "type": "literal", "value": "depicts"}}, {"subjectLabel": {"xml:lang": "en", "type": "literal", "value": "Woman with a Parrot"}, "object": {"type": "uri", "value": "http://www.wikidata.org/entity/Q2642826"}, "objectLabel": {"xml:lang": "en", "type": "literal", "value": "Realism"}, "predicateLabel": {"xml:lang": "en", "type": "literal", "value": "movement"}}, {"subjectLabel": {"xml:lang": "en", "type": "literal", "value": "Woman with a Parrot"}, "object": {"type": "uri", "value": "http://www.wikidata.org/entity/Q3305213"}, "objectLabel": {"xml:lang": "en", "type": "literal", "value": "painting"}, "predicateLabel": {"xml:lang": "en", "type": "literal", "value": "instance of"}}, {"subjectLabel": {"xml:lang": "en", "type": "literal", "value": "Woman with a Parrot"}, "object": {"type": "uri", "value": "http://www.wikidata.org/entity/Q15719234"}, "objectLabel": {"xml:lang": "en", "type": "literal", "value": "bird's wing"}, "predicateLabel": {"xml:lang": "en", "type": "literal", "value": "depicts"}}, {"subjectLabel": {"xml:lang": "en", "type": "literal", "value": "Woman with a Parrot"}, "object": {"type": "uri", "value": "http://www.wikidata.org/entity/Q15548309"}, "objectLabel": {"xml:lang": "en", "type": "literal", "value": "parrot"}, "predicateLabel": {"xml:lang": "en", "type": "literal", "value": "depicts"}}, {"subjectLabel": {"xml:lang": "en", "type": "literal", "value": "Woman with a Parrot"}, "object": {"type": "uri", "value": "http://www.wikidata.org/entity/Q3039121"}, "objectLabel": {"xml:lang": "en", "type": "literal", "value": "drapery"}, "predicateLabel": {"xml:lang": "en", "type": "literal", "value": "depicts"}}], "Q18511742": [{"subjectLabel": {"xml:lang": "en", "type": "literal", "value": "The Visit"}, "object": {"type": "uri", "value": "http://www.wikidata.org/entity/Q467"}, "objectLabel": {"xml:lang": "en", "type": "literal", "value": "woman"}, "predicateLabel": {"xml:lang": "en", "type": "literal", "value": "depicts"}}, {"subjectLabel": {"xml:lang": "en", "type": "literal", "value": "The Visit"}, "object": {"type": "uri", "value": "http://www.wikidata.org/entity/Q8441"}, "objectLabel": {"xml:lang": "en", "type": "literal", "value": "man"}, "predicateLabel": {"xml:lang": "en", "type": "literal", "value": "depicts"}}, {"subjectLabel": {"xml:lang": "en", "type": "literal", "value": "The Visit"}, "object": {"type": "uri", "value": "http://www.wikidata.org/entity/Q19652"}, "objectLabel": {"xml:lang": "en", "type": "literal", "value": "public domain"}, "predicateLabel": {"xml:lang": "en", "type": "literal", "value": "copyright status"}}, {"subjectLabel": {"xml:lang": "en", "type": "literal", "value": "The Visit"}, "object": {"type": "uri", "value": "http://www.wikidata.org/entity/Q160236"}, "objectLabel": {"xml:lang": "en", "type": "literal", "value": "Metropolitan Museum of Art"}, "predicateLabel": {"xml:lang": "en", "type": "literal", "value": "owned by"}}, {"subjectLabel": {"xml:lang": "en", "type": "literal", "value": "The Visit"}, "object": {"type": "uri", "value": "http://www.wikidata.org/entity/Q296955"}, "objectLabel": {"xml:lang": "en", "type": "literal", "value": "oil paint"}, "predicateLabel": {"xml:lang": "en", "type": "literal", "value": "made from material"}}, {"subjectLabel": {"xml:lang": "en", "type": "literal", "value": "The Visit"}, "object": {"type": "uri", "value": "http://www.wikidata.org/entity/Q116234000"}, "objectLabel": {"xml:lang": "en", "type": "literal", "value": "Met Museum artworks on display"}, "predicateLabel": {"xml:lang": "en", "type": "literal", "value": "on focus list of Wikimedia project"}}, {"subjectLabel": {"xml:lang": "en", "type": "literal", "value": "The Visit"}, "object": {"type": "uri", "value": "http://www.wikidata.org/entity/Q160236"}, "objectLabel": {"xml:lang": "en", "type": "literal", "value": "Metropolitan Museum of Art"}, "predicateLabel": {"xml:lang": "en", "type": "literal", "value": "collection"}}, {"subjectLabel": {"xml:lang": "en", "type": "literal", "value": "The Visit"}, "object": {"type": "uri", "value": "http://www.wikidata.org/entity/Q160236"}, "objectLabel": {"xml:lang": "en", "type": "literal", "value": "Metropolitan Museum of Art"}, "predicateLabel": {"xml:lang": "en", "type": "literal", "value": "location"}}, {"subjectLabel": {"xml:lang": "en", "type": "literal", "value": "The Visit"}, "object": {"type": "uri", "value": "http://www.wikidata.org/entity/Q539280"}, "objectLabel": {"xml:lang": "en", "type": "literal", "value": "Louisine Havemeyer"}, "predicateLabel": {"xml:lang": "en", "type": "literal", "value": "owned by"}}, {"subjectLabel": {"xml:lang": "en", "type": "literal", "value": "The Visit"}, "object": {"type": "uri", "value": "http://www.wikidata.org/entity/Q649052"}, "objectLabel": {"xml:lang": "en", "type": "literal", "value": "Paul Durand-Ruel"}, "predicateLabel": {"xml:lang": "en", "type": "literal", "value": "owned by"}}, {"subjectLabel": {"xml:lang": "en", "type": "literal", "value": "The Visit"}, "object": {"type": "uri", "value": "http://www.wikidata.org/entity/Q1047337"}, "objectLabel": {"xml:lang": "en", "type": "literal", "value": "genre art"}, "predicateLabel": {"xml:lang": "en", "type": "literal", "value": "genre"}}, {"subjectLabel": {"xml:lang": "en", "type": "literal", "value": "The Visit"}, "object": {"type": "uri", "value": "http://www.wikidata.org/entity/Q314889"}, "objectLabel": {"xml:lang": "en", "type": "literal", "value": "Pieter de Hooch"}, "predicateLabel": {"xml:lang": "en", "type": "literal", "value": "creator"}}, {"subjectLabel": {"xml:lang": "en", "type": "literal", "value": "The Visit"}, "object": {"type": "uri", "value": "http://www.wikidata.org/entity/Q106640170"}, "objectLabel": {"xml:lang": "en", "type": "literal", "value": "B. Narischkine"}, "predicateLabel": {"xml:lang": "en", "type": "literal", "value": "owned by"}}, {"subjectLabel": {"xml:lang": "en", "type": "literal", "value": "The Visit"}, "object": {"type": "uri", "value": "http://www.wikidata.org/entity/Q106857709"}, "objectLabel": {"xml:lang": "en", "type": "literal", "value": "panel"}, "predicateLabel": {"xml:lang": "en", "type": "literal", "value": "made from material"}}, {"subjectLabel": {"xml:lang": "en", "type": "literal", "value": "The Visit"}, "object": {"type": "uri", "value": "http://www.wikidata.org/entity/Q2998430"}, "objectLabel": {"xml:lang": "en", "type": "literal", "value": "interior"}, "predicateLabel": {"xml:lang": "en", "type": "literal", "value": "depicts"}}, {"subjectLabel": {"xml:lang": "en", "type": "literal", "value": "The Visit"}, "object": {"type": "uri", "value": "http://www.wikidata.org/entity/Q28837176"}, "objectLabel": {"xml:lang": "en", "type": "literal", "value": "Heilbrunn Timeline of Art History"}, "predicateLabel": {"xml:lang": "en", "type": "literal", "value": "described by source"}}, {"subjectLabel": {"xml:lang": "en", "type": "literal", "value": "The Visit"}, "object": {"type": "uri", "value": "http://www.wikidata.org/entity/Q3305213"}, "objectLabel": {"xml:lang": "en", "type": "literal", "value": "painting"}, "predicateLabel": {"xml:lang": "en", "type": "literal", "value": "instance of"}}, {"subjectLabel": {"xml:lang": "en", "type": "literal", "value": "The Visit"}, "object": {"type": "uri", "value": "http://www.wikidata.org/entity/Q3060168"}, "objectLabel": {"xml:lang": "en", "type": "literal", "value": "Eug\u00e8ne Secr\u00e9tan"}, "predicateLabel": {"xml:lang": "en", "type": "literal", "value": "owned by"}}, {"subjectLabel": {"xml:lang": "en", "type": "literal", "value": "The Visit"}, "object": {"type": "uri", "value": "http://www.wikidata.org/entity/Q3132989"}, "objectLabel": {"xml:lang": "en", "type": "literal", "value": "Henry Osborne Havemeyer"}, "predicateLabel": {"xml:lang": "en", "type": "literal", "value": "owned by"}}], "Q19924921": [{"subjectLabel": {"xml:lang": "en", "type": "literal", "value": "Alexander Hamilton"}, "object": {"type": "uri", "value": "http://www.wikidata.org/entity/Q30"}, "objectLabel": {"xml:lang": "en", "type": "literal", "value": "United States of America"}, "predicateLabel": {"xml:lang": "en", "type": "literal", "value": "country of origin"}}, {"subjectLabel": {"xml:lang": "en", "type": "literal", "value": "Alexander Hamilton"}, "object": {"type": "uri", "value": "http://www.wikidata.org/entity/Q19652"}, "objectLabel": {"xml:lang": "en", "type": "literal", "value": "public domain"}, "predicateLabel": {"xml:lang": "en", "type": "literal", "value": "copyright status"}}, {"subjectLabel": {"xml:lang": "en", "type": "literal", "value": "Alexander Hamilton"}, "object": {"type": "uri", "value": "http://www.wikidata.org/entity/Q134307"}, "objectLabel": {"xml:lang": "en", "type": "literal", "value": "portrait"}, "predicateLabel": {"xml:lang": "en", "type": "literal", "value": "genre"}}, {"subjectLabel": {"xml:lang": "en", "type": "literal", "value": "Alexander Hamilton"}, "object": {"type": "uri", "value": "http://www.wikidata.org/entity/Q160236"}, "objectLabel": {"xml:lang": "en", "type": "literal", "value": "Metropolitan Museum of Art"}, "predicateLabel": {"xml:lang": "en", "type": "literal", "value": "owned by"}}, {"subjectLabel": {"xml:lang": "en", "type": "literal", "value": "Alexander Hamilton"}, "object": {"type": "uri", "value": "http://www.wikidata.org/entity/Q178903"}, "objectLabel": {"xml:lang": "en", "type": "literal", "value": "Alexander Hamilton"}, "predicateLabel": {"xml:lang": "en", "type": "literal", "value": "depicts"}}, {"subjectLabel": {"xml:lang": "en", "type": "literal", "value": "Alexander Hamilton"}, "object": {"type": "uri", "value": "http://www.wikidata.org/entity/Q160236"}, "objectLabel": {"xml:lang": "en", "type": "literal", "value": "Metropolitan Museum of Art"}, "predicateLabel": {"xml:lang": "en", "type": "literal", "value": "collection"}}, {"subjectLabel": {"xml:lang": "en", "type": "literal", "value": "Alexander Hamilton"}, "object": {"type": "uri", "value": "http://www.wikidata.org/entity/Q178903"}, "objectLabel": {"xml:lang": "en", "type": "literal", "value": "Alexander Hamilton"}, "predicateLabel": {"xml:lang": "en", "type": "literal", "value": "main subject"}}, {"subjectLabel": {"xml:lang": "en", "type": "literal", "value": "Alexander Hamilton"}, "object": {"type": "uri", "value": "http://www.wikidata.org/entity/Q296955"}, "objectLabel": {"xml:lang": "en", "type": "literal", "value": "oil paint"}, "predicateLabel": {"xml:lang": "en", "type": "literal", "value": "made from material"}}, {"subjectLabel": {"xml:lang": "en", "type": "literal", "value": "Alexander Hamilton"}, "object": {"type": "uri", "value": "http://www.wikidata.org/entity/Q372657"}, "objectLabel": {"xml:lang": "en", "type": "literal", "value": "Credit Suisse"}, "predicateLabel": {"xml:lang": "en", "type": "literal", "value": "owned by"}}, {"subjectLabel": {"xml:lang": "en", "type": "literal", "value": "Alexander Hamilton"}, "object": {"type": "uri", "value": "http://www.wikidata.org/entity/Q12321255"}, "objectLabel": {"xml:lang": "en", "type": "literal", "value": "canvas"}, "predicateLabel": {"xml:lang": "en", "type": "literal", "value": "made from material"}}, {"subjectLabel": {"xml:lang": "en", "type": "literal", "value": "Alexander Hamilton"}, "object": {"type": "uri", "value": "http://www.wikidata.org/entity/Q369263"}, "objectLabel": {"xml:lang": "en", "type": "literal", "value": "John Trumbull"}, "predicateLabel": {"xml:lang": "en", "type": "literal", "value": "creator"}}, {"subjectLabel": {"xml:lang": "en", "type": "literal", "value": "Alexander Hamilton"}, "object": {"type": "uri", "value": "http://www.wikidata.org/entity/Q3305213"}, "objectLabel": {"xml:lang": "en", "type": "literal", "value": "painting"}, "predicateLabel": {"xml:lang": "en", "type": "literal", "value": "instance of"}}, {"subjectLabel": {"xml:lang": "en", "type": "literal", "value": "Alexander Hamilton"}, "object": {"type": "uri", "value": "http://www.wikidata.org/entity/Q160236"}, "objectLabel": {"xml:lang": "en", "type": "literal", "value": "Metropolitan Museum of Art"}, "predicateLabel": {"xml:lang": "en", "type": "literal", "value": "location"}}, {"subjectLabel": {"xml:lang": "en", "type": "literal", "value": "Alexander Hamilton"}, "object": {"type": "uri", "value": "http://www.wikidata.org/entity/Q28837176"}, "objectLabel": {"xml:lang": "en", "type": "literal", "value": "Heilbrunn Timeline of Art History"}, "predicateLabel": {"xml:lang": "en", "type": "literal", "value": "described by source"}}, {"subjectLabel": {"xml:lang": "en", "type": "literal", "value": "Alexander Hamilton"}, "object": {"type": "uri", "value": "http://www.wikidata.org/entity/Q1142334"}, "objectLabel": {"xml:lang": "en", "type": "literal", "value": "Crystal Bridges Museum of American Art"}, "predicateLabel": {"xml:lang": "en", "type": "literal", "value": "location"}}, {"subjectLabel": {"xml:lang": "en", "type": "literal", "value": "Alexander Hamilton"}, "object": {"type": "uri", "value": "http://www.wikidata.org/entity/Q1142334"}, "objectLabel": {"xml:lang": "en", "type": "literal", "value": "Crystal Bridges Museum of American Art"}, "predicateLabel": {"xml:lang": "en", "type": "literal", "value": "owned by"}}, {"subjectLabel": {"xml:lang": "en", "type": "literal", "value": "Alexander Hamilton"}, "object": {"type": "uri", "value": "http://www.wikidata.org/entity/Q1142334"}, "objectLabel": {"xml:lang": "en", "type": "literal", "value": "Crystal Bridges Museum of American Art"}, "predicateLabel": {"xml:lang": "en", "type": "literal", "value": "collection"}}], "Q19925787": [{"subjectLabel": {"xml:lang": "en", "type": "literal", "value": "Portrait of a Lady"}, "object": {"type": "uri", "value": "http://www.wikidata.org/entity/Q30"}, "objectLabel": {"xml:lang": "en", "type": "literal", "value": "United States of America"}, "predicateLabel": {"xml:lang": "en", "type": "literal", "value": "country"}}, {"subjectLabel": {"xml:lang": "en", "type": "literal", "value": "Portrait of a Lady"}, "object": {"type": "uri", "value": "http://www.wikidata.org/entity/Q30"}, "objectLabel": {"xml:lang": "en", "type": "literal", "value": "United States of America"}, "predicateLabel": {"xml:lang": "en", "type": "literal", "value": "country of origin"}}, {"subjectLabel": {"xml:lang": "en", "type": "literal", "value": "Portrait of a Lady"}, "object": {"type": "uri", "value": "http://www.wikidata.org/entity/Q82001"}, "objectLabel": {"xml:lang": "en", "type": "literal", "value": "ivory"}, "predicateLabel": {"xml:lang": "en", "type": "literal", "value": "made from material"}}, {"subjectLabel": {"xml:lang": "en", "type": "literal", "value": "Portrait of a Lady"}, "object": {"type": "uri", "value": "http://www.wikidata.org/entity/Q235155"}, "objectLabel": {"xml:lang": "en", "type": "literal", "value": "white people"}, "predicateLabel": {"xml:lang": "en", "type": "literal", "value": "depicts"}}, {"subjectLabel": {"xml:lang": "en", "type": "literal", "value": "Portrait of a Lady"}, "object": {"type": "uri", "value": "http://www.wikidata.org/entity/Q191022"}, "objectLabel": {"xml:lang": "en", "type": "literal", "value": "scarf"}, "predicateLabel": {"xml:lang": "en", "type": "literal", "value": "depicts"}}, {"subjectLabel": {"xml:lang": "en", "type": "literal", "value": "Portrait of a Lady"}, "object": {"type": "uri", "value": "http://www.wikidata.org/entity/Q3305213"}, "objectLabel": {"xml:lang": "en", "type": "literal", "value": "painting"}, "predicateLabel": {"xml:lang": "en", "type": "literal", "value": "instance of"}}, {"subjectLabel": {"xml:lang": "en", "type": "literal", "value": "Portrait of a Lady"}, "object": {"type": "uri", "value": "http://www.wikidata.org/entity/Q467"}, "objectLabel": {"xml:lang": "en", "type": "literal", "value": "woman"}, "predicateLabel": {"xml:lang": "en", "type": "literal", "value": "main subject"}}, {"subjectLabel": {"xml:lang": "en", "type": "literal", "value": "Portrait of a Lady"}, "object": {"type": "uri", "value": "http://www.wikidata.org/entity/Q21752065"}, "objectLabel": {"xml:lang": "en", "type": "literal", "value": "Daniel F. Ames"}, "predicateLabel": {"xml:lang": "en", "type": "literal", "value": "creator"}}, {"subjectLabel": {"xml:lang": "en", "type": "literal", "value": "Portrait of a Lady"}, "object": {"type": "uri", "value": "http://www.wikidata.org/entity/Q22915256"}, "objectLabel": {"xml:lang": "en", "type": "literal", "value": "watercolor paint"}, "predicateLabel": {"xml:lang": "en", "type": "literal", "value": "made from material"}}, {"subjectLabel": {"xml:lang": "en", "type": "literal", "value": "Portrait of a Lady"}, "object": {"type": "uri", "value": "http://www.wikidata.org/entity/Q467"}, "objectLabel": {"xml:lang": "en", "type": "literal", "value": "woman"}, "predicateLabel": {"xml:lang": "en", "type": "literal", "value": "depicts"}}, {"subjectLabel": {"xml:lang": "en", "type": "literal", "value": "Portrait of a Lady"}, "object": {"type": "uri", "value": "http://www.wikidata.org/entity/Q134307"}, "objectLabel": {"xml:lang": "en", "type": "literal", "value": "portrait"}, "predicateLabel": {"xml:lang": "en", "type": "literal", "value": "depicts"}}, {"subjectLabel": {"xml:lang": "en", "type": "literal", "value": "Portrait of a Lady"}, "object": {"type": "uri", "value": "http://www.wikidata.org/entity/Q134307"}, "objectLabel": {"xml:lang": "en", "type": "literal", "value": "portrait"}, "predicateLabel": {"xml:lang": "en", "type": "literal", "value": "genre"}}, {"subjectLabel": {"xml:lang": "en", "type": "literal", "value": "Portrait of a Lady"}, "object": {"type": "uri", "value": "http://www.wikidata.org/entity/Q29169289"}, "objectLabel": {"xml:lang": "en", "type": "literal", "value": "Jacqueline Loewe Fowler"}, "predicateLabel": {"xml:lang": "en", "type": "literal", "value": "donated by"}}, {"subjectLabel": {"xml:lang": "en", "type": "literal", "value": "Portrait of a Lady"}, "object": {"type": "uri", "value": "http://www.wikidata.org/entity/Q37501"}, "objectLabel": {"xml:lang": "en", "type": "literal", "value": "glasses"}, "predicateLabel": {"xml:lang": "en", "type": "literal", "value": "depicts"}}, {"subjectLabel": {"xml:lang": "en", "type": "literal", "value": "Portrait of a Lady"}, "object": {"type": "uri", "value": "http://www.wikidata.org/entity/Q160236"}, "objectLabel": {"xml:lang": "en", "type": "literal", "value": "Metropolitan Museum of Art"}, "predicateLabel": {"xml:lang": "en", "type": "literal", "value": "owned by"}}, {"subjectLabel": {"xml:lang": "en", "type": "literal", "value": "Portrait of a Lady"}, "object": {"type": "uri", "value": "http://www.wikidata.org/entity/Q160236"}, "objectLabel": {"xml:lang": "en", "type": "literal", "value": "Metropolitan Museum of Art"}, "predicateLabel": {"xml:lang": "en", "type": "literal", "value": "collection"}}, {"subjectLabel": {"xml:lang": "en", "type": "literal", "value": "Portrait of a Lady"}, "object": {"type": "uri", "value": "http://www.wikidata.org/entity/Q160236"}, "objectLabel": {"xml:lang": "en", "type": "literal", "value": "Metropolitan Museum of Art"}, "predicateLabel": {"xml:lang": "en", "type": "literal", "value": "location"}}], "Q19905413": [{"subjectLabel": {"xml:lang": "en", "type": "literal", "value": "Spring Flowers"}, "object": {"type": "uri", "value": "http://www.wikidata.org/entity/Q506"}, "objectLabel": {"xml:lang": "en", "type": "literal", "value": "flower"}, "predicateLabel": {"xml:lang": "en", "type": "literal", "value": "depicts"}}, {"subjectLabel": {"xml:lang": "en", "type": "literal", "value": "Spring Flowers"}, "object": {"type": "uri", "value": "http://www.wikidata.org/entity/Q170571"}, "objectLabel": {"xml:lang": "en", "type": "literal", "value": "still life"}, "predicateLabel": {"xml:lang": "en", "type": "literal", "value": "depicts"}}, {"subjectLabel": {"xml:lang": "en", "type": "literal", "value": "Spring Flowers"}, "object": {"type": "uri", "value": "http://www.wikidata.org/entity/Q160236"}, "objectLabel": {"xml:lang": "en", "type": "literal", "value": "Metropolitan Museum of Art"}, "predicateLabel": {"xml:lang": "en", "type": "literal", "value": "owned by"}}, {"subjectLabel": {"xml:lang": "en", "type": "literal", "value": "Spring Flowers"}, "object": {"type": "uri", "value": "http://www.wikidata.org/entity/Q160236"}, "objectLabel": {"xml:lang": "en", "type": "literal", "value": "Metropolitan Museum of Art"}, "predicateLabel": {"xml:lang": "en", "type": "literal", "value": "collection"}}, {"subjectLabel": {"xml:lang": "en", "type": "literal", "value": "Spring Flowers"}, "object": {"type": "uri", "value": "http://www.wikidata.org/entity/Q30"}, "objectLabel": {"xml:lang": "en", "type": "literal", "value": "United States of America"}, "predicateLabel": {"xml:lang": "en", "type": "literal", "value": "country"}}, {"subjectLabel": {"xml:lang": "en", "type": "literal", "value": "Spring Flowers"}, "object": {"type": "uri", "value": "http://www.wikidata.org/entity/Q160236"}, "objectLabel": {"xml:lang": "en", "type": "literal", "value": "Metropolitan Museum of Art"}, "predicateLabel": {"xml:lang": "en", "type": "literal", "value": "location"}}, {"subjectLabel": {"xml:lang": "en", "type": "literal", "value": "Spring Flowers"}, "object": {"type": "uri", "value": "http://www.wikidata.org/entity/Q539280"}, "objectLabel": {"xml:lang": "en", "type": "literal", "value": "Louisine Havemeyer"}, "predicateLabel": {"xml:lang": "en", "type": "literal", "value": "owned by"}}, {"subjectLabel": {"xml:lang": "en", "type": "literal", "value": "Spring Flowers"}, "object": {"type": "uri", "value": "http://www.wikidata.org/entity/Q539280"}, "objectLabel": {"xml:lang": "en", "type": "literal", "value": "Louisine Havemeyer"}, "predicateLabel": {"xml:lang": "en", "type": "literal", "value": "collection"}}, {"subjectLabel": {"xml:lang": "en", "type": "literal", "value": "Spring Flowers"}, "object": {"type": "uri", "value": "http://www.wikidata.org/entity/Q539280"}, "objectLabel": {"xml:lang": "en", "type": "literal", "value": "Louisine Havemeyer"}, "predicateLabel": {"xml:lang": "en", "type": "literal", "value": "donated by"}}, {"subjectLabel": {"xml:lang": "en", "type": "literal", "value": "Spring Flowers"}, "object": {"type": "uri", "value": "http://www.wikidata.org/entity/Q30034332"}, "objectLabel": {"xml:lang": "en", "type": "literal", "value": "The H. O. Havemeyer Collection"}, "predicateLabel": {"xml:lang": "en", "type": "literal", "value": "exhibition history"}}, {"subjectLabel": {"xml:lang": "en", "type": "literal", "value": "Spring Flowers"}, "object": {"type": "uri", "value": "http://www.wikidata.org/entity/Q30034326"}, "objectLabel": {"xml:lang": "en", "type": "literal", "value": "Loan Exhibition of the Works of Gustave Courbet"}, "predicateLabel": {"xml:lang": "en", "type": "literal", "value": "exhibition history"}}, {"subjectLabel": {"xml:lang": "en", "type": "literal", "value": "Spring Flowers"}, "object": {"type": "uri", "value": "http://www.wikidata.org/entity/Q10857409"}, "objectLabel": {"xml:lang": "en", "type": "literal", "value": "realism"}, "predicateLabel": {"xml:lang": "en", "type": "literal", "value": "movement"}}, {"subjectLabel": {"xml:lang": "en", "type": "literal", "value": "Spring Flowers"}, "object": {"type": "uri", "value": "http://www.wikidata.org/entity/Q12321255"}, "objectLabel": {"xml:lang": "en", "type": "literal", "value": "canvas"}, "predicateLabel": {"xml:lang": "en", "type": "literal", "value": "made from material"}}, {"subjectLabel": {"xml:lang": "en", "type": "literal", "value": "Spring Flowers"}, "object": {"type": "uri", "value": "http://www.wikidata.org/entity/Q12303833"}, "objectLabel": {"xml:lang": "en", "type": "literal", "value": "floral painting"}, "predicateLabel": {"xml:lang": "en", "type": "literal", "value": "genre"}}, {"subjectLabel": {"xml:lang": "en", "type": "literal", "value": "Spring Flowers"}, "object": {"type": "uri", "value": "http://www.wikidata.org/entity/Q3305213"}, "objectLabel": {"xml:lang": "en", "type": "literal", "value": "painting"}, "predicateLabel": {"xml:lang": "en", "type": "literal", "value": "instance of"}}, {"subjectLabel": {"xml:lang": "en", "type": "literal", "value": "Spring Flowers"}, "object": {"type": "uri", "value": "http://www.wikidata.org/entity/Q296955"}, "objectLabel": {"xml:lang": "en", "type": "literal", "value": "oil paint"}, "predicateLabel": {"xml:lang": "en", "type": "literal", "value": "made from material"}}, {"subjectLabel": {"xml:lang": "en", "type": "literal", "value": "Spring Flowers"}, "object": {"type": "uri", "value": "http://www.wikidata.org/entity/Q29202730"}, "objectLabel": {"xml:lang": "en", "type": "literal", "value": "A Concise Catalogue of the European Paintings in the Metropolitan Museum of Art"}, "predicateLabel": {"xml:lang": "en", "type": "literal", "value": "published in"}}, {"subjectLabel": {"xml:lang": "en", "type": "literal", "value": "Spring Flowers"}, "object": {"type": "uri", "value": "http://www.wikidata.org/entity/Q30034336"}, "objectLabel": {"xml:lang": "en", "type": "literal", "value": "French Paintings: A Catalogue of the Collection of The Metropolitan Museum of Art. Vol. 2, Nineteenth Century"}, "predicateLabel": {"xml:lang": "en", "type": "literal", "value": "published in"}}, {"subjectLabel": {"xml:lang": "en", "type": "literal", "value": "Spring Flowers"}, "object": {"type": "uri", "value": "http://www.wikidata.org/entity/Q28861951"}, "objectLabel": {"xml:lang": "en", "type": "literal", "value": "European Paintings in The Metropolitan Museum of Art by Artists Born before 1865: A Summary Catalogue"}, "predicateLabel": {"xml:lang": "en", "type": "literal", "value": "published in"}}], "Q19906252": [{"subjectLabel": {"xml:lang": "en", "type": "literal", "value": "Madonna and Child with Saints and Donors"}, "object": {"type": "uri", "value": "http://www.wikidata.org/entity/Q30"}, "objectLabel": {"xml:lang": "en", "type": "literal", "value": "United States of America"}, "predicateLabel": {"xml:lang": "en", "type": "literal", "value": "country"}}, {"subjectLabel": {"xml:lang": "en", "type": "literal", "value": "Madonna and Child with Saints and Donors"}, "object": {"type": "uri", "value": "http://www.wikidata.org/entity/Q287"}, "objectLabel": {"xml:lang": "en", "type": "literal", "value": "wood"}, "predicateLabel": {"xml:lang": "en", "type": "literal", "value": "made from material"}}, {"subjectLabel": {"xml:lang": "en", "type": "literal", "value": "Madonna and Child with Saints and Donors"}, "object": {"type": "uri", "value": "http://www.wikidata.org/entity/Q302"}, "objectLabel": {"xml:lang": "en", "type": "literal", "value": "Jesus"}, "predicateLabel": {"xml:lang": "en", "type": "literal", "value": "depicts"}}, {"subjectLabel": {"xml:lang": "en", "type": "literal", "value": "Madonna and Child with Saints and Donors"}, "object": {"type": "uri", "value": "http://www.wikidata.org/entity/Q345"}, "objectLabel": {"xml:lang": "en", "type": "literal", "value": "Virgin Mary"}, "predicateLabel": {"xml:lang": "en", "type": "literal", "value": "depicts"}}, {"subjectLabel": {"xml:lang": "en", "type": "literal", "value": "Madonna and Child with Saints and Donors"}, "object": {"type": "uri", "value": "http://www.wikidata.org/entity/Q5043"}, "objectLabel": {"xml:lang": "en", "type": "literal", "value": "Christianity"}, "predicateLabel": {"xml:lang": "en", "type": "literal", "value": "religion or worldview"}}, {"subjectLabel": {"xml:lang": "en", "type": "literal", "value": "Madonna and Child with Saints and Donors"}, "object": {"type": "uri", "value": "http://www.wikidata.org/entity/Q43115"}, "objectLabel": {"xml:lang": "en", "type": "literal", "value": "saint"}, "predicateLabel": {"xml:lang": "en", "type": "literal", "value": "depicts"}}, {"subjectLabel": {"xml:lang": "en", "type": "literal", "value": "Madonna and Child with Saints and Donors"}, "object": {"type": "uri", "value": "http://www.wikidata.org/entity/Q8441"}, "objectLabel": {"xml:lang": "en", "type": "literal", "value": "man"}, "predicateLabel": {"xml:lang": "en", "type": "literal", "value": "depicts"}}, {"subjectLabel": {"xml:lang": "en", "type": "literal", "value": "Madonna and Child with Saints and Donors"}, "object": {"type": "uri", "value": "http://www.wikidata.org/entity/Q50001"}, "objectLabel": {"xml:lang": "en", "type": "literal", "value": "Italians"}, "predicateLabel": {"xml:lang": "en", "type": "literal", "value": "depicts"}}, {"subjectLabel": {"xml:lang": "en", "type": "literal", "value": "Madonna and Child with Saints and Donors"}, "object": {"type": "uri", "value": "http://www.wikidata.org/entity/Q733786"}, "objectLabel": {"xml:lang": "en", "type": "literal", "value": "monk"}, "predicateLabel": {"xml:lang": "en", "type": "literal", "value": "depicts"}}, {"subjectLabel": {"xml:lang": "en", "type": "literal", "value": "Madonna and Child with Saints and Donors"}, "object": {"type": "uri", "value": "http://www.wikidata.org/entity/Q467"}, "objectLabel": {"xml:lang": "en", "type": "literal", "value": "woman"}, "predicateLabel": {"xml:lang": "en", "type": "literal", "value": "depicts"}}, {"subjectLabel": {"xml:lang": "en", "type": "literal", "value": "Madonna and Child with Saints and Donors"}, "object": {"type": "uri", "value": "http://www.wikidata.org/entity/Q19652"}, "objectLabel": {"xml:lang": "en", "type": "literal", "value": "public domain"}, "predicateLabel": {"xml:lang": "en", "type": "literal", "value": "copyright status"}}, {"subjectLabel": {"xml:lang": "en", "type": "literal", "value": "Madonna and Child with Saints and Donors"}, "object": {"type": "uri", "value": "http://www.wikidata.org/entity/Q942467"}, "objectLabel": {"xml:lang": "en", "type": "literal", "value": "Christ Child"}, "predicateLabel": {"xml:lang": "en", "type": "literal", "value": "depicts"}}, {"subjectLabel": {"xml:lang": "en", "type": "literal", "value": "Madonna and Child with Saints and Donors"}, "object": {"type": "uri", "value": "http://www.wikidata.org/entity/Q437001"}, "objectLabel": {"xml:lang": "en", "type": "literal", "value": "Ernst August, Crown Prince of Hanover"}, "predicateLabel": {"xml:lang": "en", "type": "literal", "value": "collection"}}, {"subjectLabel": {"xml:lang": "en", "type": "literal", "value": "Madonna and Child with Saints and Donors"}, "object": {"type": "uri", "value": "http://www.wikidata.org/entity/Q825185"}, "objectLabel": {"xml:lang": "en", "type": "literal", "value": "Bernhard Hausmann"}, "predicateLabel": {"xml:lang": "en", "type": "literal", "value": "collection"}}, {"subjectLabel": {"xml:lang": "en", "type": "literal", "value": "Madonna and Child with Saints and Donors"}, "object": {"type": "uri", "value": "http://www.wikidata.org/entity/Q30057438"}, "objectLabel": {"xml:lang": "en", "type": "literal", "value": "Josephine Bieber"}, "predicateLabel": {"xml:lang": "en", "type": "literal", "value": "collection"}}, {"subjectLabel": {"xml:lang": "en", "type": "literal", "value": "Madonna and Child with Saints and Donors"}, "object": {"type": "uri", "value": "http://www.wikidata.org/entity/Q160236"}, "objectLabel": {"xml:lang": "en", "type": "literal", "value": "Metropolitan Museum of Art"}, "predicateLabel": {"xml:lang": "en", "type": "literal", "value": "collection"}}, {"subjectLabel": {"xml:lang": "en", "type": "literal", "value": "Madonna and Child with Saints and Donors"}, "object": {"type": "uri", "value": "http://www.wikidata.org/entity/Q57428"}, "objectLabel": {"xml:lang": "en", "type": "literal", "value": "Georg V of Hanover"}, "predicateLabel": {"xml:lang": "en", "type": "literal", "value": "collection"}}, {"subjectLabel": {"xml:lang": "en", "type": "literal", "value": "Madonna and Child with Saints and Donors"}, "object": {"type": "uri", "value": "http://www.wikidata.org/entity/Q79135"}, "objectLabel": {"xml:lang": "en", "type": "literal", "value": "Ludwig von Wallmoden-Gimborn"}, "predicateLabel": {"xml:lang": "en", "type": "literal", "value": "collection"}}, {"subjectLabel": {"xml:lang": "en", "type": "literal", "value": "Madonna and Child with Saints and Donors"}, "object": {"type": "uri", "value": "http://www.wikidata.org/entity/Q160236"}, "objectLabel": {"xml:lang": "en", "type": "literal", "value": "Metropolitan Museum of Art"}, "predicateLabel": {"xml:lang": "en", "type": "literal", "value": "owned by"}}, {"subjectLabel": {"xml:lang": "en", "type": "literal", "value": "Madonna and Child with Saints and Donors"}, "object": {"type": "uri", "value": "http://www.wikidata.org/entity/Q160236"}, "objectLabel": {"xml:lang": "en", "type": "literal", "value": "Metropolitan Museum of Art"}, "predicateLabel": {"xml:lang": "en", "type": "literal", "value": "location"}}, {"subjectLabel": {"xml:lang": "en", "type": "literal", "value": "Madonna and Child with Saints and Donors"}, "object": {"type": "uri", "value": "http://www.wikidata.org/entity/Q30057438"}, "objectLabel": {"xml:lang": "en", "type": "literal", "value": "Josephine Bieber"}, "predicateLabel": {"xml:lang": "en", "type": "literal", "value": "donated by"}}, {"subjectLabel": {"xml:lang": "en", "type": "literal", "value": "Madonna and Child with Saints and Donors"}, "object": {"type": "uri", "value": "http://www.wikidata.org/entity/Q28837176"}, "objectLabel": {"xml:lang": "en", "type": "literal", "value": "Heilbrunn Timeline of Art History"}, "predicateLabel": {"xml:lang": "en", "type": "literal", "value": "described by source"}}, {"subjectLabel": {"xml:lang": "en", "type": "literal", "value": "Madonna and Child with Saints and Donors"}, "object": {"type": "uri", "value": "http://www.wikidata.org/entity/Q1474884"}, "objectLabel": {"xml:lang": "en", "type": "literal", "value": "High Renaissance"}, "predicateLabel": {"xml:lang": "en", "type": "literal", "value": "movement"}}, {"subjectLabel": {"xml:lang": "en", "type": "literal", "value": "Madonna and Child with Saints and Donors"}, "object": {"type": "uri", "value": "http://www.wikidata.org/entity/Q9309699"}, "objectLabel": {"xml:lang": "en", "type": "literal", "value": "Madonna and Child"}, "predicateLabel": {"xml:lang": "en", "type": "literal", "value": "depicts"}}, {"subjectLabel": {"xml:lang": "en", "type": "literal", "value": "Madonna and Child with Saints and Donors"}, "object": {"type": "uri", "value": "http://www.wikidata.org/entity/Q15767062"}, "objectLabel": {"xml:lang": "en", "type": "literal", "value": "The Metropolitan Museum of Art Bulletin"}, "predicateLabel": {"xml:lang": "en", "type": "literal", "value": "published in"}}, {"subjectLabel": {"xml:lang": "en", "type": "literal", "value": "Madonna and Child with Saints and Donors"}, "object": {"type": "uri", "value": "http://www.wikidata.org/entity/Q28861951"}, "objectLabel": {"xml:lang": "en", "type": "literal", "value": "European Paintings in The Metropolitan Museum of Art by Artists Born before 1865: A Summary Catalogue"}, "predicateLabel": {"xml:lang": "en", "type": "literal", "value": "published in"}}, {"subjectLabel": {"xml:lang": "en", "type": "literal", "value": "Madonna and Child with Saints and Donors"}, "object": {"type": "uri", "value": "http://www.wikidata.org/entity/Q235155"}, "objectLabel": {"xml:lang": "en", "type": "literal", "value": "white people"}, "predicateLabel": {"xml:lang": "en", "type": "literal", "value": "depicts"}}, {"subjectLabel": {"xml:lang": "en", "type": "literal", "value": "Madonna and Child with Saints and Donors"}, "object": {"type": "uri", "value": "http://www.wikidata.org/entity/Q216300"}, "objectLabel": {"xml:lang": "en", "type": "literal", "value": "Johann Ludwig, Reichsgraf von Wallmoden-Gimborn"}, "predicateLabel": {"xml:lang": "en", "type": "literal", "value": "collection"}}, {"subjectLabel": {"xml:lang": "en", "type": "literal", "value": "Madonna and Child with Saints and Donors"}, "object": {"type": "uri", "value": "http://www.wikidata.org/entity/Q3305213"}, "objectLabel": {"xml:lang": "en", "type": "literal", "value": "painting"}, "predicateLabel": {"xml:lang": "en", "type": "literal", "value": "instance of"}}, {"subjectLabel": {"xml:lang": "en", "type": "literal", "value": "Madonna and Child with Saints and Donors"}, "object": {"type": "uri", "value": "http://www.wikidata.org/entity/Q296955"}, "objectLabel": {"xml:lang": "en", "type": "literal", "value": "oil paint"}, "predicateLabel": {"xml:lang": "en", "type": "literal", "value": "made from material"}}, {"subjectLabel": {"xml:lang": "en", "type": "literal", "value": "Madonna and Child with Saints and Donors"}, "object": {"type": "uri", "value": "http://www.wikidata.org/entity/Q2864737"}, "objectLabel": {"xml:lang": "en", "type": "literal", "value": "religious art"}, "predicateLabel": {"xml:lang": "en", "type": "literal", "value": "genre"}}, {"subjectLabel": {"xml:lang": "en", "type": "literal", "value": "Madonna and Child with Saints and Donors"}, "object": {"type": "uri", "value": "http://www.wikidata.org/entity/Q9309699"}, "objectLabel": {"xml:lang": "en", "type": "literal", "value": "Madonna and Child"}, "predicateLabel": {"xml:lang": "en", "type": "literal", "value": "main subject"}}]}