{"Q2381346": [{"subjectLabel": {"xml:lang": "en", "type": "literal", "value": "Southeastern Switzerland"}, "object": {"type": "uri", "value": "http://www.wikidata.org/entity/Q39"}, "objectLabel": {"xml:lang": "en", "type": "literal", "value": "Switzerland"}, "predicateLabel": {"xml:lang": "en", "type": "literal", "value": "country"}}, {"subjectLabel": {"xml:lang": "en", "type": "literal", "value": "Southeastern Switzerland"}, "object": {"type": "uri", "value": "http://www.wikidata.org/entity/Q82794"}, "objectLabel": {"xml:lang": "en", "type": "literal", "value": "geographic region"}, "predicateLabel": {"xml:lang": "en", "type": "literal", "value": "instance of"}}, {"subjectLabel": {"xml:lang": "en", "type": "literal", "value": "Southeastern Switzerland"}, "object": {"type": "uri", "value": "http://www.wikidata.org/entity/Q31003"}, "objectLabel": {"xml:lang": "en", "type": "literal", "value": "Eastern Switzerland"}, "predicateLabel": {"xml:lang": "en", "type": "literal", "value": "part of"}}], "Q1614881": [{"subjectLabel": {"xml:lang": "en", "type": "literal", "value": "list of cultural properties in Graub\u00fcnden"}, "object": {"type": "uri", "value": "http://www.wikidata.org/entity/Q39"}, "objectLabel": {"xml:lang": "en", "type": "literal", "value": "Switzerland"}, "predicateLabel": {"xml:lang": "en", "type": "literal", "value": "country"}}, {"subjectLabel": {"xml:lang": "en", "type": "literal", "value": "list of cultural properties in Graub\u00fcnden"}, "object": {"type": "uri", "value": "http://www.wikidata.org/entity/Q11925"}, "objectLabel": {"xml:lang": "en", "type": "literal", "value": "Grisons"}, "predicateLabel": {"xml:lang": "en", "type": "literal", "value": "located in the administrative territorial entity"}}, {"subjectLabel": {"xml:lang": "en", "type": "literal", "value": "list of cultural properties in Graub\u00fcnden"}, "object": {"type": "uri", "value": "http://www.wikidata.org/entity/Q13406463"}, "objectLabel": {"xml:lang": "en", "type": "literal", "value": "Wikimedia list article"}, "predicateLabel": {"xml:lang": "en", "type": "literal", "value": "instance of"}}, {"subjectLabel": {"xml:lang": "en", "type": "literal", "value": "list of cultural properties in Graub\u00fcnden"}, "object": {"type": "uri", "value": "http://www.wikidata.org/entity/Q2065736"}, "objectLabel": {"xml:lang": "en", "type": "literal", "value": "cultural property"}, "predicateLabel": {"xml:lang": "en", "type": "literal", "value": "is a list of"}}], "Q66055": [{"subjectLabel": {"xml:lang": "en", "type": "literal", "value": "fraction"}, "object": {"type": "uri", "value": "http://www.wikidata.org/entity/Q1140046"}, "objectLabel": {"xml:lang": "en", "type": "literal", "value": "mathematical notation"}, "predicateLabel": {"xml:lang": "en", "type": "literal", "value": "subclass of"}}, {"subjectLabel": {"xml:lang": "en", "type": "literal", "value": "fraction"}, "object": {"type": "uri", "value": "http://www.wikidata.org/entity/Q1244890"}, "objectLabel": {"xml:lang": "en", "type": "literal", "value": "rational number"}, "predicateLabel": {"xml:lang": "en", "type": "literal", "value": "subclass of"}}, {"subjectLabel": {"xml:lang": "en", "type": "literal", "value": "fraction"}, "object": {"type": "uri", "value": "http://www.wikidata.org/entity/Q115203852"}, "objectLabel": {"xml:lang": "en", "type": "literal", "value": "Matemaatikaleksikon"}, "predicateLabel": {"xml:lang": "en", "type": "literal", "value": "described by source"}}, {"subjectLabel": {"xml:lang": "en", "type": "literal", "value": "fraction"}, "object": {"type": "uri", "value": "http://www.wikidata.org/entity/Q19047539"}, "objectLabel": {"xml:lang": "en", "type": "literal", "value": "Collier's New Encyclopedia, 1921"}, "predicateLabel": {"xml:lang": "en", "type": "literal", "value": "described by source"}}, {"subjectLabel": {"xml:lang": "en", "type": "literal", "value": "fraction"}, "object": {"type": "uri", "value": "http://www.wikidata.org/entity/Q602358"}, "objectLabel": {"xml:lang": "en", "type": "literal", "value": "Brockhaus and Efron Encyclopedic Dictionary"}, "predicateLabel": {"xml:lang": "en", "type": "literal", "value": "described by source"}}, {"subjectLabel": {"xml:lang": "en", "type": "literal", "value": "fraction"}, "object": {"type": "uri", "value": "http://www.wikidata.org/entity/Q2041543"}, "objectLabel": {"xml:lang": "en", "type": "literal", "value": "Ott\u016fv slovn\u00edk nau\u010dn\u00fd"}, "predicateLabel": {"xml:lang": "en", "type": "literal", "value": "described by source"}}, {"subjectLabel": {"xml:lang": "en", "type": "literal", "value": "fraction"}, "object": {"type": "uri", "value": "http://www.wikidata.org/entity/Q131105"}, "objectLabel": {"xml:lang": "en", "type": "literal", "value": "nominative case"}, "predicateLabel": {"xml:lang": "en", "type": "literal", "value": "different from"}}, {"subjectLabel": {"xml:lang": "en", "type": "literal", "value": "fraction"}, "object": {"type": "uri", "value": "http://www.wikidata.org/entity/Q2279584"}, "objectLabel": {"xml:lang": "en", "type": "literal", "value": "numerator"}, "predicateLabel": {"xml:lang": "en", "type": "literal", "value": "has part(s)"}}, {"subjectLabel": {"xml:lang": "en", "type": "literal", "value": "fraction"}, "object": {"type": "uri", "value": "http://www.wikidata.org/entity/Q3044574"}, "objectLabel": {"xml:lang": "en", "type": "literal", "value": "denominator"}, "predicateLabel": {"xml:lang": "en", "type": "literal", "value": "has part(s)"}}, {"subjectLabel": {"xml:lang": "en", "type": "literal", "value": "fraction"}, "object": {"type": "uri", "value": "http://www.wikidata.org/entity/Q5375740"}, "objectLabel": {"xml:lang": "en", "type": "literal", "value": "Encyclop\u00e6dia Britannica First Edition"}, "predicateLabel": {"xml:lang": "en", "type": "literal", "value": "described by source"}}, {"subjectLabel": {"xml:lang": "en", "type": "literal", "value": "fraction"}, "object": {"type": "uri", "value": "http://www.wikidata.org/entity/Q6173448"}, "objectLabel": {"xml:lang": "en", "type": "literal", "value": "Wikipedia:Vital articles/Level/4"}, "predicateLabel": {"xml:lang": "en", "type": "literal", "value": "on focus list of Wikimedia project"}}, {"subjectLabel": {"xml:lang": "en", "type": "literal", "value": "fraction"}, "object": {"type": "uri", "value": "http://www.wikidata.org/entity/Q8487137"}, "objectLabel": {"xml:lang": "en", "type": "literal", "value": "WikiProject Mathematics"}, "predicateLabel": {"xml:lang": "en", "type": "literal", "value": "maintained by WikiProject"}}, {"subjectLabel": {"xml:lang": "en", "type": "literal", "value": "fraction"}, "object": {"type": "uri", "value": "http://www.wikidata.org/entity/Q10806324"}, "objectLabel": {"xml:lang": "en", "type": "literal", "value": "Template:Fraction"}, "predicateLabel": {"xml:lang": "en", "type": "literal", "value": "topic's main template"}}, {"subjectLabel": {"xml:lang": "en", "type": "literal", "value": "fraction"}, "object": {"type": "uri", "value": "http://www.wikidata.org/entity/Q7307097"}, "objectLabel": {"xml:lang": "en", "type": "literal", "value": "Category:Fractions (mathematics)"}, "predicateLabel": {"xml:lang": "en", "type": "literal", "value": "topic's main category"}}], "Q128234": [{"subjectLabel": {"xml:lang": "en", "type": "literal", "value": "case"}, "object": {"type": "uri", "value": "http://www.wikidata.org/entity/Q124737633"}, "objectLabel": {"xml:lang": "en", "type": "literal", "value": "Armenian Soviet Encyclopedia, vol. 6"}, "predicateLabel": {"xml:lang": "en", "type": "literal", "value": "described by source"}}, {"subjectLabel": {"xml:lang": "en", "type": "literal", "value": "case"}, "object": {"type": "uri", "value": "http://www.wikidata.org/entity/Q602358"}, "objectLabel": {"xml:lang": "en", "type": "literal", "value": "Brockhaus and Efron Encyclopedic Dictionary"}, "predicateLabel": {"xml:lang": "en", "type": "literal", "value": "described by source"}}, {"subjectLabel": {"xml:lang": "en", "type": "literal", "value": "case"}, "object": {"type": "uri", "value": "http://www.wikidata.org/entity/Q4091878"}, "objectLabel": {"xml:lang": "en", "type": "literal", "value": "Yuzhakov Big Encyclopedia"}, "predicateLabel": {"xml:lang": "en", "type": "literal", "value": "described by source"}}, {"subjectLabel": {"xml:lang": "en", "type": "literal", "value": "case"}, "object": {"type": "uri", "value": "http://www.wikidata.org/entity/Q2041543"}, "objectLabel": {"xml:lang": "en", "type": "literal", "value": "Ott\u016fv slovn\u00edk nau\u010dn\u00fd"}, "predicateLabel": {"xml:lang": "en", "type": "literal", "value": "described by source"}}, {"subjectLabel": {"xml:lang": "en", "type": "literal", "value": "case"}, "object": {"type": "uri", "value": "http://www.wikidata.org/entity/P2989"}, "objectLabel": {"xml:lang": "en", "type": "literal", "value": "has grammatical case"}, "predicateLabel": {"xml:lang": "en", "type": "literal", "value": "Wikidata property"}}, {"subjectLabel": {"xml:lang": "en", "type": "literal", "value": "case"}, "object": {"type": "uri", "value": "http://www.wikidata.org/entity/Q980357"}, "objectLabel": {"xml:lang": "en", "type": "literal", "value": "grammatical category"}, "predicateLabel": {"xml:lang": "en", "type": "literal", "value": "subclass of"}}, {"subjectLabel": {"xml:lang": "en", "type": "literal", "value": "case"}, "object": {"type": "uri", "value": "http://www.wikidata.org/entity/Q1735511"}, "objectLabel": {"xml:lang": "en", "type": "literal", "value": "case grammar"}, "predicateLabel": {"xml:lang": "en", "type": "literal", "value": "different from"}}, {"subjectLabel": {"xml:lang": "en", "type": "literal", "value": "case"}, "object": {"type": "uri", "value": "http://www.wikidata.org/entity/Q6173448"}, "objectLabel": {"xml:lang": "en", "type": "literal", "value": "Wikipedia:Vital articles/Level/4"}, "predicateLabel": {"xml:lang": "en", "type": "literal", "value": "on focus list of Wikimedia project"}}, {"subjectLabel": {"xml:lang": "en", "type": "literal", "value": "case"}, "object": {"type": "uri", "value": "http://www.wikidata.org/entity/Q19180675"}, "objectLabel": {"xml:lang": "en", "type": "literal", "value": "Small Brockhaus and Efron Encyclopedic Dictionary"}, "predicateLabel": {"xml:lang": "en", "type": "literal", "value": "described by source"}}, {"subjectLabel": {"xml:lang": "en", "type": "literal", "value": "case"}, "object": {"type": "uri", "value": "http://www.wikidata.org/entity/Q20078554"}, "objectLabel": {"xml:lang": "en", "type": "literal", "value": "Great Soviet Encyclopedia (1926\u20131947)"}, "predicateLabel": {"xml:lang": "en", "type": "literal", "value": "described by source"}}, {"subjectLabel": {"xml:lang": "en", "type": "literal", "value": "case"}, "object": {"type": "uri", "value": "http://www.wikidata.org/entity/Q8498124"}, "objectLabel": {"xml:lang": "en", "type": "literal", "value": "Category:Grammatical cases"}, "predicateLabel": {"xml:lang": "en", "type": "literal", "value": "topic's main category"}}], "Q164573": [{"subjectLabel": {"xml:lang": "en", "type": "literal", "value": "subject"}, "object": {"type": "uri", "value": "http://www.wikidata.org/entity/Q41796"}, "objectLabel": {"xml:lang": "en", "type": "literal", "value": "sentence"}, "predicateLabel": {"xml:lang": "en", "type": "literal", "value": "part of"}}, {"subjectLabel": {"xml:lang": "en", "type": "literal", "value": "subject"}, "object": {"type": "uri", "value": "http://www.wikidata.org/entity/Q19180675"}, "objectLabel": {"xml:lang": "en", "type": "literal", "value": "Small Brockhaus and Efron Encyclopedic Dictionary"}, "predicateLabel": {"xml:lang": "en", "type": "literal", "value": "described by source"}}, {"subjectLabel": {"xml:lang": "en", "type": "literal", "value": "subject"}, "object": {"type": "uri", "value": "http://www.wikidata.org/entity/Q2041543"}, "objectLabel": {"xml:lang": "en", "type": "literal", "value": "Ott\u016fv slovn\u00edk nau\u010dn\u00fd"}, "predicateLabel": {"xml:lang": "en", "type": "literal", "value": "described by source"}}, {"subjectLabel": {"xml:lang": "en", "type": "literal", "value": "subject"}, "object": {"type": "uri", "value": "http://www.wikidata.org/entity/Q23857524"}, "objectLabel": {"xml:lang": "en", "type": "literal", "value": "Ott\u016fv slovn\u00edk nau\u010dn\u00fd/Volume 1"}, "predicateLabel": {"xml:lang": "en", "type": "literal", "value": "described by source"}}, {"subjectLabel": {"xml:lang": "en", "type": "literal", "value": "subject"}, "object": {"type": "uri", "value": "http://www.wikidata.org/entity/Q392648"}, "objectLabel": {"xml:lang": "en", "type": "literal", "value": "agent"}, "predicateLabel": {"xml:lang": "en", "type": "literal", "value": "different from"}}, {"subjectLabel": {"xml:lang": "en", "type": "literal", "value": "subject"}, "object": {"type": "uri", "value": "http://www.wikidata.org/entity/Q602358"}, "objectLabel": {"xml:lang": "en", "type": "literal", "value": "Brockhaus and Efron Encyclopedic Dictionary"}, "predicateLabel": {"xml:lang": "en", "type": "literal", "value": "described by source"}}, {"subjectLabel": {"xml:lang": "en", "type": "literal", "value": "subject"}, "object": {"type": "uri", "value": "http://www.wikidata.org/entity/Q575882"}, "objectLabel": {"xml:lang": "en", "type": "literal", "value": "sentence constituent"}, "predicateLabel": {"xml:lang": "en", "type": "literal", "value": "subclass of"}}], "Q1751855": [{"subjectLabel": {"xml:lang": "en", "type": "literal", "value": "direct case"}, "object": {"type": "uri", "value": "http://www.wikidata.org/entity/Q128234"}, "objectLabel": {"xml:lang": "en", "type": "literal", "value": "case"}, "predicateLabel": {"xml:lang": "en", "type": "literal", "value": "instance of"}}, {"subjectLabel": {"xml:lang": "en", "type": "literal", "value": "direct case"}, "object": {"type": "uri", "value": "http://www.wikidata.org/entity/Q131105"}, "objectLabel": {"xml:lang": "en", "type": "literal", "value": "nominative case"}, "predicateLabel": {"xml:lang": "en", "type": "literal", "value": "said to be the same as"}}, {"subjectLabel": {"xml:lang": "en", "type": "literal", "value": "direct case"}, "object": {"type": "uri", "value": "http://www.wikidata.org/entity/Q1233197"}, "objectLabel": {"xml:lang": "en", "type": "literal", "value": "oblique case"}, "predicateLabel": {"xml:lang": "en", "type": "literal", "value": "opposite of"}}], "Q118465996": [{"subjectLabel": {"xml:lang": "en", "type": "literal", "value": "Mare Magnum volume 82"}, "object": {"type": "uri", "value": "http://www.wikidata.org/entity/Q150"}, "objectLabel": {"xml:lang": "en", "type": "literal", "value": "French"}, "predicateLabel": {"xml:lang": "en", "type": "literal", "value": "language of work or name"}}, {"subjectLabel": {"xml:lang": "en", "type": "literal", "value": "Mare Magnum volume 82"}, "object": {"type": "uri", "value": "http://www.wikidata.org/entity/Q397"}, "objectLabel": {"xml:lang": "en", "type": "literal", "value": "Latin"}, "predicateLabel": {"xml:lang": "en", "type": "literal", "value": "language of work or name"}}, {"subjectLabel": {"xml:lang": "en", "type": "literal", "value": "Mare Magnum volume 82"}, "object": {"type": "uri", "value": "http://www.wikidata.org/entity/Q652"}, "objectLabel": {"xml:lang": "en", "type": "literal", "value": "Italian"}, "predicateLabel": {"xml:lang": "en", "type": "literal", "value": "language of work or name"}}, {"subjectLabel": {"xml:lang": "en", "type": "literal", "value": "Mare Magnum volume 82"}, "object": {"type": "uri", "value": "http://www.wikidata.org/entity/Q87167"}, "objectLabel": {"xml:lang": "en", "type": "literal", "value": "manuscript"}, "predicateLabel": {"xml:lang": "en", "type": "literal", "value": "instance of"}}, {"subjectLabel": {"xml:lang": "en", "type": "literal", "value": "Mare Magnum volume 82"}, "object": {"type": "uri", "value": "http://www.wikidata.org/entity/Q1631107"}, "objectLabel": {"xml:lang": "en", "type": "literal", "value": "bibliography"}, "predicateLabel": {"xml:lang": "en", "type": "literal", "value": "genre"}}, {"subjectLabel": {"xml:lang": "en", "type": "literal", "value": "Mare Magnum volume 82"}, "object": {"type": "uri", "value": "http://www.wikidata.org/entity/Q6497044"}, "objectLabel": {"xml:lang": "en", "type": "literal", "value": "history of literature"}, "predicateLabel": {"xml:lang": "en", "type": "literal", "value": "main subject"}}, {"subjectLabel": {"xml:lang": "en", "type": "literal", "value": "Mare Magnum volume 82"}, "object": {"type": "uri", "value": "http://www.wikidata.org/entity/Q116771656"}, "objectLabel": {"xml:lang": "en", "type": "literal", "value": "Mare Magnum"}, "predicateLabel": {"xml:lang": "en", "type": "literal", "value": "part of"}}], "Q145050": [{"subjectLabel": {"xml:lang": "en", "type": "literal", "value": "language society (17th an 18th century)"}, "object": {"type": "uri", "value": "http://www.wikidata.org/entity/Q955824"}, "objectLabel": {"xml:lang": "en", "type": "literal", "value": "learned society"}, "predicateLabel": {"xml:lang": "en", "type": "literal", "value": "subclass of"}}, {"subjectLabel": {"xml:lang": "en", "type": "literal", "value": "language society (17th an 18th century)"}, "object": {"type": "uri", "value": "http://www.wikidata.org/entity/Q2093358"}, "objectLabel": {"xml:lang": "en", "type": "literal", "value": "language regulator"}, "predicateLabel": {"xml:lang": "en", "type": "literal", "value": "subclass of"}}], "Q414147": [{"subjectLabel": {"xml:lang": "en", "type": "literal", "value": "academy of sciences"}, "object": {"type": "uri", "value": "http://www.wikidata.org/entity/Q26180671"}, "objectLabel": {"xml:lang": "en", "type": "literal", "value": "list of academies of science"}, "predicateLabel": {"xml:lang": "en", "type": "literal", "value": "has list"}}, {"subjectLabel": {"xml:lang": "en", "type": "literal", "value": "academy of sciences"}, "object": {"type": "uri", "value": "http://www.wikidata.org/entity/Q193093"}, "objectLabel": {"xml:lang": "en", "type": "literal", "value": "Platonic Academy"}, "predicateLabel": {"xml:lang": "en", "type": "literal", "value": "named after"}}, {"subjectLabel": {"xml:lang": "en", "type": "literal", "value": "academy of sciences"}, "object": {"type": "uri", "value": "http://www.wikidata.org/entity/Q162633"}, "objectLabel": {"xml:lang": "en", "type": "literal", "value": "academy"}, "predicateLabel": {"xml:lang": "en", "type": "literal", "value": "subclass of"}}, {"subjectLabel": {"xml:lang": "en", "type": "literal", "value": "academy of sciences"}, "object": {"type": "uri", "value": "http://www.wikidata.org/entity/Q748019"}, "objectLabel": {"xml:lang": "en", "type": "literal", "value": "scientific society"}, "predicateLabel": {"xml:lang": "en", "type": "literal", "value": "subclass of"}}, {"subjectLabel": {"xml:lang": "en", "type": "literal", "value": "academy of sciences"}, "object": {"type": "uri", "value": "http://www.wikidata.org/entity/Q5642868"}, "objectLabel": {"xml:lang": "en", "type": "literal", "value": "Category:Academies of sciences"}, "predicateLabel": {"xml:lang": "en", "type": "literal", "value": "topic's main category"}}, {"subjectLabel": {"xml:lang": "en", "type": "literal", "value": "academy of sciences"}, "object": {"type": "uri", "value": "http://www.wikidata.org/entity/Q16291146"}, "objectLabel": {"xml:lang": "en", "type": "literal", "value": "Academy of sciences"}, "predicateLabel": {"xml:lang": "en", "type": "literal", "value": "different from"}}], "Q955824": [{"subjectLabel": {"xml:lang": "en", "type": "literal", "value": "learned society"}, "object": {"type": "uri", "value": "http://www.wikidata.org/entity/P3712"}, "objectLabel": {"xml:lang": "en", "type": "literal", "value": "has goal"}, "predicateLabel": {"xml:lang": "en", "type": "literal", "value": "properties for this type"}}, {"subjectLabel": {"xml:lang": "en", "type": "literal", "value": "learned society"}, "object": {"type": "uri", "value": "http://www.wikidata.org/entity/P3989"}, "objectLabel": {"xml:lang": "en", "type": "literal", "value": "members have occupation"}, "predicateLabel": {"xml:lang": "en", "type": "literal", "value": "properties for this type"}}, {"subjectLabel": {"xml:lang": "en", "type": "literal", "value": "learned society"}, "object": {"type": "uri", "value": "http://www.wikidata.org/entity/P159"}, "objectLabel": {"xml:lang": "en", "type": "literal", "value": "headquarters location"}, "predicateLabel": {"xml:lang": "en", "type": "literal", "value": "properties for this type"}}, {"subjectLabel": {"xml:lang": "en", "type": "literal", "value": "learned society"}, "object": {"type": "uri", "value": "http://www.wikidata.org/entity/P17"}, "objectLabel": {"xml:lang": "en", "type": "literal", "value": "country"}, "predicateLabel": {"xml:lang": "en", "type": "literal", "value": "properties for this type"}}, {"subjectLabel": {"xml:lang": "en", "type": "literal", "value": "learned society"}, "object": {"type": "uri", "value": "http://www.wikidata.org/entity/P101"}, "objectLabel": {"xml:lang": "en", "type": "literal", "value": "field of work"}, "predicateLabel": {"xml:lang": "en", "type": "literal", "value": "properties for this type"}}, {"subjectLabel": {"xml:lang": "en", "type": "literal", "value": "learned society"}, "object": {"type": "uri", "value": "http://www.wikidata.org/entity/Q6173448"}, "objectLabel": {"xml:lang": "en", "type": "literal", "value": "Wikipedia:Vital articles/Level/4"}, "predicateLabel": {"xml:lang": "en", "type": "literal", "value": "on focus list of Wikimedia project"}}, {"subjectLabel": {"xml:lang": "en", "type": "literal", "value": "learned society"}, "object": {"type": "uri", "value": "http://www.wikidata.org/entity/Q16519632"}, "objectLabel": {"xml:lang": "en", "type": "literal", "value": "scientific organization"}, "predicateLabel": {"xml:lang": "en", "type": "literal", "value": "subclass of"}}, {"subjectLabel": {"xml:lang": "en", "type": "literal", "value": "learned society"}, "object": {"type": "uri", "value": "http://www.wikidata.org/entity/Q6815100"}, "objectLabel": {"xml:lang": "en", "type": "literal", "value": "membership organization"}, "predicateLabel": {"xml:lang": "en", "type": "literal", "value": "subclass of"}}, {"subjectLabel": {"xml:lang": "en", "type": "literal", "value": "learned society"}, "object": {"type": "uri", "value": "http://www.wikidata.org/entity/P571"}, "objectLabel": {"xml:lang": "en", "type": "literal", "value": "inception"}, "predicateLabel": {"xml:lang": "en", "type": "literal", "value": "properties for this type"}}, {"subjectLabel": {"xml:lang": "en", "type": "literal", "value": "learned society"}, "object": {"type": "uri", "value": "http://www.wikidata.org/entity/P576"}, "objectLabel": {"xml:lang": "en", "type": "literal", "value": "dissolved, abolished or demolished date"}, "predicateLabel": {"xml:lang": "en", "type": "literal", "value": "properties for this type"}}, {"subjectLabel": {"xml:lang": "en", "type": "literal", "value": "learned society"}, "object": {"type": "uri", "value": "http://www.wikidata.org/entity/Q8908660"}, "objectLabel": {"xml:lang": "en", "type": "literal", "value": "Category:Learned societies"}, "predicateLabel": {"xml:lang": "en", "type": "literal", "value": "topic's main category"}}, {"subjectLabel": {"xml:lang": "en", "type": "literal", "value": "learned society"}, "object": {"type": "uri", "value": "http://www.wikidata.org/entity/Q16519632"}, "objectLabel": {"xml:lang": "en", "type": "literal", "value": "scientific organization"}, "predicateLabel": {"xml:lang": "en", "type": "literal", "value": "partially coincident with"}}, {"subjectLabel": {"xml:lang": "en", "type": "literal", "value": "learned society"}, "object": {"type": "uri", "value": "http://www.wikidata.org/entity/Q31855"}, "objectLabel": {"xml:lang": "en", "type": "literal", "value": "research institute"}, "predicateLabel": {"xml:lang": "en", "type": "literal", "value": "different from"}}, {"subjectLabel": {"xml:lang": "en", "type": "literal", "value": "learned society"}, "object": {"type": "uri", "value": "http://www.wikidata.org/entity/Q48204"}, "objectLabel": {"xml:lang": "en", "type": "literal", "value": "voluntary association"}, "predicateLabel": {"xml:lang": "en", "type": "literal", "value": "subclass of"}}, {"subjectLabel": {"xml:lang": "en", "type": "literal", "value": "learned society"}, "object": {"type": "uri", "value": "http://www.wikidata.org/entity/Q431603"}, "objectLabel": {"xml:lang": "en", "type": "literal", "value": "advocacy group"}, "predicateLabel": {"xml:lang": "en", "type": "literal", "value": "subclass of"}}, {"subjectLabel": {"xml:lang": "en", "type": "literal", "value": "learned society"}, "object": {"type": "uri", "value": "http://www.wikidata.org/entity/Q748019"}, "objectLabel": {"xml:lang": "en", "type": "literal", "value": "scientific society"}, "predicateLabel": {"xml:lang": "en", "type": "literal", "value": "different from"}}, {"subjectLabel": {"xml:lang": "en", "type": "literal", "value": "learned society"}, "object": {"type": "uri", "value": "http://www.wikidata.org/entity/Q1391145"}, "objectLabel": {"xml:lang": "en", "type": "literal", "value": "professional society"}, "predicateLabel": {"xml:lang": "en", "type": "literal", "value": "different from"}}, {"subjectLabel": {"xml:lang": "en", "type": "literal", "value": "learned society"}, "object": {"type": "uri", "value": "http://www.wikidata.org/entity/Q867541"}, "objectLabel": {"xml:lang": "en", "type": "literal", "value": "Encyclop\u00e6dia Britannica 11th edition"}, "predicateLabel": {"xml:lang": "en", "type": "literal", "value": "described by source"}}]}