{"Q236122": [{"subjectLabel": {"xml:lang": "en", "type": "literal", "value": "Renaissance architecture"}, "object": {"type": "uri", "value": "http://www.wikidata.org/entity/Q32880"}, "objectLabel": {"xml:lang": "en", "type": "literal", "value": "architectural style"}, "predicateLabel": {"xml:lang": "en", "type": "literal", "value": "instance of"}}, {"subjectLabel": {"xml:lang": "en", "type": "literal", "value": "Renaissance architecture"}, "object": {"type": "uri", "value": "http://www.wikidata.org/entity/Q176483"}, "objectLabel": {"xml:lang": "en", "type": "literal", "value": "Gothic architecture"}, "predicateLabel": {"xml:lang": "en", "type": "literal", "value": "follows"}}, {"subjectLabel": {"xml:lang": "en", "type": "literal", "value": "Renaissance architecture"}, "object": {"type": "uri", "value": "http://www.wikidata.org/entity/Q502163"}, "objectLabel": {"xml:lang": "en", "type": "literal", "value": "Renaissance Revival architecture"}, "predicateLabel": {"xml:lang": "en", "type": "literal", "value": "different from"}}, {"subjectLabel": {"xml:lang": "en", "type": "literal", "value": "Renaissance architecture"}, "object": {"type": "uri", "value": "http://www.wikidata.org/entity/Q502163"}, "objectLabel": {"xml:lang": "en", "type": "literal", "value": "Renaissance Revival architecture"}, "predicateLabel": {"xml:lang": "en", "type": "literal", "value": "derivative work"}}, {"subjectLabel": {"xml:lang": "en", "type": "literal", "value": "Renaissance architecture"}, "object": {"type": "uri", "value": "http://www.wikidata.org/entity/Q1133779"}, "objectLabel": {"xml:lang": "en", "type": "literal", "value": "Renaissance art"}, "predicateLabel": {"xml:lang": "en", "type": "literal", "value": "subclass of"}}, {"subjectLabel": {"xml:lang": "en", "type": "literal", "value": "Renaissance architecture"}, "object": {"type": "uri", "value": "http://www.wikidata.org/entity/Q7156005"}, "objectLabel": {"xml:lang": "en", "type": "literal", "value": "Category:Renaissance architecture"}, "predicateLabel": {"xml:lang": "en", "type": "literal", "value": "topic's main category"}}], "Q6619709": [{"subjectLabel": {"xml:lang": "en", "type": "literal", "value": "Template:Leonardo da Vinci"}, "object": {"type": "uri", "value": "http://www.wikidata.org/entity/Q762"}, "objectLabel": {"xml:lang": "en", "type": "literal", "value": "Leonardo da Vinci"}, "predicateLabel": {"xml:lang": "en", "type": "literal", "value": "template has topic"}}, {"subjectLabel": {"xml:lang": "en", "type": "literal", "value": "Template:Leonardo da Vinci"}, "object": {"type": "uri", "value": "http://www.wikidata.org/entity/Q11753321"}, "objectLabel": {"xml:lang": "en", "type": "literal", "value": "Wikimedia navigational template"}, "predicateLabel": {"xml:lang": "en", "type": "literal", "value": "instance of"}}], "Q81096": [{"subjectLabel": {"xml:lang": "en", "type": "literal", "value": "engineer"}, "object": {"type": "uri", "value": "http://www.wikidata.org/entity/Q4164871"}, "objectLabel": {"xml:lang": "en", "type": "literal", "value": "position"}, "predicateLabel": {"xml:lang": "en", "type": "literal", "value": "instance of"}}, {"subjectLabel": {"xml:lang": "en", "type": "literal", "value": "engineer"}, "object": {"type": "uri", "value": "http://www.wikidata.org/entity/Q11023"}, "objectLabel": {"xml:lang": "en", "type": "literal", "value": "engineering"}, "predicateLabel": {"xml:lang": "en", "type": "literal", "value": "field of this occupation"}}, {"subjectLabel": {"xml:lang": "en", "type": "literal", "value": "engineer"}, "object": {"type": "uri", "value": "http://www.wikidata.org/entity/Q28640"}, "objectLabel": {"xml:lang": "en", "type": "literal", "value": "profession"}, "predicateLabel": {"xml:lang": "en", "type": "literal", "value": "instance of"}}, {"subjectLabel": {"xml:lang": "en", "type": "literal", "value": "engineer"}, "object": {"type": "uri", "value": "http://www.wikidata.org/entity/Q8265455"}, "objectLabel": {"xml:lang": "en", "type": "literal", "value": "Template:Infobox engineer"}, "predicateLabel": {"xml:lang": "en", "type": "literal", "value": "topic's main template"}}, {"subjectLabel": {"xml:lang": "en", "type": "literal", "value": "engineer"}, "object": {"type": "uri", "value": "http://www.wikidata.org/entity/Q11497341"}, "objectLabel": {"xml:lang": "en", "type": "literal", "value": "engineer"}, "predicateLabel": {"xml:lang": "en", "type": "literal", "value": "said to be the same as"}}, {"subjectLabel": {"xml:lang": "en", "type": "literal", "value": "engineer"}, "object": {"type": "uri", "value": "http://www.wikidata.org/entity/Q2424752"}, "objectLabel": {"xml:lang": "en", "type": "literal", "value": "product"}, "predicateLabel": {"xml:lang": "en", "type": "literal", "value": "item operated"}}, {"subjectLabel": {"xml:lang": "en", "type": "literal", "value": "engineer"}, "object": {"type": "uri", "value": "http://www.wikidata.org/entity/Q2376292"}, "objectLabel": {"xml:lang": "en", "type": "literal", "value": "specialist degree"}, "predicateLabel": {"xml:lang": "en", "type": "literal", "value": "has characteristic"}}, {"subjectLabel": {"xml:lang": "en", "type": "literal", "value": "engineer"}, "object": {"type": "uri", "value": "http://www.wikidata.org/entity/Q337064"}, "objectLabel": {"xml:lang": "en", "type": "literal", "value": "lists of engineers"}, "predicateLabel": {"xml:lang": "en", "type": "literal", "value": "has list"}}, {"subjectLabel": {"xml:lang": "en", "type": "literal", "value": "engineer"}, "object": {"type": "uri", "value": "http://www.wikidata.org/entity/Q6996692"}, "objectLabel": {"xml:lang": "en", "type": "literal", "value": "Category:Engineers"}, "predicateLabel": {"xml:lang": "en", "type": "literal", "value": "topic's main category"}}], "Q2055046": [{"subjectLabel": {"xml:lang": "en", "type": "literal", "value": "physiologist"}, "object": {"type": "uri", "value": "http://www.wikidata.org/entity/Q521"}, "objectLabel": {"xml:lang": "en", "type": "literal", "value": "physiology"}, "predicateLabel": {"xml:lang": "en", "type": "literal", "value": "field of this occupation"}}, {"subjectLabel": {"xml:lang": "en", "type": "literal", "value": "physiologist"}, "object": {"type": "uri", "value": "http://www.wikidata.org/entity/Q864503"}, "objectLabel": {"xml:lang": "en", "type": "literal", "value": "biologist"}, "predicateLabel": {"xml:lang": "en", "type": "literal", "value": "subclass of"}}, {"subjectLabel": {"xml:lang": "en", "type": "literal", "value": "physiologist"}, "object": {"type": "uri", "value": "http://www.wikidata.org/entity/Q28640"}, "objectLabel": {"xml:lang": "en", "type": "literal", "value": "profession"}, "predicateLabel": {"xml:lang": "en", "type": "literal", "value": "instance of"}}, {"subjectLabel": {"xml:lang": "en", "type": "literal", "value": "physiologist"}, "object": {"type": "uri", "value": "http://www.wikidata.org/entity/Q4164871"}, "objectLabel": {"xml:lang": "en", "type": "literal", "value": "position"}, "predicateLabel": {"xml:lang": "en", "type": "literal", "value": "instance of"}}, {"subjectLabel": {"xml:lang": "en", "type": "literal", "value": "physiologist"}, "object": {"type": "uri", "value": "http://www.wikidata.org/entity/Q7025094"}, "objectLabel": {"xml:lang": "en", "type": "literal", "value": "Category:Physiologists"}, "predicateLabel": {"xml:lang": "en", "type": "literal", "value": "topic's main category"}}], "Q205375": [{"subjectLabel": {"xml:lang": "en", "type": "literal", "value": "inventor"}, "object": {"type": "uri", "value": "http://www.wikidata.org/entity/P61"}, "objectLabel": {"xml:lang": "en", "type": "literal", "value": "discoverer or inventor"}, "predicateLabel": {"xml:lang": "en", "type": "literal", "value": "Wikidata property"}}, {"subjectLabel": {"xml:lang": "en", "type": "literal", "value": "inventor"}, "object": {"type": "uri", "value": "http://www.wikidata.org/entity/Q2500638"}, "objectLabel": {"xml:lang": "en", "type": "literal", "value": "creator"}, "predicateLabel": {"xml:lang": "en", "type": "literal", "value": "subclass of"}}, {"subjectLabel": {"xml:lang": "en", "type": "literal", "value": "inventor"}, "object": {"type": "uri", "value": "http://www.wikidata.org/entity/Q28640"}, "objectLabel": {"xml:lang": "en", "type": "literal", "value": "profession"}, "predicateLabel": {"xml:lang": "en", "type": "literal", "value": "instance of"}}, {"subjectLabel": {"xml:lang": "en", "type": "literal", "value": "inventor"}, "object": {"type": "uri", "value": "http://www.wikidata.org/entity/Q81096"}, "objectLabel": {"xml:lang": "en", "type": "literal", "value": "engineer"}, "predicateLabel": {"xml:lang": "en", "type": "literal", "value": "subclass of"}}, {"subjectLabel": {"xml:lang": "en", "type": "literal", "value": "inventor"}, "object": {"type": "uri", "value": "http://www.wikidata.org/entity/Q12737077"}, "objectLabel": {"xml:lang": "en", "type": "literal", "value": "occupation"}, "predicateLabel": {"xml:lang": "en", "type": "literal", "value": "instance of"}}, {"subjectLabel": {"xml:lang": "en", "type": "literal", "value": "inventor"}, "object": {"type": "uri", "value": "http://www.wikidata.org/entity/Q6528885"}, "objectLabel": {"xml:lang": "en", "type": "literal", "value": "Category:Inventors"}, "predicateLabel": {"xml:lang": "en", "type": "literal", "value": "topic's main category"}}, {"subjectLabel": {"xml:lang": "en", "type": "literal", "value": "inventor"}, "object": {"type": "uri", "value": "http://www.wikidata.org/entity/Q14208553"}, "objectLabel": {"xml:lang": "en", "type": "literal", "value": "invention"}, "predicateLabel": {"xml:lang": "en", "type": "literal", "value": "field of this occupation"}}, {"subjectLabel": {"xml:lang": "en", "type": "literal", "value": "inventor"}, "object": {"type": "uri", "value": "http://www.wikidata.org/entity/Q108696953"}, "objectLabel": {"xml:lang": "en", "type": "literal", "value": "invention"}, "predicateLabel": {"xml:lang": "en", "type": "literal", "value": "field of this occupation"}}, {"subjectLabel": {"xml:lang": "en", "type": "literal", "value": "inventor"}, "object": {"type": "uri", "value": "http://www.wikidata.org/entity/Q124737616"}, "objectLabel": {"xml:lang": "en", "type": "literal", "value": "Armenian Soviet Encyclopedia, vol. 3"}, "predicateLabel": {"xml:lang": "en", "type": "literal", "value": "described by source"}}], "Q812285": [{"subjectLabel": {"xml:lang": "en", "type": "literal", "value": "Bavarian State Painting Collections"}, "object": {"type": "uri", "value": "http://www.wikidata.org/entity/Q183"}, "objectLabel": {"xml:lang": "en", "type": "literal", "value": "Germany"}, "predicateLabel": {"xml:lang": "en", "type": "literal", "value": "country"}}, {"subjectLabel": {"xml:lang": "en", "type": "literal", "value": "Bavarian State Painting Collections"}, "object": {"type": "uri", "value": "http://www.wikidata.org/entity/Q188"}, "objectLabel": {"xml:lang": "en", "type": "literal", "value": "German"}, "predicateLabel": {"xml:lang": "en", "type": "literal", "value": "official language"}}, {"subjectLabel": {"xml:lang": "en", "type": "literal", "value": "Bavarian State Painting Collections"}, "object": {"type": "uri", "value": "http://www.wikidata.org/entity/Q6655"}, "objectLabel": {"xml:lang": "en", "type": "literal", "value": "UTC+01:00"}, "predicateLabel": {"xml:lang": "en", "type": "literal", "value": "located in time zone"}}, {"subjectLabel": {"xml:lang": "en", "type": "literal", "value": "Bavarian State Painting Collections"}, "object": {"type": "uri", "value": "http://www.wikidata.org/entity/P8948"}, "objectLabel": {"xml:lang": "en", "type": "literal", "value": "Pinakothek artwork ID"}, "predicateLabel": {"xml:lang": "en", "type": "literal", "value": "Wikidata property"}}, {"subjectLabel": {"xml:lang": "en", "type": "literal", "value": "Bavarian State Painting Collections"}, "object": {"type": "uri", "value": "http://www.wikidata.org/entity/Q6723"}, "objectLabel": {"xml:lang": "en", "type": "literal", "value": "UTC+02:00"}, "predicateLabel": {"xml:lang": "en", "type": "literal", "value": "located in time zone"}}, {"subjectLabel": {"xml:lang": "en", "type": "literal", "value": "Bavarian State Painting Collections"}, "object": {"type": "uri", "value": "http://www.wikidata.org/entity/Q1726"}, "objectLabel": {"xml:lang": "en", "type": "literal", "value": "Munich"}, "predicateLabel": {"xml:lang": "en", "type": "literal", "value": "located in the administrative territorial entity"}}, {"subjectLabel": {"xml:lang": "en", "type": "literal", "value": "Bavarian State Painting Collections"}, "object": {"type": "uri", "value": "http://www.wikidata.org/entity/Q170152"}, "objectLabel": {"xml:lang": "en", "type": "literal", "value": "Neue Pinakothek"}, "predicateLabel": {"xml:lang": "en", "type": "literal", "value": "has part(s)"}}, {"subjectLabel": {"xml:lang": "en", "type": "literal", "value": "Bavarian State Painting Collections"}, "object": {"type": "uri", "value": "http://www.wikidata.org/entity/Q250195"}, "objectLabel": {"xml:lang": "en", "type": "literal", "value": "Pinakothek der Moderne"}, "predicateLabel": {"xml:lang": "en", "type": "literal", "value": "has part(s)"}}, {"subjectLabel": {"xml:lang": "en", "type": "literal", "value": "Bavarian State Painting Collections"}, "object": {"type": "uri", "value": "http://www.wikidata.org/entity/Q258597"}, "objectLabel": {"xml:lang": "en", "type": "literal", "value": "Museum Brandhorst"}, "predicateLabel": {"xml:lang": "en", "type": "literal", "value": "has part(s)"}}, {"subjectLabel": {"xml:lang": "en", "type": "literal", "value": "Bavarian State Painting Collections"}, "object": {"type": "uri", "value": "http://www.wikidata.org/entity/Q32929011"}, "objectLabel": {"xml:lang": "en", "type": "literal", "value": "Bavarian collections of the Wittelsbachs"}, "predicateLabel": {"xml:lang": "en", "type": "literal", "value": "follows"}}, {"subjectLabel": {"xml:lang": "en", "type": "literal", "value": "Bavarian State Painting Collections"}, "object": {"type": "uri", "value": "http://www.wikidata.org/entity/Q7328910"}, "objectLabel": {"xml:lang": "en", "type": "literal", "value": "art collection"}, "predicateLabel": {"xml:lang": "en", "type": "literal", "value": "instance of"}}, {"subjectLabel": {"xml:lang": "en", "type": "literal", "value": "Bavarian State Painting Collections"}, "object": {"type": "uri", "value": "http://www.wikidata.org/entity/Q154568"}, "objectLabel": {"xml:lang": "en", "type": "literal", "value": "Alte Pinakothek"}, "predicateLabel": {"xml:lang": "en", "type": "literal", "value": "has part(s)"}}, {"subjectLabel": {"xml:lang": "en", "type": "literal", "value": "Bavarian State Painting Collections"}, "object": {"type": "uri", "value": "http://www.wikidata.org/entity/Q167412"}, "objectLabel": {"xml:lang": "en", "type": "literal", "value": "settlement"}, "predicateLabel": {"xml:lang": "en", "type": "literal", "value": "significant event"}}, {"subjectLabel": {"xml:lang": "en", "type": "literal", "value": "Bavarian State Painting Collections"}, "object": {"type": "uri", "value": "http://www.wikidata.org/entity/Q1726"}, "objectLabel": {"xml:lang": "en", "type": "literal", "value": "Munich"}, "predicateLabel": {"xml:lang": "en", "type": "literal", "value": "headquarters location"}}, {"subjectLabel": {"xml:lang": "en", "type": "literal", "value": "Bavarian State Painting Collections"}, "object": {"type": "uri", "value": "http://www.wikidata.org/entity/Q207694"}, "objectLabel": {"xml:lang": "en", "type": "literal", "value": "art museum"}, "predicateLabel": {"xml:lang": "en", "type": "literal", "value": "instance of"}}, {"subjectLabel": {"xml:lang": "en", "type": "literal", "value": "Bavarian State Painting Collections"}, "object": {"type": "uri", "value": "http://www.wikidata.org/entity/Q980"}, "objectLabel": {"xml:lang": "en", "type": "literal", "value": "Bavaria"}, "predicateLabel": {"xml:lang": "en", "type": "literal", "value": "owned by"}}, {"subjectLabel": {"xml:lang": "en", "type": "literal", "value": "Bavarian State Painting Collections"}, "object": {"type": "uri", "value": "http://www.wikidata.org/entity/Q29343881"}, "objectLabel": {"xml:lang": "en", "type": "literal", "value": "locations of the Bavarian State Painting Collections with works not on display"}, "predicateLabel": {"xml:lang": "en", "type": "literal", "value": "has part(s)"}}, {"subjectLabel": {"xml:lang": "en", "type": "literal", "value": "Bavarian State Painting Collections"}, "object": {"type": "uri", "value": "http://www.wikidata.org/entity/Q51131600"}, "objectLabel": {"xml:lang": "en", "type": "literal", "value": "Staatsgalerie Ansbach"}, "predicateLabel": {"xml:lang": "en", "type": "literal", "value": "has part(s)"}}, {"subjectLabel": {"xml:lang": "en", "type": "literal", "value": "Bavarian State Painting Collections"}, "object": {"type": "uri", "value": "http://www.wikidata.org/entity/Q51132964"}, "objectLabel": {"xml:lang": "en", "type": "literal", "value": "Staatsgalerie at Benediktiner-Abtei Ottobeuren"}, "predicateLabel": {"xml:lang": "en", "type": "literal", "value": "has part(s)"}}, {"subjectLabel": {"xml:lang": "en", "type": "literal", "value": "Bavarian State Painting Collections"}, "object": {"type": "uri", "value": "http://www.wikidata.org/entity/Q37823940"}, "objectLabel": {"xml:lang": "en", "type": "literal", "value": "Bayreuth State Gallery"}, "predicateLabel": {"xml:lang": "en", "type": "literal", "value": "has part(s)"}}, {"subjectLabel": {"xml:lang": "en", "type": "literal", "value": "Bavarian State Painting Collections"}, "object": {"type": "uri", "value": "http://www.wikidata.org/entity/Q523652"}, "objectLabel": {"xml:lang": "en", "type": "literal", "value": "Schack Collection"}, "predicateLabel": {"xml:lang": "en", "type": "literal", "value": "has part(s)"}}, {"subjectLabel": {"xml:lang": "en", "type": "literal", "value": "Bavarian State Painting Collections"}, "object": {"type": "uri", "value": "http://www.wikidata.org/entity/Q2324938"}, "objectLabel": {"xml:lang": "en", "type": "literal", "value": "Staatsgalerie Altdeutsche Meister"}, "predicateLabel": {"xml:lang": "en", "type": "literal", "value": "has part(s)"}}, {"subjectLabel": {"xml:lang": "en", "type": "literal", "value": "Bavarian State Painting Collections"}, "object": {"type": "uri", "value": "http://www.wikidata.org/entity/Q28739000"}, "objectLabel": {"xml:lang": "en", "type": "literal", "value": "Bayerische Staatsgem\u00e4ldesammlungen, Bibliothek"}, "predicateLabel": {"xml:lang": "en", "type": "literal", "value": "has part(s)"}}, {"subjectLabel": {"xml:lang": "en", "type": "literal", "value": "Bavarian State Painting Collections"}, "object": {"type": "uri", "value": "http://www.wikidata.org/entity/Q15123451"}, "objectLabel": {"xml:lang": "en", "type": "literal", "value": "Olaf-Gulbransson-Museum Tegernsee"}, "predicateLabel": {"xml:lang": "en", "type": "literal", "value": "has part(s)"}}, {"subjectLabel": {"xml:lang": "en", "type": "literal", "value": "Bavarian State Painting Collections"}, "object": {"type": "uri", "value": "http://www.wikidata.org/entity/Q2324939"}, "objectLabel": {"xml:lang": "en", "type": "literal", "value": "Staatsgalerie Aschaffenburg"}, "predicateLabel": {"xml:lang": "en", "type": "literal", "value": "has part(s)"}}, {"subjectLabel": {"xml:lang": "en", "type": "literal", "value": "Bavarian State Painting Collections"}, "object": {"type": "uri", "value": "http://www.wikidata.org/entity/Q23927935"}, "objectLabel": {"xml:lang": "en", "type": "literal", "value": "State Gallery F\u00fcssen"}, "predicateLabel": {"xml:lang": "en", "type": "literal", "value": "has part(s)"}}, {"subjectLabel": {"xml:lang": "en", "type": "literal", "value": "Bavarian State Painting Collections"}, "object": {"type": "uri", "value": "http://www.wikidata.org/entity/Q29343359"}, "objectLabel": {"xml:lang": "en", "type": "literal", "value": "Staatsgalerie Bamberg"}, "predicateLabel": {"xml:lang": "en", "type": "literal", "value": "has part(s)"}}, {"subjectLabel": {"xml:lang": "en", "type": "literal", "value": "Bavarian State Painting Collections"}, "object": {"type": "uri", "value": "http://www.wikidata.org/entity/Q892078"}, "objectLabel": {"xml:lang": "en", "type": "literal", "value": "Staatsgalerie Moderne Kunst"}, "predicateLabel": {"xml:lang": "en", "type": "literal", "value": "has part(s)"}}, {"subjectLabel": {"xml:lang": "en", "type": "literal", "value": "Bavarian State Painting Collections"}, "object": {"type": "uri", "value": "http://www.wikidata.org/entity/Q2324941"}, "objectLabel": {"xml:lang": "en", "type": "literal", "value": "Staatsgalerie Neuburg"}, "predicateLabel": {"xml:lang": "en", "type": "literal", "value": "has part(s)"}}, {"subjectLabel": {"xml:lang": "en", "type": "literal", "value": "Bavarian State Painting Collections"}, "object": {"type": "uri", "value": "http://www.wikidata.org/entity/Q17354119"}, "objectLabel": {"xml:lang": "en", "type": "literal", "value": "Staatsgalerie W\u00fcrzburg"}, "predicateLabel": {"xml:lang": "en", "type": "literal", "value": "has part(s)"}}, {"subjectLabel": {"xml:lang": "en", "type": "literal", "value": "Bavarian State Painting Collections"}, "object": {"type": "uri", "value": "http://www.wikidata.org/entity/Q22669065"}, "objectLabel": {"xml:lang": "en", "type": "literal", "value": "Schlei\u00dfheim State Gallery"}, "predicateLabel": {"xml:lang": "en", "type": "literal", "value": "has part(s)"}}, {"subjectLabel": {"xml:lang": "en", "type": "literal", "value": "Bavarian State Painting Collections"}, "object": {"type": "uri", "value": "http://www.wikidata.org/entity/Q879314"}, "objectLabel": {"xml:lang": "en", "type": "literal", "value": "T\u00fcrkentor"}, "predicateLabel": {"xml:lang": "en", "type": "literal", "value": "has part(s)"}}, {"subjectLabel": {"xml:lang": "en", "type": "literal", "value": "Bavarian State Painting Collections"}, "object": {"type": "uri", "value": "http://www.wikidata.org/entity/Q73357989"}, "objectLabel": {"xml:lang": "en", "type": "literal", "value": "Survey of GLAM open access policy and practice"}, "predicateLabel": {"xml:lang": "en", "type": "literal", "value": "described by source"}}, {"subjectLabel": {"xml:lang": "en", "type": "literal", "value": "Bavarian State Painting Collections"}, "object": {"type": "uri", "value": "http://www.wikidata.org/entity/Q108809809"}, "objectLabel": {"xml:lang": "en", "type": "literal", "value": "State of Bavaria Sued in New York Over Contested Paintings"}, "predicateLabel": {"xml:lang": "en", "type": "literal", "value": "described by source"}}, {"subjectLabel": {"xml:lang": "en", "type": "literal", "value": "Bavarian State Painting Collections"}, "object": {"type": "uri", "value": "http://www.wikidata.org/entity/Q107150541"}, "objectLabel": {"xml:lang": "en", "type": "literal", "value": "Was This Picasso Lost Due to the Nazis? Heirs Say Yes. Bavaria Says No."}, "predicateLabel": {"xml:lang": "en", "type": "literal", "value": "described by source"}}, {"subjectLabel": {"xml:lang": "en", "type": "literal", "value": "Bavarian State Painting Collections"}, "object": {"type": "uri", "value": "http://www.wikidata.org/entity/Q2146005"}, "objectLabel": {"xml:lang": "en", "type": "literal", "value": "restitution of Nazi-looted art"}, "predicateLabel": {"xml:lang": "en", "type": "literal", "value": "significant event"}}, {"subjectLabel": {"xml:lang": "en", "type": "literal", "value": "Bavarian State Painting Collections"}, "object": {"type": "uri", "value": "http://www.wikidata.org/entity/Q825584"}, "objectLabel": {"xml:lang": "en", "type": "literal", "value": "Bernhard Maaz"}, "predicateLabel": {"xml:lang": "en", "type": "literal", "value": "director / manager"}}], "Q772890": [{"subjectLabel": {"xml:lang": "en", "type": "literal", "value": "Galleria nazionale di Parma"}, "object": {"type": "uri", "value": "http://www.wikidata.org/entity/Q38"}, "objectLabel": {"xml:lang": "en", "type": "literal", "value": "Italy"}, "predicateLabel": {"xml:lang": "en", "type": "literal", "value": "country"}}, {"subjectLabel": {"xml:lang": "en", "type": "literal", "value": "Galleria nazionale di Parma"}, "object": {"type": "uri", "value": "http://www.wikidata.org/entity/Q11629"}, "objectLabel": {"xml:lang": "en", "type": "literal", "value": "art of painting"}, "predicateLabel": {"xml:lang": "en", "type": "literal", "value": "main subject"}}, {"subjectLabel": {"xml:lang": "en", "type": "literal", "value": "Galleria nazionale di Parma"}, "object": {"type": "uri", "value": "http://www.wikidata.org/entity/Q11634"}, "objectLabel": {"xml:lang": "en", "type": "literal", "value": "art of sculpture"}, "predicateLabel": {"xml:lang": "en", "type": "literal", "value": "main subject"}}, {"subjectLabel": {"xml:lang": "en", "type": "literal", "value": "Galleria nazionale di Parma"}, "object": {"type": "uri", "value": "http://www.wikidata.org/entity/Q207694"}, "objectLabel": {"xml:lang": "en", "type": "literal", "value": "art museum"}, "predicateLabel": {"xml:lang": "en", "type": "literal", "value": "instance of"}}, {"subjectLabel": {"xml:lang": "en", "type": "literal", "value": "Galleria nazionale di Parma"}, "object": {"type": "uri", "value": "http://www.wikidata.org/entity/Q1007870"}, "objectLabel": {"xml:lang": "en", "type": "literal", "value": "art gallery"}, "predicateLabel": {"xml:lang": "en", "type": "literal", "value": "instance of"}}, {"subjectLabel": {"xml:lang": "en", "type": "literal", "value": "Galleria nazionale di Parma"}, "object": {"type": "uri", "value": "http://www.wikidata.org/entity/Q7075"}, "objectLabel": {"xml:lang": "en", "type": "literal", "value": "library"}, "predicateLabel": {"xml:lang": "en", "type": "literal", "value": "has facility"}}, {"subjectLabel": {"xml:lang": "en", "type": "literal", "value": "Galleria nazionale di Parma"}, "object": {"type": "uri", "value": "http://www.wikidata.org/entity/Q2683"}, "objectLabel": {"xml:lang": "en", "type": "literal", "value": "Parma"}, "predicateLabel": {"xml:lang": "en", "type": "literal", "value": "located in the administrative territorial entity"}}, {"subjectLabel": {"xml:lang": "en", "type": "literal", "value": "Galleria nazionale di Parma"}, "object": {"type": "uri", "value": "http://www.wikidata.org/entity/Q108860593"}, "objectLabel": {"xml:lang": "en", "type": "literal", "value": "museum of modern art"}, "predicateLabel": {"xml:lang": "en", "type": "literal", "value": "instance of"}}, {"subjectLabel": {"xml:lang": "en", "type": "literal", "value": "Galleria nazionale di Parma"}, "object": {"type": "uri", "value": "http://www.wikidata.org/entity/Q965173"}, "objectLabel": {"xml:lang": "en", "type": "literal", "value": "cloakroom"}, "predicateLabel": {"xml:lang": "en", "type": "literal", "value": "has facility"}}, {"subjectLabel": {"xml:lang": "en", "type": "literal", "value": "Galleria nazionale di Parma"}, "object": {"type": "uri", "value": "http://www.wikidata.org/entity/Q635719"}, "objectLabel": {"xml:lang": "en", "type": "literal", "value": "archive building"}, "predicateLabel": {"xml:lang": "en", "type": "literal", "value": "has facility"}}, {"subjectLabel": {"xml:lang": "en", "type": "literal", "value": "Galleria nazionale di Parma"}, "object": {"type": "uri", "value": "http://www.wikidata.org/entity/Q112203425"}, "objectLabel": {"xml:lang": "en", "type": "literal", "value": "restoration laboratory"}, "predicateLabel": {"xml:lang": "en", "type": "literal", "value": "has facility"}}, {"subjectLabel": {"xml:lang": "en", "type": "literal", "value": "Galleria nazionale di Parma"}, "object": {"type": "uri", "value": "http://www.wikidata.org/entity/Q23498"}, "objectLabel": {"xml:lang": "en", "type": "literal", "value": "archaeology"}, "predicateLabel": {"xml:lang": "en", "type": "literal", "value": "main subject"}}, {"subjectLabel": {"xml:lang": "en", "type": "literal", "value": "Galleria nazionale di Parma"}, "object": {"type": "uri", "value": "http://www.wikidata.org/entity/Q1814990"}, "objectLabel": {"xml:lang": "en", "type": "literal", "value": "no"}, "predicateLabel": {"xml:lang": "en", "type": "literal", "value": "Wi-Fi access"}}, {"subjectLabel": {"xml:lang": "en", "type": "literal", "value": "Galleria nazionale di Parma"}, "object": {"type": "uri", "value": "http://www.wikidata.org/entity/Q822085"}, "objectLabel": {"xml:lang": "en", "type": "literal", "value": "Palazzo della Pilotta"}, "predicateLabel": {"xml:lang": "en", "type": "literal", "value": "location"}}, {"subjectLabel": {"xml:lang": "en", "type": "literal", "value": "Galleria nazionale di Parma"}, "object": {"type": "uri", "value": "http://www.wikidata.org/entity/Q822085"}, "objectLabel": {"xml:lang": "en", "type": "literal", "value": "Palazzo della Pilotta"}, "predicateLabel": {"xml:lang": "en", "type": "literal", "value": "part of"}}, {"subjectLabel": {"xml:lang": "en", "type": "literal", "value": "Galleria nazionale di Parma"}, "object": {"type": "uri", "value": "http://www.wikidata.org/entity/Q9169890"}, "objectLabel": {"xml:lang": "en", "type": "literal", "value": "Category:Galleria nazionale di Parma"}, "predicateLabel": {"xml:lang": "en", "type": "literal", "value": "topic's main category"}}, {"subjectLabel": {"xml:lang": "en", "type": "literal", "value": "Galleria nazionale di Parma"}, "object": {"type": "uri", "value": "http://www.wikidata.org/entity/Q26971668"}, "objectLabel": {"xml:lang": "en", "type": "literal", "value": "Italian national heritage"}, "predicateLabel": {"xml:lang": "en", "type": "literal", "value": "heritage designation"}}, {"subjectLabel": {"xml:lang": "en", "type": "literal", "value": "Galleria nazionale di Parma"}, "object": {"type": "uri", "value": "http://www.wikidata.org/entity/Q27032363"}, "objectLabel": {"xml:lang": "en", "type": "literal", "value": "photo archive"}, "predicateLabel": {"xml:lang": "en", "type": "literal", "value": "has facility"}}, {"subjectLabel": {"xml:lang": "en", "type": "literal", "value": "Galleria nazionale di Parma"}, "object": {"type": "uri", "value": "http://www.wikidata.org/entity/Q223293"}, "objectLabel": {"xml:lang": "en", "type": "literal", "value": "Filippo I, Duke of Parma"}, "predicateLabel": {"xml:lang": "en", "type": "literal", "value": "founded by"}}], "Q815611": [{"subjectLabel": {"xml:lang": "en", "type": "literal", "value": "Biblioteca Ambrosiana"}, "object": {"type": "uri", "value": "http://www.wikidata.org/entity/Q38"}, "objectLabel": {"xml:lang": "en", "type": "literal", "value": "Italy"}, "predicateLabel": {"xml:lang": "en", "type": "literal", "value": "country"}}, {"subjectLabel": {"xml:lang": "en", "type": "literal", "value": "Biblioteca Ambrosiana"}, "object": {"type": "uri", "value": "http://www.wikidata.org/entity/Q105763925"}, "objectLabel": {"xml:lang": "en", "type": "literal", "value": "conservation library"}, "predicateLabel": {"xml:lang": "en", "type": "literal", "value": "instance of"}}, {"subjectLabel": {"xml:lang": "en", "type": "literal", "value": "Biblioteca Ambrosiana"}, "object": {"type": "uri", "value": "http://www.wikidata.org/entity/Q166118"}, "objectLabel": {"xml:lang": "en", "type": "literal", "value": "archive"}, "predicateLabel": {"xml:lang": "en", "type": "literal", "value": "instance of"}}, {"subjectLabel": {"xml:lang": "en", "type": "literal", "value": "Biblioteca Ambrosiana"}, "object": {"type": "uri", "value": "http://www.wikidata.org/entity/Q380829"}, "objectLabel": {"xml:lang": "en", "type": "literal", "value": "private library"}, "predicateLabel": {"xml:lang": "en", "type": "literal", "value": "instance of"}}, {"subjectLabel": {"xml:lang": "en", "type": "literal", "value": "Biblioteca Ambrosiana"}, "object": {"type": "uri", "value": "http://www.wikidata.org/entity/Q1085811"}, "objectLabel": {"xml:lang": "en", "type": "literal", "value": "Pinacoteca Ambrosiana"}, "predicateLabel": {"xml:lang": "en", "type": "literal", "value": "has part(s)"}}, {"subjectLabel": {"xml:lang": "en", "type": "literal", "value": "Biblioteca Ambrosiana"}, "object": {"type": "uri", "value": "http://www.wikidata.org/entity/Q1029706"}, "objectLabel": {"xml:lang": "en", "type": "literal", "value": "New International Encyclopedia"}, "predicateLabel": {"xml:lang": "en", "type": "literal", "value": "described by source"}}, {"subjectLabel": {"xml:lang": "en", "type": "literal", "value": "Biblioteca Ambrosiana"}, "object": {"type": "uri", "value": "http://www.wikidata.org/entity/Q602358"}, "objectLabel": {"xml:lang": "en", "type": "literal", "value": "Brockhaus and Efron Encyclopedic Dictionary"}, "predicateLabel": {"xml:lang": "en", "type": "literal", "value": "described by source"}}, {"subjectLabel": {"xml:lang": "en", "type": "literal", "value": "Biblioteca Ambrosiana"}, "object": {"type": "uri", "value": "http://www.wikidata.org/entity/Q302556"}, "objectLabel": {"xml:lang": "en", "type": "literal", "value": "Catholic Encyclopedia"}, "predicateLabel": {"xml:lang": "en", "type": "literal", "value": "described by source"}}, {"subjectLabel": {"xml:lang": "en", "type": "literal", "value": "Biblioteca Ambrosiana"}, "object": {"type": "uri", "value": "http://www.wikidata.org/entity/Q664225"}, "objectLabel": {"xml:lang": "en", "type": "literal", "value": "Francesco Maria Richini"}, "predicateLabel": {"xml:lang": "en", "type": "literal", "value": "architect"}}, {"subjectLabel": {"xml:lang": "en", "type": "literal", "value": "Biblioteca Ambrosiana"}, "object": {"type": "uri", "value": "http://www.wikidata.org/entity/Q469171"}, "objectLabel": {"xml:lang": "en", "type": "literal", "value": "Federico Borromeo"}, "predicateLabel": {"xml:lang": "en", "type": "literal", "value": "founded by"}}, {"subjectLabel": {"xml:lang": "en", "type": "literal", "value": "Biblioteca Ambrosiana"}, "object": {"type": "uri", "value": "http://www.wikidata.org/entity/Q3762192"}, "objectLabel": {"xml:lang": "en", "type": "literal", "value": "Giacomo Moraglia"}, "predicateLabel": {"xml:lang": "en", "type": "literal", "value": "architect"}}, {"subjectLabel": {"xml:lang": "en", "type": "literal", "value": "Biblioteca Ambrosiana"}, "object": {"type": "uri", "value": "http://www.wikidata.org/entity/Q3737763"}, "objectLabel": {"xml:lang": "en", "type": "literal", "value": "Fabio Mangone"}, "predicateLabel": {"xml:lang": "en", "type": "literal", "value": "architect"}}, {"subjectLabel": {"xml:lang": "en", "type": "literal", "value": "Biblioteca Ambrosiana"}, "object": {"type": "uri", "value": "http://www.wikidata.org/entity/Q2494319"}, "objectLabel": {"xml:lang": "en", "type": "literal", "value": "Municipio 1"}, "predicateLabel": {"xml:lang": "en", "type": "literal", "value": "located in the administrative territorial entity"}}, {"subjectLabel": {"xml:lang": "en", "type": "literal", "value": "Biblioteca Ambrosiana"}, "object": {"type": "uri", "value": "http://www.wikidata.org/entity/Q4532135"}, "objectLabel": {"xml:lang": "en", "type": "literal", "value": "Encyclopedic Lexicon"}, "predicateLabel": {"xml:lang": "en", "type": "literal", "value": "described by source"}}, {"subjectLabel": {"xml:lang": "en", "type": "literal", "value": "Biblioteca Ambrosiana"}, "object": {"type": "uri", "value": "http://www.wikidata.org/entity/Q6092662"}, "objectLabel": {"xml:lang": "en", "type": "literal", "value": "Italian Baroque architecture"}, "predicateLabel": {"xml:lang": "en", "type": "literal", "value": "architectural style"}}, {"subjectLabel": {"xml:lang": "en", "type": "literal", "value": "Biblioteca Ambrosiana"}, "object": {"type": "uri", "value": "http://www.wikidata.org/entity/Q4532138"}, "objectLabel": {"xml:lang": "en", "type": "literal", "value": "Granat Encyclopedic Dictionary"}, "predicateLabel": {"xml:lang": "en", "type": "literal", "value": "described by source"}}, {"subjectLabel": {"xml:lang": "en", "type": "literal", "value": "Biblioteca Ambrosiana"}, "object": {"type": "uri", "value": "http://www.wikidata.org/entity/Q6298576"}, "objectLabel": {"xml:lang": "en", "type": "literal", "value": "Category:Pinacoteca Ambrosiana"}, "predicateLabel": {"xml:lang": "en", "type": "literal", "value": "topic's main category"}}, {"subjectLabel": {"xml:lang": "en", "type": "literal", "value": "Biblioteca Ambrosiana"}, "object": {"type": "uri", "value": "http://www.wikidata.org/entity/Q113230326"}, "objectLabel": {"xml:lang": "en", "type": "literal", "value": "Polo Biblioteca Ambrosiana"}, "predicateLabel": {"xml:lang": "en", "type": "literal", "value": "member of"}}, {"subjectLabel": {"xml:lang": "en", "type": "literal", "value": "Biblioteca Ambrosiana"}, "object": {"type": "uri", "value": "http://www.wikidata.org/entity/Q93260506"}, "objectLabel": {"xml:lang": "en", "type": "literal", "value": "Marco Navoni"}, "predicateLabel": {"xml:lang": "en", "type": "literal", "value": "director / manager"}}, {"subjectLabel": {"xml:lang": "en", "type": "literal", "value": "Biblioteca Ambrosiana"}, "object": {"type": "uri", "value": "http://www.wikidata.org/entity/Q90671486"}, "objectLabel": {"xml:lang": "en", "type": "literal", "value": "Veneranda Biblioteca Ambrosiana"}, "predicateLabel": {"xml:lang": "en", "type": "literal", "value": "parent organization"}}, {"subjectLabel": {"xml:lang": "en", "type": "literal", "value": "Biblioteca Ambrosiana"}, "object": {"type": "uri", "value": "http://www.wikidata.org/entity/Q6452715"}, "objectLabel": {"xml:lang": "en", "type": "literal", "value": "yes"}, "predicateLabel": {"xml:lang": "en", "type": "literal", "value": "Wi-Fi access"}}], "Q1848918": [{"subjectLabel": {"xml:lang": "en", "type": "literal", "value": "National Museum of Fine Arts"}, "object": {"type": "uri", "value": "http://www.wikidata.org/entity/Q100157387"}, "objectLabel": {"xml:lang": "en", "type": "literal", "value": "Tuesday to Friday"}, "predicateLabel": {"xml:lang": "en", "type": "literal", "value": "open days"}}, {"subjectLabel": {"xml:lang": "en", "type": "literal", "value": "National Museum of Fine Arts"}, "object": {"type": "uri", "value": "http://www.wikidata.org/entity/Q414"}, "objectLabel": {"xml:lang": "en", "type": "literal", "value": "Argentina"}, "predicateLabel": {"xml:lang": "en", "type": "literal", "value": "country"}}, {"subjectLabel": {"xml:lang": "en", "type": "literal", "value": "National Museum of Fine Arts"}, "object": {"type": "uri", "value": "http://www.wikidata.org/entity/Q207694"}, "objectLabel": {"xml:lang": "en", "type": "literal", "value": "art museum"}, "predicateLabel": {"xml:lang": "en", "type": "literal", "value": "instance of"}}, {"subjectLabel": {"xml:lang": "en", "type": "literal", "value": "National Museum of Fine Arts"}, "object": {"type": "uri", "value": "http://www.wikidata.org/entity/Q1010253"}, "objectLabel": {"xml:lang": "en", "type": "literal", "value": "Recoleta, Buenos Aires"}, "predicateLabel": {"xml:lang": "en", "type": "literal", "value": "location"}}, {"subjectLabel": {"xml:lang": "en", "type": "literal", "value": "National Museum of Fine Arts"}, "object": {"type": "uri", "value": "http://www.wikidata.org/entity/Q17431399"}, "objectLabel": {"xml:lang": "en", "type": "literal", "value": "national museum"}, "predicateLabel": {"xml:lang": "en", "type": "literal", "value": "instance of"}}, {"subjectLabel": {"xml:lang": "en", "type": "literal", "value": "National Museum of Fine Arts"}, "object": {"type": "uri", "value": "http://www.wikidata.org/entity/Q1486"}, "objectLabel": {"xml:lang": "en", "type": "literal", "value": "Buenos Aires"}, "predicateLabel": {"xml:lang": "en", "type": "literal", "value": "located in the administrative territorial entity"}}, {"subjectLabel": {"xml:lang": "en", "type": "literal", "value": "National Museum of Fine Arts"}, "object": {"type": "uri", "value": "http://www.wikidata.org/entity/Q99528581"}, "objectLabel": {"xml:lang": "en", "type": "literal", "value": "Saturday and Sunday"}, "predicateLabel": {"xml:lang": "en", "type": "literal", "value": "open days"}}, {"subjectLabel": {"xml:lang": "en", "type": "literal", "value": "National Museum of Fine Arts"}, "object": {"type": "uri", "value": "http://www.wikidata.org/entity/Q33791454"}, "objectLabel": {"xml:lang": "en", "type": "literal", "value": "Andr\u00e9s Duprat"}, "predicateLabel": {"xml:lang": "en", "type": "literal", "value": "director / manager"}}, {"subjectLabel": {"xml:lang": "en", "type": "literal", "value": "National Museum of Fine Arts"}, "object": {"type": "uri", "value": "http://www.wikidata.org/entity/Q1699460"}, "objectLabel": {"xml:lang": "en", "type": "literal", "value": "Jorge Glusberg"}, "predicateLabel": {"xml:lang": "en", "type": "literal", "value": "director / manager"}}, {"subjectLabel": {"xml:lang": "en", "type": "literal", "value": "National Museum of Fine Arts"}, "object": {"type": "uri", "value": "http://www.wikidata.org/entity/Q73357989"}, "objectLabel": {"xml:lang": "en", "type": "literal", "value": "Survey of GLAM open access policy and practice"}, "predicateLabel": {"xml:lang": "en", "type": "literal", "value": "described by source"}}, {"subjectLabel": {"xml:lang": "en", "type": "literal", "value": "National Museum of Fine Arts"}, "object": {"type": "uri", "value": "http://www.wikidata.org/entity/Q4714498"}, "objectLabel": {"xml:lang": "en", "type": "literal", "value": "Alejandro Bustillo"}, "predicateLabel": {"xml:lang": "en", "type": "literal", "value": "architect"}}], "Q1536471": [{"subjectLabel": {"xml:lang": "en", "type": "literal", "value": "Walker Art Gallery"}, "object": {"type": "uri", "value": "http://www.wikidata.org/entity/Q207694"}, "objectLabel": {"xml:lang": "en", "type": "literal", "value": "art museum"}, "predicateLabel": {"xml:lang": "en", "type": "literal", "value": "instance of"}}, {"subjectLabel": {"xml:lang": "en", "type": "literal", "value": "Walker Art Gallery"}, "object": {"type": "uri", "value": "http://www.wikidata.org/entity/Q145"}, "objectLabel": {"xml:lang": "en", "type": "literal", "value": "United Kingdom"}, "predicateLabel": {"xml:lang": "en", "type": "literal", "value": "country"}}, {"subjectLabel": {"xml:lang": "en", "type": "literal", "value": "Walker Art Gallery"}, "object": {"type": "uri", "value": "http://www.wikidata.org/entity/Q104561999"}, "objectLabel": {"xml:lang": "en", "type": "literal", "value": "Category:Interior of the Walker Art Gallery, Liverpool"}, "predicateLabel": {"xml:lang": "en", "type": "literal", "value": "category for the interior of the item"}}, {"subjectLabel": {"xml:lang": "en", "type": "literal", "value": "Walker Art Gallery"}, "object": {"type": "uri", "value": "http://www.wikidata.org/entity/Q67311452"}, "objectLabel": {"xml:lang": "en", "type": "literal", "value": "Lancashire"}, "predicateLabel": {"xml:lang": "en", "type": "literal", "value": "historic county"}}, {"subjectLabel": {"xml:lang": "en", "type": "literal", "value": "Walker Art Gallery"}, "object": {"type": "uri", "value": "http://www.wikidata.org/entity/Q17431399"}, "objectLabel": {"xml:lang": "en", "type": "literal", "value": "national museum"}, "predicateLabel": {"xml:lang": "en", "type": "literal", "value": "instance of"}}, {"subjectLabel": {"xml:lang": "en", "type": "literal", "value": "Walker Art Gallery"}, "object": {"type": "uri", "value": "http://www.wikidata.org/entity/Q28833040"}, "objectLabel": {"xml:lang": "en", "type": "literal", "value": "Cornelius Sherlock"}, "predicateLabel": {"xml:lang": "en", "type": "literal", "value": "architect"}}, {"subjectLabel": {"xml:lang": "en", "type": "literal", "value": "Walker Art Gallery"}, "object": {"type": "uri", "value": "http://www.wikidata.org/entity/Q28791133"}, "objectLabel": {"xml:lang": "en", "type": "literal", "value": "Henry Hill Vale"}, "predicateLabel": {"xml:lang": "en", "type": "literal", "value": "architect"}}, {"subjectLabel": {"xml:lang": "en", "type": "literal", "value": "Walker Art Gallery"}, "object": {"type": "uri", "value": "http://www.wikidata.org/entity/Q15700831"}, "objectLabel": {"xml:lang": "en", "type": "literal", "value": "Grade II* listed building"}, "predicateLabel": {"xml:lang": "en", "type": "literal", "value": "heritage designation"}}, {"subjectLabel": {"xml:lang": "en", "type": "literal", "value": "Walker Art Gallery"}, "object": {"type": "uri", "value": "http://www.wikidata.org/entity/Q4756280"}, "objectLabel": {"xml:lang": "en", "type": "literal", "value": "Andrew Barclay Walker"}, "predicateLabel": {"xml:lang": "en", "type": "literal", "value": "named after"}}, {"subjectLabel": {"xml:lang": "en", "type": "literal", "value": "Walker Art Gallery"}, "object": {"type": "uri", "value": "http://www.wikidata.org/entity/Q4756280"}, "objectLabel": {"xml:lang": "en", "type": "literal", "value": "Andrew Barclay Walker"}, "predicateLabel": {"xml:lang": "en", "type": "literal", "value": "founded by"}}, {"subjectLabel": {"xml:lang": "en", "type": "literal", "value": "Walker Art Gallery"}, "object": {"type": "uri", "value": "http://www.wikidata.org/entity/Q8006035"}, "objectLabel": {"xml:lang": "en", "type": "literal", "value": "William Brown Street"}, "predicateLabel": {"xml:lang": "en", "type": "literal", "value": "located on street"}}, {"subjectLabel": {"xml:lang": "en", "type": "literal", "value": "Walker Art Gallery"}, "object": {"type": "uri", "value": "http://www.wikidata.org/entity/Q2775009"}, "objectLabel": {"xml:lang": "en", "type": "literal", "value": "accessible toilet"}, "predicateLabel": {"xml:lang": "en", "type": "literal", "value": "has facility"}}, {"subjectLabel": {"xml:lang": "en", "type": "literal", "value": "Walker Art Gallery"}, "object": {"type": "uri", "value": "http://www.wikidata.org/entity/Q21665571"}, "objectLabel": {"xml:lang": "en", "type": "literal", "value": "Liverpool"}, "predicateLabel": {"xml:lang": "en", "type": "literal", "value": "located in the administrative territorial entity"}}, {"subjectLabel": {"xml:lang": "en", "type": "literal", "value": "Walker Art Gallery"}, "object": {"type": "uri", "value": "http://www.wikidata.org/entity/Q31979053"}, "objectLabel": {"xml:lang": "en", "type": "literal", "value": "Category:Walker Art Gallery"}, "predicateLabel": {"xml:lang": "en", "type": "literal", "value": "topic's main category"}}]}