{"Q18410809": [{"subjectLabel": {"xml:lang": "en", "type": "literal", "value": "list of observation towers in the Canton of Ticino"}, "object": {"type": "uri", "value": "http://www.wikidata.org/entity/Q39"}, "objectLabel": {"xml:lang": "en", "type": "literal", "value": "Switzerland"}, "predicateLabel": {"xml:lang": "en", "type": "literal", "value": "country"}}, {"subjectLabel": {"xml:lang": "en", "type": "literal", "value": "list of observation towers in the Canton of Ticino"}, "object": {"type": "uri", "value": "http://www.wikidata.org/entity/Q12518"}, "objectLabel": {"xml:lang": "en", "type": "literal", "value": "tower"}, "predicateLabel": {"xml:lang": "en", "type": "literal", "value": "is a list of"}}, {"subjectLabel": {"xml:lang": "en", "type": "literal", "value": "list of observation towers in the Canton of Ticino"}, "object": {"type": "uri", "value": "http://www.wikidata.org/entity/Q13406463"}, "objectLabel": {"xml:lang": "en", "type": "literal", "value": "Wikimedia list article"}, "predicateLabel": {"xml:lang": "en", "type": "literal", "value": "instance of"}}], "Q16248782": [{"subjectLabel": {"xml:lang": "en", "type": "literal", "value": "list of mountains of Ticino"}, "object": {"type": "uri", "value": "http://www.wikidata.org/entity/Q39"}, "objectLabel": {"xml:lang": "en", "type": "literal", "value": "Switzerland"}, "predicateLabel": {"xml:lang": "en", "type": "literal", "value": "country"}}, {"subjectLabel": {"xml:lang": "en", "type": "literal", "value": "list of mountains of Ticino"}, "object": {"type": "uri", "value": "http://www.wikidata.org/entity/Q13406463"}, "objectLabel": {"xml:lang": "en", "type": "literal", "value": "Wikimedia list article"}, "predicateLabel": {"xml:lang": "en", "type": "literal", "value": "instance of"}}, {"subjectLabel": {"xml:lang": "en", "type": "literal", "value": "list of mountains of Ticino"}, "object": {"type": "uri", "value": "http://www.wikidata.org/entity/Q8502"}, "objectLabel": {"xml:lang": "en", "type": "literal", "value": "mountain"}, "predicateLabel": {"xml:lang": "en", "type": "literal", "value": "is a list of"}}], "Q56290017": [{"subjectLabel": {"xml:lang": "en", "type": "literal", "value": "list of members of the Federal Assembly from the Canton of Ticino"}, "object": {"type": "uri", "value": "http://www.wikidata.org/entity/Q5"}, "objectLabel": {"xml:lang": "en", "type": "literal", "value": "human"}, "predicateLabel": {"xml:lang": "en", "type": "literal", "value": "is a list of"}}, {"subjectLabel": {"xml:lang": "en", "type": "literal", "value": "list of members of the Federal Assembly from the Canton of Ticino"}, "object": {"type": "uri", "value": "http://www.wikidata.org/entity/Q39"}, "objectLabel": {"xml:lang": "en", "type": "literal", "value": "Switzerland"}, "predicateLabel": {"xml:lang": "en", "type": "literal", "value": "country"}}, {"subjectLabel": {"xml:lang": "en", "type": "literal", "value": "list of members of the Federal Assembly from the Canton of Ticino"}, "object": {"type": "uri", "value": "http://www.wikidata.org/entity/Q13406463"}, "objectLabel": {"xml:lang": "en", "type": "literal", "value": "Wikimedia list article"}, "predicateLabel": {"xml:lang": "en", "type": "literal", "value": "instance of"}}], "Q688290": [{"subjectLabel": {"xml:lang": "en", "type": "literal", "value": "Municipalities of the canton of Ticino"}, "object": {"type": "uri", "value": "http://www.wikidata.org/entity/Q39"}, "objectLabel": {"xml:lang": "en", "type": "literal", "value": "Switzerland"}, "predicateLabel": {"xml:lang": "en", "type": "literal", "value": "country"}}, {"subjectLabel": {"xml:lang": "en", "type": "literal", "value": "Municipalities of the canton of Ticino"}, "object": {"type": "uri", "value": "http://www.wikidata.org/entity/Q13406463"}, "objectLabel": {"xml:lang": "en", "type": "literal", "value": "Wikimedia list article"}, "predicateLabel": {"xml:lang": "en", "type": "literal", "value": "instance of"}}, {"subjectLabel": {"xml:lang": "en", "type": "literal", "value": "Municipalities of the canton of Ticino"}, "object": {"type": "uri", "value": "http://www.wikidata.org/entity/Q70208"}, "objectLabel": {"xml:lang": "en", "type": "literal", "value": "municipality of Switzerland"}, "predicateLabel": {"xml:lang": "en", "type": "literal", "value": "is a list of"}}, {"subjectLabel": {"xml:lang": "en", "type": "literal", "value": "Municipalities of the canton of Ticino"}, "object": {"type": "uri", "value": "http://www.wikidata.org/entity/Q9023325"}, "objectLabel": {"xml:lang": "en", "type": "literal", "value": "Category:Municipalities of Ticino"}, "predicateLabel": {"xml:lang": "en", "type": "literal", "value": "category related to list"}}, {"subjectLabel": {"xml:lang": "en", "type": "literal", "value": "Municipalities of the canton of Ticino"}, "object": {"type": "uri", "value": "http://www.wikidata.org/entity/Q12724"}, "objectLabel": {"xml:lang": "en", "type": "literal", "value": "Ticino"}, "predicateLabel": {"xml:lang": "en", "type": "literal", "value": "located in the administrative territorial entity"}}], "Q3834429": [{"subjectLabel": {"xml:lang": "en", "type": "literal", "value": "list of lakes in the Canton of Ticino"}, "object": {"type": "uri", "value": "http://www.wikidata.org/entity/Q23397"}, "objectLabel": {"xml:lang": "en", "type": "literal", "value": "lake"}, "predicateLabel": {"xml:lang": "en", "type": "literal", "value": "is a list of"}}, {"subjectLabel": {"xml:lang": "en", "type": "literal", "value": "list of lakes in the Canton of Ticino"}, "object": {"type": "uri", "value": "http://www.wikidata.org/entity/Q39"}, "objectLabel": {"xml:lang": "en", "type": "literal", "value": "Switzerland"}, "predicateLabel": {"xml:lang": "en", "type": "literal", "value": "country"}}, {"subjectLabel": {"xml:lang": "en", "type": "literal", "value": "list of lakes in the Canton of Ticino"}, "object": {"type": "uri", "value": "http://www.wikidata.org/entity/Q13406463"}, "objectLabel": {"xml:lang": "en", "type": "literal", "value": "Wikimedia list article"}, "predicateLabel": {"xml:lang": "en", "type": "literal", "value": "instance of"}}], "Q16656123": [{"subjectLabel": {"xml:lang": "en", "type": "literal", "value": "list of railway stations in the Canton of Ticino"}, "object": {"type": "uri", "value": "http://www.wikidata.org/entity/Q39"}, "objectLabel": {"xml:lang": "en", "type": "literal", "value": "Switzerland"}, "predicateLabel": {"xml:lang": "en", "type": "literal", "value": "country"}}, {"subjectLabel": {"xml:lang": "en", "type": "literal", "value": "list of railway stations in the Canton of Ticino"}, "object": {"type": "uri", "value": "http://www.wikidata.org/entity/Q13406463"}, "objectLabel": {"xml:lang": "en", "type": "literal", "value": "Wikimedia list article"}, "predicateLabel": {"xml:lang": "en", "type": "literal", "value": "instance of"}}, {"subjectLabel": {"xml:lang": "en", "type": "literal", "value": "list of railway stations in the Canton of Ticino"}, "object": {"type": "uri", "value": "http://www.wikidata.org/entity/Q55488"}, "objectLabel": {"xml:lang": "en", "type": "literal", "value": "railway station"}, "predicateLabel": {"xml:lang": "en", "type": "literal", "value": "is a list of"}}], "Q20012388": [{"subjectLabel": {"xml:lang": "en", "type": "literal", "value": "list of protected areas in the Canton of Ticino"}, "object": {"type": "uri", "value": "http://www.wikidata.org/entity/Q39"}, "objectLabel": {"xml:lang": "en", "type": "literal", "value": "Switzerland"}, "predicateLabel": {"xml:lang": "en", "type": "literal", "value": "country"}}, {"subjectLabel": {"xml:lang": "en", "type": "literal", "value": "list of protected areas in the Canton of Ticino"}, "object": {"type": "uri", "value": "http://www.wikidata.org/entity/Q13406463"}, "objectLabel": {"xml:lang": "en", "type": "literal", "value": "Wikimedia list article"}, "predicateLabel": {"xml:lang": "en", "type": "literal", "value": "instance of"}}, {"subjectLabel": {"xml:lang": "en", "type": "literal", "value": "list of protected areas in the Canton of Ticino"}, "object": {"type": "uri", "value": "http://www.wikidata.org/entity/Q473972"}, "objectLabel": {"xml:lang": "en", "type": "literal", "value": "protected area"}, "predicateLabel": {"xml:lang": "en", "type": "literal", "value": "is a list of"}}], "Q23058": [{"subjectLabel": {"xml:lang": "en", "type": "literal", "value": "canton of Switzerland"}, "object": {"type": "uri", "value": "http://www.wikidata.org/entity/Q192611"}, "objectLabel": {"xml:lang": "en", "type": "literal", "value": "electoral unit"}, "predicateLabel": {"xml:lang": "en", "type": "literal", "value": "subclass of"}}, {"subjectLabel": {"xml:lang": "en", "type": "literal", "value": "canton of Switzerland"}, "object": {"type": "uri", "value": "http://www.wikidata.org/entity/Q39"}, "objectLabel": {"xml:lang": "en", "type": "literal", "value": "Switzerland"}, "predicateLabel": {"xml:lang": "en", "type": "literal", "value": "country"}}, {"subjectLabel": {"xml:lang": "en", "type": "literal", "value": "canton of Switzerland"}, "object": {"type": "uri", "value": "http://www.wikidata.org/entity/Q107390"}, "objectLabel": {"xml:lang": "en", "type": "literal", "value": "federated state"}, "predicateLabel": {"xml:lang": "en", "type": "literal", "value": "subclass of"}}, {"subjectLabel": {"xml:lang": "en", "type": "literal", "value": "canton of Switzerland"}, "object": {"type": "uri", "value": "http://www.wikidata.org/entity/Q2311958"}, "objectLabel": {"xml:lang": "en", "type": "literal", "value": "canton"}, "predicateLabel": {"xml:lang": "en", "type": "literal", "value": "subclass of"}}, {"subjectLabel": {"xml:lang": "en", "type": "literal", "value": "canton of Switzerland"}, "object": {"type": "uri", "value": "http://www.wikidata.org/entity/Q7631075"}, "objectLabel": {"xml:lang": "en", "type": "literal", "value": "administrative territorial entity of Switzerland"}, "predicateLabel": {"xml:lang": "en", "type": "literal", "value": "subclass of"}}, {"subjectLabel": {"xml:lang": "en", "type": "literal", "value": "canton of Switzerland"}, "object": {"type": "uri", "value": "http://www.wikidata.org/entity/Q2041543"}, "objectLabel": {"xml:lang": "en", "type": "literal", "value": "Ott\u016fv slovn\u00edk nau\u010dn\u00fd"}, "predicateLabel": {"xml:lang": "en", "type": "literal", "value": "described by source"}}, {"subjectLabel": {"xml:lang": "en", "type": "literal", "value": "canton of Switzerland"}, "object": {"type": "uri", "value": "http://www.wikidata.org/entity/Q6549789"}, "objectLabel": {"xml:lang": "en", "type": "literal", "value": "Category:Cantons of Switzerland"}, "predicateLabel": {"xml:lang": "en", "type": "literal", "value": "topic's main category"}}, {"subjectLabel": {"xml:lang": "en", "type": "literal", "value": "canton of Switzerland"}, "object": {"type": "uri", "value": "http://www.wikidata.org/entity/Q602358"}, "objectLabel": {"xml:lang": "en", "type": "literal", "value": "Brockhaus and Efron Encyclopedic Dictionary"}, "predicateLabel": {"xml:lang": "en", "type": "literal", "value": "described by source"}}, {"subjectLabel": {"xml:lang": "en", "type": "literal", "value": "canton of Switzerland"}, "object": {"type": "uri", "value": "http://www.wikidata.org/entity/Q193013"}, "objectLabel": {"xml:lang": "en", "type": "literal", "value": "Kanton"}, "predicateLabel": {"xml:lang": "en", "type": "literal", "value": "different from"}}, {"subjectLabel": {"xml:lang": "en", "type": "literal", "value": "canton of Switzerland"}, "object": {"type": "uri", "value": "http://www.wikidata.org/entity/Q10864048"}, "objectLabel": {"xml:lang": "en", "type": "literal", "value": "first-level administrative division"}, "predicateLabel": {"xml:lang": "en", "type": "literal", "value": "subclass of"}}, {"subjectLabel": {"xml:lang": "en", "type": "literal", "value": "canton of Switzerland"}, "object": {"type": "uri", "value": "http://www.wikidata.org/entity/Q7850221"}, "objectLabel": {"xml:lang": "en", "type": "literal", "value": "Template:Infobox swiss Canton"}, "predicateLabel": {"xml:lang": "en", "type": "literal", "value": "topic's main template"}}], "Q14616276": [{"subjectLabel": {"xml:lang": "en", "type": "literal", "value": "Portal:Canton of Ticino"}, "object": {"type": "uri", "value": "http://www.wikidata.org/entity/Q12724"}, "objectLabel": {"xml:lang": "en", "type": "literal", "value": "Ticino"}, "predicateLabel": {"xml:lang": "en", "type": "literal", "value": "Wikimedia portal's main topic"}}, {"subjectLabel": {"xml:lang": "en", "type": "literal", "value": "Portal:Canton of Ticino"}, "object": {"type": "uri", "value": "http://www.wikidata.org/entity/Q30111058"}, "objectLabel": {"xml:lang": "en", "type": "literal", "value": "Category:Canton of Ticino portal"}, "predicateLabel": {"xml:lang": "en", "type": "literal", "value": "topic's main category"}}, {"subjectLabel": {"xml:lang": "en", "type": "literal", "value": "Portal:Canton of Ticino"}, "object": {"type": "uri", "value": "http://www.wikidata.org/entity/Q4663903"}, "objectLabel": {"xml:lang": "en", "type": "literal", "value": "Wikimedia portal"}, "predicateLabel": {"xml:lang": "en", "type": "literal", "value": "instance of"}}], "Q8081352": [{"subjectLabel": {"xml:lang": "en", "type": "literal", "value": "Category:Births in the canton of Ticino"}, "object": {"type": "uri", "value": "http://www.wikidata.org/entity/Q5"}, "objectLabel": {"xml:lang": "en", "type": "literal", "value": "human"}, "predicateLabel": {"xml:lang": "en", "type": "literal", "value": "category contains"}}, {"subjectLabel": {"xml:lang": "en", "type": "literal", "value": "Category:Births in the canton of Ticino"}, "object": {"type": "uri", "value": "http://www.wikidata.org/entity/Q1322263"}, "objectLabel": {"xml:lang": "en", "type": "literal", "value": "place of birth"}, "predicateLabel": {"xml:lang": "en", "type": "literal", "value": "category combines topics"}}, {"subjectLabel": {"xml:lang": "en", "type": "literal", "value": "Category:Births in the canton of Ticino"}, "object": {"type": "uri", "value": "http://www.wikidata.org/entity/Q12724"}, "objectLabel": {"xml:lang": "en", "type": "literal", "value": "Ticino"}, "predicateLabel": {"xml:lang": "en", "type": "literal", "value": "category combines topics"}}, {"subjectLabel": {"xml:lang": "en", "type": "literal", "value": "Category:Births in the canton of Ticino"}, "object": {"type": "uri", "value": "http://www.wikidata.org/entity/Q4167836"}, "objectLabel": {"xml:lang": "en", "type": "literal", "value": "Wikimedia category"}, "predicateLabel": {"xml:lang": "en", "type": "literal", "value": "instance of"}}]}