{"Q2527752": [{"subjectLabel": {"xml:lang": "en", "type": "literal", "value": "Virginal"}, "object": {"type": "uri", "value": "http://www.wikidata.org/entity/Q837985"}, "objectLabel": {"xml:lang": "en", "type": "literal", "value": "Middle High German"}, "predicateLabel": {"xml:lang": "en", "type": "literal", "value": "language of work or name"}}, {"subjectLabel": {"xml:lang": "en", "type": "literal", "value": "Virginal"}, "object": {"type": "uri", "value": "http://www.wikidata.org/entity/Q7725634"}, "objectLabel": {"xml:lang": "en", "type": "literal", "value": "literary work"}, "predicateLabel": {"xml:lang": "en", "type": "literal", "value": "instance of"}}, {"subjectLabel": {"xml:lang": "en", "type": "literal", "value": "Virginal"}, "object": {"type": "uri", "value": "http://www.wikidata.org/entity/Q5185279"}, "objectLabel": {"xml:lang": "en", "type": "literal", "value": "poem"}, "predicateLabel": {"xml:lang": "en", "type": "literal", "value": "form of creative work"}}], "Q4204501": [{"subjectLabel": {"xml:lang": "en", "type": "literal", "value": "historical ethnic group"}, "object": {"type": "uri", "value": "http://www.wikidata.org/entity/Q7572248"}, "objectLabel": {"xml:lang": "en", "type": "literal", "value": "Category:Historical ethnic groups"}, "predicateLabel": {"xml:lang": "en", "type": "literal", "value": "topic's main category"}}, {"subjectLabel": {"xml:lang": "en", "type": "literal", "value": "historical ethnic group"}, "object": {"type": "uri", "value": "http://www.wikidata.org/entity/Q41710"}, "objectLabel": {"xml:lang": "en", "type": "literal", "value": "ethnic group"}, "predicateLabel": {"xml:lang": "en", "type": "literal", "value": "subclass of"}}, {"subjectLabel": {"xml:lang": "en", "type": "literal", "value": "historical ethnic group"}, "object": {"type": "uri", "value": "http://www.wikidata.org/entity/Q15893266"}, "objectLabel": {"xml:lang": "en", "type": "literal", "value": "former entity"}, "predicateLabel": {"xml:lang": "en", "type": "literal", "value": "subclass of"}}], "Q133311": [{"subjectLabel": {"xml:lang": "en", "type": "literal", "value": "tribe"}, "object": {"type": "uri", "value": "http://www.wikidata.org/entity/P12011"}, "objectLabel": {"xml:lang": "en", "type": "literal", "value": "tribe"}, "predicateLabel": {"xml:lang": "en", "type": "literal", "value": "Wikidata property"}}, {"subjectLabel": {"xml:lang": "en", "type": "literal", "value": "tribe"}, "object": {"type": "uri", "value": "http://www.wikidata.org/entity/Q227936"}, "objectLabel": {"xml:lang": "en", "type": "literal", "value": "tribe"}, "predicateLabel": {"xml:lang": "en", "type": "literal", "value": "different from"}}, {"subjectLabel": {"xml:lang": "en", "type": "literal", "value": "tribe"}, "object": {"type": "uri", "value": "http://www.wikidata.org/entity/Q3377803"}, "objectLabel": {"xml:lang": "en", "type": "literal", "value": "tribe"}, "predicateLabel": {"xml:lang": "en", "type": "literal", "value": "said to be the same as"}}, {"subjectLabel": {"xml:lang": "en", "type": "literal", "value": "tribe"}, "object": {"type": "uri", "value": "http://www.wikidata.org/entity/Q1063239"}, "objectLabel": {"xml:lang": "en", "type": "literal", "value": "polity"}, "predicateLabel": {"xml:lang": "en", "type": "literal", "value": "subclass of"}}, {"subjectLabel": {"xml:lang": "en", "type": "literal", "value": "tribe"}, "object": {"type": "uri", "value": "http://www.wikidata.org/entity/Q874405"}, "objectLabel": {"xml:lang": "en", "type": "literal", "value": "human social group"}, "predicateLabel": {"xml:lang": "en", "type": "literal", "value": "subclass of"}}, {"subjectLabel": {"xml:lang": "en", "type": "literal", "value": "tribe"}, "object": {"type": "uri", "value": "http://www.wikidata.org/entity/Q41710"}, "objectLabel": {"xml:lang": "en", "type": "literal", "value": "ethnic group"}, "predicateLabel": {"xml:lang": "en", "type": "literal", "value": "subclass of"}}, {"subjectLabel": {"xml:lang": "en", "type": "literal", "value": "tribe"}, "object": {"type": "uri", "value": "http://www.wikidata.org/entity/Q867541"}, "objectLabel": {"xml:lang": "en", "type": "literal", "value": "Encyclop\u00e6dia Britannica 11th edition"}, "predicateLabel": {"xml:lang": "en", "type": "literal", "value": "described by source"}}, {"subjectLabel": {"xml:lang": "en", "type": "literal", "value": "tribe"}, "object": {"type": "uri", "value": "http://www.wikidata.org/entity/Q23037160"}, "objectLabel": {"xml:lang": "en", "type": "literal", "value": "quasi-state"}, "predicateLabel": {"xml:lang": "en", "type": "literal", "value": "different from"}}, {"subjectLabel": {"xml:lang": "en", "type": "literal", "value": "tribe"}, "object": {"type": "uri", "value": "http://www.wikidata.org/entity/Q6173448"}, "objectLabel": {"xml:lang": "en", "type": "literal", "value": "Wikipedia:Vital articles/Level/4"}, "predicateLabel": {"xml:lang": "en", "type": "literal", "value": "on focus list of Wikimedia project"}}, {"subjectLabel": {"xml:lang": "en", "type": "literal", "value": "tribe"}, "object": {"type": "uri", "value": "http://www.wikidata.org/entity/Q7029169"}, "objectLabel": {"xml:lang": "en", "type": "literal", "value": "Category:Tribes"}, "predicateLabel": {"xml:lang": "en", "type": "literal", "value": "topic's main category"}}, {"subjectLabel": {"xml:lang": "en", "type": "literal", "value": "tribe"}, "object": {"type": "uri", "value": "http://www.wikidata.org/entity/Q14914895"}, "objectLabel": {"xml:lang": "en", "type": "literal", "value": "Template:Infobox tribe"}, "predicateLabel": {"xml:lang": "en", "type": "literal", "value": "topic's main template"}}], "Q42193": [{"subjectLabel": {"xml:lang": "en", "type": "literal", "value": "Goths"}, "object": {"type": "uri", "value": "http://www.wikidata.org/entity/Q23693"}, "objectLabel": {"xml:lang": "en", "type": "literal", "value": "Visigoths"}, "predicateLabel": {"xml:lang": "en", "type": "literal", "value": "has part(s)"}}, {"subjectLabel": {"xml:lang": "en", "type": "literal", "value": "Goths"}, "object": {"type": "uri", "value": "http://www.wikidata.org/entity/Q1341201"}, "objectLabel": {"xml:lang": "en", "type": "literal", "value": "Crimean Goths"}, "predicateLabel": {"xml:lang": "en", "type": "literal", "value": "has part(s)"}}, {"subjectLabel": {"xml:lang": "en", "type": "literal", "value": "Goths"}, "object": {"type": "uri", "value": "http://www.wikidata.org/entity/Q103122"}, "objectLabel": {"xml:lang": "en", "type": "literal", "value": "Ostrogoths"}, "predicateLabel": {"xml:lang": "en", "type": "literal", "value": "has part(s)"}}, {"subjectLabel": {"xml:lang": "en", "type": "literal", "value": "Goths"}, "object": {"type": "uri", "value": "http://www.wikidata.org/entity/Q212954"}, "objectLabel": {"xml:lang": "en", "type": "literal", "value": "Goth"}, "predicateLabel": {"xml:lang": "en", "type": "literal", "value": "different from"}}, {"subjectLabel": {"xml:lang": "en", "type": "literal", "value": "Goths"}, "object": {"type": "uri", "value": "http://www.wikidata.org/entity/Q19047539"}, "objectLabel": {"xml:lang": "en", "type": "literal", "value": "Collier's New Encyclopedia, 1921"}, "predicateLabel": {"xml:lang": "en", "type": "literal", "value": "described by source"}}, {"subjectLabel": {"xml:lang": "en", "type": "literal", "value": "Goths"}, "object": {"type": "uri", "value": "http://www.wikidata.org/entity/Q19180675"}, "objectLabel": {"xml:lang": "en", "type": "literal", "value": "Small Brockhaus and Efron Encyclopedic Dictionary"}, "predicateLabel": {"xml:lang": "en", "type": "literal", "value": "described by source"}}, {"subjectLabel": {"xml:lang": "en", "type": "literal", "value": "Goths"}, "object": {"type": "uri", "value": "http://www.wikidata.org/entity/Q30059240"}, "objectLabel": {"xml:lang": "en", "type": "literal", "value": "Real'nyj slovar' klassicheskih drevnostej po Ljubkeru"}, "predicateLabel": {"xml:lang": "en", "type": "literal", "value": "described by source"}}, {"subjectLabel": {"xml:lang": "en", "type": "literal", "value": "Goths"}, "object": {"type": "uri", "value": "http://www.wikidata.org/entity/Q602358"}, "objectLabel": {"xml:lang": "en", "type": "literal", "value": "Brockhaus and Efron Encyclopedic Dictionary"}, "predicateLabel": {"xml:lang": "en", "type": "literal", "value": "described by source"}}, {"subjectLabel": {"xml:lang": "en", "type": "literal", "value": "Goths"}, "object": {"type": "uri", "value": "http://www.wikidata.org/entity/Q867541"}, "objectLabel": {"xml:lang": "en", "type": "literal", "value": "Encyclop\u00e6dia Britannica 11th edition"}, "predicateLabel": {"xml:lang": "en", "type": "literal", "value": "described by source"}}, {"subjectLabel": {"xml:lang": "en", "type": "literal", "value": "Goths"}, "object": {"type": "uri", "value": "http://www.wikidata.org/entity/Q85870419"}, "objectLabel": {"xml:lang": "en", "type": "literal", "value": "Godo"}, "predicateLabel": {"xml:lang": "en", "type": "literal", "value": "different from"}}, {"subjectLabel": {"xml:lang": "en", "type": "literal", "value": "Goths"}, "object": {"type": "uri", "value": "http://www.wikidata.org/entity/Q613732"}, "objectLabel": {"xml:lang": "en", "type": "literal", "value": "East Germanic tribes"}, "predicateLabel": {"xml:lang": "en", "type": "literal", "value": "subclass of"}}, {"subjectLabel": {"xml:lang": "en", "type": "literal", "value": "Goths"}, "object": {"type": "uri", "value": "http://www.wikidata.org/entity/Q15501579"}, "objectLabel": {"xml:lang": "en", "type": "literal", "value": "Moesogoths"}, "predicateLabel": {"xml:lang": "en", "type": "literal", "value": "has part(s)"}}, {"subjectLabel": {"xml:lang": "en", "type": "literal", "value": "Goths"}, "object": {"type": "uri", "value": "http://www.wikidata.org/entity/Q4532138"}, "objectLabel": {"xml:lang": "en", "type": "literal", "value": "Granat Encyclopedic Dictionary"}, "predicateLabel": {"xml:lang": "en", "type": "literal", "value": "described by source"}}, {"subjectLabel": {"xml:lang": "en", "type": "literal", "value": "Goths"}, "object": {"type": "uri", "value": "http://www.wikidata.org/entity/Q3181656"}, "objectLabel": {"xml:lang": "en", "type": "literal", "value": "The Nuttall Encyclop\u00e6dia"}, "predicateLabel": {"xml:lang": "en", "type": "literal", "value": "described by source"}}, {"subjectLabel": {"xml:lang": "en", "type": "literal", "value": "Goths"}, "object": {"type": "uri", "value": "http://www.wikidata.org/entity/Q6173448"}, "objectLabel": {"xml:lang": "en", "type": "literal", "value": "Wikipedia:Vital articles/Level/4"}, "predicateLabel": {"xml:lang": "en", "type": "literal", "value": "on focus list of Wikimedia project"}}, {"subjectLabel": {"xml:lang": "en", "type": "literal", "value": "Goths"}, "object": {"type": "uri", "value": "http://www.wikidata.org/entity/Q4204501"}, "objectLabel": {"xml:lang": "en", "type": "literal", "value": "historical ethnic group"}, "predicateLabel": {"xml:lang": "en", "type": "literal", "value": "instance of"}}, {"subjectLabel": {"xml:lang": "en", "type": "literal", "value": "Goths"}, "object": {"type": "uri", "value": "http://www.wikidata.org/entity/Q8495084"}, "objectLabel": {"xml:lang": "en", "type": "literal", "value": "Category:Goths"}, "predicateLabel": {"xml:lang": "en", "type": "literal", "value": "topic's main category"}}, {"subjectLabel": {"xml:lang": "en", "type": "literal", "value": "Goths"}, "object": {"type": "uri", "value": "http://www.wikidata.org/entity/Q6150074"}, "objectLabel": {"xml:lang": "en", "type": "literal", "value": "Category:Gothic people"}, "predicateLabel": {"xml:lang": "en", "type": "literal", "value": "topic's main category"}}], "Q1400317": [{"subjectLabel": {"xml:lang": "en", "type": "literal", "value": "Greuthungi"}, "object": {"type": "uri", "value": "http://www.wikidata.org/entity/Q133311"}, "objectLabel": {"xml:lang": "en", "type": "literal", "value": "tribe"}, "predicateLabel": {"xml:lang": "en", "type": "literal", "value": "instance of"}}, {"subjectLabel": {"xml:lang": "en", "type": "literal", "value": "Greuthungi"}, "object": {"type": "uri", "value": "http://www.wikidata.org/entity/Q9182773"}, "objectLabel": {"xml:lang": "en", "type": "literal", "value": "Category:Greuthungi"}, "predicateLabel": {"xml:lang": "en", "type": "literal", "value": "topic's main category"}}, {"subjectLabel": {"xml:lang": "en", "type": "literal", "value": "Greuthungi"}, "object": {"type": "uri", "value": "http://www.wikidata.org/entity/Q103122"}, "objectLabel": {"xml:lang": "en", "type": "literal", "value": "Ostrogoths"}, "predicateLabel": {"xml:lang": "en", "type": "literal", "value": "subclass of"}}], "Q6425769": [{"subjectLabel": {"xml:lang": "en", "type": "literal", "value": "Category:Ostrogoths"}, "object": {"type": "uri", "value": "http://www.wikidata.org/entity/Q5"}, "objectLabel": {"xml:lang": "en", "type": "literal", "value": "human"}, "predicateLabel": {"xml:lang": "en", "type": "literal", "value": "category contains"}}, {"subjectLabel": {"xml:lang": "en", "type": "literal", "value": "Category:Ostrogoths"}, "object": {"type": "uri", "value": "http://www.wikidata.org/entity/Q4167836"}, "objectLabel": {"xml:lang": "en", "type": "literal", "value": "Wikimedia category"}, "predicateLabel": {"xml:lang": "en", "type": "literal", "value": "instance of"}}, {"subjectLabel": {"xml:lang": "en", "type": "literal", "value": "Category:Ostrogoths"}, "object": {"type": "uri", "value": "http://www.wikidata.org/entity/Q103122"}, "objectLabel": {"xml:lang": "en", "type": "literal", "value": "Ostrogoths"}, "predicateLabel": {"xml:lang": "en", "type": "literal", "value": "category's main topic"}}], "Q23702033": [{"subjectLabel": {"xml:lang": "en", "type": "literal", "value": "category in the K\u00f6ppen climate classification systems"}, "object": {"type": "uri", "value": "http://www.wikidata.org/entity/Q16889133"}, "objectLabel": {"xml:lang": "en", "type": "literal", "value": "class"}, "predicateLabel": {"xml:lang": "en", "type": "literal", "value": "subclass of"}}, {"subjectLabel": {"xml:lang": "en", "type": "literal", "value": "category in the K\u00f6ppen climate classification systems"}, "object": {"type": "uri", "value": "http://www.wikidata.org/entity/Q124095"}, "objectLabel": {"xml:lang": "en", "type": "literal", "value": "K\u00f6ppen climate classification"}, "predicateLabel": {"xml:lang": "en", "type": "literal", "value": "part of"}}], "Q167466": [{"subjectLabel": {"xml:lang": "en", "type": "literal", "value": "temperate climate"}, "object": {"type": "uri", "value": "http://www.wikidata.org/entity/Q1639168"}, "objectLabel": {"xml:lang": "en", "type": "literal", "value": "climate zone"}, "predicateLabel": {"xml:lang": "en", "type": "literal", "value": "subclass of"}}, {"subjectLabel": {"xml:lang": "en", "type": "literal", "value": "temperate climate"}, "object": {"type": "uri", "value": "http://www.wikidata.org/entity/Q6173448"}, "objectLabel": {"xml:lang": "en", "type": "literal", "value": "Wikipedia:Vital articles/Level/4"}, "predicateLabel": {"xml:lang": "en", "type": "literal", "value": "on focus list of Wikimedia project"}}, {"subjectLabel": {"xml:lang": "en", "type": "literal", "value": "temperate climate"}, "object": {"type": "uri", "value": "http://www.wikidata.org/entity/Q49750898"}, "objectLabel": {"xml:lang": "en", "type": "literal", "value": "Category:Temperate climate"}, "predicateLabel": {"xml:lang": "en", "type": "literal", "value": "topic's main category"}}], "Q9599770": [{"subjectLabel": {"xml:lang": "en", "type": "literal", "value": "Category:Mediterranean climate"}, "object": {"type": "uri", "value": "http://www.wikidata.org/entity/Q4167836"}, "objectLabel": {"xml:lang": "en", "type": "literal", "value": "Wikimedia category"}, "predicateLabel": {"xml:lang": "en", "type": "literal", "value": "instance of"}}, {"subjectLabel": {"xml:lang": "en", "type": "literal", "value": "Category:Mediterranean climate"}, "object": {"type": "uri", "value": "http://www.wikidata.org/entity/Q13996"}, "objectLabel": {"xml:lang": "en", "type": "literal", "value": "Mediterranean climate"}, "predicateLabel": {"xml:lang": "en", "type": "literal", "value": "category's main topic"}}], "Q123625363": [{"subjectLabel": {"xml:lang": "en", "type": "literal", "value": "Armenian Soviet Encyclopedia, vol. 7"}, "object": {"type": "uri", "value": "http://www.wikidata.org/entity/Q1953"}, "objectLabel": {"xml:lang": "en", "type": "literal", "value": "Yerevan"}, "predicateLabel": {"xml:lang": "en", "type": "literal", "value": "place of publication"}}, {"subjectLabel": {"xml:lang": "en", "type": "literal", "value": "Armenian Soviet Encyclopedia, vol. 7"}, "object": {"type": "uri", "value": "http://www.wikidata.org/entity/Q1238720"}, "objectLabel": {"xml:lang": "en", "type": "literal", "value": "volume"}, "predicateLabel": {"xml:lang": "en", "type": "literal", "value": "instance of"}}, {"subjectLabel": {"xml:lang": "en", "type": "literal", "value": "Armenian Soviet Encyclopedia, vol. 7"}, "object": {"type": "uri", "value": "http://www.wikidata.org/entity/Q8785"}, "objectLabel": {"xml:lang": "en", "type": "literal", "value": "Armenian"}, "predicateLabel": {"xml:lang": "en", "type": "literal", "value": "language of work or name"}}, {"subjectLabel": {"xml:lang": "en", "type": "literal", "value": "Armenian Soviet Encyclopedia, vol. 7"}, "object": {"type": "uri", "value": "http://www.wikidata.org/entity/Q2657718"}, "objectLabel": {"xml:lang": "en", "type": "literal", "value": "Armenian Soviet Encyclopedia"}, "predicateLabel": {"xml:lang": "en", "type": "literal", "value": "part of"}}, {"subjectLabel": {"xml:lang": "en", "type": "literal", "value": "Armenian Soviet Encyclopedia, vol. 7"}, "object": {"type": "uri", "value": "http://www.wikidata.org/entity/Q88088423"}, "objectLabel": {"xml:lang": "en", "type": "literal", "value": "copyrighted, dedicated to the public domain by copyright holder"}, "predicateLabel": {"xml:lang": "en", "type": "literal", "value": "copyright status"}}, {"subjectLabel": {"xml:lang": "en", "type": "literal", "value": "Armenian Soviet Encyclopedia, vol. 7"}, "object": {"type": "uri", "value": "http://www.wikidata.org/entity/Q14946043"}, "objectLabel": {"xml:lang": "en", "type": "literal", "value": "Creative Commons Attribution-ShareAlike 3.0 Unported"}, "predicateLabel": {"xml:lang": "en", "type": "literal", "value": "copyright license"}}]}