{"Q15921385": [{"subjectLabel": {"xml:lang": "en", "type": "literal", "value": "La Famille"}, "object": {"type": "uri", "value": "http://www.wikidata.org/entity/Q142"}, "objectLabel": {"xml:lang": "en", "type": "literal", "value": "France"}, "predicateLabel": {"xml:lang": "en", "type": "literal", "value": "country"}}, {"subjectLabel": {"xml:lang": "en", "type": "literal", "value": "La Famille"}, "object": {"type": "uri", "value": "http://www.wikidata.org/entity/Q142"}, "objectLabel": {"xml:lang": "en", "type": "literal", "value": "France"}, "predicateLabel": {"xml:lang": "en", "type": "literal", "value": "country of origin"}}, {"subjectLabel": {"xml:lang": "en", "type": "literal", "value": "La Famille"}, "object": {"type": "uri", "value": "http://www.wikidata.org/entity/Q7560"}, "objectLabel": {"xml:lang": "en", "type": "literal", "value": "mother"}, "predicateLabel": {"xml:lang": "en", "type": "literal", "value": "depicts"}}, {"subjectLabel": {"xml:lang": "en", "type": "literal", "value": "La Famille"}, "object": {"type": "uri", "value": "http://www.wikidata.org/entity/Q7565"}, "objectLabel": {"xml:lang": "en", "type": "literal", "value": "father"}, "predicateLabel": {"xml:lang": "en", "type": "literal", "value": "depicts"}}, {"subjectLabel": {"xml:lang": "en", "type": "literal", "value": "La Famille"}, "object": {"type": "uri", "value": "http://www.wikidata.org/entity/Q527"}, "objectLabel": {"xml:lang": "en", "type": "literal", "value": "sky"}, "predicateLabel": {"xml:lang": "en", "type": "literal", "value": "depicts"}}, {"subjectLabel": {"xml:lang": "en", "type": "literal", "value": "La Famille"}, "object": {"type": "uri", "value": "http://www.wikidata.org/entity/Q8074"}, "objectLabel": {"xml:lang": "en", "type": "literal", "value": "cloud"}, "predicateLabel": {"xml:lang": "en", "type": "literal", "value": "depicts"}}, {"subjectLabel": {"xml:lang": "en", "type": "literal", "value": "La Famille"}, "object": {"type": "uri", "value": "http://www.wikidata.org/entity/Q7569"}, "objectLabel": {"xml:lang": "en", "type": "literal", "value": "child"}, "predicateLabel": {"xml:lang": "en", "type": "literal", "value": "depicts"}}, {"subjectLabel": {"xml:lang": "en", "type": "literal", "value": "La Famille"}, "object": {"type": "uri", "value": "http://www.wikidata.org/entity/Q204390"}, "objectLabel": {"xml:lang": "en", "type": "literal", "value": "straw hat"}, "predicateLabel": {"xml:lang": "en", "type": "literal", "value": "depicts"}}, {"subjectLabel": {"xml:lang": "en", "type": "literal", "value": "La Famille"}, "object": {"type": "uri", "value": "http://www.wikidata.org/entity/Q8436"}, "objectLabel": {"xml:lang": "en", "type": "literal", "value": "family"}, "predicateLabel": {"xml:lang": "en", "type": "literal", "value": "depicts"}}, {"subjectLabel": {"xml:lang": "en", "type": "literal", "value": "La Famille"}, "object": {"type": "uri", "value": "http://www.wikidata.org/entity/Q30456678"}, "objectLabel": {"xml:lang": "en", "type": "literal", "value": "poplar"}, "predicateLabel": {"xml:lang": "en", "type": "literal", "value": "depicts"}}, {"subjectLabel": {"xml:lang": "en", "type": "literal", "value": "La Famille"}, "object": {"type": "uri", "value": "http://www.wikidata.org/entity/Q355304"}, "objectLabel": {"xml:lang": "en", "type": "literal", "value": "watercourse"}, "predicateLabel": {"xml:lang": "en", "type": "literal", "value": "depicts"}}, {"subjectLabel": {"xml:lang": "en", "type": "literal", "value": "La Famille"}, "object": {"type": "uri", "value": "http://www.wikidata.org/entity/Q643352"}, "objectLabel": {"xml:lang": "en", "type": "literal", "value": "grass"}, "predicateLabel": {"xml:lang": "en", "type": "literal", "value": "depicts"}}, {"subjectLabel": {"xml:lang": "en", "type": "literal", "value": "La Famille"}, "object": {"type": "uri", "value": "http://www.wikidata.org/entity/Q296955"}, "objectLabel": {"xml:lang": "en", "type": "literal", "value": "oil paint"}, "predicateLabel": {"xml:lang": "en", "type": "literal", "value": "made from material"}}, {"subjectLabel": {"xml:lang": "en", "type": "literal", "value": "La Famille"}, "object": {"type": "uri", "value": "http://www.wikidata.org/entity/Q177978"}, "objectLabel": {"xml:lang": "en", "type": "literal", "value": "Henri-Jean Guillaume Martin"}, "predicateLabel": {"xml:lang": "en", "type": "literal", "value": "creator"}}, {"subjectLabel": {"xml:lang": "en", "type": "literal", "value": "La Famille"}, "object": {"type": "uri", "value": "http://www.wikidata.org/entity/Q3305213"}, "objectLabel": {"xml:lang": "en", "type": "literal", "value": "painting"}, "predicateLabel": {"xml:lang": "en", "type": "literal", "value": "instance of"}}, {"subjectLabel": {"xml:lang": "en", "type": "literal", "value": "La Famille"}, "object": {"type": "uri", "value": "http://www.wikidata.org/entity/Q200034"}, "objectLabel": {"xml:lang": "en", "type": "literal", "value": "pointillism"}, "predicateLabel": {"xml:lang": "en", "type": "literal", "value": "movement"}}, {"subjectLabel": {"xml:lang": "en", "type": "literal", "value": "La Famille"}, "object": {"type": "uri", "value": "http://www.wikidata.org/entity/Q1047337"}, "objectLabel": {"xml:lang": "en", "type": "literal", "value": "genre art"}, "predicateLabel": {"xml:lang": "en", "type": "literal", "value": "genre"}}, {"subjectLabel": {"xml:lang": "en", "type": "literal", "value": "La Famille"}, "object": {"type": "uri", "value": "http://www.wikidata.org/entity/Q10884"}, "objectLabel": {"xml:lang": "en", "type": "literal", "value": "tree"}, "predicateLabel": {"xml:lang": "en", "type": "literal", "value": "depicts"}}, {"subjectLabel": {"xml:lang": "en", "type": "literal", "value": "La Famille"}, "object": {"type": "uri", "value": "http://www.wikidata.org/entity/Q3278478"}, "objectLabel": {"xml:lang": "en", "type": "literal", "value": "municipality of Paris"}, "predicateLabel": {"xml:lang": "en", "type": "literal", "value": "owned by"}}, {"subjectLabel": {"xml:lang": "en", "type": "literal", "value": "La Famille"}, "object": {"type": "uri", "value": "http://www.wikidata.org/entity/Q1279269"}, "objectLabel": {"xml:lang": "en", "type": "literal", "value": "chignon"}, "predicateLabel": {"xml:lang": "en", "type": "literal", "value": "depicts"}}, {"subjectLabel": {"xml:lang": "en", "type": "literal", "value": "La Famille"}, "object": {"type": "uri", "value": "http://www.wikidata.org/entity/Q3278478"}, "objectLabel": {"xml:lang": "en", "type": "literal", "value": "municipality of Paris"}, "predicateLabel": {"xml:lang": "en", "type": "literal", "value": "commissioned by"}}, {"subjectLabel": {"xml:lang": "en", "type": "literal", "value": "La Famille"}, "object": {"type": "uri", "value": "http://www.wikidata.org/entity/Q1885812"}, "objectLabel": {"xml:lang": "en", "type": "literal", "value": "town hall of Paris 10th arrondissement"}, "predicateLabel": {"xml:lang": "en", "type": "literal", "value": "collection"}}, {"subjectLabel": {"xml:lang": "en", "type": "literal", "value": "La Famille"}, "object": {"type": "uri", "value": "http://www.wikidata.org/entity/Q19652"}, "objectLabel": {"xml:lang": "en", "type": "literal", "value": "public domain"}, "predicateLabel": {"xml:lang": "en", "type": "literal", "value": "copyright status"}}, {"subjectLabel": {"xml:lang": "en", "type": "literal", "value": "La Famille"}, "object": {"type": "uri", "value": "http://www.wikidata.org/entity/Q175185"}, "objectLabel": {"xml:lang": "en", "type": "literal", "value": "rural area"}, "predicateLabel": {"xml:lang": "en", "type": "literal", "value": "depicts"}}, {"subjectLabel": {"xml:lang": "en", "type": "literal", "value": "La Famille"}, "object": {"type": "uri", "value": "http://www.wikidata.org/entity/Q1885812"}, "objectLabel": {"xml:lang": "en", "type": "literal", "value": "town hall of Paris 10th arrondissement"}, "predicateLabel": {"xml:lang": "en", "type": "literal", "value": "location"}}], "Q24575431": [{"subjectLabel": {"xml:lang": "en", "type": "literal", "value": "Alexander II"}, "object": {"type": "uri", "value": "http://www.wikidata.org/entity/Q171112"}, "objectLabel": {"xml:lang": "en", "type": "literal", "value": "Alexander II"}, "predicateLabel": {"xml:lang": "en", "type": "literal", "value": "depicts"}}, {"subjectLabel": {"xml:lang": "en", "type": "literal", "value": "Alexander II"}, "object": {"type": "uri", "value": "http://www.wikidata.org/entity/Q142"}, "objectLabel": {"xml:lang": "en", "type": "literal", "value": "France"}, "predicateLabel": {"xml:lang": "en", "type": "literal", "value": "country"}}, {"subjectLabel": {"xml:lang": "en", "type": "literal", "value": "Alexander II"}, "object": {"type": "uri", "value": "http://www.wikidata.org/entity/Q161741"}, "objectLabel": {"xml:lang": "en", "type": "literal", "value": "1st arrondissement of Paris"}, "predicateLabel": {"xml:lang": "en", "type": "literal", "value": "located in the administrative territorial entity"}}, {"subjectLabel": {"xml:lang": "en", "type": "literal", "value": "Alexander II"}, "object": {"type": "uri", "value": "http://www.wikidata.org/entity/Q642861"}, "objectLabel": {"xml:lang": "en", "type": "literal", "value": "holy water font"}, "predicateLabel": {"xml:lang": "en", "type": "literal", "value": "instance of"}}, {"subjectLabel": {"xml:lang": "en", "type": "literal", "value": "Alexander II"}, "object": {"type": "uri", "value": "http://www.wikidata.org/entity/Q2293362"}, "objectLabel": {"xml:lang": "en", "type": "literal", "value": "group of sculptures"}, "predicateLabel": {"xml:lang": "en", "type": "literal", "value": "instance of"}}, {"subjectLabel": {"xml:lang": "en", "type": "literal", "value": "Alexander II"}, "object": {"type": "uri", "value": "http://www.wikidata.org/entity/Q274988"}, "objectLabel": {"xml:lang": "en", "type": "literal", "value": "plaster"}, "predicateLabel": {"xml:lang": "en", "type": "literal", "value": "made from material"}}, {"subjectLabel": {"xml:lang": "en", "type": "literal", "value": "Alexander II"}, "object": {"type": "uri", "value": "http://www.wikidata.org/entity/Q61058403"}, "objectLabel": {"xml:lang": "en", "type": "literal", "value": "object classified as historical monument"}, "predicateLabel": {"xml:lang": "en", "type": "literal", "value": "heritage designation"}}, {"subjectLabel": {"xml:lang": "en", "type": "literal", "value": "Alexander II"}, "object": {"type": "uri", "value": "http://www.wikidata.org/entity/Q3278478"}, "objectLabel": {"xml:lang": "en", "type": "literal", "value": "municipality of Paris"}, "predicateLabel": {"xml:lang": "en", "type": "literal", "value": "owned by"}}, {"subjectLabel": {"xml:lang": "en", "type": "literal", "value": "Alexander II"}, "object": {"type": "uri", "value": "http://www.wikidata.org/entity/Q3260464"}, "objectLabel": {"xml:lang": "en", "type": "literal", "value": "Louis-Eug\u00e8ne Bion"}, "predicateLabel": {"xml:lang": "en", "type": "literal", "value": "creator"}}, {"subjectLabel": {"xml:lang": "en", "type": "literal", "value": "Alexander II"}, "object": {"type": "uri", "value": "http://www.wikidata.org/entity/Q1338207"}, "objectLabel": {"xml:lang": "en", "type": "literal", "value": "Church of Saint Eustache"}, "predicateLabel": {"xml:lang": "en", "type": "literal", "value": "location"}}], "Q18086668": [{"subjectLabel": {"xml:lang": "en", "type": "literal", "value": "Pavillon d'Armenonville"}, "object": {"type": "uri", "value": "http://www.wikidata.org/entity/Q142"}, "objectLabel": {"xml:lang": "en", "type": "literal", "value": "France"}, "predicateLabel": {"xml:lang": "en", "type": "literal", "value": "country"}}, {"subjectLabel": {"xml:lang": "en", "type": "literal", "value": "Pavillon d'Armenonville"}, "object": {"type": "uri", "value": "http://www.wikidata.org/entity/Q194420"}, "objectLabel": {"xml:lang": "en", "type": "literal", "value": "16th arrondissement of Paris"}, "predicateLabel": {"xml:lang": "en", "type": "literal", "value": "located in the administrative territorial entity"}}, {"subjectLabel": {"xml:lang": "en", "type": "literal", "value": "Pavillon d'Armenonville"}, "object": {"type": "uri", "value": "http://www.wikidata.org/entity/Q18674739"}, "objectLabel": {"xml:lang": "en", "type": "literal", "value": "event venue"}, "predicateLabel": {"xml:lang": "en", "type": "literal", "value": "instance of"}}, {"subjectLabel": {"xml:lang": "en", "type": "literal", "value": "Pavillon d'Armenonville"}, "object": {"type": "uri", "value": "http://www.wikidata.org/entity/Q1424449"}, "objectLabel": {"xml:lang": "en", "type": "literal", "value": "hunting lodge"}, "predicateLabel": {"xml:lang": "en", "type": "literal", "value": "instance of"}}, {"subjectLabel": {"xml:lang": "en", "type": "literal", "value": "Pavillon d'Armenonville"}, "object": {"type": "uri", "value": "http://www.wikidata.org/entity/Q3278478"}, "objectLabel": {"xml:lang": "en", "type": "literal", "value": "municipality of Paris"}, "predicateLabel": {"xml:lang": "en", "type": "literal", "value": "owned by"}}, {"subjectLabel": {"xml:lang": "en", "type": "literal", "value": "Pavillon d'Armenonville"}, "object": {"type": "uri", "value": "http://www.wikidata.org/entity/Q209626"}, "objectLabel": {"xml:lang": "en", "type": "literal", "value": "bois de Boulogne"}, "predicateLabel": {"xml:lang": "en", "type": "literal", "value": "location"}}, {"subjectLabel": {"xml:lang": "en", "type": "literal", "value": "Pavillon d'Armenonville"}, "object": {"type": "uri", "value": "http://www.wikidata.org/entity/Q18086670"}, "objectLabel": {"xml:lang": "en", "type": "literal", "value": "all\u00e9e de Longchamp"}, "predicateLabel": {"xml:lang": "en", "type": "literal", "value": "located on street"}}, {"subjectLabel": {"xml:lang": "en", "type": "literal", "value": "Pavillon d'Armenonville"}, "object": {"type": "uri", "value": "http://www.wikidata.org/entity/Q18086674"}, "objectLabel": {"xml:lang": "en", "type": "literal", "value": "Potel et Chabot"}, "predicateLabel": {"xml:lang": "en", "type": "literal", "value": "operator"}}], "Q19832938": [{"subjectLabel": {"xml:lang": "en", "type": "literal", "value": "h\u00f4tel Dodun"}, "object": {"type": "uri", "value": "http://www.wikidata.org/entity/Q142"}, "objectLabel": {"xml:lang": "en", "type": "literal", "value": "France"}, "predicateLabel": {"xml:lang": "en", "type": "literal", "value": "country"}}, {"subjectLabel": {"xml:lang": "en", "type": "literal", "value": "h\u00f4tel Dodun"}, "object": {"type": "uri", "value": "http://www.wikidata.org/entity/Q18965125"}, "objectLabel": {"xml:lang": "en", "type": "literal", "value": "building protected by Paris urban planning document"}, "predicateLabel": {"xml:lang": "en", "type": "literal", "value": "heritage designation"}}, {"subjectLabel": {"xml:lang": "en", "type": "literal", "value": "h\u00f4tel Dodun"}, "object": {"type": "uri", "value": "http://www.wikidata.org/entity/Q161741"}, "objectLabel": {"xml:lang": "en", "type": "literal", "value": "1st arrondissement of Paris"}, "predicateLabel": {"xml:lang": "en", "type": "literal", "value": "located in the administrative territorial entity"}}, {"subjectLabel": {"xml:lang": "en", "type": "literal", "value": "h\u00f4tel Dodun"}, "object": {"type": "uri", "value": "http://www.wikidata.org/entity/Q10387575"}, "objectLabel": {"xml:lang": "en", "type": "literal", "value": "monument historique inscrit"}, "predicateLabel": {"xml:lang": "en", "type": "literal", "value": "heritage designation"}}, {"subjectLabel": {"xml:lang": "en", "type": "literal", "value": "h\u00f4tel Dodun"}, "object": {"type": "uri", "value": "http://www.wikidata.org/entity/Q2915495"}, "objectLabel": {"xml:lang": "en", "type": "literal", "value": "rue de Richelieu"}, "predicateLabel": {"xml:lang": "en", "type": "literal", "value": "located on street"}}, {"subjectLabel": {"xml:lang": "en", "type": "literal", "value": "h\u00f4tel Dodun"}, "object": {"type": "uri", "value": "http://www.wikidata.org/entity/Q1365179"}, "objectLabel": {"xml:lang": "en", "type": "literal", "value": "private mansion"}, "predicateLabel": {"xml:lang": "en", "type": "literal", "value": "instance of"}}, {"subjectLabel": {"xml:lang": "en", "type": "literal", "value": "h\u00f4tel Dodun"}, "object": {"type": "uri", "value": "http://www.wikidata.org/entity/Q3163920"}, "objectLabel": {"xml:lang": "en", "type": "literal", "value": "Jean-Baptiste Bullet de Chamblain"}, "predicateLabel": {"xml:lang": "en", "type": "literal", "value": "architect"}}, {"subjectLabel": {"xml:lang": "en", "type": "literal", "value": "h\u00f4tel Dodun"}, "object": {"type": "uri", "value": "http://www.wikidata.org/entity/Q3278478"}, "objectLabel": {"xml:lang": "en", "type": "literal", "value": "municipality of Paris"}, "predicateLabel": {"xml:lang": "en", "type": "literal", "value": "owned by"}}, {"subjectLabel": {"xml:lang": "en", "type": "literal", "value": "h\u00f4tel Dodun"}, "object": {"type": "uri", "value": "http://www.wikidata.org/entity/Q6532502"}, "objectLabel": {"xml:lang": "en", "type": "literal", "value": "public housing"}, "predicateLabel": {"xml:lang": "en", "type": "literal", "value": "has use"}}, {"subjectLabel": {"xml:lang": "en", "type": "literal", "value": "h\u00f4tel Dodun"}, "object": {"type": "uri", "value": "http://www.wikidata.org/entity/Q3449193"}, "objectLabel": {"xml:lang": "en", "type": "literal", "value": "rue Moli\u00e8re"}, "predicateLabel": {"xml:lang": "en", "type": "literal", "value": "located on street"}}], "Q12522114": [{"subjectLabel": {"xml:lang": "en", "type": "literal", "value": "geography of Paris"}, "object": {"type": "uri", "value": "http://www.wikidata.org/entity/Q8486007"}, "objectLabel": {"xml:lang": "en", "type": "literal", "value": "Category:Geography of Paris"}, "predicateLabel": {"xml:lang": "en", "type": "literal", "value": "topic's main category"}}, {"subjectLabel": {"xml:lang": "en", "type": "literal", "value": "geography of Paris"}, "object": {"type": "uri", "value": "http://www.wikidata.org/entity/Q142"}, "objectLabel": {"xml:lang": "en", "type": "literal", "value": "France"}, "predicateLabel": {"xml:lang": "en", "type": "literal", "value": "country"}}, {"subjectLabel": {"xml:lang": "en", "type": "literal", "value": "geography of Paris"}, "object": {"type": "uri", "value": "http://www.wikidata.org/entity/Q46865913"}, "objectLabel": {"xml:lang": "en", "type": "literal", "value": "geography of geographic location"}, "predicateLabel": {"xml:lang": "en", "type": "literal", "value": "instance of"}}], "Q670499": [{"subjectLabel": {"xml:lang": "en", "type": "literal", "value": "Stade Jean-Bouin"}, "object": {"type": "uri", "value": "http://www.wikidata.org/entity/Q194420"}, "objectLabel": {"xml:lang": "en", "type": "literal", "value": "16th arrondissement of Paris"}, "predicateLabel": {"xml:lang": "en", "type": "literal", "value": "located in the administrative territorial entity"}}, {"subjectLabel": {"xml:lang": "en", "type": "literal", "value": "Stade Jean-Bouin"}, "object": {"type": "uri", "value": "http://www.wikidata.org/entity/Q90"}, "objectLabel": {"xml:lang": "en", "type": "literal", "value": "Paris"}, "predicateLabel": {"xml:lang": "en", "type": "literal", "value": "located in the administrative territorial entity"}}, {"subjectLabel": {"xml:lang": "en", "type": "literal", "value": "Stade Jean-Bouin"}, "object": {"type": "uri", "value": "http://www.wikidata.org/entity/Q207766"}, "objectLabel": {"xml:lang": "en", "type": "literal", "value": "lawn"}, "predicateLabel": {"xml:lang": "en", "type": "literal", "value": "surface played on"}}, {"subjectLabel": {"xml:lang": "en", "type": "literal", "value": "Stade Jean-Bouin"}, "object": {"type": "uri", "value": "http://www.wikidata.org/entity/Q203609"}, "objectLabel": {"xml:lang": "en", "type": "literal", "value": "d\u014dj\u014d"}, "predicateLabel": {"xml:lang": "en", "type": "literal", "value": "has facility"}}, {"subjectLabel": {"xml:lang": "en", "type": "literal", "value": "Stade Jean-Bouin"}, "object": {"type": "uri", "value": "http://www.wikidata.org/entity/Q194420"}, "objectLabel": {"xml:lang": "en", "type": "literal", "value": "16th arrondissement of Paris"}, "predicateLabel": {"xml:lang": "en", "type": "literal", "value": "location"}}, {"subjectLabel": {"xml:lang": "en", "type": "literal", "value": "Stade Jean-Bouin"}, "object": {"type": "uri", "value": "http://www.wikidata.org/entity/Q142"}, "objectLabel": {"xml:lang": "en", "type": "literal", "value": "France"}, "predicateLabel": {"xml:lang": "en", "type": "literal", "value": "country"}}, {"subjectLabel": {"xml:lang": "en", "type": "literal", "value": "Stade Jean-Bouin"}, "object": {"type": "uri", "value": "http://www.wikidata.org/entity/Q5849"}, "objectLabel": {"xml:lang": "en", "type": "literal", "value": "rugby union"}, "predicateLabel": {"xml:lang": "en", "type": "literal", "value": "sport"}}, {"subjectLabel": {"xml:lang": "en", "type": "literal", "value": "Stade Jean-Bouin"}, "object": {"type": "uri", "value": "http://www.wikidata.org/entity/Q3278478"}, "objectLabel": {"xml:lang": "en", "type": "literal", "value": "municipality of Paris"}, "predicateLabel": {"xml:lang": "en", "type": "literal", "value": "owned by"}}, {"subjectLabel": {"xml:lang": "en", "type": "literal", "value": "Stade Jean-Bouin"}, "object": {"type": "uri", "value": "http://www.wikidata.org/entity/Q741118"}, "objectLabel": {"xml:lang": "en", "type": "literal", "value": "tennis court"}, "predicateLabel": {"xml:lang": "en", "type": "literal", "value": "has facility"}}, {"subjectLabel": {"xml:lang": "en", "type": "literal", "value": "Stade Jean-Bouin"}, "object": {"type": "uri", "value": "http://www.wikidata.org/entity/Q14092"}, "objectLabel": {"xml:lang": "en", "type": "literal", "value": "gymnasium"}, "predicateLabel": {"xml:lang": "en", "type": "literal", "value": "has facility"}}, {"subjectLabel": {"xml:lang": "en", "type": "literal", "value": "Stade Jean-Bouin"}, "object": {"type": "uri", "value": "http://www.wikidata.org/entity/Q522283"}, "objectLabel": {"xml:lang": "en", "type": "literal", "value": "Red Star F.C."}, "predicateLabel": {"xml:lang": "en", "type": "literal", "value": "occupant"}}, {"subjectLabel": {"xml:lang": "en", "type": "literal", "value": "Stade Jean-Bouin"}, "object": {"type": "uri", "value": "http://www.wikidata.org/entity/Q3365295"}, "objectLabel": {"xml:lang": "en", "type": "literal", "value": "Paris Saint-Germain F\u00e9minine"}, "predicateLabel": {"xml:lang": "en", "type": "literal", "value": "occupant"}}, {"subjectLabel": {"xml:lang": "en", "type": "literal", "value": "Stade Jean-Bouin"}, "object": {"type": "uri", "value": "http://www.wikidata.org/entity/Q45289444"}, "objectLabel": {"xml:lang": "en", "type": "literal", "value": "rugby union field"}, "predicateLabel": {"xml:lang": "en", "type": "literal", "value": "has facility"}}, {"subjectLabel": {"xml:lang": "en", "type": "literal", "value": "Stade Jean-Bouin"}, "object": {"type": "uri", "value": "http://www.wikidata.org/entity/Q2874160"}, "objectLabel": {"xml:lang": "en", "type": "literal", "value": "avenue du G\u00e9n\u00e9ral-Sarrail"}, "predicateLabel": {"xml:lang": "en", "type": "literal", "value": "located on street"}}, {"subjectLabel": {"xml:lang": "en", "type": "literal", "value": "Stade Jean-Bouin"}, "object": {"type": "uri", "value": "http://www.wikidata.org/entity/Q15303456"}, "objectLabel": {"xml:lang": "en", "type": "literal", "value": "rugby union venue"}, "predicateLabel": {"xml:lang": "en", "type": "literal", "value": "instance of"}}, {"subjectLabel": {"xml:lang": "en", "type": "literal", "value": "Stade Jean-Bouin"}, "object": {"type": "uri", "value": "http://www.wikidata.org/entity/Q1076486"}, "objectLabel": {"xml:lang": "en", "type": "literal", "value": "sports venue"}, "predicateLabel": {"xml:lang": "en", "type": "literal", "value": "instance of"}}, {"subjectLabel": {"xml:lang": "en", "type": "literal", "value": "Stade Jean-Bouin"}, "object": {"type": "uri", "value": "http://www.wikidata.org/entity/Q1154710"}, "objectLabel": {"xml:lang": "en", "type": "literal", "value": "association football venue"}, "predicateLabel": {"xml:lang": "en", "type": "literal", "value": "instance of"}}, {"subjectLabel": {"xml:lang": "en", "type": "literal", "value": "Stade Jean-Bouin"}, "object": {"type": "uri", "value": "http://www.wikidata.org/entity/Q1361000"}, "objectLabel": {"xml:lang": "en", "type": "literal", "value": "Stade Fran\u00e7ais Rugby"}, "predicateLabel": {"xml:lang": "en", "type": "literal", "value": "occupant"}}, {"subjectLabel": {"xml:lang": "en", "type": "literal", "value": "Stade Jean-Bouin"}, "object": {"type": "uri", "value": "http://www.wikidata.org/entity/Q2400020"}, "objectLabel": {"xml:lang": "en", "type": "literal", "value": "function hall"}, "predicateLabel": {"xml:lang": "en", "type": "literal", "value": "has facility"}}, {"subjectLabel": {"xml:lang": "en", "type": "literal", "value": "Stade Jean-Bouin"}, "object": {"type": "uri", "value": "http://www.wikidata.org/entity/Q718290"}, "objectLabel": {"xml:lang": "en", "type": "literal", "value": "Jean Bouin"}, "predicateLabel": {"xml:lang": "en", "type": "literal", "value": "named after"}}, {"subjectLabel": {"xml:lang": "en", "type": "literal", "value": "Stade Jean-Bouin"}, "object": {"type": "uri", "value": "http://www.wikidata.org/entity/Q1361000"}, "objectLabel": {"xml:lang": "en", "type": "literal", "value": "Stade Fran\u00e7ais Rugby"}, "predicateLabel": {"xml:lang": "en", "type": "literal", "value": "operator"}}], "Q191066": [{"subjectLabel": {"xml:lang": "en", "type": "literal", "value": "15th arrondissement of Paris"}, "object": {"type": "uri", "value": "http://www.wikidata.org/entity/Q84036274"}, "objectLabel": {"xml:lang": "en", "type": "literal", "value": "Category:Maps of Paris 15e arrondissement"}, "predicateLabel": {"xml:lang": "en", "type": "literal", "value": "category for maps"}}, {"subjectLabel": {"xml:lang": "en", "type": "literal", "value": "15th arrondissement of Paris"}, "object": {"type": "uri", "value": "http://www.wikidata.org/entity/Q90"}, "objectLabel": {"xml:lang": "en", "type": "literal", "value": "Paris"}, "predicateLabel": {"xml:lang": "en", "type": "literal", "value": "located in the administrative territorial entity"}}, {"subjectLabel": {"xml:lang": "en", "type": "literal", "value": "15th arrondissement of Paris"}, "object": {"type": "uri", "value": "http://www.wikidata.org/entity/Q90"}, "objectLabel": {"xml:lang": "en", "type": "literal", "value": "Paris"}, "predicateLabel": {"xml:lang": "en", "type": "literal", "value": "part of"}}, {"subjectLabel": {"xml:lang": "en", "type": "literal", "value": "15th arrondissement of Paris"}, "object": {"type": "uri", "value": "http://www.wikidata.org/entity/Q142"}, "objectLabel": {"xml:lang": "en", "type": "literal", "value": "France"}, "predicateLabel": {"xml:lang": "en", "type": "literal", "value": "country"}}, {"subjectLabel": {"xml:lang": "en", "type": "literal", "value": "15th arrondissement of Paris"}, "object": {"type": "uri", "value": "http://www.wikidata.org/entity/Q1471"}, "objectLabel": {"xml:lang": "en", "type": "literal", "value": "Seine"}, "predicateLabel": {"xml:lang": "en", "type": "literal", "value": "located in or next to body of water"}}, {"subjectLabel": {"xml:lang": "en", "type": "literal", "value": "15th arrondissement of Paris"}, "object": {"type": "uri", "value": "http://www.wikidata.org/entity/Q135265"}, "objectLabel": {"xml:lang": "en", "type": "literal", "value": "Issy-les-Moulineaux"}, "predicateLabel": {"xml:lang": "en", "type": "literal", "value": "shares border with"}}, {"subjectLabel": {"xml:lang": "en", "type": "literal", "value": "15th arrondissement of Paris"}, "object": {"type": "uri", "value": "http://www.wikidata.org/entity/Q187153"}, "objectLabel": {"xml:lang": "en", "type": "literal", "value": "14th arrondissement of Paris"}, "predicateLabel": {"xml:lang": "en", "type": "literal", "value": "shares border with"}}, {"subjectLabel": {"xml:lang": "en", "type": "literal", "value": "15th arrondissement of Paris"}, "object": {"type": "uri", "value": "http://www.wikidata.org/entity/Q194420"}, "objectLabel": {"xml:lang": "en", "type": "literal", "value": "16th arrondissement of Paris"}, "predicateLabel": {"xml:lang": "en", "type": "literal", "value": "shares border with"}}, {"subjectLabel": {"xml:lang": "en", "type": "literal", "value": "15th arrondissement of Paris"}, "object": {"type": "uri", "value": "http://www.wikidata.org/entity/Q234728"}, "objectLabel": {"xml:lang": "en", "type": "literal", "value": "Vanves"}, "predicateLabel": {"xml:lang": "en", "type": "literal", "value": "shares border with"}}, {"subjectLabel": {"xml:lang": "en", "type": "literal", "value": "15th arrondissement of Paris"}, "object": {"type": "uri", "value": "http://www.wikidata.org/entity/Q135265"}, "objectLabel": {"xml:lang": "en", "type": "literal", "value": "Issy-les-Moulineaux"}, "predicateLabel": {"xml:lang": "en", "type": "literal", "value": "replaces"}}, {"subjectLabel": {"xml:lang": "en", "type": "literal", "value": "15th arrondissement of Paris"}, "object": {"type": "uri", "value": "http://www.wikidata.org/entity/Q192611"}, "objectLabel": {"xml:lang": "en", "type": "literal", "value": "electoral unit"}, "predicateLabel": {"xml:lang": "en", "type": "literal", "value": "instance of"}}, {"subjectLabel": {"xml:lang": "en", "type": "literal", "value": "15th arrondissement of Paris"}, "object": {"type": "uri", "value": "http://www.wikidata.org/entity/Q245546"}, "objectLabel": {"xml:lang": "en", "type": "literal", "value": "6th arrondissement of Paris"}, "predicateLabel": {"xml:lang": "en", "type": "literal", "value": "shares border with"}}, {"subjectLabel": {"xml:lang": "en", "type": "literal", "value": "15th arrondissement of Paris"}, "object": {"type": "uri", "value": "http://www.wikidata.org/entity/Q702842"}, "objectLabel": {"xml:lang": "en", "type": "literal", "value": "municipal arrondissement"}, "predicateLabel": {"xml:lang": "en", "type": "literal", "value": "instance of"}}, {"subjectLabel": {"xml:lang": "en", "type": "literal", "value": "15th arrondissement of Paris"}, "object": {"type": "uri", "value": "http://www.wikidata.org/entity/Q259463"}, "objectLabel": {"xml:lang": "en", "type": "literal", "value": "7th arrondissement of Paris"}, "predicateLabel": {"xml:lang": "en", "type": "literal", "value": "shares border with"}}, {"subjectLabel": {"xml:lang": "en", "type": "literal", "value": "15th arrondissement of Paris"}, "object": {"type": "uri", "value": "http://www.wikidata.org/entity/Q376896"}, "objectLabel": {"xml:lang": "en", "type": "literal", "value": "Grenelle"}, "predicateLabel": {"xml:lang": "en", "type": "literal", "value": "contains the administrative territorial entity"}}, {"subjectLabel": {"xml:lang": "en", "type": "literal", "value": "15th arrondissement of Paris"}, "object": {"type": "uri", "value": "http://www.wikidata.org/entity/Q845191"}, "objectLabel": {"xml:lang": "en", "type": "literal", "value": "Javel"}, "predicateLabel": {"xml:lang": "en", "type": "literal", "value": "contains the administrative territorial entity"}}, {"subjectLabel": {"xml:lang": "en", "type": "literal", "value": "15th arrondissement of Paris"}, "object": {"type": "uri", "value": "http://www.wikidata.org/entity/Q15149908"}, "objectLabel": {"xml:lang": "en", "type": "literal", "value": "former 11th arrondissement of Paris"}, "predicateLabel": {"xml:lang": "en", "type": "literal", "value": "replaces"}}, {"subjectLabel": {"xml:lang": "en", "type": "literal", "value": "15th arrondissement of Paris"}, "object": {"type": "uri", "value": "http://www.wikidata.org/entity/Q18199186"}, "objectLabel": {"xml:lang": "en", "type": "literal", "value": "Grenelle"}, "predicateLabel": {"xml:lang": "en", "type": "literal", "value": "replaces"}}, {"subjectLabel": {"xml:lang": "en", "type": "literal", "value": "15th arrondissement of Paris"}, "object": {"type": "uri", "value": "http://www.wikidata.org/entity/Q3413091"}, "objectLabel": {"xml:lang": "en", "type": "literal", "value": "Quartier Necker"}, "predicateLabel": {"xml:lang": "en", "type": "literal", "value": "contains the administrative territorial entity"}}, {"subjectLabel": {"xml:lang": "en", "type": "literal", "value": "15th arrondissement of Paris"}, "object": {"type": "uri", "value": "http://www.wikidata.org/entity/Q3413115"}, "objectLabel": {"xml:lang": "en", "type": "literal", "value": "Saint-Lambert"}, "predicateLabel": {"xml:lang": "en", "type": "literal", "value": "contains the administrative territorial entity"}}, {"subjectLabel": {"xml:lang": "en", "type": "literal", "value": "15th arrondissement of Paris"}, "object": {"type": "uri", "value": "http://www.wikidata.org/entity/Q3379945"}, "objectLabel": {"xml:lang": "en", "type": "literal", "value": "Philippe Goujon"}, "predicateLabel": {"xml:lang": "en", "type": "literal", "value": "head of government"}}, {"subjectLabel": {"xml:lang": "en", "type": "literal", "value": "15th arrondissement of Paris"}, "object": {"type": "uri", "value": "http://www.wikidata.org/entity/Q2845749"}, "objectLabel": {"xml:lang": "en", "type": "literal", "value": "former 10th arrondissement of Paris"}, "predicateLabel": {"xml:lang": "en", "type": "literal", "value": "replaces"}}, {"subjectLabel": {"xml:lang": "en", "type": "literal", "value": "15th arrondissement of Paris"}, "object": {"type": "uri", "value": "http://www.wikidata.org/entity/Q3555080"}, "objectLabel": {"xml:lang": "en", "type": "literal", "value": "Vaugirard"}, "predicateLabel": {"xml:lang": "en", "type": "literal", "value": "replaces"}}, {"subjectLabel": {"xml:lang": "en", "type": "literal", "value": "15th arrondissement of Paris"}, "object": {"type": "uri", "value": "http://www.wikidata.org/entity/Q7470156"}, "objectLabel": {"xml:lang": "en", "type": "literal", "value": "Category:15th arrondissement of Paris"}, "predicateLabel": {"xml:lang": "en", "type": "literal", "value": "topic's main category"}}, {"subjectLabel": {"xml:lang": "en", "type": "literal", "value": "15th arrondissement of Paris"}, "object": {"type": "uri", "value": "http://www.wikidata.org/entity/Q9678756"}, "objectLabel": {"xml:lang": "en", "type": "literal", "value": "Category:Deaths in 15th arrondissement of Paris"}, "predicateLabel": {"xml:lang": "en", "type": "literal", "value": "category for people who died here"}}, {"subjectLabel": {"xml:lang": "en", "type": "literal", "value": "15th arrondissement of Paris"}, "object": {"type": "uri", "value": "http://www.wikidata.org/entity/Q10212289"}, "objectLabel": {"xml:lang": "en", "type": "literal", "value": "Category:Films shot in the 15th arrondissement of Paris"}, "predicateLabel": {"xml:lang": "en", "type": "literal", "value": "category for films shot at this location"}}], "Q201982": [{"subjectLabel": {"xml:lang": "en", "type": "literal", "value": "Clichy"}, "object": {"type": "uri", "value": "http://www.wikidata.org/entity/Q142"}, "objectLabel": {"xml:lang": "en", "type": "literal", "value": "France"}, "predicateLabel": {"xml:lang": "en", "type": "literal", "value": "country"}}, {"subjectLabel": {"xml:lang": "en", "type": "literal", "value": "Clichy"}, "object": {"type": "uri", "value": "http://www.wikidata.org/entity/Q6655"}, "objectLabel": {"xml:lang": "en", "type": "literal", "value": "UTC+01:00"}, "predicateLabel": {"xml:lang": "en", "type": "literal", "value": "located in time zone"}}, {"subjectLabel": {"xml:lang": "en", "type": "literal", "value": "Clichy"}, "object": {"type": "uri", "value": "http://www.wikidata.org/entity/Q90"}, "objectLabel": {"xml:lang": "en", "type": "literal", "value": "Paris"}, "predicateLabel": {"xml:lang": "en", "type": "literal", "value": "shares border with"}}, {"subjectLabel": {"xml:lang": "en", "type": "literal", "value": "Clichy"}, "object": {"type": "uri", "value": "http://www.wikidata.org/entity/Q206931"}, "objectLabel": {"xml:lang": "en", "type": "literal", "value": "Clichy-sous-Bois"}, "predicateLabel": {"xml:lang": "en", "type": "literal", "value": "different from"}}, {"subjectLabel": {"xml:lang": "en", "type": "literal", "value": "Clichy"}, "object": {"type": "uri", "value": "http://www.wikidata.org/entity/Q208889"}, "objectLabel": {"xml:lang": "en", "type": "literal", "value": "Saint-Ouen-sur-Seine"}, "predicateLabel": {"xml:lang": "en", "type": "literal", "value": "shares border with"}}, {"subjectLabel": {"xml:lang": "en", "type": "literal", "value": "Clichy"}, "object": {"type": "uri", "value": "http://www.wikidata.org/entity/Q6723"}, "objectLabel": {"xml:lang": "en", "type": "literal", "value": "UTC+02:00"}, "predicateLabel": {"xml:lang": "en", "type": "literal", "value": "located in time zone"}}, {"subjectLabel": {"xml:lang": "en", "type": "literal", "value": "Clichy"}, "object": {"type": "uri", "value": "http://www.wikidata.org/entity/Q1471"}, "objectLabel": {"xml:lang": "en", "type": "literal", "value": "Seine"}, "predicateLabel": {"xml:lang": "en", "type": "literal", "value": "located in or next to body of water"}}, {"subjectLabel": {"xml:lang": "en", "type": "literal", "value": "Clichy"}, "object": {"type": "uri", "value": "http://www.wikidata.org/entity/Q191415"}, "objectLabel": {"xml:lang": "en", "type": "literal", "value": "Asni\u00e8res-sur-Seine"}, "predicateLabel": {"xml:lang": "en", "type": "literal", "value": "shares border with"}}, {"subjectLabel": {"xml:lang": "en", "type": "literal", "value": "Clichy"}, "object": {"type": "uri", "value": "http://www.wikidata.org/entity/Q1525028"}, "objectLabel": {"xml:lang": "en", "type": "literal", "value": "canton of Clichy"}, "predicateLabel": {"xml:lang": "en", "type": "literal", "value": "capital of"}}, {"subjectLabel": {"xml:lang": "en", "type": "literal", "value": "Clichy"}, "object": {"type": "uri", "value": "http://www.wikidata.org/entity/Q166640"}, "objectLabel": {"xml:lang": "en", "type": "literal", "value": "Levallois-Perret"}, "predicateLabel": {"xml:lang": "en", "type": "literal", "value": "replaced by"}}, {"subjectLabel": {"xml:lang": "en", "type": "literal", "value": "Clichy"}, "object": {"type": "uri", "value": "http://www.wikidata.org/entity/Q867541"}, "objectLabel": {"xml:lang": "en", "type": "literal", "value": "Encyclop\u00e6dia Britannica 11th edition"}, "predicateLabel": {"xml:lang": "en", "type": "literal", "value": "described by source"}}, {"subjectLabel": {"xml:lang": "en", "type": "literal", "value": "Clichy"}, "object": {"type": "uri", "value": "http://www.wikidata.org/entity/Q1082222"}, "objectLabel": {"xml:lang": "en", "type": "literal", "value": "Paris unit\u00e9 urbaine"}, "predicateLabel": {"xml:lang": "en", "type": "literal", "value": "located in statistical territorial entity"}}, {"subjectLabel": {"xml:lang": "en", "type": "literal", "value": "Clichy"}, "object": {"type": "uri", "value": "http://www.wikidata.org/entity/Q1525028"}, "objectLabel": {"xml:lang": "en", "type": "literal", "value": "canton of Clichy"}, "predicateLabel": {"xml:lang": "en", "type": "literal", "value": "associated electoral district"}}, {"subjectLabel": {"xml:lang": "en", "type": "literal", "value": "Clichy"}, "object": {"type": "uri", "value": "http://www.wikidata.org/entity/Q484170"}, "objectLabel": {"xml:lang": "en", "type": "literal", "value": "commune of France"}, "predicateLabel": {"xml:lang": "en", "type": "literal", "value": "instance of"}}, {"subjectLabel": {"xml:lang": "en", "type": "literal", "value": "Clichy"}, "object": {"type": "uri", "value": "http://www.wikidata.org/entity/Q917330"}, "objectLabel": {"xml:lang": "en", "type": "literal", "value": "Santo Tirso"}, "predicateLabel": {"xml:lang": "en", "type": "literal", "value": "twinned administrative body"}}, {"subjectLabel": {"xml:lang": "en", "type": "literal", "value": "Clichy"}, "object": {"type": "uri", "value": "http://www.wikidata.org/entity/Q730706"}, "objectLabel": {"xml:lang": "en", "type": "literal", "value": "London Borough of Southwark"}, "predicateLabel": {"xml:lang": "en", "type": "literal", "value": "twinned administrative body"}}, {"subjectLabel": {"xml:lang": "en", "type": "literal", "value": "Clichy"}, "object": {"type": "uri", "value": "http://www.wikidata.org/entity/Q16665915"}, "objectLabel": {"xml:lang": "en", "type": "literal", "value": "Grand Paris"}, "predicateLabel": {"xml:lang": "en", "type": "literal", "value": "located in the administrative territorial entity"}}, {"subjectLabel": {"xml:lang": "en", "type": "literal", "value": "Clichy"}, "object": {"type": "uri", "value": "http://www.wikidata.org/entity/Q385728"}, "objectLabel": {"xml:lang": "en", "type": "literal", "value": "arrondissement of Nanterre"}, "predicateLabel": {"xml:lang": "en", "type": "literal", "value": "located in the administrative territorial entity"}}, {"subjectLabel": {"xml:lang": "en", "type": "literal", "value": "Clichy"}, "object": {"type": "uri", "value": "http://www.wikidata.org/entity/Q823306"}, "objectLabel": {"xml:lang": "en", "type": "literal", "value": "Concours des villes et villages fleuris"}, "predicateLabel": {"xml:lang": "en", "type": "literal", "value": "member of"}}, {"subjectLabel": {"xml:lang": "en", "type": "literal", "value": "Clichy"}, "object": {"type": "uri", "value": "http://www.wikidata.org/entity/Q602358"}, "objectLabel": {"xml:lang": "en", "type": "literal", "value": "Brockhaus and Efron Encyclopedic Dictionary"}, "predicateLabel": {"xml:lang": "en", "type": "literal", "value": "described by source"}}, {"subjectLabel": {"xml:lang": "en", "type": "literal", "value": "Clichy"}, "object": {"type": "uri", "value": "http://www.wikidata.org/entity/Q8921161"}, "objectLabel": {"xml:lang": "en", "type": "literal", "value": "Category:Clichy"}, "predicateLabel": {"xml:lang": "en", "type": "literal", "value": "topic's main category"}}, {"subjectLabel": {"xml:lang": "en", "type": "literal", "value": "Clichy"}, "object": {"type": "uri", "value": "http://www.wikidata.org/entity/Q12543"}, "objectLabel": {"xml:lang": "en", "type": "literal", "value": "Hauts-de-Seine"}, "predicateLabel": {"xml:lang": "en", "type": "literal", "value": "located in the administrative territorial entity"}}, {"subjectLabel": {"xml:lang": "en", "type": "literal", "value": "Clichy"}, "object": {"type": "uri", "value": "http://www.wikidata.org/entity/Q3181656"}, "objectLabel": {"xml:lang": "en", "type": "literal", "value": "The Nuttall Encyclop\u00e6dia"}, "predicateLabel": {"xml:lang": "en", "type": "literal", "value": "described by source"}}, {"subjectLabel": {"xml:lang": "en", "type": "literal", "value": "Clichy"}, "object": {"type": "uri", "value": "http://www.wikidata.org/entity/Q19180675"}, "objectLabel": {"xml:lang": "en", "type": "literal", "value": "Small Brockhaus and Efron Encyclopedic Dictionary"}, "predicateLabel": {"xml:lang": "en", "type": "literal", "value": "described by source"}}, {"subjectLabel": {"xml:lang": "en", "type": "literal", "value": "Clichy"}, "object": {"type": "uri", "value": "http://www.wikidata.org/entity/Q2891347"}, "objectLabel": {"xml:lang": "en", "type": "literal", "value": "Batignolles-Monceau"}, "predicateLabel": {"xml:lang": "en", "type": "literal", "value": "replaces"}}, {"subjectLabel": {"xml:lang": "en", "type": "literal", "value": "Clichy"}, "object": {"type": "uri", "value": "http://www.wikidata.org/entity/Q6869"}, "objectLabel": {"xml:lang": "en", "type": "literal", "value": "Heidenheim an der Brenz"}, "predicateLabel": {"xml:lang": "en", "type": "literal", "value": "twinned administrative body"}}, {"subjectLabel": {"xml:lang": "en", "type": "literal", "value": "Clichy"}, "object": {"type": "uri", "value": "http://www.wikidata.org/entity/Q62078099"}, "objectLabel": {"xml:lang": "en", "type": "literal", "value": "R\u00e9mi Muzeau"}, "predicateLabel": {"xml:lang": "en", "type": "literal", "value": "head of government"}}, {"subjectLabel": {"xml:lang": "en", "type": "literal", "value": "Clichy"}, "object": {"type": "uri", "value": "http://www.wikidata.org/entity/Q20078554"}, "objectLabel": {"xml:lang": "en", "type": "literal", "value": "Great Soviet Encyclopedia (1926\u20131947)"}, "predicateLabel": {"xml:lang": "en", "type": "literal", "value": "described by source"}}, {"subjectLabel": {"xml:lang": "en", "type": "literal", "value": "Clichy"}, "object": {"type": "uri", "value": "http://www.wikidata.org/entity/Q19219752"}, "objectLabel": {"xml:lang": "en", "type": "literal", "value": "Meyers Konversations-Lexikon, 4th edition (1885\u20131890)"}, "predicateLabel": {"xml:lang": "en", "type": "literal", "value": "described by source"}}, {"subjectLabel": {"xml:lang": "en", "type": "literal", "value": "Clichy"}, "object": {"type": "uri", "value": "http://www.wikidata.org/entity/Q20096917"}, "objectLabel": {"xml:lang": "en", "type": "literal", "value": "Encyclop\u00e6dia Britannica Ninth Edition"}, "predicateLabel": {"xml:lang": "en", "type": "literal", "value": "described by source"}}, {"subjectLabel": {"xml:lang": "en", "type": "literal", "value": "Clichy"}, "object": {"type": "uri", "value": "http://www.wikidata.org/entity/Q2891347"}, "objectLabel": {"xml:lang": "en", "type": "literal", "value": "Batignolles-Monceau"}, "predicateLabel": {"xml:lang": "en", "type": "literal", "value": "replaced by"}}, {"subjectLabel": {"xml:lang": "en", "type": "literal", "value": "Clichy"}, "object": {"type": "uri", "value": "http://www.wikidata.org/entity/Q64160174"}, "objectLabel": {"xml:lang": "en", "type": "literal", "value": "archives municipales de Clichy-La-Garenne"}, "predicateLabel": {"xml:lang": "en", "type": "literal", "value": "archives at"}}, {"subjectLabel": {"xml:lang": "en", "type": "literal", "value": "Clichy"}, "object": {"type": "uri", "value": "http://www.wikidata.org/entity/Q9218093"}, "objectLabel": {"xml:lang": "en", "type": "literal", "value": "Category:Deaths in Clichy"}, "predicateLabel": {"xml:lang": "en", "type": "literal", "value": "category for people who died here"}}, {"subjectLabel": {"xml:lang": "en", "type": "literal", "value": "Clichy"}, "object": {"type": "uri", "value": "http://www.wikidata.org/entity/Q1142326"}, "objectLabel": {"xml:lang": "en", "type": "literal", "value": "Seine"}, "predicateLabel": {"xml:lang": "en", "type": "literal", "value": "located in the administrative territorial entity"}}, {"subjectLabel": {"xml:lang": "en", "type": "literal", "value": "Clichy"}, "object": {"type": "uri", "value": "http://www.wikidata.org/entity/Q1524964"}, "objectLabel": {"xml:lang": "en", "type": "literal", "value": "canton of Levallois-Perret-Nord"}, "predicateLabel": {"xml:lang": "en", "type": "literal", "value": "located in the administrative territorial entity"}}, {"subjectLabel": {"xml:lang": "en", "type": "literal", "value": "Clichy"}, "object": {"type": "uri", "value": "http://www.wikidata.org/entity/Q82500"}, "objectLabel": {"xml:lang": "en", "type": "literal", "value": "St. P\u00f6lten"}, "predicateLabel": {"xml:lang": "en", "type": "literal", "value": "twinned administrative body"}}, {"subjectLabel": {"xml:lang": "en", "type": "literal", "value": "Clichy"}, "object": {"type": "uri", "value": "http://www.wikidata.org/entity/Q13934"}, "objectLabel": {"xml:lang": "en", "type": "literal", "value": "Rub\u00ed"}, "predicateLabel": {"xml:lang": "en", "type": "literal", "value": "twinned administrative body"}}, {"subjectLabel": {"xml:lang": "en", "type": "literal", "value": "Clichy"}, "object": {"type": "uri", "value": "http://www.wikidata.org/entity/Q62076166"}, "objectLabel": {"xml:lang": "en", "type": "literal", "value": "Mayor of Clichy"}, "predicateLabel": {"xml:lang": "en", "type": "literal", "value": "office held by head of government"}}, {"subjectLabel": {"xml:lang": "en", "type": "literal", "value": "Clichy"}, "object": {"type": "uri", "value": "http://www.wikidata.org/entity/Q123075521"}, "objectLabel": {"xml:lang": "en", "type": "literal", "value": "Category:Maps of Clichy"}, "predicateLabel": {"xml:lang": "en", "type": "literal", "value": "category for maps"}}, {"subjectLabel": {"xml:lang": "en", "type": "literal", "value": "Clichy"}, "object": {"type": "uri", "value": "http://www.wikidata.org/entity/Q8058285"}, "objectLabel": {"xml:lang": "en", "type": "literal", "value": "Category:Births in Clichy"}, "predicateLabel": {"xml:lang": "en", "type": "literal", "value": "category for people born here"}}, {"subjectLabel": {"xml:lang": "en", "type": "literal", "value": "Clichy"}, "object": {"type": "uri", "value": "http://www.wikidata.org/entity/Q8730896"}, "objectLabel": {"xml:lang": "en", "type": "literal", "value": "Category:People from Clichy, Hauts-de-Seine"}, "predicateLabel": {"xml:lang": "en", "type": "literal", "value": "category of associated people"}}, {"subjectLabel": {"xml:lang": "en", "type": "literal", "value": "Clichy"}, "object": {"type": "uri", "value": "http://www.wikidata.org/entity/Q166640"}, "objectLabel": {"xml:lang": "en", "type": "literal", "value": "Levallois-Perret"}, "predicateLabel": {"xml:lang": "en", "type": "literal", "value": "shares border with"}}], "Q3983824": [{"subjectLabel": {"xml:lang": "en", "type": "literal", "value": "TextileMuseum"}, "object": {"type": "uri", "value": "http://www.wikidata.org/entity/Q9871"}, "objectLabel": {"xml:lang": "en", "type": "literal", "value": "Tilburg"}, "predicateLabel": {"xml:lang": "en", "type": "literal", "value": "headquarters location"}}, {"subjectLabel": {"xml:lang": "en", "type": "literal", "value": "TextileMuseum"}, "object": {"type": "uri", "value": "http://www.wikidata.org/entity/Q9871"}, "objectLabel": {"xml:lang": "en", "type": "literal", "value": "Tilburg"}, "predicateLabel": {"xml:lang": "en", "type": "literal", "value": "location"}}, {"subjectLabel": {"xml:lang": "en", "type": "literal", "value": "TextileMuseum"}, "object": {"type": "uri", "value": "http://www.wikidata.org/entity/Q55"}, "objectLabel": {"xml:lang": "en", "type": "literal", "value": "Netherlands"}, "predicateLabel": {"xml:lang": "en", "type": "literal", "value": "country"}}, {"subjectLabel": {"xml:lang": "en", "type": "literal", "value": "TextileMuseum"}, "object": {"type": "uri", "value": "http://www.wikidata.org/entity/Q3983824"}, "objectLabel": {"xml:lang": "en", "type": "literal", "value": "TextileMuseum"}, "predicateLabel": {"xml:lang": "en", "type": "literal", "value": "archives at"}}, {"subjectLabel": {"xml:lang": "en", "type": "literal", "value": "TextileMuseum"}, "object": {"type": "uri", "value": "http://www.wikidata.org/entity/Q3983824"}, "objectLabel": {"xml:lang": "en", "type": "literal", "value": "TextileMuseum"}, "predicateLabel": {"xml:lang": "en", "type": "literal", "value": "has works in the collection"}}, {"subjectLabel": {"xml:lang": "en", "type": "literal", "value": "TextileMuseum"}, "object": {"type": "uri", "value": "http://www.wikidata.org/entity/Q33506"}, "objectLabel": {"xml:lang": "en", "type": "literal", "value": "museum"}, "predicateLabel": {"xml:lang": "en", "type": "literal", "value": "instance of"}}, {"subjectLabel": {"xml:lang": "en", "type": "literal", "value": "TextileMuseum"}, "object": {"type": "uri", "value": "http://www.wikidata.org/entity/Q110989587"}, "objectLabel": {"xml:lang": "en", "type": "literal", "value": "registered museum"}, "predicateLabel": {"xml:lang": "en", "type": "literal", "value": "award received"}}, {"subjectLabel": {"xml:lang": "en", "type": "literal", "value": "TextileMuseum"}, "object": {"type": "uri", "value": "http://www.wikidata.org/entity/Q110279954"}, "objectLabel": {"xml:lang": "en", "type": "literal", "value": "Brabants Erfgoed"}, "predicateLabel": {"xml:lang": "en", "type": "literal", "value": "described by source"}}, {"subjectLabel": {"xml:lang": "en", "type": "literal", "value": "TextileMuseum"}, "object": {"type": "uri", "value": "http://www.wikidata.org/entity/Q89929597"}, "objectLabel": {"xml:lang": "en", "type": "literal", "value": "hedendaagsesieraden.nl"}, "predicateLabel": {"xml:lang": "en", "type": "literal", "value": "described by source"}}, {"subjectLabel": {"xml:lang": "en", "type": "literal", "value": "TextileMuseum"}, "object": {"type": "uri", "value": "http://www.wikidata.org/entity/Q19196699"}, "objectLabel": {"xml:lang": "en", "type": "literal", "value": "Goirkestraat"}, "predicateLabel": {"xml:lang": "en", "type": "literal", "value": "located on street"}}, {"subjectLabel": {"xml:lang": "en", "type": "literal", "value": "TextileMuseum"}, "object": {"type": "uri", "value": "http://www.wikidata.org/entity/Q26430"}, "objectLabel": {"xml:lang": "en", "type": "literal", "value": "Tilburg"}, "predicateLabel": {"xml:lang": "en", "type": "literal", "value": "located in the administrative territorial entity"}}, {"subjectLabel": {"xml:lang": "en", "type": "literal", "value": "TextileMuseum"}, "object": {"type": "uri", "value": "http://www.wikidata.org/entity/Q17455516"}, "objectLabel": {"xml:lang": "en", "type": "literal", "value": "Goirkestraat 88, Tilburg"}, "predicateLabel": {"xml:lang": "en", "type": "literal", "value": "uses"}}, {"subjectLabel": {"xml:lang": "en", "type": "literal", "value": "TextileMuseum"}, "object": {"type": "uri", "value": "http://www.wikidata.org/entity/Q110908113"}, "objectLabel": {"xml:lang": "en", "type": "literal", "value": "Brabant Cloud"}, "predicateLabel": {"xml:lang": "en", "type": "literal", "value": "uses"}}, {"subjectLabel": {"xml:lang": "en", "type": "literal", "value": "TextileMuseum"}, "object": {"type": "uri", "value": "http://www.wikidata.org/entity/Q924335"}, "objectLabel": {"xml:lang": "en", "type": "literal", "value": "Stedelijk Museum Amsterdam"}, "predicateLabel": {"xml:lang": "en", "type": "literal", "value": "has works in the collection"}}, {"subjectLabel": {"xml:lang": "en", "type": "literal", "value": "TextileMuseum"}, "object": {"type": "uri", "value": "http://www.wikidata.org/entity/Q2098586"}, "objectLabel": {"xml:lang": "en", "type": "literal", "value": "Museum De Lakenhal"}, "predicateLabel": {"xml:lang": "en", "type": "literal", "value": "has works in the collection"}}, {"subjectLabel": {"xml:lang": "en", "type": "literal", "value": "TextileMuseum"}, "object": {"type": "uri", "value": "http://www.wikidata.org/entity/Q110671441"}, "objectLabel": {"xml:lang": "en", "type": "literal", "value": "netwerk ModeMuze"}, "predicateLabel": {"xml:lang": "en", "type": "literal", "value": "partnership with"}}, {"subjectLabel": {"xml:lang": "en", "type": "literal", "value": "TextileMuseum"}, "object": {"type": "uri", "value": "http://www.wikidata.org/entity/Q117805269"}, "objectLabel": {"xml:lang": "en", "type": "literal", "value": "Network Archives Design and Digital Culture"}, "predicateLabel": {"xml:lang": "en", "type": "literal", "value": "partnership with"}}, {"subjectLabel": {"xml:lang": "en", "type": "literal", "value": "TextileMuseum"}, "object": {"type": "uri", "value": "http://www.wikidata.org/entity/Q92135192"}, "objectLabel": {"xml:lang": "en", "type": "literal", "value": "Erfgoed Brabant"}, "predicateLabel": {"xml:lang": "en", "type": "literal", "value": "partnership with"}}, {"subjectLabel": {"xml:lang": "en", "type": "literal", "value": "TextileMuseum"}, "object": {"type": "uri", "value": "http://www.wikidata.org/entity/Q1766396"}, "objectLabel": {"xml:lang": "en", "type": "literal", "value": "Rijksdienst voor het Cultureel Erfgoed"}, "predicateLabel": {"xml:lang": "en", "type": "literal", "value": "partnership with"}}, {"subjectLabel": {"xml:lang": "en", "type": "literal", "value": "TextileMuseum"}, "object": {"type": "uri", "value": "http://www.wikidata.org/entity/Q2237462"}, "objectLabel": {"xml:lang": "en", "type": "literal", "value": "Museumkaart"}, "predicateLabel": {"xml:lang": "en", "type": "literal", "value": "payment types accepted"}}, {"subjectLabel": {"xml:lang": "en", "type": "literal", "value": "TextileMuseum"}, "object": {"type": "uri", "value": "http://www.wikidata.org/entity/Q123694075"}, "objectLabel": {"xml:lang": "en", "type": "literal", "value": "NADD Wikidata project"}, "predicateLabel": {"xml:lang": "en", "type": "literal", "value": "on focus list of Wikimedia project"}}], "Q18668319": [{"subjectLabel": {"xml:lang": "en", "type": "literal", "value": "Category:Maps of Paris"}, "object": {"type": "uri", "value": "http://www.wikidata.org/entity/Q90"}, "objectLabel": {"xml:lang": "en", "type": "literal", "value": "Paris"}, "predicateLabel": {"xml:lang": "en", "type": "literal", "value": "category combines topics"}}, {"subjectLabel": {"xml:lang": "en", "type": "literal", "value": "Category:Maps of Paris"}, "object": {"type": "uri", "value": "http://www.wikidata.org/entity/Q4006"}, "objectLabel": {"xml:lang": "en", "type": "literal", "value": "map"}, "predicateLabel": {"xml:lang": "en", "type": "literal", "value": "category combines topics"}}, {"subjectLabel": {"xml:lang": "en", "type": "literal", "value": "Category:Maps of Paris"}, "object": {"type": "uri", "value": "http://www.wikidata.org/entity/Q3391500"}, "objectLabel": {"xml:lang": "en", "type": "literal", "value": "Map of Paris"}, "predicateLabel": {"xml:lang": "en", "type": "literal", "value": "category's main topic"}}, {"subjectLabel": {"xml:lang": "en", "type": "literal", "value": "Category:Maps of Paris"}, "object": {"type": "uri", "value": "http://www.wikidata.org/entity/Q4167836"}, "objectLabel": {"xml:lang": "en", "type": "literal", "value": "Wikimedia category"}, "predicateLabel": {"xml:lang": "en", "type": "literal", "value": "instance of"}}]}