{"Q17045168": [{"subjectLabel": {"xml:lang": "en", "type": "literal", "value": "North American Reciprocal Museum Association"}, "object": {"type": "uri", "value": "http://www.wikidata.org/entity/Q16"}, "objectLabel": {"xml:lang": "en", "type": "literal", "value": "Canada"}, "predicateLabel": {"xml:lang": "en", "type": "literal", "value": "operating area"}}, {"subjectLabel": {"xml:lang": "en", "type": "literal", "value": "North American Reciprocal Museum Association"}, "object": {"type": "uri", "value": "http://www.wikidata.org/entity/Q30"}, "objectLabel": {"xml:lang": "en", "type": "literal", "value": "United States of America"}, "predicateLabel": {"xml:lang": "en", "type": "literal", "value": "operating area"}}, {"subjectLabel": {"xml:lang": "en", "type": "literal", "value": "North American Reciprocal Museum Association"}, "object": {"type": "uri", "value": "http://www.wikidata.org/entity/Q30"}, "objectLabel": {"xml:lang": "en", "type": "literal", "value": "United States of America"}, "predicateLabel": {"xml:lang": "en", "type": "literal", "value": "country"}}, {"subjectLabel": {"xml:lang": "en", "type": "literal", "value": "North American Reciprocal Museum Association"}, "object": {"type": "uri", "value": "http://www.wikidata.org/entity/Q96"}, "objectLabel": {"xml:lang": "en", "type": "literal", "value": "Mexico"}, "predicateLabel": {"xml:lang": "en", "type": "literal", "value": "operating area"}}, {"subjectLabel": {"xml:lang": "en", "type": "literal", "value": "North American Reciprocal Museum Association"}, "object": {"type": "uri", "value": "http://www.wikidata.org/entity/Q23635"}, "objectLabel": {"xml:lang": "en", "type": "literal", "value": "Bermuda"}, "predicateLabel": {"xml:lang": "en", "type": "literal", "value": "operating area"}}, {"subjectLabel": {"xml:lang": "en", "type": "literal", "value": "North American Reciprocal Museum Association"}, "object": {"type": "uri", "value": "http://www.wikidata.org/entity/Q812"}, "objectLabel": {"xml:lang": "en", "type": "literal", "value": "Florida"}, "predicateLabel": {"xml:lang": "en", "type": "literal", "value": "location of formation"}}, {"subjectLabel": {"xml:lang": "en", "type": "literal", "value": "North American Reciprocal Museum Association"}, "object": {"type": "uri", "value": "http://www.wikidata.org/entity/Q149789"}, "objectLabel": {"xml:lang": "en", "type": "literal", "value": "limited liability company"}, "predicateLabel": {"xml:lang": "en", "type": "literal", "value": "legal form"}}, {"subjectLabel": {"xml:lang": "en", "type": "literal", "value": "North American Reciprocal Museum Association"}, "object": {"type": "uri", "value": "http://www.wikidata.org/entity/Q112341050"}, "objectLabel": {"xml:lang": "en", "type": "literal", "value": "museum association"}, "predicateLabel": {"xml:lang": "en", "type": "literal", "value": "instance of"}}, {"subjectLabel": {"xml:lang": "en", "type": "literal", "value": "North American Reciprocal Museum Association"}, "object": {"type": "uri", "value": "http://www.wikidata.org/entity/Q574192"}, "objectLabel": {"xml:lang": "en", "type": "literal", "value": "Greenville"}, "predicateLabel": {"xml:lang": "en", "type": "literal", "value": "headquarters location"}}], "Q5754276": [{"subjectLabel": {"xml:lang": "en", "type": "literal", "value": "Higgins Armory Museum"}, "object": {"type": "uri", "value": "http://www.wikidata.org/entity/Q30"}, "objectLabel": {"xml:lang": "en", "type": "literal", "value": "United States of America"}, "predicateLabel": {"xml:lang": "en", "type": "literal", "value": "country"}}, {"subjectLabel": {"xml:lang": "en", "type": "literal", "value": "Higgins Armory Museum"}, "object": {"type": "uri", "value": "http://www.wikidata.org/entity/Q33506"}, "objectLabel": {"xml:lang": "en", "type": "literal", "value": "museum"}, "predicateLabel": {"xml:lang": "en", "type": "literal", "value": "instance of"}}, {"subjectLabel": {"xml:lang": "en", "type": "literal", "value": "Higgins Armory Museum"}, "object": {"type": "uri", "value": "http://www.wikidata.org/entity/Q49179"}, "objectLabel": {"xml:lang": "en", "type": "literal", "value": "Worcester"}, "predicateLabel": {"xml:lang": "en", "type": "literal", "value": "located in the administrative territorial entity"}}, {"subjectLabel": {"xml:lang": "en", "type": "literal", "value": "Higgins Armory Museum"}, "object": {"type": "uri", "value": "http://www.wikidata.org/entity/Q6264820"}, "objectLabel": {"xml:lang": "en", "type": "literal", "value": "John Woodman Higgins"}, "predicateLabel": {"xml:lang": "en", "type": "literal", "value": "founded by"}}, {"subjectLabel": {"xml:lang": "en", "type": "literal", "value": "Higgins Armory Museum"}, "object": {"type": "uri", "value": "http://www.wikidata.org/entity/Q46336728"}, "objectLabel": {"xml:lang": "en", "type": "literal", "value": "Higgins Armory Building"}, "predicateLabel": {"xml:lang": "en", "type": "literal", "value": "location"}}, {"subjectLabel": {"xml:lang": "en", "type": "literal", "value": "Higgins Armory Museum"}, "object": {"type": "uri", "value": "http://www.wikidata.org/entity/Q847508"}, "objectLabel": {"xml:lang": "en", "type": "literal", "value": "Worcester Art Museum"}, "predicateLabel": {"xml:lang": "en", "type": "literal", "value": "location"}}, {"subjectLabel": {"xml:lang": "en", "type": "literal", "value": "Higgins Armory Museum"}, "object": {"type": "uri", "value": "http://www.wikidata.org/entity/Q11886611"}, "objectLabel": {"xml:lang": "en", "type": "literal", "value": "armor"}, "predicateLabel": {"xml:lang": "en", "type": "literal", "value": "industry"}}, {"subjectLabel": {"xml:lang": "en", "type": "literal", "value": "Higgins Armory Museum"}, "object": {"type": "uri", "value": "http://www.wikidata.org/entity/Q847508"}, "objectLabel": {"xml:lang": "en", "type": "literal", "value": "Worcester Art Museum"}, "predicateLabel": {"xml:lang": "en", "type": "literal", "value": "part of"}}], "Q9321994": [{"subjectLabel": {"xml:lang": "en", "type": "literal", "value": "Category:Worcester Art Museum"}, "object": {"type": "uri", "value": "http://www.wikidata.org/entity/Q847508"}, "objectLabel": {"xml:lang": "en", "type": "literal", "value": "Worcester Art Museum"}, "predicateLabel": {"xml:lang": "en", "type": "literal", "value": "category's main topic"}}, {"subjectLabel": {"xml:lang": "en", "type": "literal", "value": "Category:Worcester Art Museum"}, "object": {"type": "uri", "value": "http://www.wikidata.org/entity/Q4167836"}, "objectLabel": {"xml:lang": "en", "type": "literal", "value": "Wikimedia category"}, "predicateLabel": {"xml:lang": "en", "type": "literal", "value": "instance of"}}], "Q107083178": [{"subjectLabel": {"xml:lang": "en", "type": "literal", "value": "Category:Interior of the Worcester Art Museum"}, "object": {"type": "uri", "value": "http://www.wikidata.org/entity/Q2998430"}, "objectLabel": {"xml:lang": "en", "type": "literal", "value": "interior"}, "predicateLabel": {"xml:lang": "en", "type": "literal", "value": "category combines topics"}}, {"subjectLabel": {"xml:lang": "en", "type": "literal", "value": "Category:Interior of the Worcester Art Museum"}, "object": {"type": "uri", "value": "http://www.wikidata.org/entity/Q847508"}, "objectLabel": {"xml:lang": "en", "type": "literal", "value": "Worcester Art Museum"}, "predicateLabel": {"xml:lang": "en", "type": "literal", "value": "category combines topics"}}, {"subjectLabel": {"xml:lang": "en", "type": "literal", "value": "Category:Interior of the Worcester Art Museum"}, "object": {"type": "uri", "value": "http://www.wikidata.org/entity/Q4167836"}, "objectLabel": {"xml:lang": "en", "type": "literal", "value": "Wikimedia category"}, "predicateLabel": {"xml:lang": "en", "type": "literal", "value": "instance of"}}], "Q7404778": [{"subjectLabel": {"xml:lang": "en", "type": "literal", "value": "Salisbury House"}, "object": {"type": "uri", "value": "http://www.wikidata.org/entity/Q30"}, "objectLabel": {"xml:lang": "en", "type": "literal", "value": "United States of America"}, "predicateLabel": {"xml:lang": "en", "type": "literal", "value": "country"}}, {"subjectLabel": {"xml:lang": "en", "type": "literal", "value": "Salisbury House"}, "object": {"type": "uri", "value": "http://www.wikidata.org/entity/Q49179"}, "objectLabel": {"xml:lang": "en", "type": "literal", "value": "Worcester"}, "predicateLabel": {"xml:lang": "en", "type": "literal", "value": "located in the administrative territorial entity"}}, {"subjectLabel": {"xml:lang": "en", "type": "literal", "value": "Salisbury House"}, "object": {"type": "uri", "value": "http://www.wikidata.org/entity/Q847508"}, "objectLabel": {"xml:lang": "en", "type": "literal", "value": "Worcester Art Museum"}, "predicateLabel": {"xml:lang": "en", "type": "literal", "value": "owned by"}}, {"subjectLabel": {"xml:lang": "en", "type": "literal", "value": "Salisbury House"}, "object": {"type": "uri", "value": "http://www.wikidata.org/entity/Q1307276"}, "objectLabel": {"xml:lang": "en", "type": "literal", "value": "single-family detached home"}, "predicateLabel": {"xml:lang": "en", "type": "literal", "value": "instance of"}}, {"subjectLabel": {"xml:lang": "en", "type": "literal", "value": "Salisbury House"}, "object": {"type": "uri", "value": "http://www.wikidata.org/entity/Q38695355"}, "objectLabel": {"xml:lang": "en", "type": "literal", "value": "Stephen Salisbury II"}, "predicateLabel": {"xml:lang": "en", "type": "literal", "value": "owned by"}}, {"subjectLabel": {"xml:lang": "en", "type": "literal", "value": "Salisbury House"}, "object": {"type": "uri", "value": "http://www.wikidata.org/entity/Q7610453"}, "objectLabel": {"xml:lang": "en", "type": "literal", "value": "Stephen Salisbury III"}, "predicateLabel": {"xml:lang": "en", "type": "literal", "value": "owned by"}}, {"subjectLabel": {"xml:lang": "en", "type": "literal", "value": "Salisbury House"}, "object": {"type": "uri", "value": "http://www.wikidata.org/entity/Q19558910"}, "objectLabel": {"xml:lang": "en", "type": "literal", "value": "National Register of Historic Places listed place"}, "predicateLabel": {"xml:lang": "en", "type": "literal", "value": "heritage designation"}}, {"subjectLabel": {"xml:lang": "en", "type": "literal", "value": "Salisbury House"}, "object": {"type": "uri", "value": "http://www.wikidata.org/entity/Q5360466"}, "objectLabel": {"xml:lang": "en", "type": "literal", "value": "Elias Carter"}, "predicateLabel": {"xml:lang": "en", "type": "literal", "value": "architect"}}], "Q469171": [{"subjectLabel": {"xml:lang": "en", "type": "literal", "value": "Federico Borromeo"}, "object": {"type": "uri", "value": "http://www.wikidata.org/entity/Q5"}, "objectLabel": {"xml:lang": "en", "type": "literal", "value": "human"}, "predicateLabel": {"xml:lang": "en", "type": "literal", "value": "instance of"}}, {"subjectLabel": {"xml:lang": "en", "type": "literal", "value": "Federico Borromeo"}, "object": {"type": "uri", "value": "http://www.wikidata.org/entity/Q652"}, "objectLabel": {"xml:lang": "en", "type": "literal", "value": "Italian"}, "predicateLabel": {"xml:lang": "en", "type": "literal", "value": "languages spoken, written or signed"}}, {"subjectLabel": {"xml:lang": "en", "type": "literal", "value": "Federico Borromeo"}, "object": {"type": "uri", "value": "http://www.wikidata.org/entity/Q490"}, "objectLabel": {"xml:lang": "en", "type": "literal", "value": "Milan"}, "predicateLabel": {"xml:lang": "en", "type": "literal", "value": "place of birth"}}, {"subjectLabel": {"xml:lang": "en", "type": "literal", "value": "Federico Borromeo"}, "object": {"type": "uri", "value": "http://www.wikidata.org/entity/Q9592"}, "objectLabel": {"xml:lang": "en", "type": "literal", "value": "Catholic Church"}, "predicateLabel": {"xml:lang": "en", "type": "literal", "value": "religion or worldview"}}, {"subjectLabel": {"xml:lang": "en", "type": "literal", "value": "Federico Borromeo"}, "object": {"type": "uri", "value": "http://www.wikidata.org/entity/Q28491"}, "objectLabel": {"xml:lang": "en", "type": "literal", "value": "The Betrothed"}, "predicateLabel": {"xml:lang": "en", "type": "literal", "value": "depicted by"}}, {"subjectLabel": {"xml:lang": "en", "type": "literal", "value": "Federico Borromeo"}, "object": {"type": "uri", "value": "http://www.wikidata.org/entity/Q490"}, "objectLabel": {"xml:lang": "en", "type": "literal", "value": "Milan"}, "predicateLabel": {"xml:lang": "en", "type": "literal", "value": "place of death"}}, {"subjectLabel": {"xml:lang": "en", "type": "literal", "value": "Federico Borromeo"}, "object": {"type": "uri", "value": "http://www.wikidata.org/entity/Q132716"}, "objectLabel": {"xml:lang": "en", "type": "literal", "value": "Leo XI"}, "predicateLabel": {"xml:lang": "en", "type": "literal", "value": "consecrator"}}, {"subjectLabel": {"xml:lang": "en", "type": "literal", "value": "Federico Borromeo"}, "object": {"type": "uri", "value": "http://www.wikidata.org/entity/Q170395"}, "objectLabel": {"xml:lang": "en", "type": "literal", "value": "Clement VIII"}, "predicateLabel": {"xml:lang": "en", "type": "literal", "value": "consecrator"}}, {"subjectLabel": {"xml:lang": "en", "type": "literal", "value": "Federico Borromeo"}, "object": {"type": "uri", "value": "http://www.wikidata.org/entity/Q163858"}, "objectLabel": {"xml:lang": "en", "type": "literal", "value": "Gabriele Paleotti"}, "predicateLabel": {"xml:lang": "en", "type": "literal", "value": "consecrator"}}, {"subjectLabel": {"xml:lang": "en", "type": "literal", "value": "Federico Borromeo"}, "object": {"type": "uri", "value": "http://www.wikidata.org/entity/Q3181656"}, "objectLabel": {"xml:lang": "en", "type": "literal", "value": "The Nuttall Encyclop\u00e6dia"}, "predicateLabel": {"xml:lang": "en", "type": "literal", "value": "described by source"}}, {"subjectLabel": {"xml:lang": "en", "type": "literal", "value": "Federico Borromeo"}, "object": {"type": "uri", "value": "http://www.wikidata.org/entity/Q302556"}, "objectLabel": {"xml:lang": "en", "type": "literal", "value": "Catholic Encyclopedia"}, "predicateLabel": {"xml:lang": "en", "type": "literal", "value": "described by source"}}, {"subjectLabel": {"xml:lang": "en", "type": "literal", "value": "Federico Borromeo"}, "object": {"type": "uri", "value": "http://www.wikidata.org/entity/Q28491"}, "objectLabel": {"xml:lang": "en", "type": "literal", "value": "The Betrothed"}, "predicateLabel": {"xml:lang": "en", "type": "literal", "value": "present in work"}}, {"subjectLabel": {"xml:lang": "en", "type": "literal", "value": "Federico Borromeo"}, "object": {"type": "uri", "value": "http://www.wikidata.org/entity/Q182436"}, "objectLabel": {"xml:lang": "en", "type": "literal", "value": "librarian"}, "predicateLabel": {"xml:lang": "en", "type": "literal", "value": "occupation"}}, {"subjectLabel": {"xml:lang": "en", "type": "literal", "value": "Federico Borromeo"}, "object": {"type": "uri", "value": "http://www.wikidata.org/entity/Q216946"}, "objectLabel": {"xml:lang": "en", "type": "literal", "value": "Charles Borromeo"}, "predicateLabel": {"xml:lang": "en", "type": "literal", "value": "relative"}}, {"subjectLabel": {"xml:lang": "en", "type": "literal", "value": "Federico Borromeo"}, "object": {"type": "uri", "value": "http://www.wikidata.org/entity/Q51955019"}, "objectLabel": {"xml:lang": "en", "type": "literal", "value": "BEIC Digital Library"}, "predicateLabel": {"xml:lang": "en", "type": "literal", "value": "described by source"}}, {"subjectLabel": {"xml:lang": "en", "type": "literal", "value": "Federico Borromeo"}, "object": {"type": "uri", "value": "http://www.wikidata.org/entity/Q67311526"}, "objectLabel": {"xml:lang": "en", "type": "literal", "value": "Obalky knih.cz"}, "predicateLabel": {"xml:lang": "en", "type": "literal", "value": "described by source"}}, {"subjectLabel": {"xml:lang": "en", "type": "literal", "value": "Federico Borromeo"}, "object": {"type": "uri", "value": "http://www.wikidata.org/entity/Q1516968"}, "objectLabel": {"xml:lang": "en", "type": "literal", "value": "1623 papal conclave"}, "predicateLabel": {"xml:lang": "en", "type": "literal", "value": "participant in"}}, {"subjectLabel": {"xml:lang": "en", "type": "literal", "value": "Federico Borromeo"}, "object": {"type": "uri", "value": "http://www.wikidata.org/entity/Q4542665"}, "objectLabel": {"xml:lang": "en", "type": "literal", "value": "September 1590 papal conclave"}, "predicateLabel": {"xml:lang": "en", "type": "literal", "value": "participant in"}}, {"subjectLabel": {"xml:lang": "en", "type": "literal", "value": "Federico Borromeo"}, "object": {"type": "uri", "value": "http://www.wikidata.org/entity/Q4583478"}, "objectLabel": {"xml:lang": "en", "type": "literal", "value": "1591 papal conclave"}, "predicateLabel": {"xml:lang": "en", "type": "literal", "value": "participant in"}}, {"subjectLabel": {"xml:lang": "en", "type": "literal", "value": "Federico Borromeo"}, "object": {"type": "uri", "value": "http://www.wikidata.org/entity/Q4543188"}, "objectLabel": {"xml:lang": "en", "type": "literal", "value": "October\u2013December 1590 papal conclave"}, "predicateLabel": {"xml:lang": "en", "type": "literal", "value": "participant in"}}, {"subjectLabel": {"xml:lang": "en", "type": "literal", "value": "Federico Borromeo"}, "object": {"type": "uri", "value": "http://www.wikidata.org/entity/Q1773050"}, "objectLabel": {"xml:lang": "en", "type": "literal", "value": "March 1605 papal conclave"}, "predicateLabel": {"xml:lang": "en", "type": "literal", "value": "participant in"}}, {"subjectLabel": {"xml:lang": "en", "type": "literal", "value": "Federico Borromeo"}, "object": {"type": "uri", "value": "http://www.wikidata.org/entity/Q1768433"}, "objectLabel": {"xml:lang": "en", "type": "literal", "value": "Agostino Valier"}, "predicateLabel": {"xml:lang": "en", "type": "literal", "value": "consecrator"}}, {"subjectLabel": {"xml:lang": "en", "type": "literal", "value": "Federico Borromeo"}, "object": {"type": "uri", "value": "http://www.wikidata.org/entity/Q17539144"}, "objectLabel": {"xml:lang": "en", "type": "literal", "value": "Federico"}, "predicateLabel": {"xml:lang": "en", "type": "literal", "value": "given name"}}, {"subjectLabel": {"xml:lang": "en", "type": "literal", "value": "Federico Borromeo"}, "object": {"type": "uri", "value": "http://www.wikidata.org/entity/Q1664338"}, "objectLabel": {"xml:lang": "en", "type": "literal", "value": "inquisitor"}, "predicateLabel": {"xml:lang": "en", "type": "literal", "value": "occupation"}}, {"subjectLabel": {"xml:lang": "en", "type": "literal", "value": "Federico Borromeo"}, "object": {"type": "uri", "value": "http://www.wikidata.org/entity/Q18068"}, "objectLabel": {"xml:lang": "en", "type": "literal", "value": "Milan Cathedral"}, "predicateLabel": {"xml:lang": "en", "type": "literal", "value": "place of burial"}}, {"subjectLabel": {"xml:lang": "en", "type": "literal", "value": "Federico Borromeo"}, "object": {"type": "uri", "value": "http://www.wikidata.org/entity/Q250867"}, "objectLabel": {"xml:lang": "en", "type": "literal", "value": "Catholic priest"}, "predicateLabel": {"xml:lang": "en", "type": "literal", "value": "occupation"}}, {"subjectLabel": {"xml:lang": "en", "type": "literal", "value": "Federico Borromeo"}, "object": {"type": "uri", "value": "http://www.wikidata.org/entity/Q894159"}, "objectLabel": {"xml:lang": "en", "type": "literal", "value": "House of Borromeo"}, "predicateLabel": {"xml:lang": "en", "type": "literal", "value": "family"}}, {"subjectLabel": {"xml:lang": "en", "type": "literal", "value": "Federico Borromeo"}, "object": {"type": "uri", "value": "http://www.wikidata.org/entity/Q4702067"}, "objectLabel": {"xml:lang": "en", "type": "literal", "value": "May 1605 papal conclave"}, "predicateLabel": {"xml:lang": "en", "type": "literal", "value": "participant in"}}, {"subjectLabel": {"xml:lang": "en", "type": "literal", "value": "Federico Borromeo"}, "object": {"type": "uri", "value": "http://www.wikidata.org/entity/Q4699923"}, "objectLabel": {"xml:lang": "en", "type": "literal", "value": "1592 papal conclave"}, "predicateLabel": {"xml:lang": "en", "type": "literal", "value": "participant in"}}, {"subjectLabel": {"xml:lang": "en", "type": "literal", "value": "Federico Borromeo"}, "object": {"type": "uri", "value": "http://www.wikidata.org/entity/Q611644"}, "objectLabel": {"xml:lang": "en", "type": "literal", "value": "Catholic bishop"}, "predicateLabel": {"xml:lang": "en", "type": "literal", "value": "occupation"}}, {"subjectLabel": {"xml:lang": "en", "type": "literal", "value": "Federico Borromeo"}, "object": {"type": "uri", "value": "http://www.wikidata.org/entity/Q3769559"}, "objectLabel": {"xml:lang": "en", "type": "literal", "value": "Giulio Cesare Borromeo"}, "predicateLabel": {"xml:lang": "en", "type": "literal", "value": "father"}}, {"subjectLabel": {"xml:lang": "en", "type": "literal", "value": "Federico Borromeo"}, "object": {"type": "uri", "value": "http://www.wikidata.org/entity/Q45722"}, "objectLabel": {"xml:lang": "en", "type": "literal", "value": "cardinal"}, "predicateLabel": {"xml:lang": "en", "type": "literal", "value": "position held"}}, {"subjectLabel": {"xml:lang": "en", "type": "literal", "value": "Federico Borromeo"}, "object": {"type": "uri", "value": "http://www.wikidata.org/entity/Q6581097"}, "objectLabel": {"xml:lang": "en", "type": "literal", "value": "male"}, "predicateLabel": {"xml:lang": "en", "type": "literal", "value": "sex or gender"}}, {"subjectLabel": {"xml:lang": "en", "type": "literal", "value": "Federico Borromeo"}, "object": {"type": "uri", "value": "http://www.wikidata.org/entity/Q21450663"}, "objectLabel": {"xml:lang": "en", "type": "literal", "value": "Borromeo"}, "predicateLabel": {"xml:lang": "en", "type": "literal", "value": "family name"}}, {"subjectLabel": {"xml:lang": "en", "type": "literal", "value": "Federico Borromeo"}, "object": {"type": "uri", "value": "http://www.wikidata.org/entity/Q104421886"}, "objectLabel": {"xml:lang": "en", "type": "literal", "value": "Roman Catholic Archbishop of Milan"}, "predicateLabel": {"xml:lang": "en", "type": "literal", "value": "position held"}}], "Q113976619": [{"subjectLabel": {"xml:lang": "en", "type": "literal", "value": "exhibition industry"}, "object": {"type": "uri", "value": "http://www.wikidata.org/entity/Q268592"}, "objectLabel": {"xml:lang": "en", "type": "literal", "value": "industry"}, "predicateLabel": {"xml:lang": "en", "type": "literal", "value": "instance of"}}, {"subjectLabel": {"xml:lang": "en", "type": "literal", "value": "exhibition industry"}, "object": {"type": "uri", "value": "http://www.wikidata.org/entity/Q464980"}, "objectLabel": {"xml:lang": "en", "type": "literal", "value": "exhibition"}, "predicateLabel": {"xml:lang": "en", "type": "literal", "value": "field of work"}}], "Q90671486": [{"subjectLabel": {"xml:lang": "en", "type": "literal", "value": "Veneranda Biblioteca Ambrosiana"}, "object": {"type": "uri", "value": "http://www.wikidata.org/entity/Q178706"}, "objectLabel": {"xml:lang": "en", "type": "literal", "value": "institution"}, "predicateLabel": {"xml:lang": "en", "type": "literal", "value": "instance of"}}, {"subjectLabel": {"xml:lang": "en", "type": "literal", "value": "Veneranda Biblioteca Ambrosiana"}, "object": {"type": "uri", "value": "http://www.wikidata.org/entity/Q1530022"}, "objectLabel": {"xml:lang": "en", "type": "literal", "value": "religious organization"}, "predicateLabel": {"xml:lang": "en", "type": "literal", "value": "instance of"}}, {"subjectLabel": {"xml:lang": "en", "type": "literal", "value": "Veneranda Biblioteca Ambrosiana"}, "object": {"type": "uri", "value": "http://www.wikidata.org/entity/Q815611"}, "objectLabel": {"xml:lang": "en", "type": "literal", "value": "Biblioteca Ambrosiana"}, "predicateLabel": {"xml:lang": "en", "type": "literal", "value": "has subsidiary"}}, {"subjectLabel": {"xml:lang": "en", "type": "literal", "value": "Veneranda Biblioteca Ambrosiana"}, "object": {"type": "uri", "value": "http://www.wikidata.org/entity/Q1085811"}, "objectLabel": {"xml:lang": "en", "type": "literal", "value": "Pinacoteca Ambrosiana"}, "predicateLabel": {"xml:lang": "en", "type": "literal", "value": "has subsidiary"}}], "Q109472646": [{"subjectLabel": {"xml:lang": "en", "type": "literal", "value": "Aula Leonardi"}, "object": {"type": "uri", "value": "http://www.wikidata.org/entity/Q15206795"}, "objectLabel": {"xml:lang": "en", "type": "literal", "value": "exhibition space"}, "predicateLabel": {"xml:lang": "en", "type": "literal", "value": "instance of"}}, {"subjectLabel": {"xml:lang": "en", "type": "literal", "value": "Aula Leonardi"}, "object": {"type": "uri", "value": "http://www.wikidata.org/entity/Q1085811"}, "objectLabel": {"xml:lang": "en", "type": "literal", "value": "Pinacoteca Ambrosiana"}, "predicateLabel": {"xml:lang": "en", "type": "literal", "value": "location"}}, {"subjectLabel": {"xml:lang": "en", "type": "literal", "value": "Aula Leonardi"}, "object": {"type": "uri", "value": "http://www.wikidata.org/entity/Q1085811"}, "objectLabel": {"xml:lang": "en", "type": "literal", "value": "Pinacoteca Ambrosiana"}, "predicateLabel": {"xml:lang": "en", "type": "literal", "value": "part of"}}], "Q93260506": [{"subjectLabel": {"xml:lang": "en", "type": "literal", "value": "Marco Navoni"}, "object": {"type": "uri", "value": "http://www.wikidata.org/entity/Q5"}, "objectLabel": {"xml:lang": "en", "type": "literal", "value": "human"}, "predicateLabel": {"xml:lang": "en", "type": "literal", "value": "instance of"}}, {"subjectLabel": {"xml:lang": "en", "type": "literal", "value": "Marco Navoni"}, "object": {"type": "uri", "value": "http://www.wikidata.org/entity/Q38"}, "objectLabel": {"xml:lang": "en", "type": "literal", "value": "Italy"}, "predicateLabel": {"xml:lang": "en", "type": "literal", "value": "country of citizenship"}}, {"subjectLabel": {"xml:lang": "en", "type": "literal", "value": "Marco Navoni"}, "object": {"type": "uri", "value": "http://www.wikidata.org/entity/Q490"}, "objectLabel": {"xml:lang": "en", "type": "literal", "value": "Milan"}, "predicateLabel": {"xml:lang": "en", "type": "literal", "value": "place of birth"}}, {"subjectLabel": {"xml:lang": "en", "type": "literal", "value": "Marco Navoni"}, "object": {"type": "uri", "value": "http://www.wikidata.org/entity/Q652"}, "objectLabel": {"xml:lang": "en", "type": "literal", "value": "Italian"}, "predicateLabel": {"xml:lang": "en", "type": "literal", "value": "languages spoken, written or signed"}}, {"subjectLabel": {"xml:lang": "en", "type": "literal", "value": "Marco Navoni"}, "object": {"type": "uri", "value": "http://www.wikidata.org/entity/Q652"}, "objectLabel": {"xml:lang": "en", "type": "literal", "value": "Italian"}, "predicateLabel": {"xml:lang": "en", "type": "literal", "value": "writing language"}}, {"subjectLabel": {"xml:lang": "en", "type": "literal", "value": "Marco Navoni"}, "object": {"type": "uri", "value": "http://www.wikidata.org/entity/Q1104153"}, "objectLabel": {"xml:lang": "en", "type": "literal", "value": "canon"}, "predicateLabel": {"xml:lang": "en", "type": "literal", "value": "occupation"}}, {"subjectLabel": {"xml:lang": "en", "type": "literal", "value": "Marco Navoni"}, "object": {"type": "uri", "value": "http://www.wikidata.org/entity/Q1622272"}, "objectLabel": {"xml:lang": "en", "type": "literal", "value": "university teacher"}, "predicateLabel": {"xml:lang": "en", "type": "literal", "value": "occupation"}}, {"subjectLabel": {"xml:lang": "en", "type": "literal", "value": "Marco Navoni"}, "object": {"type": "uri", "value": "http://www.wikidata.org/entity/Q250867"}, "objectLabel": {"xml:lang": "en", "type": "literal", "value": "Catholic priest"}, "predicateLabel": {"xml:lang": "en", "type": "literal", "value": "occupation"}}, {"subjectLabel": {"xml:lang": "en", "type": "literal", "value": "Marco Navoni"}, "object": {"type": "uri", "value": "http://www.wikidata.org/entity/Q113861626"}, "objectLabel": {"xml:lang": "en", "type": "literal", "value": "history of liturgy"}, "predicateLabel": {"xml:lang": "en", "type": "literal", "value": "field of work"}}, {"subjectLabel": {"xml:lang": "en", "type": "literal", "value": "Marco Navoni"}, "object": {"type": "uri", "value": "http://www.wikidata.org/entity/Q6581097"}, "objectLabel": {"xml:lang": "en", "type": "literal", "value": "male"}, "predicateLabel": {"xml:lang": "en", "type": "literal", "value": "sex or gender"}}, {"subjectLabel": {"xml:lang": "en", "type": "literal", "value": "Marco Navoni"}, "object": {"type": "uri", "value": "http://www.wikidata.org/entity/Q10567966"}, "objectLabel": {"xml:lang": "en", "type": "literal", "value": "liturgist"}, "predicateLabel": {"xml:lang": "en", "type": "literal", "value": "occupation"}}, {"subjectLabel": {"xml:lang": "en", "type": "literal", "value": "Marco Navoni"}, "object": {"type": "uri", "value": "http://www.wikidata.org/entity/Q111575754"}, "objectLabel": {"xml:lang": "en", "type": "literal", "value": "Navoni"}, "predicateLabel": {"xml:lang": "en", "type": "literal", "value": "family name"}}, {"subjectLabel": {"xml:lang": "en", "type": "literal", "value": "Marco Navoni"}, "object": {"type": "uri", "value": "http://www.wikidata.org/entity/Q17520955"}, "objectLabel": {"xml:lang": "en", "type": "literal", "value": "Marco"}, "predicateLabel": {"xml:lang": "en", "type": "literal", "value": "given name"}}]}