{"Q67429147": [{"subjectLabel": {"xml:lang": "en", "type": "literal", "value": "Robert Lehman Collection"}, "object": {"type": "uri", "value": "http://www.wikidata.org/entity/Q61781831"}, "objectLabel": {"xml:lang": "en", "type": "literal", "value": "curatorial department"}, "predicateLabel": {"xml:lang": "en", "type": "literal", "value": "instance of"}}, {"subjectLabel": {"xml:lang": "en", "type": "literal", "value": "Robert Lehman Collection"}, "object": {"type": "uri", "value": "http://www.wikidata.org/entity/Q160236"}, "objectLabel": {"xml:lang": "en", "type": "literal", "value": "Metropolitan Museum of Art"}, "predicateLabel": {"xml:lang": "en", "type": "literal", "value": "parent organization"}}], "Q67429133": [{"subjectLabel": {"xml:lang": "en", "type": "literal", "value": "Egyptian Art"}, "object": {"type": "uri", "value": "http://www.wikidata.org/entity/Q30"}, "objectLabel": {"xml:lang": "en", "type": "literal", "value": "United States of America"}, "predicateLabel": {"xml:lang": "en", "type": "literal", "value": "country"}}, {"subjectLabel": {"xml:lang": "en", "type": "literal", "value": "Egyptian Art"}, "object": {"type": "uri", "value": "http://www.wikidata.org/entity/Q61781831"}, "objectLabel": {"xml:lang": "en", "type": "literal", "value": "curatorial department"}, "predicateLabel": {"xml:lang": "en", "type": "literal", "value": "instance of"}}, {"subjectLabel": {"xml:lang": "en", "type": "literal", "value": "Egyptian Art"}, "object": {"type": "uri", "value": "http://www.wikidata.org/entity/Q160236"}, "objectLabel": {"xml:lang": "en", "type": "literal", "value": "Metropolitan Museum of Art"}, "predicateLabel": {"xml:lang": "en", "type": "literal", "value": "parent organization"}}], "Q67429137": [{"subjectLabel": {"xml:lang": "en", "type": "literal", "value": "Greek and Roman Art"}, "object": {"type": "uri", "value": "http://www.wikidata.org/entity/Q61781831"}, "objectLabel": {"xml:lang": "en", "type": "literal", "value": "curatorial department"}, "predicateLabel": {"xml:lang": "en", "type": "literal", "value": "instance of"}}, {"subjectLabel": {"xml:lang": "en", "type": "literal", "value": "Greek and Roman Art"}, "object": {"type": "uri", "value": "http://www.wikidata.org/entity/Q160236"}, "objectLabel": {"xml:lang": "en", "type": "literal", "value": "Metropolitan Museum of Art"}, "predicateLabel": {"xml:lang": "en", "type": "literal", "value": "parent organization"}}], "Q67429139": [{"subjectLabel": {"xml:lang": "en", "type": "literal", "value": "Islamic Art"}, "object": {"type": "uri", "value": "http://www.wikidata.org/entity/Q61781831"}, "objectLabel": {"xml:lang": "en", "type": "literal", "value": "curatorial department"}, "predicateLabel": {"xml:lang": "en", "type": "literal", "value": "instance of"}}, {"subjectLabel": {"xml:lang": "en", "type": "literal", "value": "Islamic Art"}, "object": {"type": "uri", "value": "http://www.wikidata.org/entity/Q160236"}, "objectLabel": {"xml:lang": "en", "type": "literal", "value": "Metropolitan Museum of Art"}, "predicateLabel": {"xml:lang": "en", "type": "literal", "value": "parent organization"}}], "Q67429148": [{"subjectLabel": {"xml:lang": "en", "type": "literal", "value": "The Met Libraries"}, "object": {"type": "uri", "value": "http://www.wikidata.org/entity/Q30"}, "objectLabel": {"xml:lang": "en", "type": "literal", "value": "United States of America"}, "predicateLabel": {"xml:lang": "en", "type": "literal", "value": "country"}}, {"subjectLabel": {"xml:lang": "en", "type": "literal", "value": "The Met Libraries"}, "object": {"type": "uri", "value": "http://www.wikidata.org/entity/Q7075"}, "objectLabel": {"xml:lang": "en", "type": "literal", "value": "library"}, "predicateLabel": {"xml:lang": "en", "type": "literal", "value": "instance of"}}, {"subjectLabel": {"xml:lang": "en", "type": "literal", "value": "The Met Libraries"}, "object": {"type": "uri", "value": "http://www.wikidata.org/entity/Q61781831"}, "objectLabel": {"xml:lang": "en", "type": "literal", "value": "curatorial department"}, "predicateLabel": {"xml:lang": "en", "type": "literal", "value": "instance of"}}, {"subjectLabel": {"xml:lang": "en", "type": "literal", "value": "The Met Libraries"}, "object": {"type": "uri", "value": "http://www.wikidata.org/entity/Q160236"}, "objectLabel": {"xml:lang": "en", "type": "literal", "value": "Metropolitan Museum of Art"}, "predicateLabel": {"xml:lang": "en", "type": "literal", "value": "parent organization"}}, {"subjectLabel": {"xml:lang": "en", "type": "literal", "value": "The Met Libraries"}, "object": {"type": "uri", "value": "http://www.wikidata.org/entity/Q15961559"}, "objectLabel": {"xml:lang": "en", "type": "literal", "value": "Thomas J. Watson Library"}, "predicateLabel": {"xml:lang": "en", "type": "literal", "value": "has part(s)"}}], "Q67087093": [{"subjectLabel": {"xml:lang": "en", "type": "literal", "value": "The Costume Institute"}, "object": {"type": "uri", "value": "http://www.wikidata.org/entity/Q30"}, "objectLabel": {"xml:lang": "en", "type": "literal", "value": "United States of America"}, "predicateLabel": {"xml:lang": "en", "type": "literal", "value": "country"}}, {"subjectLabel": {"xml:lang": "en", "type": "literal", "value": "The Costume Institute"}, "object": {"type": "uri", "value": "http://www.wikidata.org/entity/Q166118"}, "objectLabel": {"xml:lang": "en", "type": "literal", "value": "archive"}, "predicateLabel": {"xml:lang": "en", "type": "literal", "value": "instance of"}}, {"subjectLabel": {"xml:lang": "en", "type": "literal", "value": "The Costume Institute"}, "object": {"type": "uri", "value": "http://www.wikidata.org/entity/Q61781831"}, "objectLabel": {"xml:lang": "en", "type": "literal", "value": "curatorial department"}, "predicateLabel": {"xml:lang": "en", "type": "literal", "value": "instance of"}}, {"subjectLabel": {"xml:lang": "en", "type": "literal", "value": "The Costume Institute"}, "object": {"type": "uri", "value": "http://www.wikidata.org/entity/Q160236"}, "objectLabel": {"xml:lang": "en", "type": "literal", "value": "Metropolitan Museum of Art"}, "predicateLabel": {"xml:lang": "en", "type": "literal", "value": "parent organization"}}, {"subjectLabel": {"xml:lang": "en", "type": "literal", "value": "The Costume Institute"}, "object": {"type": "uri", "value": "http://www.wikidata.org/entity/Q5436782"}, "objectLabel": {"xml:lang": "en", "type": "literal", "value": "fashion museum"}, "predicateLabel": {"xml:lang": "en", "type": "literal", "value": "instance of"}}, {"subjectLabel": {"xml:lang": "en", "type": "literal", "value": "The Costume Institute"}, "object": {"type": "uri", "value": "http://www.wikidata.org/entity/Q101031537"}, "objectLabel": {"xml:lang": "en", "type": "literal", "value": "The Costume Institute Online Collection"}, "predicateLabel": {"xml:lang": "en", "type": "literal", "value": "has subsidiary"}}], "Q67429130": [{"subjectLabel": {"xml:lang": "en", "type": "literal", "value": "Asian Art"}, "object": {"type": "uri", "value": "http://www.wikidata.org/entity/Q160236"}, "objectLabel": {"xml:lang": "en", "type": "literal", "value": "Metropolitan Museum of Art"}, "predicateLabel": {"xml:lang": "en", "type": "literal", "value": "parent organization"}}, {"subjectLabel": {"xml:lang": "en", "type": "literal", "value": "Asian Art"}, "object": {"type": "uri", "value": "http://www.wikidata.org/entity/Q61781831"}, "objectLabel": {"xml:lang": "en", "type": "literal", "value": "curatorial department"}, "predicateLabel": {"xml:lang": "en", "type": "literal", "value": "instance of"}}], "Q60596834": [{"subjectLabel": {"xml:lang": "en", "type": "literal", "value": "The Leonard A. Lauder Cubist Collection"}, "object": {"type": "uri", "value": "http://www.wikidata.org/entity/Q7328910"}, "objectLabel": {"xml:lang": "en", "type": "literal", "value": "art collection"}, "predicateLabel": {"xml:lang": "en", "type": "literal", "value": "instance of"}}, {"subjectLabel": {"xml:lang": "en", "type": "literal", "value": "The Leonard A. Lauder Cubist Collection"}, "object": {"type": "uri", "value": "http://www.wikidata.org/entity/Q42934"}, "objectLabel": {"xml:lang": "en", "type": "literal", "value": "Cubism"}, "predicateLabel": {"xml:lang": "en", "type": "literal", "value": "field of work"}}, {"subjectLabel": {"xml:lang": "en", "type": "literal", "value": "The Leonard A. Lauder Cubist Collection"}, "object": {"type": "uri", "value": "http://www.wikidata.org/entity/Q6525484"}, "objectLabel": {"xml:lang": "en", "type": "literal", "value": "Leonard Lauder"}, "predicateLabel": {"xml:lang": "en", "type": "literal", "value": "named after"}}, {"subjectLabel": {"xml:lang": "en", "type": "literal", "value": "The Leonard A. Lauder Cubist Collection"}, "object": {"type": "uri", "value": "http://www.wikidata.org/entity/Q160236"}, "objectLabel": {"xml:lang": "en", "type": "literal", "value": "Metropolitan Museum of Art"}, "predicateLabel": {"xml:lang": "en", "type": "literal", "value": "parent organization"}}], "Q67429136": [{"subjectLabel": {"xml:lang": "en", "type": "literal", "value": "European Sculpture and Decorative Arts"}, "object": {"type": "uri", "value": "http://www.wikidata.org/entity/Q160236"}, "objectLabel": {"xml:lang": "en", "type": "literal", "value": "Metropolitan Museum of Art"}, "predicateLabel": {"xml:lang": "en", "type": "literal", "value": "parent organization"}}, {"subjectLabel": {"xml:lang": "en", "type": "literal", "value": "European Sculpture and Decorative Arts"}, "object": {"type": "uri", "value": "http://www.wikidata.org/entity/Q61781831"}, "objectLabel": {"xml:lang": "en", "type": "literal", "value": "curatorial department"}, "predicateLabel": {"xml:lang": "en", "type": "literal", "value": "instance of"}}], "Q67429142": [{"subjectLabel": {"xml:lang": "en", "type": "literal", "value": "Modern and Contemporary Art"}, "object": {"type": "uri", "value": "http://www.wikidata.org/entity/Q61781831"}, "objectLabel": {"xml:lang": "en", "type": "literal", "value": "curatorial department"}, "predicateLabel": {"xml:lang": "en", "type": "literal", "value": "instance of"}}, {"subjectLabel": {"xml:lang": "en", "type": "literal", "value": "Modern and Contemporary Art"}, "object": {"type": "uri", "value": "http://www.wikidata.org/entity/Q160236"}, "objectLabel": {"xml:lang": "en", "type": "literal", "value": "Metropolitan Museum of Art"}, "predicateLabel": {"xml:lang": "en", "type": "literal", "value": "parent organization"}}, {"subjectLabel": {"xml:lang": "en", "type": "literal", "value": "Modern and Contemporary Art"}, "object": {"type": "uri", "value": "http://www.wikidata.org/entity/Q79427886"}, "objectLabel": {"xml:lang": "en", "type": "literal", "value": "Department 19th- And Early 20th-Century European Paintings And Sculpture"}, "predicateLabel": {"xml:lang": "en", "type": "literal", "value": "has part(s)"}}]}