{"Q1456250": [{"subjectLabel": {"xml:lang": "en", "type": "literal", "value": "Category:Switzerland"}, "object": {"type": "uri", "value": "http://www.wikidata.org/entity/Q39"}, "objectLabel": {"xml:lang": "en", "type": "literal", "value": "Switzerland"}, "predicateLabel": {"xml:lang": "en", "type": "literal", "value": "category's main topic"}}, {"subjectLabel": {"xml:lang": "en", "type": "literal", "value": "Category:Switzerland"}, "object": {"type": "uri", "value": "http://www.wikidata.org/entity/Q4167836"}, "objectLabel": {"xml:lang": "en", "type": "literal", "value": "Wikimedia category"}, "predicateLabel": {"xml:lang": "en", "type": "literal", "value": "instance of"}}, {"subjectLabel": {"xml:lang": "en", "type": "literal", "value": "Category:Switzerland"}, "object": {"type": "uri", "value": "http://www.wikidata.org/entity/Q59541917"}, "objectLabel": {"xml:lang": "en", "type": "literal", "value": "Wikimedia topic category"}, "predicateLabel": {"xml:lang": "en", "type": "literal", "value": "instance of"}}], "Q6334741": [{"subjectLabel": {"xml:lang": "en", "type": "literal", "value": "Category:Deaths in Switzerland"}, "object": {"type": "uri", "value": "http://www.wikidata.org/entity/Q5"}, "objectLabel": {"xml:lang": "en", "type": "literal", "value": "human"}, "predicateLabel": {"xml:lang": "en", "type": "literal", "value": "category contains"}}, {"subjectLabel": {"xml:lang": "en", "type": "literal", "value": "Category:Deaths in Switzerland"}, "object": {"type": "uri", "value": "http://www.wikidata.org/entity/Q39"}, "objectLabel": {"xml:lang": "en", "type": "literal", "value": "Switzerland"}, "predicateLabel": {"xml:lang": "en", "type": "literal", "value": "category combines topics"}}, {"subjectLabel": {"xml:lang": "en", "type": "literal", "value": "Category:Deaths in Switzerland"}, "object": {"type": "uri", "value": "http://www.wikidata.org/entity/Q7463350"}, "objectLabel": {"xml:lang": "en", "type": "literal", "value": "Category:Births in Switzerland"}, "predicateLabel": {"xml:lang": "en", "type": "literal", "value": "opposite of"}}, {"subjectLabel": {"xml:lang": "en", "type": "literal", "value": "Category:Deaths in Switzerland"}, "object": {"type": "uri", "value": "http://www.wikidata.org/entity/Q18658526"}, "objectLabel": {"xml:lang": "en", "type": "literal", "value": "place of death"}, "predicateLabel": {"xml:lang": "en", "type": "literal", "value": "category combines topics"}}, {"subjectLabel": {"xml:lang": "en", "type": "literal", "value": "Category:Deaths in Switzerland"}, "object": {"type": "uri", "value": "http://www.wikidata.org/entity/Q4167836"}, "objectLabel": {"xml:lang": "en", "type": "literal", "value": "Wikimedia category"}, "predicateLabel": {"xml:lang": "en", "type": "literal", "value": "instance of"}}, {"subjectLabel": {"xml:lang": "en", "type": "literal", "value": "Category:Deaths in Switzerland"}, "object": {"type": "uri", "value": "http://www.wikidata.org/entity/Q8366631"}, "objectLabel": {"xml:lang": "en", "type": "literal", "value": "Category:Death in Switzerland"}, "predicateLabel": {"xml:lang": "en", "type": "literal", "value": "different from"}}], "Q6489173": [{"subjectLabel": {"xml:lang": "en", "type": "literal", "value": "Template:Cantons of Switzerland"}, "object": {"type": "uri", "value": "http://www.wikidata.org/entity/Q39"}, "objectLabel": {"xml:lang": "en", "type": "literal", "value": "Switzerland"}, "predicateLabel": {"xml:lang": "en", "type": "literal", "value": "template has topic"}}, {"subjectLabel": {"xml:lang": "en", "type": "literal", "value": "Template:Cantons of Switzerland"}, "object": {"type": "uri", "value": "http://www.wikidata.org/entity/Q11753321"}, "objectLabel": {"xml:lang": "en", "type": "literal", "value": "Wikimedia navigational template"}, "predicateLabel": {"xml:lang": "en", "type": "literal", "value": "instance of"}}], "Q166546": [{"subjectLabel": {"xml:lang": "en", "type": "literal", "value": "European Free Trade Association"}, "object": {"type": "uri", "value": "http://www.wikidata.org/entity/Q484652"}, "objectLabel": {"xml:lang": "en", "type": "literal", "value": "international organization"}, "predicateLabel": {"xml:lang": "en", "type": "literal", "value": "instance of"}}, {"subjectLabel": {"xml:lang": "en", "type": "literal", "value": "European Free Trade Association"}, "object": {"type": "uri", "value": "http://www.wikidata.org/entity/Q20"}, "objectLabel": {"xml:lang": "en", "type": "literal", "value": "Norway"}, "predicateLabel": {"xml:lang": "en", "type": "literal", "value": "has part(s)"}}, {"subjectLabel": {"xml:lang": "en", "type": "literal", "value": "European Free Trade Association"}, "object": {"type": "uri", "value": "http://www.wikidata.org/entity/Q39"}, "objectLabel": {"xml:lang": "en", "type": "literal", "value": "Switzerland"}, "predicateLabel": {"xml:lang": "en", "type": "literal", "value": "has part(s)"}}, {"subjectLabel": {"xml:lang": "en", "type": "literal", "value": "European Free Trade Association"}, "object": {"type": "uri", "value": "http://www.wikidata.org/entity/Q71"}, "objectLabel": {"xml:lang": "en", "type": "literal", "value": "Geneva"}, "predicateLabel": {"xml:lang": "en", "type": "literal", "value": "headquarters location"}}, {"subjectLabel": {"xml:lang": "en", "type": "literal", "value": "European Free Trade Association"}, "object": {"type": "uri", "value": "http://www.wikidata.org/entity/Q4120211"}, "objectLabel": {"xml:lang": "en", "type": "literal", "value": "regional organization"}, "predicateLabel": {"xml:lang": "en", "type": "literal", "value": "instance of"}}, {"subjectLabel": {"xml:lang": "en", "type": "literal", "value": "European Free Trade Association"}, "object": {"type": "uri", "value": "http://www.wikidata.org/entity/Q5335686"}, "objectLabel": {"xml:lang": "en", "type": "literal", "value": "free trade area"}, "predicateLabel": {"xml:lang": "en", "type": "literal", "value": "instance of"}}, {"subjectLabel": {"xml:lang": "en", "type": "literal", "value": "European Free Trade Association"}, "object": {"type": "uri", "value": "http://www.wikidata.org/entity/Q189"}, "objectLabel": {"xml:lang": "en", "type": "literal", "value": "Iceland"}, "predicateLabel": {"xml:lang": "en", "type": "literal", "value": "has part(s)"}}, {"subjectLabel": {"xml:lang": "en", "type": "literal", "value": "European Free Trade Association"}, "object": {"type": "uri", "value": "http://www.wikidata.org/entity/Q347"}, "objectLabel": {"xml:lang": "en", "type": "literal", "value": "Liechtenstein"}, "predicateLabel": {"xml:lang": "en", "type": "literal", "value": "has part(s)"}}, {"subjectLabel": {"xml:lang": "en", "type": "literal", "value": "European Free Trade Association"}, "object": {"type": "uri", "value": "http://www.wikidata.org/entity/Q1754"}, "objectLabel": {"xml:lang": "en", "type": "literal", "value": "Stockholm"}, "predicateLabel": {"xml:lang": "en", "type": "literal", "value": "location of formation"}}, {"subjectLabel": {"xml:lang": "en", "type": "literal", "value": "European Free Trade Association"}, "object": {"type": "uri", "value": "http://www.wikidata.org/entity/Q177773"}, "objectLabel": {"xml:lang": "en", "type": "literal", "value": "World Intellectual Property Organization"}, "predicateLabel": {"xml:lang": "en", "type": "literal", "value": "official observer status in organisation"}}, {"subjectLabel": {"xml:lang": "en", "type": "literal", "value": "European Free Trade Association"}, "object": {"type": "uri", "value": "http://www.wikidata.org/entity/Q1860"}, "objectLabel": {"xml:lang": "en", "type": "literal", "value": "English"}, "predicateLabel": {"xml:lang": "en", "type": "literal", "value": "language used"}}, {"subjectLabel": {"xml:lang": "en", "type": "literal", "value": "European Free Trade Association"}, "object": {"type": "uri", "value": "http://www.wikidata.org/entity/Q8427427"}, "objectLabel": {"xml:lang": "en", "type": "literal", "value": "Category:European Free Trade Association"}, "predicateLabel": {"xml:lang": "en", "type": "literal", "value": "topic's main category"}}, {"subjectLabel": {"xml:lang": "en", "type": "literal", "value": "European Free Trade Association"}, "object": {"type": "uri", "value": "http://www.wikidata.org/entity/Q8932"}, "objectLabel": {"xml:lang": "en", "type": "literal", "value": "European Economic Area"}, "predicateLabel": {"xml:lang": "en", "type": "literal", "value": "different from"}}, {"subjectLabel": {"xml:lang": "en", "type": "literal", "value": "European Free Trade Association"}, "object": {"type": "uri", "value": "http://www.wikidata.org/entity/Q67160059"}, "objectLabel": {"xml:lang": "en", "type": "literal", "value": "free trade agreement between Mercosur and the European Free Trade Association"}, "predicateLabel": {"xml:lang": "en", "type": "literal", "value": "participant in"}}], "Q3403": [{"subjectLabel": {"xml:lang": "en", "type": "literal", "value": "Dufourspitze"}, "object": {"type": "uri", "value": "http://www.wikidata.org/entity/Q39"}, "objectLabel": {"xml:lang": "en", "type": "literal", "value": "Switzerland"}, "predicateLabel": {"xml:lang": "en", "type": "literal", "value": "country"}}, {"subjectLabel": {"xml:lang": "en", "type": "literal", "value": "Dufourspitze"}, "object": {"type": "uri", "value": "http://www.wikidata.org/entity/Q623424"}, "objectLabel": {"xml:lang": "en", "type": "literal", "value": "Great St Bernard Pass"}, "predicateLabel": {"xml:lang": "en", "type": "literal", "value": "key col"}}, {"subjectLabel": {"xml:lang": "en", "type": "literal", "value": "Dufourspitze"}, "object": {"type": "uri", "value": "http://www.wikidata.org/entity/Q15277780"}, "objectLabel": {"xml:lang": "en", "type": "literal", "value": "Category:Monte Rosa"}, "predicateLabel": {"xml:lang": "en", "type": "literal", "value": "topic's main category"}}, {"subjectLabel": {"xml:lang": "en", "type": "literal", "value": "Dufourspitze"}, "object": {"type": "uri", "value": "http://www.wikidata.org/entity/Q1194369"}, "objectLabel": {"xml:lang": "en", "type": "literal", "value": "first ascent"}, "predicateLabel": {"xml:lang": "en", "type": "literal", "value": "significant event"}}, {"subjectLabel": {"xml:lang": "en", "type": "literal", "value": "Dufourspitze"}, "object": {"type": "uri", "value": "http://www.wikidata.org/entity/Q8502"}, "objectLabel": {"xml:lang": "en", "type": "literal", "value": "mountain"}, "predicateLabel": {"xml:lang": "en", "type": "literal", "value": "instance of"}}, {"subjectLabel": {"xml:lang": "en", "type": "literal", "value": "Dufourspitze"}, "object": {"type": "uri", "value": "http://www.wikidata.org/entity/Q834"}, "objectLabel": {"xml:lang": "en", "type": "literal", "value": "Valais"}, "predicateLabel": {"xml:lang": "en", "type": "literal", "value": "located in the administrative territorial entity"}}, {"subjectLabel": {"xml:lang": "en", "type": "literal", "value": "Dufourspitze"}, "object": {"type": "uri", "value": "http://www.wikidata.org/entity/Q30395"}, "objectLabel": {"xml:lang": "en", "type": "literal", "value": "Mont Blanc de Courmayeur"}, "predicateLabel": {"xml:lang": "en", "type": "literal", "value": "parent peak"}}, {"subjectLabel": {"xml:lang": "en", "type": "literal", "value": "Dufourspitze"}, "object": {"type": "uri", "value": "http://www.wikidata.org/entity/Q14668"}, "objectLabel": {"xml:lang": "en", "type": "literal", "value": "Monte Rosa Massif"}, "predicateLabel": {"xml:lang": "en", "type": "literal", "value": "mountain range"}}, {"subjectLabel": {"xml:lang": "en", "type": "literal", "value": "Dufourspitze"}, "object": {"type": "uri", "value": "http://www.wikidata.org/entity/Q46"}, "objectLabel": {"xml:lang": "en", "type": "literal", "value": "Europe"}, "predicateLabel": {"xml:lang": "en", "type": "literal", "value": "continent"}}, {"subjectLabel": {"xml:lang": "en", "type": "literal", "value": "Dufourspitze"}, "object": {"type": "uri", "value": "http://www.wikidata.org/entity/Q123238"}, "objectLabel": {"xml:lang": "en", "type": "literal", "value": "Guillaume Henri Dufour"}, "predicateLabel": {"xml:lang": "en", "type": "literal", "value": "named after"}}], "Q27509": [{"subjectLabel": {"xml:lang": "en", "type": "literal", "value": "Central Europe"}, "object": {"type": "uri", "value": "http://www.wikidata.org/entity/Q27"}, "objectLabel": {"xml:lang": "en", "type": "literal", "value": "Republic of Ireland"}, "predicateLabel": {"xml:lang": "en", "type": "literal", "value": "has part(s)"}}, {"subjectLabel": {"xml:lang": "en", "type": "literal", "value": "Central Europe"}, "object": {"type": "uri", "value": "http://www.wikidata.org/entity/Q28"}, "objectLabel": {"xml:lang": "en", "type": "literal", "value": "Hungary"}, "predicateLabel": {"xml:lang": "en", "type": "literal", "value": "has part(s)"}}, {"subjectLabel": {"xml:lang": "en", "type": "literal", "value": "Central Europe"}, "object": {"type": "uri", "value": "http://www.wikidata.org/entity/Q31"}, "objectLabel": {"xml:lang": "en", "type": "literal", "value": "Belgium"}, "predicateLabel": {"xml:lang": "en", "type": "literal", "value": "has part(s)"}}, {"subjectLabel": {"xml:lang": "en", "type": "literal", "value": "Central Europe"}, "object": {"type": "uri", "value": "http://www.wikidata.org/entity/Q32"}, "objectLabel": {"xml:lang": "en", "type": "literal", "value": "Luxembourg"}, "predicateLabel": {"xml:lang": "en", "type": "literal", "value": "has part(s)"}}, {"subjectLabel": {"xml:lang": "en", "type": "literal", "value": "Central Europe"}, "object": {"type": "uri", "value": "http://www.wikidata.org/entity/Q35"}, "objectLabel": {"xml:lang": "en", "type": "literal", "value": "Denmark"}, "predicateLabel": {"xml:lang": "en", "type": "literal", "value": "has part(s)"}}, {"subjectLabel": {"xml:lang": "en", "type": "literal", "value": "Central Europe"}, "object": {"type": "uri", "value": "http://www.wikidata.org/entity/Q36"}, "objectLabel": {"xml:lang": "en", "type": "literal", "value": "Poland"}, "predicateLabel": {"xml:lang": "en", "type": "literal", "value": "has part(s)"}}, {"subjectLabel": {"xml:lang": "en", "type": "literal", "value": "Central Europe"}, "object": {"type": "uri", "value": "http://www.wikidata.org/entity/Q39"}, "objectLabel": {"xml:lang": "en", "type": "literal", "value": "Switzerland"}, "predicateLabel": {"xml:lang": "en", "type": "literal", "value": "has part(s)"}}, {"subjectLabel": {"xml:lang": "en", "type": "literal", "value": "Central Europe"}, "object": {"type": "uri", "value": "http://www.wikidata.org/entity/Q46"}, "objectLabel": {"xml:lang": "en", "type": "literal", "value": "Europe"}, "predicateLabel": {"xml:lang": "en", "type": "literal", "value": "part of"}}, {"subjectLabel": {"xml:lang": "en", "type": "literal", "value": "Central Europe"}, "object": {"type": "uri", "value": "http://www.wikidata.org/entity/Q40"}, "objectLabel": {"xml:lang": "en", "type": "literal", "value": "Austria"}, "predicateLabel": {"xml:lang": "en", "type": "literal", "value": "has part(s)"}}, {"subjectLabel": {"xml:lang": "en", "type": "literal", "value": "Central Europe"}, "object": {"type": "uri", "value": "http://www.wikidata.org/entity/Q55"}, "objectLabel": {"xml:lang": "en", "type": "literal", "value": "Netherlands"}, "predicateLabel": {"xml:lang": "en", "type": "literal", "value": "has part(s)"}}, {"subjectLabel": {"xml:lang": "en", "type": "literal", "value": "Central Europe"}, "object": {"type": "uri", "value": "http://www.wikidata.org/entity/Q142"}, "objectLabel": {"xml:lang": "en", "type": "literal", "value": "France"}, "predicateLabel": {"xml:lang": "en", "type": "literal", "value": "has part(s)"}}, {"subjectLabel": {"xml:lang": "en", "type": "literal", "value": "Central Europe"}, "object": {"type": "uri", "value": "http://www.wikidata.org/entity/Q145"}, "objectLabel": {"xml:lang": "en", "type": "literal", "value": "United Kingdom"}, "predicateLabel": {"xml:lang": "en", "type": "literal", "value": "has part(s)"}}, {"subjectLabel": {"xml:lang": "en", "type": "literal", "value": "Central Europe"}, "object": {"type": "uri", "value": "http://www.wikidata.org/entity/Q183"}, "objectLabel": {"xml:lang": "en", "type": "literal", "value": "Germany"}, "predicateLabel": {"xml:lang": "en", "type": "literal", "value": "has part(s)"}}, {"subjectLabel": {"xml:lang": "en", "type": "literal", "value": "Central Europe"}, "object": {"type": "uri", "value": "http://www.wikidata.org/entity/Q213"}, "objectLabel": {"xml:lang": "en", "type": "literal", "value": "Czech Republic"}, "predicateLabel": {"xml:lang": "en", "type": "literal", "value": "has part(s)"}}, {"subjectLabel": {"xml:lang": "en", "type": "literal", "value": "Central Europe"}, "object": {"type": "uri", "value": "http://www.wikidata.org/entity/Q214"}, "objectLabel": {"xml:lang": "en", "type": "literal", "value": "Slovakia"}, "predicateLabel": {"xml:lang": "en", "type": "literal", "value": "has part(s)"}}, {"subjectLabel": {"xml:lang": "en", "type": "literal", "value": "Central Europe"}, "object": {"type": "uri", "value": "http://www.wikidata.org/entity/Q215"}, "objectLabel": {"xml:lang": "en", "type": "literal", "value": "Slovenia"}, "predicateLabel": {"xml:lang": "en", "type": "literal", "value": "has part(s)"}}, {"subjectLabel": {"xml:lang": "en", "type": "literal", "value": "Central Europe"}, "object": {"type": "uri", "value": "http://www.wikidata.org/entity/Q347"}, "objectLabel": {"xml:lang": "en", "type": "literal", "value": "Liechtenstein"}, "predicateLabel": {"xml:lang": "en", "type": "literal", "value": "has part(s)"}}, {"subjectLabel": {"xml:lang": "en", "type": "literal", "value": "Central Europe"}, "object": {"type": "uri", "value": "http://www.wikidata.org/entity/Q82794"}, "objectLabel": {"xml:lang": "en", "type": "literal", "value": "geographic region"}, "predicateLabel": {"xml:lang": "en", "type": "literal", "value": "instance of"}}, {"subjectLabel": {"xml:lang": "en", "type": "literal", "value": "Central Europe"}, "object": {"type": "uri", "value": "http://www.wikidata.org/entity/Q8937945"}, "objectLabel": {"xml:lang": "en", "type": "literal", "value": "Category:Central Europe"}, "predicateLabel": {"xml:lang": "en", "type": "literal", "value": "topic's main category"}}, {"subjectLabel": {"xml:lang": "en", "type": "literal", "value": "Central Europe"}, "object": {"type": "uri", "value": "http://www.wikidata.org/entity/Q64147919"}, "objectLabel": {"xml:lang": "en", "type": "literal", "value": "Portal:Central Europe"}, "predicateLabel": {"xml:lang": "en", "type": "literal", "value": "topic's main Wikimedia portal"}}, {"subjectLabel": {"xml:lang": "en", "type": "literal", "value": "Central Europe"}, "object": {"type": "uri", "value": "http://www.wikidata.org/entity/Q8607334"}, "objectLabel": {"xml:lang": "en", "type": "literal", "value": "Category:Maps of Central Europe"}, "predicateLabel": {"xml:lang": "en", "type": "literal", "value": "category for maps"}}, {"subjectLabel": {"xml:lang": "en", "type": "literal", "value": "Central Europe"}, "object": {"type": "uri", "value": "http://www.wikidata.org/entity/Q86311716"}, "objectLabel": {"xml:lang": "en", "type": "literal", "value": "Category:Central European people"}, "predicateLabel": {"xml:lang": "en", "type": "literal", "value": "category of associated people"}}], "Q2717243": [{"subjectLabel": {"xml:lang": "en", "type": "literal", "value": "Unus pro omnibus, omnes pro uno"}, "object": {"type": "uri", "value": "http://www.wikidata.org/entity/Q397"}, "objectLabel": {"xml:lang": "en", "type": "literal", "value": "Latin"}, "predicateLabel": {"xml:lang": "en", "type": "literal", "value": "language of work or name"}}, {"subjectLabel": {"xml:lang": "en", "type": "literal", "value": "Unus pro omnibus, omnes pro uno"}, "object": {"type": "uri", "value": "http://www.wikidata.org/entity/Q42470"}, "objectLabel": {"xml:lang": "en", "type": "literal", "value": "motto"}, "predicateLabel": {"xml:lang": "en", "type": "literal", "value": "instance of"}}], "Q662637": [{"subjectLabel": {"xml:lang": "en", "type": "literal", "value": "Federal Charter of 1291"}, "object": {"type": "uri", "value": "http://www.wikidata.org/entity/Q39"}, "objectLabel": {"xml:lang": "en", "type": "literal", "value": "Switzerland"}, "predicateLabel": {"xml:lang": "en", "type": "literal", "value": "country"}}, {"subjectLabel": {"xml:lang": "en", "type": "literal", "value": "Federal Charter of 1291"}, "object": {"type": "uri", "value": "http://www.wikidata.org/entity/Q7755"}, "objectLabel": {"xml:lang": "en", "type": "literal", "value": "constitution"}, "predicateLabel": {"xml:lang": "en", "type": "literal", "value": "instance of"}}, {"subjectLabel": {"xml:lang": "en", "type": "literal", "value": "Federal Charter of 1291"}, "object": {"type": "uri", "value": "http://www.wikidata.org/entity/Q727002"}, "objectLabel": {"xml:lang": "en", "type": "literal", "value": "charter"}, "predicateLabel": {"xml:lang": "en", "type": "literal", "value": "instance of"}}, {"subjectLabel": {"xml:lang": "en", "type": "literal", "value": "Federal Charter of 1291"}, "object": {"type": "uri", "value": "http://www.wikidata.org/entity/Q226697"}, "objectLabel": {"xml:lang": "en", "type": "literal", "value": "parchment"}, "predicateLabel": {"xml:lang": "en", "type": "literal", "value": "made from material"}}, {"subjectLabel": {"xml:lang": "en", "type": "literal", "value": "Federal Charter of 1291"}, "object": {"type": "uri", "value": "http://www.wikidata.org/entity/Q674223"}, "objectLabel": {"xml:lang": "en", "type": "literal", "value": "R\u00fctlischwur"}, "predicateLabel": {"xml:lang": "en", "type": "literal", "value": "different from"}}, {"subjectLabel": {"xml:lang": "en", "type": "literal", "value": "Federal Charter of 1291"}, "object": {"type": "uri", "value": "http://www.wikidata.org/entity/Q1005863"}, "objectLabel": {"xml:lang": "en", "type": "literal", "value": "Museum of the Swiss Charters of Confederation (building)"}, "predicateLabel": {"xml:lang": "en", "type": "literal", "value": "location"}}, {"subjectLabel": {"xml:lang": "en", "type": "literal", "value": "Federal Charter of 1291"}, "object": {"type": "uri", "value": "http://www.wikidata.org/entity/Q1005863"}, "objectLabel": {"xml:lang": "en", "type": "literal", "value": "Museum of the Swiss Charters of Confederation (building)"}, "predicateLabel": {"xml:lang": "en", "type": "literal", "value": "depositary"}}], "Q498496": [{"subjectLabel": {"xml:lang": "en", "type": "literal", "value": "International Centre for Migration Policy Development"}, "object": {"type": "uri", "value": "http://www.wikidata.org/entity/Q40"}, "objectLabel": {"xml:lang": "en", "type": "literal", "value": "Austria"}, "predicateLabel": {"xml:lang": "en", "type": "literal", "value": "country"}}, {"subjectLabel": {"xml:lang": "en", "type": "literal", "value": "International Centre for Migration Policy Development"}, "object": {"type": "uri", "value": "http://www.wikidata.org/entity/Q1741"}, "objectLabel": {"xml:lang": "en", "type": "literal", "value": "Vienna"}, "predicateLabel": {"xml:lang": "en", "type": "literal", "value": "headquarters location"}}, {"subjectLabel": {"xml:lang": "en", "type": "literal", "value": "International Centre for Migration Policy Development"}, "object": {"type": "uri", "value": "http://www.wikidata.org/entity/Q47423"}, "objectLabel": {"xml:lang": "en", "type": "literal", "value": "United Nations General Assembly"}, "predicateLabel": {"xml:lang": "en", "type": "literal", "value": "official observer status in organisation"}}, {"subjectLabel": {"xml:lang": "en", "type": "literal", "value": "International Centre for Migration Policy Development"}, "object": {"type": "uri", "value": "http://www.wikidata.org/entity/Q11735"}, "objectLabel": {"xml:lang": "en", "type": "literal", "value": "Michael Spindelegger"}, "predicateLabel": {"xml:lang": "en", "type": "literal", "value": "chairperson"}}, {"subjectLabel": {"xml:lang": "en", "type": "literal", "value": "International Centre for Migration Policy Development"}, "object": {"type": "uri", "value": "http://www.wikidata.org/entity/Q472311"}, "objectLabel": {"xml:lang": "en", "type": "literal", "value": "International Organization for Migration"}, "predicateLabel": {"xml:lang": "en", "type": "literal", "value": "official observer status in organisation"}}, {"subjectLabel": {"xml:lang": "en", "type": "literal", "value": "International Centre for Migration Policy Development"}, "object": {"type": "uri", "value": "http://www.wikidata.org/entity/Q484652"}, "objectLabel": {"xml:lang": "en", "type": "literal", "value": "international organization"}, "predicateLabel": {"xml:lang": "en", "type": "literal", "value": "instance of"}}, {"subjectLabel": {"xml:lang": "en", "type": "literal", "value": "International Centre for Migration Policy Development"}, "object": {"type": "uri", "value": "http://www.wikidata.org/entity/Q57697743"}, "objectLabel": {"xml:lang": "en", "type": "literal", "value": "migration policy"}, "predicateLabel": {"xml:lang": "en", "type": "literal", "value": "field of work"}}], "Q31008": [{"subjectLabel": {"xml:lang": "en", "type": "literal", "value": "Ticino"}, "object": {"type": "uri", "value": "http://www.wikidata.org/entity/Q1547548"}, "objectLabel": {"xml:lang": "en", "type": "literal", "value": "greater region of Switzerland"}, "predicateLabel": {"xml:lang": "en", "type": "literal", "value": "instance of"}}]}